-- root-types-contained: SystemModel_c
-- BP 7.1 content: StreamData syschar: 3 persistence-version: 7.1.5

INSERT INTO S_SYS
	VALUES ("8d9b971e-98c0-4710-b7d2-12b9caaa82ca",
	'RealizedClassTest',
	0);
INSERT INTO SLD_SDP
	VALUES ("8d9b971e-98c0-4710-b7d2-12b9caaa82ca",
	"7a3c797b-1e82-4d76-8bcd-6914699951b3");
INSERT INTO S_DPK
	VALUES ("7a3c797b-1e82-4d76-8bcd-6914699951b3",
	'Datatypes',
	"00000000-0000-0000-0000-000000000000",
	"00000000-0000-0000-0000-000000000000");
INSERT INTO S_DIP
	VALUES ("7a3c797b-1e82-4d76-8bcd-6914699951b3",
	"76616a9a-ed78-4b1d-92c4-04094e521dcf");
INSERT INTO S_DT
	VALUES ("76616a9a-ed78-4b1d-92c4-04094e521dcf",
	"00000000-0000-0000-0000-000000000000",
	'void',
	'',
	'');
INSERT INTO S_CDT
	VALUES ("76616a9a-ed78-4b1d-92c4-04094e521dcf",
	0);
INSERT INTO S_DIP
	VALUES ("7a3c797b-1e82-4d76-8bcd-6914699951b3",
	"605b6fd1-c0ac-4474-bc3b-b2c0b995c7cf");
INSERT INTO S_DT
	VALUES ("605b6fd1-c0ac-4474-bc3b-b2c0b995c7cf",
	"00000000-0000-0000-0000-000000000000",
	'boolean',
	'',
	'');
INSERT INTO S_CDT
	VALUES ("605b6fd1-c0ac-4474-bc3b-b2c0b995c7cf",
	1);
INSERT INTO S_DIP
	VALUES ("7a3c797b-1e82-4d76-8bcd-6914699951b3",
	"fd13cfc5-12ea-4e50-8a4c-27a58944b0fa");
INSERT INTO S_DT
	VALUES ("fd13cfc5-12ea-4e50-8a4c-27a58944b0fa",
	"00000000-0000-0000-0000-000000000000",
	'integer',
	'',
	'');
INSERT INTO S_CDT
	VALUES ("fd13cfc5-12ea-4e50-8a4c-27a58944b0fa",
	2);
INSERT INTO S_DIP
	VALUES ("7a3c797b-1e82-4d76-8bcd-6914699951b3",
	"b0e4b1cc-04bf-419a-8af0-c97b9fb9be6e");
INSERT INTO S_DT
	VALUES ("b0e4b1cc-04bf-419a-8af0-c97b9fb9be6e",
	"00000000-0000-0000-0000-000000000000",
	'real',
	'',
	'');
INSERT INTO S_CDT
	VALUES ("b0e4b1cc-04bf-419a-8af0-c97b9fb9be6e",
	3);
INSERT INTO S_DIP
	VALUES ("7a3c797b-1e82-4d76-8bcd-6914699951b3",
	"4c4770ba-abac-48a5-80a0-405dffe101a8");
INSERT INTO S_DT
	VALUES ("4c4770ba-abac-48a5-80a0-405dffe101a8",
	"00000000-0000-0000-0000-000000000000",
	'string',
	'',
	'');
INSERT INTO S_CDT
	VALUES ("4c4770ba-abac-48a5-80a0-405dffe101a8",
	4);
INSERT INTO S_DIP
	VALUES ("7a3c797b-1e82-4d76-8bcd-6914699951b3",
	"a3b92de3-8ada-4db0-8c28-db087d49386b");
INSERT INTO S_DT
	VALUES ("a3b92de3-8ada-4db0-8c28-db087d49386b",
	"00000000-0000-0000-0000-000000000000",
	'unique_id',
	'',
	'');
INSERT INTO S_CDT
	VALUES ("a3b92de3-8ada-4db0-8c28-db087d49386b",
	5);
INSERT INTO S_DIP
	VALUES ("7a3c797b-1e82-4d76-8bcd-6914699951b3",
	"6da78c40-fc3e-4fe3-99a5-4bedc5d7b8e9");
INSERT INTO S_DT
	VALUES ("6da78c40-fc3e-4fe3-99a5-4bedc5d7b8e9",
	"00000000-0000-0000-0000-000000000000",
	'state<State_Model>',
	'',
	'');
INSERT INTO S_CDT
	VALUES ("6da78c40-fc3e-4fe3-99a5-4bedc5d7b8e9",
	6);
INSERT INTO S_DIP
	VALUES ("7a3c797b-1e82-4d76-8bcd-6914699951b3",
	"4d68133e-764d-4bd4-91c0-55382f1522c6");
INSERT INTO S_DT
	VALUES ("4d68133e-764d-4bd4-91c0-55382f1522c6",
	"00000000-0000-0000-0000-000000000000",
	'same_as<Base_Attribute>',
	'',
	'');
INSERT INTO S_CDT
	VALUES ("4d68133e-764d-4bd4-91c0-55382f1522c6",
	7);
INSERT INTO S_DIP
	VALUES ("7a3c797b-1e82-4d76-8bcd-6914699951b3",
	"9b4cc87a-a629-4979-8a7c-962048496b97");
INSERT INTO S_DT
	VALUES ("9b4cc87a-a629-4979-8a7c-962048496b97",
	"00000000-0000-0000-0000-000000000000",
	'inst_ref<Object>',
	'',
	'');
INSERT INTO S_CDT
	VALUES ("9b4cc87a-a629-4979-8a7c-962048496b97",
	8);
INSERT INTO S_DIP
	VALUES ("7a3c797b-1e82-4d76-8bcd-6914699951b3",
	"50340c19-d97c-4a3c-8e14-c0f34b627af2");
INSERT INTO S_DT
	VALUES ("50340c19-d97c-4a3c-8e14-c0f34b627af2",
	"00000000-0000-0000-0000-000000000000",
	'inst_ref_set<Object>',
	'',
	'');
INSERT INTO S_CDT
	VALUES ("50340c19-d97c-4a3c-8e14-c0f34b627af2",
	9);
INSERT INTO S_DIP
	VALUES ("7a3c797b-1e82-4d76-8bcd-6914699951b3",
	"705817b7-5812-4446-bbdb-865cb00cdcf6");
INSERT INTO S_DT
	VALUES ("705817b7-5812-4446-bbdb-865cb00cdcf6",
	"00000000-0000-0000-0000-000000000000",
	'inst<Event>',
	'',
	'');
INSERT INTO S_CDT
	VALUES ("705817b7-5812-4446-bbdb-865cb00cdcf6",
	10);
INSERT INTO S_DIP
	VALUES ("7a3c797b-1e82-4d76-8bcd-6914699951b3",
	"7253f0b7-171b-462e-9808-02fbcf36a8e8");
INSERT INTO S_DT
	VALUES ("7253f0b7-171b-462e-9808-02fbcf36a8e8",
	"00000000-0000-0000-0000-000000000000",
	'inst<Mapping>',
	'',
	'');
INSERT INTO S_CDT
	VALUES ("7253f0b7-171b-462e-9808-02fbcf36a8e8",
	11);
INSERT INTO S_DIP
	VALUES ("7a3c797b-1e82-4d76-8bcd-6914699951b3",
	"b9d19731-e7ce-42b2-85e6-967968fbeef4");
INSERT INTO S_DT
	VALUES ("b9d19731-e7ce-42b2-85e6-967968fbeef4",
	"00000000-0000-0000-0000-000000000000",
	'inst_ref<Mapping>',
	'',
	'');
INSERT INTO S_CDT
	VALUES ("b9d19731-e7ce-42b2-85e6-967968fbeef4",
	12);
INSERT INTO S_DIP
	VALUES ("7a3c797b-1e82-4d76-8bcd-6914699951b3",
	"888edf3f-03f3-480d-9a7e-3d0892d04b7b");
INSERT INTO S_DT
	VALUES ("888edf3f-03f3-480d-9a7e-3d0892d04b7b",
	"00000000-0000-0000-0000-000000000000",
	'component_ref',
	'',
	'');
INSERT INTO S_CDT
	VALUES ("888edf3f-03f3-480d-9a7e-3d0892d04b7b",
	13);
INSERT INTO S_DIP
	VALUES ("7a3c797b-1e82-4d76-8bcd-6914699951b3",
	"1cdac959-4f02-4ee0-8893-b58bd1adbc79");
INSERT INTO S_DT
	VALUES ("1cdac959-4f02-4ee0-8893-b58bd1adbc79",
	"00000000-0000-0000-0000-000000000000",
	'date',
	'',
	'');
INSERT INTO S_UDT
	VALUES ("1cdac959-4f02-4ee0-8893-b58bd1adbc79",
	"7253f0b7-171b-462e-9808-02fbcf36a8e8",
	1);
INSERT INTO S_DIP
	VALUES ("7a3c797b-1e82-4d76-8bcd-6914699951b3",
	"f0c47f3e-a30a-4b6b-a019-d6c275d04141");
INSERT INTO S_DT
	VALUES ("f0c47f3e-a30a-4b6b-a019-d6c275d04141",
	"00000000-0000-0000-0000-000000000000",
	'inst_ref<Timer>',
	'',
	'');
INSERT INTO S_UDT
	VALUES ("f0c47f3e-a30a-4b6b-a019-d6c275d04141",
	"b9d19731-e7ce-42b2-85e6-967968fbeef4",
	3);
INSERT INTO S_DIP
	VALUES ("7a3c797b-1e82-4d76-8bcd-6914699951b3",
	"d0dd127d-0b9d-40f5-9d8e-164b368ab4d1");
INSERT INTO S_DT
	VALUES ("d0dd127d-0b9d-40f5-9d8e-164b368ab4d1",
	"00000000-0000-0000-0000-000000000000",
	'timestamp',
	'',
	'');
INSERT INTO S_UDT
	VALUES ("d0dd127d-0b9d-40f5-9d8e-164b368ab4d1",
	"7253f0b7-171b-462e-9808-02fbcf36a8e8",
	2);
INSERT INTO SLD_SDINP
	VALUES ("7a3c797b-1e82-4d76-8bcd-6914699951b3",
	"76616a9a-ed78-4b1d-92c4-04094e521dcf",
	"8d9b971e-98c0-4710-b7d2-12b9caaa82ca");
INSERT INTO SLD_SDINP
	VALUES ("7a3c797b-1e82-4d76-8bcd-6914699951b3",
	"605b6fd1-c0ac-4474-bc3b-b2c0b995c7cf",
	"8d9b971e-98c0-4710-b7d2-12b9caaa82ca");
INSERT INTO SLD_SDINP
	VALUES ("7a3c797b-1e82-4d76-8bcd-6914699951b3",
	"fd13cfc5-12ea-4e50-8a4c-27a58944b0fa",
	"8d9b971e-98c0-4710-b7d2-12b9caaa82ca");
INSERT INTO SLD_SDINP
	VALUES ("7a3c797b-1e82-4d76-8bcd-6914699951b3",
	"b0e4b1cc-04bf-419a-8af0-c97b9fb9be6e",
	"8d9b971e-98c0-4710-b7d2-12b9caaa82ca");
INSERT INTO SLD_SDINP
	VALUES ("7a3c797b-1e82-4d76-8bcd-6914699951b3",
	"4c4770ba-abac-48a5-80a0-405dffe101a8",
	"8d9b971e-98c0-4710-b7d2-12b9caaa82ca");
INSERT INTO SLD_SDINP
	VALUES ("7a3c797b-1e82-4d76-8bcd-6914699951b3",
	"a3b92de3-8ada-4db0-8c28-db087d49386b",
	"8d9b971e-98c0-4710-b7d2-12b9caaa82ca");
INSERT INTO SLD_SDINP
	VALUES ("7a3c797b-1e82-4d76-8bcd-6914699951b3",
	"6da78c40-fc3e-4fe3-99a5-4bedc5d7b8e9",
	"8d9b971e-98c0-4710-b7d2-12b9caaa82ca");
INSERT INTO SLD_SDINP
	VALUES ("7a3c797b-1e82-4d76-8bcd-6914699951b3",
	"4d68133e-764d-4bd4-91c0-55382f1522c6",
	"8d9b971e-98c0-4710-b7d2-12b9caaa82ca");
INSERT INTO SLD_SDINP
	VALUES ("7a3c797b-1e82-4d76-8bcd-6914699951b3",
	"9b4cc87a-a629-4979-8a7c-962048496b97",
	"8d9b971e-98c0-4710-b7d2-12b9caaa82ca");
INSERT INTO SLD_SDINP
	VALUES ("7a3c797b-1e82-4d76-8bcd-6914699951b3",
	"50340c19-d97c-4a3c-8e14-c0f34b627af2",
	"8d9b971e-98c0-4710-b7d2-12b9caaa82ca");
INSERT INTO SLD_SDINP
	VALUES ("7a3c797b-1e82-4d76-8bcd-6914699951b3",
	"705817b7-5812-4446-bbdb-865cb00cdcf6",
	"8d9b971e-98c0-4710-b7d2-12b9caaa82ca");
INSERT INTO SLD_SDINP
	VALUES ("7a3c797b-1e82-4d76-8bcd-6914699951b3",
	"7253f0b7-171b-462e-9808-02fbcf36a8e8",
	"8d9b971e-98c0-4710-b7d2-12b9caaa82ca");
INSERT INTO SLD_SDINP
	VALUES ("7a3c797b-1e82-4d76-8bcd-6914699951b3",
	"b9d19731-e7ce-42b2-85e6-967968fbeef4",
	"8d9b971e-98c0-4710-b7d2-12b9caaa82ca");
INSERT INTO SLD_SDINP
	VALUES ("7a3c797b-1e82-4d76-8bcd-6914699951b3",
	"888edf3f-03f3-480d-9a7e-3d0892d04b7b",
	"8d9b971e-98c0-4710-b7d2-12b9caaa82ca");
INSERT INTO SLD_SDINP
	VALUES ("7a3c797b-1e82-4d76-8bcd-6914699951b3",
	"1cdac959-4f02-4ee0-8893-b58bd1adbc79",
	"8d9b971e-98c0-4710-b7d2-12b9caaa82ca");
INSERT INTO SLD_SDINP
	VALUES ("7a3c797b-1e82-4d76-8bcd-6914699951b3",
	"f0c47f3e-a30a-4b6b-a019-d6c275d04141",
	"8d9b971e-98c0-4710-b7d2-12b9caaa82ca");
INSERT INTO SLD_SDINP
	VALUES ("7a3c797b-1e82-4d76-8bcd-6914699951b3",
	"d0dd127d-0b9d-40f5-9d8e-164b368ab4d1",
	"8d9b971e-98c0-4710-b7d2-12b9caaa82ca");
INSERT INTO EP_SPKG
	VALUES ("7a3c797b-1e82-4d76-8bcd-6914699951b3",
	"00000000-0000-0000-0000-000000000000");
INSERT INTO EP_PKG
	VALUES ("09422a5d-3cda-492c-9889-e5c884335dc0",
	"8d9b971e-98c0-4710-b7d2-12b9caaa82ca",
	"8d9b971e-98c0-4710-b7d2-12b9caaa82ca",
	'System',
	'',
	0);
INSERT INTO PE_PE
	VALUES ("ecc29653-34e5-4535-99a4-cddbbfb8666a",
	1,
	"09422a5d-3cda-492c-9889-e5c884335dc0",
	"00000000-0000-0000-0000-000000000000",
	2);
INSERT INTO C_C
	VALUES ("ecc29653-34e5-4535-99a4-cddbbfb8666a",
	"00000000-0000-0000-0000-000000000000",
	"00000000-0000-0000-0000-000000000000",
	'Container',
	'',
	0,
	"00000000-0000-0000-0000-000000000000");
INSERT INTO PE_PE
	VALUES ("0842ae4b-dca6-4586-8e24-64541d48b114",
	1,
	"00000000-0000-0000-0000-000000000000",
	"ecc29653-34e5-4535-99a4-cddbbfb8666a",
	7);
INSERT INTO EP_PKG
	VALUES ("0842ae4b-dca6-4586-8e24-64541d48b114",
	"00000000-0000-0000-0000-000000000000",
	"8d9b971e-98c0-4710-b7d2-12b9caaa82ca",
	'Model',
	'',
	0);
INSERT INTO PE_PE
	VALUES ("a4b20702-16a8-417c-acf8-104fc2c428c8",
	1,
	"0842ae4b-dca6-4586-8e24-64541d48b114",
	"00000000-0000-0000-0000-000000000000",
	5);
INSERT INTO S_EE
	VALUES ("a4b20702-16a8-417c-acf8-104fc2c428c8",
	'RealizedClass',
	'',
	'RealizedClass',
	"00000000-0000-0000-0000-000000000000");
INSERT INTO S_BRG
	VALUES ("109ceb60-232d-4cc6-a919-7f4dee830947",
	"a4b20702-16a8-417c-acf8-104fc2c428c8",
	'ByRef',
	'',
	0,
	"76616a9a-ed78-4b1d-92c4-04094e521dcf",
	'',
	1,
	'');
INSERT INTO S_BPARM
	VALUES ("f60c7699-6219-4023-a117-23ff19cdc451",
	"109ceb60-232d-4cc6-a919-7f4dee830947",
	'number',
	"fd13cfc5-12ea-4e50-8a4c-27a58944b0fa",
	1,
	'',
	"00000000-0000-0000-0000-000000000000",
	'');
INSERT INTO S_BPARM
	VALUES ("9c5b4391-a2d6-4ffb-ae45-33d881afb670",
	"109ceb60-232d-4cc6-a919-7f4dee830947",
	'fraction',
	"b0e4b1cc-04bf-419a-8af0-c97b9fb9be6e",
	1,
	'',
	"f60c7699-6219-4023-a117-23ff19cdc451",
	'');
INSERT INTO S_BPARM
	VALUES ("2434d68f-9891-409b-bbcd-915935b54532",
	"109ceb60-232d-4cc6-a919-7f4dee830947",
	'logic',
	"605b6fd1-c0ac-4474-bc3b-b2c0b995c7cf",
	1,
	'',
	"9c5b4391-a2d6-4ffb-ae45-33d881afb670",
	'');
INSERT INTO S_BPARM
	VALUES ("27b8f4bc-1da4-4f3e-bebd-25a2c290b93e",
	"109ceb60-232d-4cc6-a919-7f4dee830947",
	'word',
	"4c4770ba-abac-48a5-80a0-405dffe101a8",
	1,
	'',
	"2434d68f-9891-409b-bbcd-915935b54532",
	'');
INSERT INTO ACT_BRB
	VALUES ("8e988588-bbe9-4323-836b-959967c92087",
	"109ceb60-232d-4cc6-a919-7f4dee830947");
INSERT INTO ACT_ACT
	VALUES ("8e988588-bbe9-4323-836b-959967c92087",
	'bridge',
	0,
	"cd4a8a7d-be26-41c8-89f4-d386d8938001",
	"00000000-0000-0000-0000-000000000000",
	0,
	'RealizedClass::ByRef',
	"00000000-0000-0000-0000-000000000000");
INSERT INTO ACT_BLK
	VALUES ("cd4a8a7d-be26-41c8-89f4-d386d8938001",
	0,
	0,
	0,
	'',
	'',
	'',
	0,
	0,
	0,
	0,
	0,
	0,
	0,
	0,
	0,
	0,
	0,
	0,
	0,
	"8e988588-bbe9-4323-836b-959967c92087",
	"00000000-0000-0000-0000-000000000000");
INSERT INTO S_BRG
	VALUES ("16a22d81-066a-466c-8c22-9fa44f4557b4",
	"a4b20702-16a8-417c-acf8-104fc2c428c8",
	'ByValue',
	'',
	0,
	"76616a9a-ed78-4b1d-92c4-04094e521dcf",
	'',
	1,
	'');
INSERT INTO S_BPARM
	VALUES ("61a28a7d-b82c-4e5f-994b-eda819d015b0",
	"16a22d81-066a-466c-8c22-9fa44f4557b4",
	'number',
	"fd13cfc5-12ea-4e50-8a4c-27a58944b0fa",
	0,
	'',
	"00000000-0000-0000-0000-000000000000",
	'');
INSERT INTO S_BPARM
	VALUES ("35cf911e-8afd-412e-88b5-0c0e1032fe6f",
	"16a22d81-066a-466c-8c22-9fa44f4557b4",
	'fraction',
	"b0e4b1cc-04bf-419a-8af0-c97b9fb9be6e",
	0,
	'',
	"61a28a7d-b82c-4e5f-994b-eda819d015b0",
	'');
INSERT INTO S_BPARM
	VALUES ("01ccef70-a20e-42e0-a6cb-739af5f5d23b",
	"16a22d81-066a-466c-8c22-9fa44f4557b4",
	'logic',
	"605b6fd1-c0ac-4474-bc3b-b2c0b995c7cf",
	0,
	'',
	"35cf911e-8afd-412e-88b5-0c0e1032fe6f",
	'');
INSERT INTO S_BPARM
	VALUES ("9e5c1a3d-d238-408e-92d1-b1ad6c4696e4",
	"16a22d81-066a-466c-8c22-9fa44f4557b4",
	'word',
	"4c4770ba-abac-48a5-80a0-405dffe101a8",
	0,
	'',
	"01ccef70-a20e-42e0-a6cb-739af5f5d23b",
	'');
INSERT INTO ACT_BRB
	VALUES ("1549af51-d667-4682-81ca-43981a790520",
	"16a22d81-066a-466c-8c22-9fa44f4557b4");
INSERT INTO ACT_ACT
	VALUES ("1549af51-d667-4682-81ca-43981a790520",
	'bridge',
	0,
	"5d939c0b-e7bd-48e7-ac3f-bb8afb491667",
	"00000000-0000-0000-0000-000000000000",
	0,
	'RealizedClass::ByValue',
	"00000000-0000-0000-0000-000000000000");
INSERT INTO ACT_BLK
	VALUES ("5d939c0b-e7bd-48e7-ac3f-bb8afb491667",
	0,
	0,
	0,
	'',
	'',
	'',
	0,
	0,
	0,
	0,
	0,
	0,
	0,
	0,
	0,
	0,
	0,
	0,
	0,
	"1549af51-d667-4682-81ca-43981a790520",
	"00000000-0000-0000-0000-000000000000");
INSERT INTO S_BRG
	VALUES ("b2f24b25-277a-4502-8f47-814169c3ae3b",
	"a4b20702-16a8-417c-acf8-104fc2c428c8",
	'ByValueAndByRef',
	'',
	0,
	"76616a9a-ed78-4b1d-92c4-04094e521dcf",
	'',
	1,
	'');
INSERT INTO S_BPARM
	VALUES ("4d25de12-78a5-411e-a400-b817ceb7102b",
	"b2f24b25-277a-4502-8f47-814169c3ae3b",
	'number',
	"fd13cfc5-12ea-4e50-8a4c-27a58944b0fa",
	0,
	'',
	"00000000-0000-0000-0000-000000000000",
	'');
INSERT INTO S_BPARM
	VALUES ("cbd0f338-6064-408c-94d3-631b33fad8b5",
	"b2f24b25-277a-4502-8f47-814169c3ae3b",
	'digit',
	"fd13cfc5-12ea-4e50-8a4c-27a58944b0fa",
	1,
	'',
	"4d25de12-78a5-411e-a400-b817ceb7102b",
	'');
INSERT INTO S_BPARM
	VALUES ("06b02cf9-f9d6-465e-bc97-f4d6625643ba",
	"b2f24b25-277a-4502-8f47-814169c3ae3b",
	'word',
	"4c4770ba-abac-48a5-80a0-405dffe101a8",
	0,
	'',
	"cbd0f338-6064-408c-94d3-631b33fad8b5",
	'');
INSERT INTO S_BPARM
	VALUES ("45c981d3-f720-454e-b7cc-19d3d84d6b1e",
	"b2f24b25-277a-4502-8f47-814169c3ae3b",
	'sentence',
	"4c4770ba-abac-48a5-80a0-405dffe101a8",
	1,
	'',
	"06b02cf9-f9d6-465e-bc97-f4d6625643ba",
	'');
INSERT INTO ACT_BRB
	VALUES ("4b34c394-41a1-4c80-8fb0-ec22e50655d5",
	"b2f24b25-277a-4502-8f47-814169c3ae3b");
INSERT INTO ACT_ACT
	VALUES ("4b34c394-41a1-4c80-8fb0-ec22e50655d5",
	'bridge',
	0,
	"8eb95ea3-0e07-4d88-be92-c0161af6990a",
	"00000000-0000-0000-0000-000000000000",
	0,
	'RealizedClass::ByValueAndByRef',
	"00000000-0000-0000-0000-000000000000");
INSERT INTO ACT_BLK
	VALUES ("8eb95ea3-0e07-4d88-be92-c0161af6990a",
	0,
	0,
	0,
	'',
	'',
	'',
	0,
	0,
	0,
	0,
	0,
	0,
	0,
	0,
	0,
	0,
	0,
	0,
	0,
	"4b34c394-41a1-4c80-8fb0-ec22e50655d5",
	"00000000-0000-0000-0000-000000000000");
INSERT INTO S_BRG
	VALUES ("d0183be8-880d-4ba4-9a10-cdcad040c1d9",
	"a4b20702-16a8-417c-acf8-104fc2c428c8",
	'ReturnInteger',
	'',
	0,
	"fd13cfc5-12ea-4e50-8a4c-27a58944b0fa",
	'',
	1,
	'');
INSERT INTO ACT_BRB
	VALUES ("d0e32a6d-4bb8-42a0-be00-92ce9d0174da",
	"d0183be8-880d-4ba4-9a10-cdcad040c1d9");
INSERT INTO ACT_ACT
	VALUES ("d0e32a6d-4bb8-42a0-be00-92ce9d0174da",
	'bridge',
	0,
	"62717adb-0e0e-4bc4-9233-9ceb92f6b0fd",
	"00000000-0000-0000-0000-000000000000",
	0,
	'RealizedClass::ReturnInteger',
	"00000000-0000-0000-0000-000000000000");
INSERT INTO ACT_BLK
	VALUES ("62717adb-0e0e-4bc4-9233-9ceb92f6b0fd",
	0,
	0,
	0,
	'',
	'',
	'',
	0,
	0,
	0,
	0,
	0,
	0,
	0,
	0,
	0,
	0,
	0,
	0,
	0,
	"d0e32a6d-4bb8-42a0-be00-92ce9d0174da",
	"00000000-0000-0000-0000-000000000000");
INSERT INTO S_BRG
	VALUES ("29bf58d3-f445-4939-aa37-d32ed3e01f87",
	"a4b20702-16a8-417c-acf8-104fc2c428c8",
	'ReturnString',
	'',
	0,
	"4c4770ba-abac-48a5-80a0-405dffe101a8",
	'',
	1,
	'');
INSERT INTO ACT_BRB
	VALUES ("92b38759-4770-4877-acc7-6d3441bd4aae",
	"29bf58d3-f445-4939-aa37-d32ed3e01f87");
INSERT INTO ACT_ACT
	VALUES ("92b38759-4770-4877-acc7-6d3441bd4aae",
	'bridge',
	0,
	"bb0a2f39-9ad6-4143-b5a9-32517693765b",
	"00000000-0000-0000-0000-000000000000",
	0,
	'RealizedClass::ReturnString',
	"00000000-0000-0000-0000-000000000000");
INSERT INTO ACT_BLK
	VALUES ("bb0a2f39-9ad6-4143-b5a9-32517693765b",
	0,
	0,
	0,
	'',
	'',
	'',
	0,
	0,
	0,
	0,
	0,
	0,
	0,
	0,
	0,
	0,
	0,
	0,
	0,
	"92b38759-4770-4877-acc7-6d3441bd4aae",
	"00000000-0000-0000-0000-000000000000");
INSERT INTO S_BRG
	VALUES ("190daa40-35d0-4dae-9a83-5bbb67d73ab9",
	"a4b20702-16a8-417c-acf8-104fc2c428c8",
	'ReturnReal',
	'',
	0,
	"b0e4b1cc-04bf-419a-8af0-c97b9fb9be6e",
	'',
	1,
	'');
INSERT INTO ACT_BRB
	VALUES ("17c9f49e-d617-4e4c-a095-67246c35ca34",
	"190daa40-35d0-4dae-9a83-5bbb67d73ab9");
INSERT INTO ACT_ACT
	VALUES ("17c9f49e-d617-4e4c-a095-67246c35ca34",
	'bridge',
	0,
	"09093f76-3a69-4138-8962-8c75a9de34be",
	"00000000-0000-0000-0000-000000000000",
	0,
	'RealizedClass::ReturnReal',
	"00000000-0000-0000-0000-000000000000");
INSERT INTO ACT_BLK
	VALUES ("09093f76-3a69-4138-8962-8c75a9de34be",
	0,
	0,
	0,
	'',
	'',
	'',
	0,
	0,
	0,
	0,
	0,
	0,
	0,
	0,
	0,
	0,
	0,
	0,
	0,
	"17c9f49e-d617-4e4c-a095-67246c35ca34",
	"00000000-0000-0000-0000-000000000000");
INSERT INTO S_BRG
	VALUES ("fb755b42-efca-49a7-b35b-0c9f6b606326",
	"a4b20702-16a8-417c-acf8-104fc2c428c8",
	'ReturnBoolean',
	'',
	0,
	"605b6fd1-c0ac-4474-bc3b-b2c0b995c7cf",
	'',
	1,
	'');
INSERT INTO ACT_BRB
	VALUES ("a544fb52-6a71-474f-a58c-07bfa8f74f41",
	"fb755b42-efca-49a7-b35b-0c9f6b606326");
INSERT INTO ACT_ACT
	VALUES ("a544fb52-6a71-474f-a58c-07bfa8f74f41",
	'bridge',
	0,
	"d83f4a7d-9a78-4f8f-82a4-86f4fa347cd8",
	"00000000-0000-0000-0000-000000000000",
	0,
	'RealizedClass::ReturnBoolean',
	"00000000-0000-0000-0000-000000000000");
INSERT INTO ACT_BLK
	VALUES ("d83f4a7d-9a78-4f8f-82a4-86f4fa347cd8",
	0,
	0,
	0,
	'',
	'',
	'',
	0,
	0,
	0,
	0,
	0,
	0,
	0,
	0,
	0,
	0,
	0,
	0,
	0,
	"a544fb52-6a71-474f-a58c-07bfa8f74f41",
	"00000000-0000-0000-0000-000000000000");
INSERT INTO S_BRG
	VALUES ("392582eb-8d80-40ad-b358-8ad3c1f19cd7",
	"a4b20702-16a8-417c-acf8-104fc2c428c8",
	'ReturnUniqueID',
	'',
	0,
	"a3b92de3-8ada-4db0-8c28-db087d49386b",
	'',
	1,
	'');
INSERT INTO ACT_BRB
	VALUES ("6b5c8fcf-8e65-46ae-a61b-74e4e16ec191",
	"392582eb-8d80-40ad-b358-8ad3c1f19cd7");
INSERT INTO ACT_ACT
	VALUES ("6b5c8fcf-8e65-46ae-a61b-74e4e16ec191",
	'bridge',
	0,
	"fac47d50-114f-468a-8f82-e5f467f59343",
	"00000000-0000-0000-0000-000000000000",
	0,
	'RealizedClass::ReturnUniqueID',
	"00000000-0000-0000-0000-000000000000");
INSERT INTO ACT_BLK
	VALUES ("fac47d50-114f-468a-8f82-e5f467f59343",
	0,
	0,
	0,
	'',
	'',
	'',
	0,
	0,
	0,
	0,
	0,
	0,
	0,
	0,
	0,
	0,
	0,
	0,
	0,
	"6b5c8fcf-8e65-46ae-a61b-74e4e16ec191",
	"00000000-0000-0000-0000-000000000000");
INSERT INTO PE_PE
	VALUES ("fdb56adf-746d-46dc-af70-5e8a812710e3",
	1,
	"0842ae4b-dca6-4586-8e24-64541d48b114",
	"00000000-0000-0000-0000-000000000000",
	5);
INSERT INTO S_EE
	VALUES ("fdb56adf-746d-46dc-af70-5e8a812710e3",
	'Logging',
	'',
	'LOG',
	"00000000-0000-0000-0000-000000000000");
INSERT INTO S_BRG
	VALUES ("b5ac1dce-f75b-480f-b202-02adf2454908",
	"fdb56adf-746d-46dc-af70-5e8a812710e3",
	'LogFailure',
	'',
	0,
	"76616a9a-ed78-4b1d-92c4-04094e521dcf",
	'',
	1,
	'');
INSERT INTO S_BPARM
	VALUES ("066ff0e0-dd1e-4b9f-b0f6-cf6a33bfd23a",
	"b5ac1dce-f75b-480f-b202-02adf2454908",
	'message',
	"4c4770ba-abac-48a5-80a0-405dffe101a8",
	0,
	'',
	"00000000-0000-0000-0000-000000000000",
	'');
INSERT INTO ACT_BRB
	VALUES ("3c19e021-228a-4834-86be-80e25dff2f0e",
	"b5ac1dce-f75b-480f-b202-02adf2454908");
INSERT INTO ACT_ACT
	VALUES ("3c19e021-228a-4834-86be-80e25dff2f0e",
	'bridge',
	0,
	"f424034b-ae10-47e6-85cd-66ae93d7559d",
	"00000000-0000-0000-0000-000000000000",
	0,
	'Logging::LogFailure',
	"00000000-0000-0000-0000-000000000000");
INSERT INTO ACT_BLK
	VALUES ("f424034b-ae10-47e6-85cd-66ae93d7559d",
	0,
	0,
	0,
	'',
	'',
	'',
	0,
	0,
	0,
	0,
	0,
	0,
	0,
	0,
	0,
	0,
	0,
	0,
	0,
	"3c19e021-228a-4834-86be-80e25dff2f0e",
	"00000000-0000-0000-0000-000000000000");
INSERT INTO S_BRG
	VALUES ("5b43111e-d7a2-4879-9bf3-2e8bf6fe585c",
	"fdb56adf-746d-46dc-af70-5e8a812710e3",
	'LogSuccess',
	'',
	0,
	"76616a9a-ed78-4b1d-92c4-04094e521dcf",
	'',
	1,
	'');
INSERT INTO S_BPARM
	VALUES ("b6bcf91e-170d-4529-aa55-418c0bf4c306",
	"5b43111e-d7a2-4879-9bf3-2e8bf6fe585c",
	'message',
	"4c4770ba-abac-48a5-80a0-405dffe101a8",
	0,
	'',
	"00000000-0000-0000-0000-000000000000",
	'');
INSERT INTO ACT_BRB
	VALUES ("f2f20f71-620e-4e1a-9233-b0a9c19cb759",
	"5b43111e-d7a2-4879-9bf3-2e8bf6fe585c");
INSERT INTO ACT_ACT
	VALUES ("f2f20f71-620e-4e1a-9233-b0a9c19cb759",
	'bridge',
	0,
	"88d4fb59-98d1-4bf8-b282-5e23343fe1af",
	"00000000-0000-0000-0000-000000000000",
	0,
	'Logging::LogSuccess',
	"00000000-0000-0000-0000-000000000000");
INSERT INTO ACT_BLK
	VALUES ("88d4fb59-98d1-4bf8-b282-5e23343fe1af",
	0,
	0,
	0,
	'',
	'',
	'',
	0,
	0,
	0,
	0,
	0,
	0,
	0,
	0,
	0,
	0,
	0,
	0,
	0,
	"f2f20f71-620e-4e1a-9233-b0a9c19cb759",
	"00000000-0000-0000-0000-000000000000");
INSERT INTO PE_PE
	VALUES ("0ee6bd80-b31b-4e66-950a-56bd4d35bbd8",
	1,
	"00000000-0000-0000-0000-000000000000",
	"ecc29653-34e5-4535-99a4-cddbbfb8666a",
	7);
INSERT INTO EP_PKG
	VALUES ("0ee6bd80-b31b-4e66-950a-56bd4d35bbd8",
	"00000000-0000-0000-0000-000000000000",
	"8d9b971e-98c0-4710-b7d2-12b9caaa82ca",
	'Testing',
	'',
	0);
INSERT INTO PE_PE
	VALUES ("f9444ede-f868-4e27-934d-bde5fe77b756",
	1,
	"0ee6bd80-b31b-4e66-950a-56bd4d35bbd8",
	"00000000-0000-0000-0000-000000000000",
	1);
INSERT INTO S_SYNC
	VALUES ("f9444ede-f868-4e27-934d-bde5fe77b756",
	"00000000-0000-0000-0000-000000000000",
	'test',
	'',
	'number = 5;
word = "Hello";
logic = false;
real = 0.1;

RealizedClass::ByRef(number:number, fraction:real, logic:logic, word:word);
if ( number == 10)
	LOG::LogSuccess(message:"Correct Value");
else
	LOG::LogFailure(message:"Wrong Value");
end if;

if ( word == "Hello Back")
	LOG::LogSuccess(message:"Correct Value");
else 
	LOG::LogFailure(message:"Wrong Value");
end if;

if ( logic == true)
	LOG::LogSuccess(message:"Correct Value");
else 
	LOG::LogFailure(message:"Wrong Value");
end if;

if ( real == 1.1)
	LOG::LogSuccess(message:"Correct Value");
else 
	LOG::LogFailure(message:"Wrong Value");
end if;

number = number + 1;
word = word + "!";
logic = logic and false;
real = real + 1.1;

if ( number == 11)
	LOG::LogSuccess(message:"Correct Value");
else
	LOG::LogFailure(message:"Wrong Value");
end if;

if ( word == "Hello Back!")
	LOG::LogSuccess(message:"Correct Value");
else 
	LOG::LogFailure(message:"Wrong Value");
end if;

if ( logic == false)
	LOG::LogSuccess(message:"Correct Value");
else 
	LOG::LogFailure(message:"Wrong Value");
end if;

if ( real == 2.2)
	LOG::LogSuccess(message:"Correct Value");
else 
	LOG::LogFailure(message:"Wrong Value");
end if;




number = 5;
word = "Hello";
logic = false;
real = 0.1;
RealizedClass::ByValue(number:number, fraction:real, logic:logic, word:word);
if ( number == 5)
	LOG::LogSuccess(message:"Correct Value");
else
	LOG::LogFailure(message:"Wrong Value");
end if;

if ( word == "Hello")
	LOG::LogSuccess(message:"Correct Value");
else 
	LOG::LogFailure(message:"Wrong Value");
end if;

if ( logic == false)
	LOG::LogSuccess(message:"Correct Value");
else 
	LOG::LogFailure(message:"Wrong Value");
end if;

if ( real == 0.1)
	LOG::LogSuccess(message:"Correct Value");
else 
	LOG::LogFailure(message:"Wrong Value");
end if;


number = 5;
word = "Hello";
logic = false;
real = 0.1;
digit = 10;
sentence = "This is sentence";
RealizedClass::ByValueAndByRef(number:number, digit:digit, word:word, sentence:sentence);
if ( number == 5)
	LOG::LogSuccess(message:"Correct Value");
else
	LOG::LogFailure(message:"Wrong Value");
end if;

if ( word == "Hello")
	LOG::LogSuccess(message:"Correct Value");
else 
	LOG::LogFailure(message:"Wrong Value");
end if;

if ( digit == 100)
	LOG::LogSuccess(message:"Correct Value");
else
	LOG::LogFailure(message:"Wrong Value");
end if;

if ( sentence == "Hello World")
	LOG::LogSuccess(message:"Correct Value");
else 
	LOG::LogFailure(message:"Wrong Value");
end if;




returnedInteger = RealizedClass::ReturnInteger();
returnedBoolean = RealizedClass::ReturnBoolean();
returnedReal = RealizedClass::ReturnReal();
returnedString = RealizedClass::ReturnString();
returnedUniqueID = RealizedClass::ReturnUniqueID();


if ( returnedInteger == 500)
	LOG::LogSuccess(message:"Correct Value");
else
	LOG::LogFailure(message:"Wrong Value");
end if;

if ( returnedString == "Hello World")
	LOG::LogSuccess(message:"Correct Value");
else 
	LOG::LogFailure(message:"Wrong Value");
end if;

if ( returnedBoolean == true)
	LOG::LogSuccess(message:"Correct Value");
else 
	LOG::LogFailure(message:"Wrong Value");
end if;

if ( returnedReal == 0.5)
	LOG::LogSuccess(message:"Correct Value");
else 
	LOG::LogFailure(message:"Wrong Value");
end if;',
	"76616a9a-ed78-4b1d-92c4-04094e521dcf",
	1,
	'');
INSERT INTO ACT_FNB
	VALUES ("ed8e04f1-41e7-4015-8b74-5dea261ff330",
	"f9444ede-f868-4e27-934d-bde5fe77b756");
INSERT INTO ACT_ACT
	VALUES ("ed8e04f1-41e7-4015-8b74-5dea261ff330",
	'function',
	0,
	"89976a1e-d696-4697-b38f-8f979e3c0bd8",
	"00000000-0000-0000-0000-000000000000",
	0,
	'test',
	"00000000-0000-0000-0000-000000000000");
INSERT INTO ACT_BLK
	VALUES ("89976a1e-d696-4697-b38f-8f979e3c0bd8",
	0,
	0,
	0,
	'RealizedClass',
	'',
	'',
	154,
	1,
	131,
	20,
	0,
	0,
	0,
	0,
	0,
	0,
	0,
	0,
	0,
	"ed8e04f1-41e7-4015-8b74-5dea261ff330",
	"00000000-0000-0000-0000-000000000000");
INSERT INTO ACT_SMT
	VALUES ("91d62867-22b3-4cc9-83aa-c5c711fe63b9",
	"89976a1e-d696-4697-b38f-8f979e3c0bd8",
	"41a03e3e-d323-4292-aaf6-e8f18fe6a867",
	1,
	1,
	'test line: 1');
INSERT INTO ACT_AI
	VALUES ("91d62867-22b3-4cc9-83aa-c5c711fe63b9",
	"de029af7-d7a1-4725-b1b6-af6506c0c47c",
	"355444be-bece-4d00-8a6b-5ea643976320",
	0,
	0);
INSERT INTO ACT_SMT
	VALUES ("41a03e3e-d323-4292-aaf6-e8f18fe6a867",
	"89976a1e-d696-4697-b38f-8f979e3c0bd8",
	"a37468f1-ab4e-431c-b21c-462975187e7b",
	2,
	1,
	'test line: 2');
INSERT INTO ACT_AI
	VALUES ("41a03e3e-d323-4292-aaf6-e8f18fe6a867",
	"fcae7ffb-e30c-4f7f-aa05-cb54e25635a3",
	"d8f1b9bb-1b77-4030-bee1-c68379582576",
	0,
	0);
INSERT INTO ACT_SMT
	VALUES ("a37468f1-ab4e-431c-b21c-462975187e7b",
	"89976a1e-d696-4697-b38f-8f979e3c0bd8",
	"8be0a894-9ec2-4ec2-a8b6-c57a240baa28",
	3,
	1,
	'test line: 3');
INSERT INTO ACT_AI
	VALUES ("a37468f1-ab4e-431c-b21c-462975187e7b",
	"0c5008fc-46db-4c7d-a145-ec845517130a",
	"2c79c550-b7fa-41a9-b375-2c4a52c3f043",
	0,
	0);
INSERT INTO ACT_SMT
	VALUES ("8be0a894-9ec2-4ec2-a8b6-c57a240baa28",
	"89976a1e-d696-4697-b38f-8f979e3c0bd8",
	"33cb36c1-0e3a-400d-a5f9-339c82b5766d",
	4,
	1,
	'test line: 4');
INSERT INTO ACT_AI
	VALUES ("8be0a894-9ec2-4ec2-a8b6-c57a240baa28",
	"b8d8a17f-f612-4bac-a832-2fbf07d59a0b",
	"0463de56-bd26-4d8b-a496-83705cb260aa",
	0,
	0);
INSERT INTO ACT_SMT
	VALUES ("33cb36c1-0e3a-400d-a5f9-339c82b5766d",
	"89976a1e-d696-4697-b38f-8f979e3c0bd8",
	"76c43e51-2a1b-4d24-9162-a0513cdfb972",
	6,
	1,
	'test line: 6');
INSERT INTO ACT_BRG
	VALUES ("33cb36c1-0e3a-400d-a5f9-339c82b5766d",
	"109ceb60-232d-4cc6-a919-7f4dee830947",
	6,
	16,
	6,
	1);
INSERT INTO ACT_SMT
	VALUES ("76c43e51-2a1b-4d24-9162-a0513cdfb972",
	"89976a1e-d696-4697-b38f-8f979e3c0bd8",
	"60ce6e99-c93d-449c-b3be-2ec940dd1b55",
	7,
	1,
	'test line: 7');
INSERT INTO ACT_IF
	VALUES ("76c43e51-2a1b-4d24-9162-a0513cdfb972",
	"a10a692b-2022-42e2-a96d-b7e56224b6ce",
	"b920e279-bffb-475a-a4ee-f6fbf42c1c5c",
	"00000000-0000-0000-0000-000000000000",
	"00000000-0000-0000-0000-000000000000");
INSERT INTO ACT_SMT
	VALUES ("43a79906-b412-4b2c-a3da-094d97b67f4e",
	"89976a1e-d696-4697-b38f-8f979e3c0bd8",
	"00000000-0000-0000-0000-000000000000",
	9,
	1,
	'test line: 9');
INSERT INTO ACT_E
	VALUES ("43a79906-b412-4b2c-a3da-094d97b67f4e",
	"f8b4ad57-cd96-46e2-ba51-86f442b32895",
	"76c43e51-2a1b-4d24-9162-a0513cdfb972");
INSERT INTO ACT_SMT
	VALUES ("60ce6e99-c93d-449c-b3be-2ec940dd1b55",
	"89976a1e-d696-4697-b38f-8f979e3c0bd8",
	"346450a8-1492-4c42-862b-36ed12fd8dda",
	13,
	1,
	'test line: 13');
INSERT INTO ACT_IF
	VALUES ("60ce6e99-c93d-449c-b3be-2ec940dd1b55",
	"b6038bdd-7384-4408-bcfc-e9aa5cc5bb6a",
	"5ae64188-a6ee-426f-acb6-cd375102a1d9",
	"00000000-0000-0000-0000-000000000000",
	"00000000-0000-0000-0000-000000000000");
INSERT INTO ACT_SMT
	VALUES ("6c0a318d-c131-40b6-98a0-d356f17aa401",
	"89976a1e-d696-4697-b38f-8f979e3c0bd8",
	"00000000-0000-0000-0000-000000000000",
	15,
	1,
	'test line: 15');
INSERT INTO ACT_E
	VALUES ("6c0a318d-c131-40b6-98a0-d356f17aa401",
	"e24063f7-a85b-4e83-9edd-fe834a2edd92",
	"60ce6e99-c93d-449c-b3be-2ec940dd1b55");
INSERT INTO ACT_SMT
	VALUES ("346450a8-1492-4c42-862b-36ed12fd8dda",
	"89976a1e-d696-4697-b38f-8f979e3c0bd8",
	"3debb8a9-1e22-47ec-bd57-ff99528b5962",
	19,
	1,
	'test line: 19');
INSERT INTO ACT_IF
	VALUES ("346450a8-1492-4c42-862b-36ed12fd8dda",
	"e3dc5cc6-8bc1-406b-a422-55afc3e7aa90",
	"b304b145-7e49-451b-bd37-aad862071ac6",
	"00000000-0000-0000-0000-000000000000",
	"00000000-0000-0000-0000-000000000000");
INSERT INTO ACT_SMT
	VALUES ("20e7abac-1ddf-48ca-8057-0a927a40d9a9",
	"89976a1e-d696-4697-b38f-8f979e3c0bd8",
	"00000000-0000-0000-0000-000000000000",
	21,
	1,
	'test line: 21');
INSERT INTO ACT_E
	VALUES ("20e7abac-1ddf-48ca-8057-0a927a40d9a9",
	"5a007ef3-3c14-40c6-a7b3-f5671aae1f80",
	"346450a8-1492-4c42-862b-36ed12fd8dda");
INSERT INTO ACT_SMT
	VALUES ("3debb8a9-1e22-47ec-bd57-ff99528b5962",
	"89976a1e-d696-4697-b38f-8f979e3c0bd8",
	"7eb093dc-f508-4aa8-8092-f79b19d8bc45",
	25,
	1,
	'test line: 25');
INSERT INTO ACT_IF
	VALUES ("3debb8a9-1e22-47ec-bd57-ff99528b5962",
	"1ead046a-91da-4859-9e8a-d1c5f811ef4e",
	"029291fb-a5a2-4402-83a7-266f8181a47b",
	"00000000-0000-0000-0000-000000000000",
	"00000000-0000-0000-0000-000000000000");
INSERT INTO ACT_SMT
	VALUES ("0da378b0-7567-413b-8762-e095d32f0a85",
	"89976a1e-d696-4697-b38f-8f979e3c0bd8",
	"00000000-0000-0000-0000-000000000000",
	27,
	1,
	'test line: 27');
INSERT INTO ACT_E
	VALUES ("0da378b0-7567-413b-8762-e095d32f0a85",
	"4ada25d3-3961-4f79-9847-5b911802a6df",
	"3debb8a9-1e22-47ec-bd57-ff99528b5962");
INSERT INTO ACT_SMT
	VALUES ("7eb093dc-f508-4aa8-8092-f79b19d8bc45",
	"89976a1e-d696-4697-b38f-8f979e3c0bd8",
	"962ce78c-f5d5-431d-8de6-cba37322fd2b",
	31,
	1,
	'test line: 31');
INSERT INTO ACT_AI
	VALUES ("7eb093dc-f508-4aa8-8092-f79b19d8bc45",
	"379ddfc0-6d52-4807-bd5e-ef8afa0bb4ef",
	"6451dbb1-9785-4940-a16b-723fea6a9018",
	0,
	0);
INSERT INTO ACT_SMT
	VALUES ("962ce78c-f5d5-431d-8de6-cba37322fd2b",
	"89976a1e-d696-4697-b38f-8f979e3c0bd8",
	"b780422c-6234-4824-8416-b6670cfe519d",
	32,
	1,
	'test line: 32');
INSERT INTO ACT_AI
	VALUES ("962ce78c-f5d5-431d-8de6-cba37322fd2b",
	"083fbb7d-75a6-467e-ad51-4419282db56a",
	"acb8f054-29f0-46ea-b8b4-e53569ddc12e",
	0,
	0);
INSERT INTO ACT_SMT
	VALUES ("b780422c-6234-4824-8416-b6670cfe519d",
	"89976a1e-d696-4697-b38f-8f979e3c0bd8",
	"5642adc5-d2ff-4d21-95c9-d5b324281b65",
	33,
	1,
	'test line: 33');
INSERT INTO ACT_AI
	VALUES ("b780422c-6234-4824-8416-b6670cfe519d",
	"00dea7c1-3a96-4d14-b38c-02e552b56215",
	"6fdfefb2-6f9e-40ff-a509-41fe6cf4b262",
	0,
	0);
INSERT INTO ACT_SMT
	VALUES ("5642adc5-d2ff-4d21-95c9-d5b324281b65",
	"89976a1e-d696-4697-b38f-8f979e3c0bd8",
	"cf19225a-6cb0-41d4-bc97-64c229df7756",
	34,
	1,
	'test line: 34');
INSERT INTO ACT_AI
	VALUES ("5642adc5-d2ff-4d21-95c9-d5b324281b65",
	"623f4d69-aa2e-4b77-9c79-677cd088178b",
	"e15c62fe-b83a-4a2d-bd06-d28e80a21d85",
	0,
	0);
INSERT INTO ACT_SMT
	VALUES ("cf19225a-6cb0-41d4-bc97-64c229df7756",
	"89976a1e-d696-4697-b38f-8f979e3c0bd8",
	"e615fc2e-03e8-427e-a18b-aa51ef57e42a",
	36,
	1,
	'test line: 36');
INSERT INTO ACT_IF
	VALUES ("cf19225a-6cb0-41d4-bc97-64c229df7756",
	"2d863e14-9d55-479a-ae66-54218573ae9c",
	"edef5b2a-5f3a-4f40-b34e-a2b36f0ecc52",
	"00000000-0000-0000-0000-000000000000",
	"00000000-0000-0000-0000-000000000000");
INSERT INTO ACT_SMT
	VALUES ("299c3528-a00b-4031-8e5a-5b829d2b64f8",
	"89976a1e-d696-4697-b38f-8f979e3c0bd8",
	"00000000-0000-0000-0000-000000000000",
	38,
	1,
	'test line: 38');
INSERT INTO ACT_E
	VALUES ("299c3528-a00b-4031-8e5a-5b829d2b64f8",
	"fd2e186a-bf7d-45c0-97cc-5bc4aeb622ac",
	"cf19225a-6cb0-41d4-bc97-64c229df7756");
INSERT INTO ACT_SMT
	VALUES ("e615fc2e-03e8-427e-a18b-aa51ef57e42a",
	"89976a1e-d696-4697-b38f-8f979e3c0bd8",
	"2e4c7a11-db81-464a-8c7a-00848e589977",
	42,
	1,
	'test line: 42');
INSERT INTO ACT_IF
	VALUES ("e615fc2e-03e8-427e-a18b-aa51ef57e42a",
	"d06e9576-245d-4b21-84d4-50c206c33969",
	"55b4f827-36b4-4f25-a312-aa31dbb0444c",
	"00000000-0000-0000-0000-000000000000",
	"00000000-0000-0000-0000-000000000000");
INSERT INTO ACT_SMT
	VALUES ("01aadf71-4fbd-41c5-b7e8-b0bc2956a64a",
	"89976a1e-d696-4697-b38f-8f979e3c0bd8",
	"00000000-0000-0000-0000-000000000000",
	44,
	1,
	'test line: 44');
INSERT INTO ACT_E
	VALUES ("01aadf71-4fbd-41c5-b7e8-b0bc2956a64a",
	"f0581bfe-33f7-4263-9f96-d52db959cdcb",
	"e615fc2e-03e8-427e-a18b-aa51ef57e42a");
INSERT INTO ACT_SMT
	VALUES ("2e4c7a11-db81-464a-8c7a-00848e589977",
	"89976a1e-d696-4697-b38f-8f979e3c0bd8",
	"821b6d16-1226-44f1-af76-53019a9ef9a5",
	48,
	1,
	'test line: 48');
INSERT INTO ACT_IF
	VALUES ("2e4c7a11-db81-464a-8c7a-00848e589977",
	"7382cb0c-ba16-4af1-8fc7-7587ab4d7cf9",
	"37c5d460-698b-48ed-ad2c-010516fc687a",
	"00000000-0000-0000-0000-000000000000",
	"00000000-0000-0000-0000-000000000000");
INSERT INTO ACT_SMT
	VALUES ("548cec73-4bb6-4ab8-acf0-238117f07f9e",
	"89976a1e-d696-4697-b38f-8f979e3c0bd8",
	"00000000-0000-0000-0000-000000000000",
	50,
	1,
	'test line: 50');
INSERT INTO ACT_E
	VALUES ("548cec73-4bb6-4ab8-acf0-238117f07f9e",
	"b6c7a3c6-1a6e-40ac-8596-375814429523",
	"2e4c7a11-db81-464a-8c7a-00848e589977");
INSERT INTO ACT_SMT
	VALUES ("821b6d16-1226-44f1-af76-53019a9ef9a5",
	"89976a1e-d696-4697-b38f-8f979e3c0bd8",
	"edbd5c16-35e6-4bf4-b09b-b9f0f5fbda9f",
	54,
	1,
	'test line: 54');
INSERT INTO ACT_IF
	VALUES ("821b6d16-1226-44f1-af76-53019a9ef9a5",
	"423fea0a-20c7-4bae-944f-06bc033126d7",
	"871b81e1-bbe3-411c-ab33-f6dfea9a4eaf",
	"00000000-0000-0000-0000-000000000000",
	"00000000-0000-0000-0000-000000000000");
INSERT INTO ACT_SMT
	VALUES ("47ac9017-24b5-4030-8195-022ff517fc94",
	"89976a1e-d696-4697-b38f-8f979e3c0bd8",
	"00000000-0000-0000-0000-000000000000",
	56,
	1,
	'test line: 56');
INSERT INTO ACT_E
	VALUES ("47ac9017-24b5-4030-8195-022ff517fc94",
	"9184dcec-a97e-4690-932b-631fa21a0b22",
	"821b6d16-1226-44f1-af76-53019a9ef9a5");
INSERT INTO ACT_SMT
	VALUES ("edbd5c16-35e6-4bf4-b09b-b9f0f5fbda9f",
	"89976a1e-d696-4697-b38f-8f979e3c0bd8",
	"71cb8814-0e91-471a-8813-fc84a06141fe",
	63,
	1,
	'test line: 63');
INSERT INTO ACT_AI
	VALUES ("edbd5c16-35e6-4bf4-b09b-b9f0f5fbda9f",
	"12b8abc1-a596-44b7-8538-3edcb2d72ddf",
	"7b8d08bd-f782-4a05-83c3-e3182413e95c",
	0,
	0);
INSERT INTO ACT_SMT
	VALUES ("71cb8814-0e91-471a-8813-fc84a06141fe",
	"89976a1e-d696-4697-b38f-8f979e3c0bd8",
	"b2df21f3-5926-4a5f-8eb6-3581d3846fa2",
	64,
	1,
	'test line: 64');
INSERT INTO ACT_AI
	VALUES ("71cb8814-0e91-471a-8813-fc84a06141fe",
	"bda84577-f31a-444d-81d4-5d3cb45ebd57",
	"4f2718e8-96d1-4384-be7c-73dc3d7f7764",
	0,
	0);
INSERT INTO ACT_SMT
	VALUES ("b2df21f3-5926-4a5f-8eb6-3581d3846fa2",
	"89976a1e-d696-4697-b38f-8f979e3c0bd8",
	"30d91167-924b-4e72-bac0-6bf7f44355db",
	65,
	1,
	'test line: 65');
INSERT INTO ACT_AI
	VALUES ("b2df21f3-5926-4a5f-8eb6-3581d3846fa2",
	"d3e7ed68-0012-45ef-8015-4a430f467bf3",
	"72141942-ebd2-4d8c-a235-b232f3cc77e5",
	0,
	0);
INSERT INTO ACT_SMT
	VALUES ("30d91167-924b-4e72-bac0-6bf7f44355db",
	"89976a1e-d696-4697-b38f-8f979e3c0bd8",
	"1ae53782-1f76-4d03-b0d8-ecea21aca084",
	66,
	1,
	'test line: 66');
INSERT INTO ACT_AI
	VALUES ("30d91167-924b-4e72-bac0-6bf7f44355db",
	"7628b738-dcfc-4717-ba34-1397b8ea79ae",
	"8017421e-dd41-4eca-ad99-50952ce422d6",
	0,
	0);
INSERT INTO ACT_SMT
	VALUES ("1ae53782-1f76-4d03-b0d8-ecea21aca084",
	"89976a1e-d696-4697-b38f-8f979e3c0bd8",
	"00c41acb-b15a-4638-afbc-cca2e78d9ea0",
	67,
	1,
	'test line: 67');
INSERT INTO ACT_BRG
	VALUES ("1ae53782-1f76-4d03-b0d8-ecea21aca084",
	"16a22d81-066a-466c-8c22-9fa44f4557b4",
	67,
	16,
	67,
	1);
INSERT INTO ACT_SMT
	VALUES ("00c41acb-b15a-4638-afbc-cca2e78d9ea0",
	"89976a1e-d696-4697-b38f-8f979e3c0bd8",
	"3e156884-e680-4fd4-9eb2-64b77594a90e",
	68,
	1,
	'test line: 68');
INSERT INTO ACT_IF
	VALUES ("00c41acb-b15a-4638-afbc-cca2e78d9ea0",
	"807cd3ea-6c19-40f1-ad5d-903f5f3b0334",
	"79aa9f57-51b0-4e8d-885c-101b0b58ddaf",
	"00000000-0000-0000-0000-000000000000",
	"00000000-0000-0000-0000-000000000000");
INSERT INTO ACT_SMT
	VALUES ("c31ce976-4cd6-42c6-83bb-5b42dcac7243",
	"89976a1e-d696-4697-b38f-8f979e3c0bd8",
	"00000000-0000-0000-0000-000000000000",
	70,
	1,
	'test line: 70');
INSERT INTO ACT_E
	VALUES ("c31ce976-4cd6-42c6-83bb-5b42dcac7243",
	"3afe5d3e-c3a3-4fd9-98fb-4c5e9856ae3e",
	"00c41acb-b15a-4638-afbc-cca2e78d9ea0");
INSERT INTO ACT_SMT
	VALUES ("3e156884-e680-4fd4-9eb2-64b77594a90e",
	"89976a1e-d696-4697-b38f-8f979e3c0bd8",
	"7ce2b89a-1208-4a00-a91a-14046d556970",
	74,
	1,
	'test line: 74');
INSERT INTO ACT_IF
	VALUES ("3e156884-e680-4fd4-9eb2-64b77594a90e",
	"bb7bf9c5-dfc0-4fca-91f8-5d816120b7e3",
	"6e5e5396-dabb-4929-bda0-8bcbea0e5cda",
	"00000000-0000-0000-0000-000000000000",
	"00000000-0000-0000-0000-000000000000");
INSERT INTO ACT_SMT
	VALUES ("9b857240-2edd-4506-88d5-e4ecf44b1904",
	"89976a1e-d696-4697-b38f-8f979e3c0bd8",
	"00000000-0000-0000-0000-000000000000",
	76,
	1,
	'test line: 76');
INSERT INTO ACT_E
	VALUES ("9b857240-2edd-4506-88d5-e4ecf44b1904",
	"4eff7d26-2012-437c-9012-6f101b215ccd",
	"3e156884-e680-4fd4-9eb2-64b77594a90e");
INSERT INTO ACT_SMT
	VALUES ("7ce2b89a-1208-4a00-a91a-14046d556970",
	"89976a1e-d696-4697-b38f-8f979e3c0bd8",
	"3ea648a0-152c-4af4-87c9-712dc08074b8",
	80,
	1,
	'test line: 80');
INSERT INTO ACT_IF
	VALUES ("7ce2b89a-1208-4a00-a91a-14046d556970",
	"21a9b3e2-aadd-41a0-a09b-a1d2a3ffa1fc",
	"a4226c4d-7ce8-420f-81eb-e16faff52e77",
	"00000000-0000-0000-0000-000000000000",
	"00000000-0000-0000-0000-000000000000");
INSERT INTO ACT_SMT
	VALUES ("7b3aba89-b69f-4e76-8312-ef9c0a8a876a",
	"89976a1e-d696-4697-b38f-8f979e3c0bd8",
	"00000000-0000-0000-0000-000000000000",
	82,
	1,
	'test line: 82');
INSERT INTO ACT_E
	VALUES ("7b3aba89-b69f-4e76-8312-ef9c0a8a876a",
	"1a58e0fb-c397-4bdc-b34b-724a75912807",
	"7ce2b89a-1208-4a00-a91a-14046d556970");
INSERT INTO ACT_SMT
	VALUES ("3ea648a0-152c-4af4-87c9-712dc08074b8",
	"89976a1e-d696-4697-b38f-8f979e3c0bd8",
	"61df3f95-a190-4ed3-aee2-86e14fe7dde4",
	86,
	1,
	'test line: 86');
INSERT INTO ACT_IF
	VALUES ("3ea648a0-152c-4af4-87c9-712dc08074b8",
	"273159ba-4f89-440e-987f-7ff1ee9cf6e3",
	"78c4f5eb-ba8e-4ae3-a3bb-16262e4b84cc",
	"00000000-0000-0000-0000-000000000000",
	"00000000-0000-0000-0000-000000000000");
INSERT INTO ACT_SMT
	VALUES ("cc7836c9-388e-44b9-b5b4-14dca2d441b1",
	"89976a1e-d696-4697-b38f-8f979e3c0bd8",
	"00000000-0000-0000-0000-000000000000",
	88,
	1,
	'test line: 88');
INSERT INTO ACT_E
	VALUES ("cc7836c9-388e-44b9-b5b4-14dca2d441b1",
	"ab720988-45fd-449d-9421-1d7f8f063d8d",
	"3ea648a0-152c-4af4-87c9-712dc08074b8");
INSERT INTO ACT_SMT
	VALUES ("61df3f95-a190-4ed3-aee2-86e14fe7dde4",
	"89976a1e-d696-4697-b38f-8f979e3c0bd8",
	"a6ac89d2-c8af-4824-9c00-d86e66185e9c",
	93,
	1,
	'test line: 93');
INSERT INTO ACT_AI
	VALUES ("61df3f95-a190-4ed3-aee2-86e14fe7dde4",
	"f85dc56a-438b-48d5-b915-0bea8345f275",
	"48126cfd-dfe0-447c-82ce-e43f1c5d27cd",
	0,
	0);
INSERT INTO ACT_SMT
	VALUES ("a6ac89d2-c8af-4824-9c00-d86e66185e9c",
	"89976a1e-d696-4697-b38f-8f979e3c0bd8",
	"670f9474-6a48-45b4-b7b3-5f07bc2b95ed",
	94,
	1,
	'test line: 94');
INSERT INTO ACT_AI
	VALUES ("a6ac89d2-c8af-4824-9c00-d86e66185e9c",
	"ec790cd4-94f8-4989-904e-77a7391fbc00",
	"18ca52c0-7013-493b-be9e-a202362481f7",
	0,
	0);
INSERT INTO ACT_SMT
	VALUES ("670f9474-6a48-45b4-b7b3-5f07bc2b95ed",
	"89976a1e-d696-4697-b38f-8f979e3c0bd8",
	"803b9450-2eb5-4dea-9789-b02541c5c6ed",
	95,
	1,
	'test line: 95');
INSERT INTO ACT_AI
	VALUES ("670f9474-6a48-45b4-b7b3-5f07bc2b95ed",
	"4ad15192-f88b-4c26-bf48-4ab69a3edb87",
	"a2f1a01d-c24b-45db-9e3e-b64d55e7f898",
	0,
	0);
INSERT INTO ACT_SMT
	VALUES ("803b9450-2eb5-4dea-9789-b02541c5c6ed",
	"89976a1e-d696-4697-b38f-8f979e3c0bd8",
	"9f5c8179-2d29-4037-ba84-8be0cabdf24a",
	96,
	1,
	'test line: 96');
INSERT INTO ACT_AI
	VALUES ("803b9450-2eb5-4dea-9789-b02541c5c6ed",
	"d33d2b54-e1c7-40d1-9abd-94c11b1c8ab3",
	"ee47a93c-4482-492e-9236-2e516024d262",
	0,
	0);
INSERT INTO ACT_SMT
	VALUES ("9f5c8179-2d29-4037-ba84-8be0cabdf24a",
	"89976a1e-d696-4697-b38f-8f979e3c0bd8",
	"0e8cd9a5-d089-4628-95a9-9cbcdea8fd10",
	97,
	1,
	'test line: 97');
INSERT INTO ACT_AI
	VALUES ("9f5c8179-2d29-4037-ba84-8be0cabdf24a",
	"ade6263f-04bf-4ee2-85dc-65ceacf07b5a",
	"36361582-bfd4-46de-88fe-d40916768ac0",
	0,
	0);
INSERT INTO ACT_SMT
	VALUES ("0e8cd9a5-d089-4628-95a9-9cbcdea8fd10",
	"89976a1e-d696-4697-b38f-8f979e3c0bd8",
	"bde6d40f-9df5-4434-855e-f3851b79e048",
	98,
	1,
	'test line: 98');
INSERT INTO ACT_AI
	VALUES ("0e8cd9a5-d089-4628-95a9-9cbcdea8fd10",
	"127b63ea-39a1-4202-a4ba-65e2648d3439",
	"d58b2411-e4c4-4ce5-adf5-4df934e36e40",
	0,
	0);
INSERT INTO ACT_SMT
	VALUES ("bde6d40f-9df5-4434-855e-f3851b79e048",
	"89976a1e-d696-4697-b38f-8f979e3c0bd8",
	"80bd7d1f-b86f-4c01-81e3-517ddef146ba",
	99,
	1,
	'test line: 99');
INSERT INTO ACT_BRG
	VALUES ("bde6d40f-9df5-4434-855e-f3851b79e048",
	"b2f24b25-277a-4502-8f47-814169c3ae3b",
	99,
	16,
	99,
	1);
INSERT INTO ACT_SMT
	VALUES ("80bd7d1f-b86f-4c01-81e3-517ddef146ba",
	"89976a1e-d696-4697-b38f-8f979e3c0bd8",
	"905fae19-e354-41e4-990b-4fbc9688bfa7",
	100,
	1,
	'test line: 100');
INSERT INTO ACT_IF
	VALUES ("80bd7d1f-b86f-4c01-81e3-517ddef146ba",
	"2c152091-6f7e-4914-8f2b-68e371c0c441",
	"39eaf958-cd8f-4333-a4e1-943c4fb29180",
	"00000000-0000-0000-0000-000000000000",
	"00000000-0000-0000-0000-000000000000");
INSERT INTO ACT_SMT
	VALUES ("22409dea-928b-43c7-a3a6-4de23071c71a",
	"89976a1e-d696-4697-b38f-8f979e3c0bd8",
	"00000000-0000-0000-0000-000000000000",
	102,
	1,
	'test line: 102');
INSERT INTO ACT_E
	VALUES ("22409dea-928b-43c7-a3a6-4de23071c71a",
	"5609f40e-8ad2-4ebb-b757-7037d06a3c59",
	"80bd7d1f-b86f-4c01-81e3-517ddef146ba");
INSERT INTO ACT_SMT
	VALUES ("905fae19-e354-41e4-990b-4fbc9688bfa7",
	"89976a1e-d696-4697-b38f-8f979e3c0bd8",
	"2eac8f00-d6da-44ce-aa3f-b3cf1c9f6354",
	106,
	1,
	'test line: 106');
INSERT INTO ACT_IF
	VALUES ("905fae19-e354-41e4-990b-4fbc9688bfa7",
	"77569025-dfda-4246-8648-919cedbf7904",
	"47adb4ef-11d1-49bf-a7ac-f0ffd78e31bf",
	"00000000-0000-0000-0000-000000000000",
	"00000000-0000-0000-0000-000000000000");
INSERT INTO ACT_SMT
	VALUES ("56c54af0-d65b-4085-824e-32cf94a33745",
	"89976a1e-d696-4697-b38f-8f979e3c0bd8",
	"00000000-0000-0000-0000-000000000000",
	108,
	1,
	'test line: 108');
INSERT INTO ACT_E
	VALUES ("56c54af0-d65b-4085-824e-32cf94a33745",
	"24b63e7d-f8c7-4cec-9978-b15fa9080160",
	"905fae19-e354-41e4-990b-4fbc9688bfa7");
INSERT INTO ACT_SMT
	VALUES ("2eac8f00-d6da-44ce-aa3f-b3cf1c9f6354",
	"89976a1e-d696-4697-b38f-8f979e3c0bd8",
	"0ac126a3-c8c2-47b9-901e-608760ce90aa",
	112,
	1,
	'test line: 112');
INSERT INTO ACT_IF
	VALUES ("2eac8f00-d6da-44ce-aa3f-b3cf1c9f6354",
	"2cbe1985-943f-49bd-adf6-f706672b1953",
	"74b2d6de-322c-4bfd-8903-fb2cb66cee1b",
	"00000000-0000-0000-0000-000000000000",
	"00000000-0000-0000-0000-000000000000");
INSERT INTO ACT_SMT
	VALUES ("fd7c376a-fa40-42d6-be0e-192b6a6c99d5",
	"89976a1e-d696-4697-b38f-8f979e3c0bd8",
	"00000000-0000-0000-0000-000000000000",
	114,
	1,
	'test line: 114');
INSERT INTO ACT_E
	VALUES ("fd7c376a-fa40-42d6-be0e-192b6a6c99d5",
	"94321bf8-5c94-4484-987e-d5f084c070f3",
	"2eac8f00-d6da-44ce-aa3f-b3cf1c9f6354");
INSERT INTO ACT_SMT
	VALUES ("0ac126a3-c8c2-47b9-901e-608760ce90aa",
	"89976a1e-d696-4697-b38f-8f979e3c0bd8",
	"20735332-1839-498d-a937-c0f3de6fb6c6",
	118,
	1,
	'test line: 118');
INSERT INTO ACT_IF
	VALUES ("0ac126a3-c8c2-47b9-901e-608760ce90aa",
	"7491aff5-8536-4a96-a51a-16ef2dc3534d",
	"7d167f38-db26-4c77-81e7-152a2a6a64f8",
	"00000000-0000-0000-0000-000000000000",
	"00000000-0000-0000-0000-000000000000");
INSERT INTO ACT_SMT
	VALUES ("6a04afc8-ecc2-468e-bb67-10e3cc10966a",
	"89976a1e-d696-4697-b38f-8f979e3c0bd8",
	"00000000-0000-0000-0000-000000000000",
	120,
	1,
	'test line: 120');
INSERT INTO ACT_E
	VALUES ("6a04afc8-ecc2-468e-bb67-10e3cc10966a",
	"62e2d277-231f-4d19-bb36-5f7d01e25e95",
	"0ac126a3-c8c2-47b9-901e-608760ce90aa");
INSERT INTO ACT_SMT
	VALUES ("20735332-1839-498d-a937-c0f3de6fb6c6",
	"89976a1e-d696-4697-b38f-8f979e3c0bd8",
	"5bb96588-0820-4034-9c11-7928a6c3605c",
	127,
	1,
	'test line: 127');
INSERT INTO ACT_AI
	VALUES ("20735332-1839-498d-a937-c0f3de6fb6c6",
	"54fd76a6-1add-4dfd-8ca6-3bcfa0620bb3",
	"c2b2c637-3440-44e0-819f-26789a77264c",
	0,
	0);
INSERT INTO ACT_SMT
	VALUES ("5bb96588-0820-4034-9c11-7928a6c3605c",
	"89976a1e-d696-4697-b38f-8f979e3c0bd8",
	"31976c2d-0818-4b18-a256-bddad5c04806",
	128,
	1,
	'test line: 128');
INSERT INTO ACT_AI
	VALUES ("5bb96588-0820-4034-9c11-7928a6c3605c",
	"d1f4d5e3-2230-4b01-bf3a-2be726a58e2c",
	"fbff22a5-1109-4f53-a584-77716861e182",
	0,
	0);
INSERT INTO ACT_SMT
	VALUES ("31976c2d-0818-4b18-a256-bddad5c04806",
	"89976a1e-d696-4697-b38f-8f979e3c0bd8",
	"9c2d185a-c90b-4771-b953-0c62cf3c7a54",
	129,
	1,
	'test line: 129');
INSERT INTO ACT_AI
	VALUES ("31976c2d-0818-4b18-a256-bddad5c04806",
	"3c02424c-835c-49df-b581-2127f735cb93",
	"97778b20-5c6a-412f-aeb8-960e616550ee",
	0,
	0);
INSERT INTO ACT_SMT
	VALUES ("9c2d185a-c90b-4771-b953-0c62cf3c7a54",
	"89976a1e-d696-4697-b38f-8f979e3c0bd8",
	"eb72f0b7-e929-4267-873d-a979d738a112",
	130,
	1,
	'test line: 130');
INSERT INTO ACT_AI
	VALUES ("9c2d185a-c90b-4771-b953-0c62cf3c7a54",
	"72caf056-9279-464e-bf17-3eeacbd30f1b",
	"ce3589a9-6d32-4476-92fc-c4d153124a8d",
	0,
	0);
INSERT INTO ACT_SMT
	VALUES ("eb72f0b7-e929-4267-873d-a979d738a112",
	"89976a1e-d696-4697-b38f-8f979e3c0bd8",
	"1cc6677c-8eb2-4f84-8e26-afe467b94a51",
	131,
	1,
	'test line: 131');
INSERT INTO ACT_AI
	VALUES ("eb72f0b7-e929-4267-873d-a979d738a112",
	"3aee3929-f17f-4a63-b186-5373bf667e89",
	"5ed24cf8-d127-4078-975b-e1c95a3046a3",
	0,
	0);
INSERT INTO ACT_SMT
	VALUES ("1cc6677c-8eb2-4f84-8e26-afe467b94a51",
	"89976a1e-d696-4697-b38f-8f979e3c0bd8",
	"fda36a7e-dd44-4bfa-a520-b04935c1c469",
	134,
	1,
	'test line: 134');
INSERT INTO ACT_IF
	VALUES ("1cc6677c-8eb2-4f84-8e26-afe467b94a51",
	"44e0fb44-6a21-4673-81f0-b855904f635b",
	"b911113a-9b0c-48fa-b81a-cd7b12cecbd8",
	"00000000-0000-0000-0000-000000000000",
	"00000000-0000-0000-0000-000000000000");
INSERT INTO ACT_SMT
	VALUES ("bcda7b6b-7267-487d-8a64-d764daf28767",
	"89976a1e-d696-4697-b38f-8f979e3c0bd8",
	"00000000-0000-0000-0000-000000000000",
	136,
	1,
	'test line: 136');
INSERT INTO ACT_E
	VALUES ("bcda7b6b-7267-487d-8a64-d764daf28767",
	"838396ee-30b3-42dd-8abc-788828e23d58",
	"1cc6677c-8eb2-4f84-8e26-afe467b94a51");
INSERT INTO ACT_SMT
	VALUES ("fda36a7e-dd44-4bfa-a520-b04935c1c469",
	"89976a1e-d696-4697-b38f-8f979e3c0bd8",
	"3c1fa96a-c444-40dd-b840-f751a88d4e03",
	140,
	1,
	'test line: 140');
INSERT INTO ACT_IF
	VALUES ("fda36a7e-dd44-4bfa-a520-b04935c1c469",
	"97b67e90-6c3f-496d-877c-98336a9b9873",
	"91807178-c256-4c9f-a0d5-ad346d72ee06",
	"00000000-0000-0000-0000-000000000000",
	"00000000-0000-0000-0000-000000000000");
INSERT INTO ACT_SMT
	VALUES ("fbd4628e-625c-485b-99a1-63c8dd8daa9d",
	"89976a1e-d696-4697-b38f-8f979e3c0bd8",
	"00000000-0000-0000-0000-000000000000",
	142,
	1,
	'test line: 142');
INSERT INTO ACT_E
	VALUES ("fbd4628e-625c-485b-99a1-63c8dd8daa9d",
	"078870d6-ac79-4a60-b25e-75da59e228a0",
	"fda36a7e-dd44-4bfa-a520-b04935c1c469");
INSERT INTO ACT_SMT
	VALUES ("3c1fa96a-c444-40dd-b840-f751a88d4e03",
	"89976a1e-d696-4697-b38f-8f979e3c0bd8",
	"0f8244e7-b638-4458-bdd8-5a5958cede17",
	146,
	1,
	'test line: 146');
INSERT INTO ACT_IF
	VALUES ("3c1fa96a-c444-40dd-b840-f751a88d4e03",
	"387b9a79-b2ee-4271-a763-29bd1cd97c32",
	"fec7b93a-4058-4a72-80f6-919e4f4774aa",
	"00000000-0000-0000-0000-000000000000",
	"00000000-0000-0000-0000-000000000000");
INSERT INTO ACT_SMT
	VALUES ("7b8a04c2-07be-45a2-ac36-913cd1949170",
	"89976a1e-d696-4697-b38f-8f979e3c0bd8",
	"00000000-0000-0000-0000-000000000000",
	148,
	1,
	'test line: 148');
INSERT INTO ACT_E
	VALUES ("7b8a04c2-07be-45a2-ac36-913cd1949170",
	"2cb16225-5376-4d99-8a5b-b379d08de4bd",
	"3c1fa96a-c444-40dd-b840-f751a88d4e03");
INSERT INTO ACT_SMT
	VALUES ("0f8244e7-b638-4458-bdd8-5a5958cede17",
	"89976a1e-d696-4697-b38f-8f979e3c0bd8",
	"00000000-0000-0000-0000-000000000000",
	152,
	1,
	'test line: 152');
INSERT INTO ACT_IF
	VALUES ("0f8244e7-b638-4458-bdd8-5a5958cede17",
	"9de5b2a7-bbfe-4ce2-9d2f-9ad873125c95",
	"a9f92f43-ebbb-46ce-b781-b142923c500e",
	"00000000-0000-0000-0000-000000000000",
	"00000000-0000-0000-0000-000000000000");
INSERT INTO ACT_SMT
	VALUES ("aa0a3f05-2e2f-4449-aa21-537dcf9f66d8",
	"89976a1e-d696-4697-b38f-8f979e3c0bd8",
	"00000000-0000-0000-0000-000000000000",
	154,
	1,
	'test line: 154');
INSERT INTO ACT_E
	VALUES ("aa0a3f05-2e2f-4449-aa21-537dcf9f66d8",
	"f3ca571b-47d3-42be-9dbb-8320ce9c6fc9",
	"0f8244e7-b638-4458-bdd8-5a5958cede17");
INSERT INTO V_VAL
	VALUES ("355444be-bece-4d00-8a6b-5ea643976320",
	1,
	1,
	1,
	1,
	6,
	0,
	0,
	0,
	0,
	"fd13cfc5-12ea-4e50-8a4c-27a58944b0fa",
	"89976a1e-d696-4697-b38f-8f979e3c0bd8");
INSERT INTO V_TVL
	VALUES ("355444be-bece-4d00-8a6b-5ea643976320",
	"fc58eba1-a03e-4367-a5f0-fe7f9b2d6b84");
INSERT INTO V_VAL
	VALUES ("de029af7-d7a1-4725-b1b6-af6506c0c47c",
	0,
	0,
	1,
	10,
	10,
	0,
	0,
	0,
	0,
	"fd13cfc5-12ea-4e50-8a4c-27a58944b0fa",
	"89976a1e-d696-4697-b38f-8f979e3c0bd8");
INSERT INTO V_LIN
	VALUES ("de029af7-d7a1-4725-b1b6-af6506c0c47c",
	'5');
INSERT INTO V_VAL
	VALUES ("d8f1b9bb-1b77-4030-bee1-c68379582576",
	1,
	1,
	2,
	1,
	4,
	0,
	0,
	0,
	0,
	"4c4770ba-abac-48a5-80a0-405dffe101a8",
	"89976a1e-d696-4697-b38f-8f979e3c0bd8");
INSERT INTO V_TVL
	VALUES ("d8f1b9bb-1b77-4030-bee1-c68379582576",
	"3a581b41-7ce5-4479-9911-528bcbc076c8");
INSERT INTO V_VAL
	VALUES ("fcae7ffb-e30c-4f7f-aa05-cb54e25635a3",
	0,
	0,
	2,
	8,
	13,
	0,
	0,
	0,
	0,
	"4c4770ba-abac-48a5-80a0-405dffe101a8",
	"89976a1e-d696-4697-b38f-8f979e3c0bd8");
INSERT INTO V_LST
	VALUES ("fcae7ffb-e30c-4f7f-aa05-cb54e25635a3",
	'Hello');
INSERT INTO V_VAL
	VALUES ("2c79c550-b7fa-41a9-b375-2c4a52c3f043",
	1,
	1,
	3,
	1,
	5,
	0,
	0,
	0,
	0,
	"605b6fd1-c0ac-4474-bc3b-b2c0b995c7cf",
	"89976a1e-d696-4697-b38f-8f979e3c0bd8");
INSERT INTO V_TVL
	VALUES ("2c79c550-b7fa-41a9-b375-2c4a52c3f043",
	"43c26f4e-7f0c-4022-9094-918d38f4c5fa");
INSERT INTO V_VAL
	VALUES ("0c5008fc-46db-4c7d-a145-ec845517130a",
	0,
	0,
	-1,
	-1,
	-1,
	0,
	0,
	0,
	0,
	"605b6fd1-c0ac-4474-bc3b-b2c0b995c7cf",
	"89976a1e-d696-4697-b38f-8f979e3c0bd8");
INSERT INTO V_LBO
	VALUES ("0c5008fc-46db-4c7d-a145-ec845517130a",
	'FALSE');
INSERT INTO V_VAL
	VALUES ("0463de56-bd26-4d8b-a496-83705cb260aa",
	1,
	1,
	4,
	1,
	4,
	0,
	0,
	0,
	0,
	"b0e4b1cc-04bf-419a-8af0-c97b9fb9be6e",
	"89976a1e-d696-4697-b38f-8f979e3c0bd8");
INSERT INTO V_TVL
	VALUES ("0463de56-bd26-4d8b-a496-83705cb260aa",
	"20a5e93b-650d-4dc9-aa11-e688aecf3144");
INSERT INTO V_VAL
	VALUES ("b8d8a17f-f612-4bac-a832-2fbf07d59a0b",
	0,
	0,
	4,
	8,
	10,
	0,
	0,
	0,
	0,
	"b0e4b1cc-04bf-419a-8af0-c97b9fb9be6e",
	"89976a1e-d696-4697-b38f-8f979e3c0bd8");
INSERT INTO V_LRL
	VALUES ("b8d8a17f-f612-4bac-a832-2fbf07d59a0b",
	'0.1');
INSERT INTO V_VAL
	VALUES ("55452fed-48c2-4ac2-b58f-4af324a9baca",
	0,
	0,
	6,
	29,
	34,
	0,
	0,
	0,
	0,
	"fd13cfc5-12ea-4e50-8a4c-27a58944b0fa",
	"89976a1e-d696-4697-b38f-8f979e3c0bd8");
INSERT INTO V_TVL
	VALUES ("55452fed-48c2-4ac2-b58f-4af324a9baca",
	"fc58eba1-a03e-4367-a5f0-fe7f9b2d6b84");
INSERT INTO V_PAR
	VALUES ("55452fed-48c2-4ac2-b58f-4af324a9baca",
	"33cb36c1-0e3a-400d-a5f9-339c82b5766d",
	"00000000-0000-0000-0000-000000000000",
	'number',
	"d69aaaa8-4a3c-456c-98de-87d7f5063794",
	6,
	22);
INSERT INTO V_VAL
	VALUES ("d69aaaa8-4a3c-456c-98de-87d7f5063794",
	0,
	0,
	6,
	46,
	49,
	0,
	0,
	0,
	0,
	"b0e4b1cc-04bf-419a-8af0-c97b9fb9be6e",
	"89976a1e-d696-4697-b38f-8f979e3c0bd8");
INSERT INTO V_TVL
	VALUES ("d69aaaa8-4a3c-456c-98de-87d7f5063794",
	"20a5e93b-650d-4dc9-aa11-e688aecf3144");
INSERT INTO V_PAR
	VALUES ("d69aaaa8-4a3c-456c-98de-87d7f5063794",
	"33cb36c1-0e3a-400d-a5f9-339c82b5766d",
	"00000000-0000-0000-0000-000000000000",
	'fraction',
	"185ba337-8b60-46da-a939-caf09a9b96bc",
	6,
	37);
INSERT INTO V_VAL
	VALUES ("185ba337-8b60-46da-a939-caf09a9b96bc",
	0,
	0,
	6,
	58,
	62,
	0,
	0,
	0,
	0,
	"605b6fd1-c0ac-4474-bc3b-b2c0b995c7cf",
	"89976a1e-d696-4697-b38f-8f979e3c0bd8");
INSERT INTO V_TVL
	VALUES ("185ba337-8b60-46da-a939-caf09a9b96bc",
	"43c26f4e-7f0c-4022-9094-918d38f4c5fa");
INSERT INTO V_PAR
	VALUES ("185ba337-8b60-46da-a939-caf09a9b96bc",
	"33cb36c1-0e3a-400d-a5f9-339c82b5766d",
	"00000000-0000-0000-0000-000000000000",
	'logic',
	"82153431-05bf-4149-869b-13cb4baf606c",
	6,
	52);
INSERT INTO V_VAL
	VALUES ("82153431-05bf-4149-869b-13cb4baf606c",
	0,
	0,
	6,
	70,
	73,
	0,
	0,
	0,
	0,
	"4c4770ba-abac-48a5-80a0-405dffe101a8",
	"89976a1e-d696-4697-b38f-8f979e3c0bd8");
INSERT INTO V_TVL
	VALUES ("82153431-05bf-4149-869b-13cb4baf606c",
	"3a581b41-7ce5-4479-9911-528bcbc076c8");
INSERT INTO V_PAR
	VALUES ("82153431-05bf-4149-869b-13cb4baf606c",
	"33cb36c1-0e3a-400d-a5f9-339c82b5766d",
	"00000000-0000-0000-0000-000000000000",
	'word',
	"00000000-0000-0000-0000-000000000000",
	6,
	65);
INSERT INTO V_VAL
	VALUES ("add880c9-3843-4dfd-aba6-52f4d0acc07c",
	0,
	0,
	7,
	6,
	11,
	0,
	0,
	0,
	0,
	"fd13cfc5-12ea-4e50-8a4c-27a58944b0fa",
	"89976a1e-d696-4697-b38f-8f979e3c0bd8");
INSERT INTO V_TVL
	VALUES ("add880c9-3843-4dfd-aba6-52f4d0acc07c",
	"fc58eba1-a03e-4367-a5f0-fe7f9b2d6b84");
INSERT INTO V_VAL
	VALUES ("b920e279-bffb-475a-a4ee-f6fbf42c1c5c",
	0,
	0,
	-1,
	-1,
	-1,
	0,
	0,
	0,
	0,
	"605b6fd1-c0ac-4474-bc3b-b2c0b995c7cf",
	"89976a1e-d696-4697-b38f-8f979e3c0bd8");
INSERT INTO V_BIN
	VALUES ("b920e279-bffb-475a-a4ee-f6fbf42c1c5c",
	"fb18d8a0-8755-4e01-aa11-4b7c0d487701",
	"add880c9-3843-4dfd-aba6-52f4d0acc07c",
	'==');
INSERT INTO V_VAL
	VALUES ("fb18d8a0-8755-4e01-aa11-4b7c0d487701",
	0,
	0,
	7,
	16,
	17,
	0,
	0,
	0,
	0,
	"fd13cfc5-12ea-4e50-8a4c-27a58944b0fa",
	"89976a1e-d696-4697-b38f-8f979e3c0bd8");
INSERT INTO V_LIN
	VALUES ("fb18d8a0-8755-4e01-aa11-4b7c0d487701",
	'10');
INSERT INTO V_VAL
	VALUES ("45b2f7fa-dea1-40a0-bd6a-dab53e93ceb6",
	0,
	0,
	13,
	6,
	9,
	0,
	0,
	0,
	0,
	"4c4770ba-abac-48a5-80a0-405dffe101a8",
	"89976a1e-d696-4697-b38f-8f979e3c0bd8");
INSERT INTO V_TVL
	VALUES ("45b2f7fa-dea1-40a0-bd6a-dab53e93ceb6",
	"3a581b41-7ce5-4479-9911-528bcbc076c8");
INSERT INTO V_VAL
	VALUES ("5ae64188-a6ee-426f-acb6-cd375102a1d9",
	0,
	0,
	-1,
	-1,
	-1,
	0,
	0,
	0,
	0,
	"605b6fd1-c0ac-4474-bc3b-b2c0b995c7cf",
	"89976a1e-d696-4697-b38f-8f979e3c0bd8");
INSERT INTO V_BIN
	VALUES ("5ae64188-a6ee-426f-acb6-cd375102a1d9",
	"059069e1-0070-4564-b7f0-9a79414ccaaf",
	"45b2f7fa-dea1-40a0-bd6a-dab53e93ceb6",
	'==');
INSERT INTO V_VAL
	VALUES ("059069e1-0070-4564-b7f0-9a79414ccaaf",
	0,
	0,
	13,
	14,
	24,
	0,
	0,
	0,
	0,
	"4c4770ba-abac-48a5-80a0-405dffe101a8",
	"89976a1e-d696-4697-b38f-8f979e3c0bd8");
INSERT INTO V_LST
	VALUES ("059069e1-0070-4564-b7f0-9a79414ccaaf",
	'Hello Back');
INSERT INTO V_VAL
	VALUES ("d8a7dea4-cb2a-484b-af1a-d30e5b9d056a",
	0,
	0,
	19,
	6,
	10,
	0,
	0,
	0,
	0,
	"605b6fd1-c0ac-4474-bc3b-b2c0b995c7cf",
	"89976a1e-d696-4697-b38f-8f979e3c0bd8");
INSERT INTO V_TVL
	VALUES ("d8a7dea4-cb2a-484b-af1a-d30e5b9d056a",
	"43c26f4e-7f0c-4022-9094-918d38f4c5fa");
INSERT INTO V_VAL
	VALUES ("b304b145-7e49-451b-bd37-aad862071ac6",
	0,
	0,
	-1,
	-1,
	-1,
	0,
	0,
	0,
	0,
	"605b6fd1-c0ac-4474-bc3b-b2c0b995c7cf",
	"89976a1e-d696-4697-b38f-8f979e3c0bd8");
INSERT INTO V_BIN
	VALUES ("b304b145-7e49-451b-bd37-aad862071ac6",
	"30267d5e-06cc-4be3-a5dc-3fc27e9659bd",
	"d8a7dea4-cb2a-484b-af1a-d30e5b9d056a",
	'==');
INSERT INTO V_VAL
	VALUES ("30267d5e-06cc-4be3-a5dc-3fc27e9659bd",
	0,
	0,
	-1,
	-1,
	-1,
	0,
	0,
	0,
	0,
	"605b6fd1-c0ac-4474-bc3b-b2c0b995c7cf",
	"89976a1e-d696-4697-b38f-8f979e3c0bd8");
INSERT INTO V_LBO
	VALUES ("30267d5e-06cc-4be3-a5dc-3fc27e9659bd",
	'TRUE');
INSERT INTO V_VAL
	VALUES ("1eff9bac-bddf-4abc-9a3b-734710e3913e",
	0,
	0,
	25,
	6,
	9,
	0,
	0,
	0,
	0,
	"b0e4b1cc-04bf-419a-8af0-c97b9fb9be6e",
	"89976a1e-d696-4697-b38f-8f979e3c0bd8");
INSERT INTO V_TVL
	VALUES ("1eff9bac-bddf-4abc-9a3b-734710e3913e",
	"20a5e93b-650d-4dc9-aa11-e688aecf3144");
INSERT INTO V_VAL
	VALUES ("029291fb-a5a2-4402-83a7-266f8181a47b",
	0,
	0,
	-1,
	-1,
	-1,
	0,
	0,
	0,
	0,
	"605b6fd1-c0ac-4474-bc3b-b2c0b995c7cf",
	"89976a1e-d696-4697-b38f-8f979e3c0bd8");
INSERT INTO V_BIN
	VALUES ("029291fb-a5a2-4402-83a7-266f8181a47b",
	"4d320ddb-e815-4256-9b36-c5680ac7b4aa",
	"1eff9bac-bddf-4abc-9a3b-734710e3913e",
	'==');
INSERT INTO V_VAL
	VALUES ("4d320ddb-e815-4256-9b36-c5680ac7b4aa",
	0,
	0,
	25,
	14,
	16,
	0,
	0,
	0,
	0,
	"b0e4b1cc-04bf-419a-8af0-c97b9fb9be6e",
	"89976a1e-d696-4697-b38f-8f979e3c0bd8");
INSERT INTO V_LRL
	VALUES ("4d320ddb-e815-4256-9b36-c5680ac7b4aa",
	'1.1');
INSERT INTO V_VAL
	VALUES ("6451dbb1-9785-4940-a16b-723fea6a9018",
	1,
	0,
	31,
	1,
	6,
	0,
	0,
	0,
	0,
	"fd13cfc5-12ea-4e50-8a4c-27a58944b0fa",
	"89976a1e-d696-4697-b38f-8f979e3c0bd8");
INSERT INTO V_TVL
	VALUES ("6451dbb1-9785-4940-a16b-723fea6a9018",
	"fc58eba1-a03e-4367-a5f0-fe7f9b2d6b84");
INSERT INTO V_VAL
	VALUES ("e92f1768-1a51-4ede-9ef1-189bbd5888fd",
	0,
	0,
	31,
	10,
	15,
	0,
	0,
	0,
	0,
	"fd13cfc5-12ea-4e50-8a4c-27a58944b0fa",
	"89976a1e-d696-4697-b38f-8f979e3c0bd8");
INSERT INTO V_TVL
	VALUES ("e92f1768-1a51-4ede-9ef1-189bbd5888fd",
	"fc58eba1-a03e-4367-a5f0-fe7f9b2d6b84");
INSERT INTO V_VAL
	VALUES ("379ddfc0-6d52-4807-bd5e-ef8afa0bb4ef",
	0,
	0,
	-1,
	-1,
	-1,
	0,
	0,
	0,
	0,
	"fd13cfc5-12ea-4e50-8a4c-27a58944b0fa",
	"89976a1e-d696-4697-b38f-8f979e3c0bd8");
INSERT INTO V_BIN
	VALUES ("379ddfc0-6d52-4807-bd5e-ef8afa0bb4ef",
	"bcc5ab51-a904-4599-a2b0-5b03141a60ec",
	"e92f1768-1a51-4ede-9ef1-189bbd5888fd",
	'+');
INSERT INTO V_VAL
	VALUES ("bcc5ab51-a904-4599-a2b0-5b03141a60ec",
	0,
	0,
	31,
	19,
	19,
	0,
	0,
	0,
	0,
	"fd13cfc5-12ea-4e50-8a4c-27a58944b0fa",
	"89976a1e-d696-4697-b38f-8f979e3c0bd8");
INSERT INTO V_LIN
	VALUES ("bcc5ab51-a904-4599-a2b0-5b03141a60ec",
	'1');
INSERT INTO V_VAL
	VALUES ("acb8f054-29f0-46ea-b8b4-e53569ddc12e",
	1,
	0,
	32,
	1,
	4,
	0,
	0,
	0,
	0,
	"4c4770ba-abac-48a5-80a0-405dffe101a8",
	"89976a1e-d696-4697-b38f-8f979e3c0bd8");
INSERT INTO V_TVL
	VALUES ("acb8f054-29f0-46ea-b8b4-e53569ddc12e",
	"3a581b41-7ce5-4479-9911-528bcbc076c8");
INSERT INTO V_VAL
	VALUES ("1d0de838-a2ae-4fdf-b320-09224b739074",
	0,
	0,
	32,
	8,
	11,
	0,
	0,
	0,
	0,
	"4c4770ba-abac-48a5-80a0-405dffe101a8",
	"89976a1e-d696-4697-b38f-8f979e3c0bd8");
INSERT INTO V_TVL
	VALUES ("1d0de838-a2ae-4fdf-b320-09224b739074",
	"3a581b41-7ce5-4479-9911-528bcbc076c8");
INSERT INTO V_VAL
	VALUES ("083fbb7d-75a6-467e-ad51-4419282db56a",
	0,
	0,
	-1,
	-1,
	-1,
	0,
	0,
	0,
	0,
	"4c4770ba-abac-48a5-80a0-405dffe101a8",
	"89976a1e-d696-4697-b38f-8f979e3c0bd8");
INSERT INTO V_BIN
	VALUES ("083fbb7d-75a6-467e-ad51-4419282db56a",
	"8aa2d018-70b7-41b3-aa1b-cff51fb7c8e0",
	"1d0de838-a2ae-4fdf-b320-09224b739074",
	'+');
INSERT INTO V_VAL
	VALUES ("8aa2d018-70b7-41b3-aa1b-cff51fb7c8e0",
	0,
	0,
	32,
	15,
	16,
	0,
	0,
	0,
	0,
	"4c4770ba-abac-48a5-80a0-405dffe101a8",
	"89976a1e-d696-4697-b38f-8f979e3c0bd8");
INSERT INTO V_LST
	VALUES ("8aa2d018-70b7-41b3-aa1b-cff51fb7c8e0",
	'!');
INSERT INTO V_VAL
	VALUES ("6fdfefb2-6f9e-40ff-a509-41fe6cf4b262",
	1,
	0,
	33,
	1,
	5,
	0,
	0,
	0,
	0,
	"605b6fd1-c0ac-4474-bc3b-b2c0b995c7cf",
	"89976a1e-d696-4697-b38f-8f979e3c0bd8");
INSERT INTO V_TVL
	VALUES ("6fdfefb2-6f9e-40ff-a509-41fe6cf4b262",
	"43c26f4e-7f0c-4022-9094-918d38f4c5fa");
INSERT INTO V_VAL
	VALUES ("76976e39-17c4-4fbf-bbbe-a0714ae7a98d",
	0,
	0,
	33,
	9,
	13,
	0,
	0,
	0,
	0,
	"605b6fd1-c0ac-4474-bc3b-b2c0b995c7cf",
	"89976a1e-d696-4697-b38f-8f979e3c0bd8");
INSERT INTO V_TVL
	VALUES ("76976e39-17c4-4fbf-bbbe-a0714ae7a98d",
	"43c26f4e-7f0c-4022-9094-918d38f4c5fa");
INSERT INTO V_VAL
	VALUES ("3636d594-3a92-4565-b8f3-0f3e40b9b369",
	0,
	0,
	-1,
	-1,
	-1,
	0,
	0,
	0,
	0,
	"605b6fd1-c0ac-4474-bc3b-b2c0b995c7cf",
	"89976a1e-d696-4697-b38f-8f979e3c0bd8");
INSERT INTO V_LBO
	VALUES ("3636d594-3a92-4565-b8f3-0f3e40b9b369",
	'FALSE');
INSERT INTO V_VAL
	VALUES ("00dea7c1-3a96-4d14-b38c-02e552b56215",
	0,
	0,
	-1,
	-1,
	-1,
	0,
	0,
	0,
	0,
	"605b6fd1-c0ac-4474-bc3b-b2c0b995c7cf",
	"89976a1e-d696-4697-b38f-8f979e3c0bd8");
INSERT INTO V_BIN
	VALUES ("00dea7c1-3a96-4d14-b38c-02e552b56215",
	"3636d594-3a92-4565-b8f3-0f3e40b9b369",
	"76976e39-17c4-4fbf-bbbe-a0714ae7a98d",
	'and');
INSERT INTO V_VAL
	VALUES ("e15c62fe-b83a-4a2d-bd06-d28e80a21d85",
	1,
	0,
	34,
	1,
	4,
	0,
	0,
	0,
	0,
	"b0e4b1cc-04bf-419a-8af0-c97b9fb9be6e",
	"89976a1e-d696-4697-b38f-8f979e3c0bd8");
INSERT INTO V_TVL
	VALUES ("e15c62fe-b83a-4a2d-bd06-d28e80a21d85",
	"20a5e93b-650d-4dc9-aa11-e688aecf3144");
INSERT INTO V_VAL
	VALUES ("575faf68-b718-44a4-95a5-e834864e10ea",
	0,
	0,
	34,
	8,
	11,
	0,
	0,
	0,
	0,
	"b0e4b1cc-04bf-419a-8af0-c97b9fb9be6e",
	"89976a1e-d696-4697-b38f-8f979e3c0bd8");
INSERT INTO V_TVL
	VALUES ("575faf68-b718-44a4-95a5-e834864e10ea",
	"20a5e93b-650d-4dc9-aa11-e688aecf3144");
INSERT INTO V_VAL
	VALUES ("623f4d69-aa2e-4b77-9c79-677cd088178b",
	0,
	0,
	-1,
	-1,
	-1,
	0,
	0,
	0,
	0,
	"b0e4b1cc-04bf-419a-8af0-c97b9fb9be6e",
	"89976a1e-d696-4697-b38f-8f979e3c0bd8");
INSERT INTO V_BIN
	VALUES ("623f4d69-aa2e-4b77-9c79-677cd088178b",
	"422d3b3b-7732-450f-afd0-e7fd89c88e1e",
	"575faf68-b718-44a4-95a5-e834864e10ea",
	'+');
INSERT INTO V_VAL
	VALUES ("422d3b3b-7732-450f-afd0-e7fd89c88e1e",
	0,
	0,
	34,
	15,
	17,
	0,
	0,
	0,
	0,
	"b0e4b1cc-04bf-419a-8af0-c97b9fb9be6e",
	"89976a1e-d696-4697-b38f-8f979e3c0bd8");
INSERT INTO V_LRL
	VALUES ("422d3b3b-7732-450f-afd0-e7fd89c88e1e",
	'1.1');
INSERT INTO V_VAL
	VALUES ("5a99f119-f2eb-4752-bc29-1e8ee44fcdec",
	0,
	0,
	36,
	6,
	11,
	0,
	0,
	0,
	0,
	"fd13cfc5-12ea-4e50-8a4c-27a58944b0fa",
	"89976a1e-d696-4697-b38f-8f979e3c0bd8");
INSERT INTO V_TVL
	VALUES ("5a99f119-f2eb-4752-bc29-1e8ee44fcdec",
	"fc58eba1-a03e-4367-a5f0-fe7f9b2d6b84");
INSERT INTO V_VAL
	VALUES ("edef5b2a-5f3a-4f40-b34e-a2b36f0ecc52",
	0,
	0,
	-1,
	-1,
	-1,
	0,
	0,
	0,
	0,
	"605b6fd1-c0ac-4474-bc3b-b2c0b995c7cf",
	"89976a1e-d696-4697-b38f-8f979e3c0bd8");
INSERT INTO V_BIN
	VALUES ("edef5b2a-5f3a-4f40-b34e-a2b36f0ecc52",
	"6ceefd04-0a11-459f-abda-046cc1b2b68a",
	"5a99f119-f2eb-4752-bc29-1e8ee44fcdec",
	'==');
INSERT INTO V_VAL
	VALUES ("6ceefd04-0a11-459f-abda-046cc1b2b68a",
	0,
	0,
	36,
	16,
	17,
	0,
	0,
	0,
	0,
	"fd13cfc5-12ea-4e50-8a4c-27a58944b0fa",
	"89976a1e-d696-4697-b38f-8f979e3c0bd8");
INSERT INTO V_LIN
	VALUES ("6ceefd04-0a11-459f-abda-046cc1b2b68a",
	'11');
INSERT INTO V_VAL
	VALUES ("e385fe91-5329-46f6-8819-99c0945257de",
	0,
	0,
	42,
	6,
	9,
	0,
	0,
	0,
	0,
	"4c4770ba-abac-48a5-80a0-405dffe101a8",
	"89976a1e-d696-4697-b38f-8f979e3c0bd8");
INSERT INTO V_TVL
	VALUES ("e385fe91-5329-46f6-8819-99c0945257de",
	"3a581b41-7ce5-4479-9911-528bcbc076c8");
INSERT INTO V_VAL
	VALUES ("55b4f827-36b4-4f25-a312-aa31dbb0444c",
	0,
	0,
	-1,
	-1,
	-1,
	0,
	0,
	0,
	0,
	"605b6fd1-c0ac-4474-bc3b-b2c0b995c7cf",
	"89976a1e-d696-4697-b38f-8f979e3c0bd8");
INSERT INTO V_BIN
	VALUES ("55b4f827-36b4-4f25-a312-aa31dbb0444c",
	"6df9da51-262e-45ad-ab0d-22210c84f498",
	"e385fe91-5329-46f6-8819-99c0945257de",
	'==');
INSERT INTO V_VAL
	VALUES ("6df9da51-262e-45ad-ab0d-22210c84f498",
	0,
	0,
	42,
	14,
	25,
	0,
	0,
	0,
	0,
	"4c4770ba-abac-48a5-80a0-405dffe101a8",
	"89976a1e-d696-4697-b38f-8f979e3c0bd8");
INSERT INTO V_LST
	VALUES ("6df9da51-262e-45ad-ab0d-22210c84f498",
	'Hello Back!');
INSERT INTO V_VAL
	VALUES ("3c11af11-e498-42cf-a6c3-95446dbcb3ad",
	0,
	0,
	48,
	6,
	10,
	0,
	0,
	0,
	0,
	"605b6fd1-c0ac-4474-bc3b-b2c0b995c7cf",
	"89976a1e-d696-4697-b38f-8f979e3c0bd8");
INSERT INTO V_TVL
	VALUES ("3c11af11-e498-42cf-a6c3-95446dbcb3ad",
	"43c26f4e-7f0c-4022-9094-918d38f4c5fa");
INSERT INTO V_VAL
	VALUES ("37c5d460-698b-48ed-ad2c-010516fc687a",
	0,
	0,
	-1,
	-1,
	-1,
	0,
	0,
	0,
	0,
	"605b6fd1-c0ac-4474-bc3b-b2c0b995c7cf",
	"89976a1e-d696-4697-b38f-8f979e3c0bd8");
INSERT INTO V_BIN
	VALUES ("37c5d460-698b-48ed-ad2c-010516fc687a",
	"c90a35e6-b190-4ace-b593-e2f33c28c518",
	"3c11af11-e498-42cf-a6c3-95446dbcb3ad",
	'==');
INSERT INTO V_VAL
	VALUES ("c90a35e6-b190-4ace-b593-e2f33c28c518",
	0,
	0,
	-1,
	-1,
	-1,
	0,
	0,
	0,
	0,
	"605b6fd1-c0ac-4474-bc3b-b2c0b995c7cf",
	"89976a1e-d696-4697-b38f-8f979e3c0bd8");
INSERT INTO V_LBO
	VALUES ("c90a35e6-b190-4ace-b593-e2f33c28c518",
	'FALSE');
INSERT INTO V_VAL
	VALUES ("ad959a35-6f68-4b44-9caa-89a3fc1be870",
	0,
	0,
	54,
	6,
	9,
	0,
	0,
	0,
	0,
	"b0e4b1cc-04bf-419a-8af0-c97b9fb9be6e",
	"89976a1e-d696-4697-b38f-8f979e3c0bd8");
INSERT INTO V_TVL
	VALUES ("ad959a35-6f68-4b44-9caa-89a3fc1be870",
	"20a5e93b-650d-4dc9-aa11-e688aecf3144");
INSERT INTO V_VAL
	VALUES ("871b81e1-bbe3-411c-ab33-f6dfea9a4eaf",
	0,
	0,
	-1,
	-1,
	-1,
	0,
	0,
	0,
	0,
	"605b6fd1-c0ac-4474-bc3b-b2c0b995c7cf",
	"89976a1e-d696-4697-b38f-8f979e3c0bd8");
INSERT INTO V_BIN
	VALUES ("871b81e1-bbe3-411c-ab33-f6dfea9a4eaf",
	"465835eb-0338-456d-af8a-051a78fcdbad",
	"ad959a35-6f68-4b44-9caa-89a3fc1be870",
	'==');
INSERT INTO V_VAL
	VALUES ("465835eb-0338-456d-af8a-051a78fcdbad",
	0,
	0,
	54,
	14,
	16,
	0,
	0,
	0,
	0,
	"b0e4b1cc-04bf-419a-8af0-c97b9fb9be6e",
	"89976a1e-d696-4697-b38f-8f979e3c0bd8");
INSERT INTO V_LRL
	VALUES ("465835eb-0338-456d-af8a-051a78fcdbad",
	'2.2');
INSERT INTO V_VAL
	VALUES ("7b8d08bd-f782-4a05-83c3-e3182413e95c",
	1,
	0,
	63,
	1,
	6,
	0,
	0,
	0,
	0,
	"fd13cfc5-12ea-4e50-8a4c-27a58944b0fa",
	"89976a1e-d696-4697-b38f-8f979e3c0bd8");
INSERT INTO V_TVL
	VALUES ("7b8d08bd-f782-4a05-83c3-e3182413e95c",
	"fc58eba1-a03e-4367-a5f0-fe7f9b2d6b84");
INSERT INTO V_VAL
	VALUES ("12b8abc1-a596-44b7-8538-3edcb2d72ddf",
	0,
	0,
	63,
	10,
	10,
	0,
	0,
	0,
	0,
	"fd13cfc5-12ea-4e50-8a4c-27a58944b0fa",
	"89976a1e-d696-4697-b38f-8f979e3c0bd8");
INSERT INTO V_LIN
	VALUES ("12b8abc1-a596-44b7-8538-3edcb2d72ddf",
	'5');
INSERT INTO V_VAL
	VALUES ("4f2718e8-96d1-4384-be7c-73dc3d7f7764",
	1,
	0,
	64,
	1,
	4,
	0,
	0,
	0,
	0,
	"4c4770ba-abac-48a5-80a0-405dffe101a8",
	"89976a1e-d696-4697-b38f-8f979e3c0bd8");
INSERT INTO V_TVL
	VALUES ("4f2718e8-96d1-4384-be7c-73dc3d7f7764",
	"3a581b41-7ce5-4479-9911-528bcbc076c8");
INSERT INTO V_VAL
	VALUES ("bda84577-f31a-444d-81d4-5d3cb45ebd57",
	0,
	0,
	64,
	8,
	13,
	0,
	0,
	0,
	0,
	"4c4770ba-abac-48a5-80a0-405dffe101a8",
	"89976a1e-d696-4697-b38f-8f979e3c0bd8");
INSERT INTO V_LST
	VALUES ("bda84577-f31a-444d-81d4-5d3cb45ebd57",
	'Hello');
INSERT INTO V_VAL
	VALUES ("72141942-ebd2-4d8c-a235-b232f3cc77e5",
	1,
	0,
	65,
	1,
	5,
	0,
	0,
	0,
	0,
	"605b6fd1-c0ac-4474-bc3b-b2c0b995c7cf",
	"89976a1e-d696-4697-b38f-8f979e3c0bd8");
INSERT INTO V_TVL
	VALUES ("72141942-ebd2-4d8c-a235-b232f3cc77e5",
	"43c26f4e-7f0c-4022-9094-918d38f4c5fa");
INSERT INTO V_VAL
	VALUES ("d3e7ed68-0012-45ef-8015-4a430f467bf3",
	0,
	0,
	-1,
	-1,
	-1,
	0,
	0,
	0,
	0,
	"605b6fd1-c0ac-4474-bc3b-b2c0b995c7cf",
	"89976a1e-d696-4697-b38f-8f979e3c0bd8");
INSERT INTO V_LBO
	VALUES ("d3e7ed68-0012-45ef-8015-4a430f467bf3",
	'FALSE');
INSERT INTO V_VAL
	VALUES ("8017421e-dd41-4eca-ad99-50952ce422d6",
	1,
	0,
	66,
	1,
	4,
	0,
	0,
	0,
	0,
	"b0e4b1cc-04bf-419a-8af0-c97b9fb9be6e",
	"89976a1e-d696-4697-b38f-8f979e3c0bd8");
INSERT INTO V_TVL
	VALUES ("8017421e-dd41-4eca-ad99-50952ce422d6",
	"20a5e93b-650d-4dc9-aa11-e688aecf3144");
INSERT INTO V_VAL
	VALUES ("7628b738-dcfc-4717-ba34-1397b8ea79ae",
	0,
	0,
	66,
	8,
	10,
	0,
	0,
	0,
	0,
	"b0e4b1cc-04bf-419a-8af0-c97b9fb9be6e",
	"89976a1e-d696-4697-b38f-8f979e3c0bd8");
INSERT INTO V_LRL
	VALUES ("7628b738-dcfc-4717-ba34-1397b8ea79ae",
	'0.1');
INSERT INTO V_VAL
	VALUES ("09dc3e4d-bf68-4798-aadb-971bec42e8b4",
	0,
	0,
	67,
	31,
	36,
	0,
	0,
	0,
	0,
	"fd13cfc5-12ea-4e50-8a4c-27a58944b0fa",
	"89976a1e-d696-4697-b38f-8f979e3c0bd8");
INSERT INTO V_TVL
	VALUES ("09dc3e4d-bf68-4798-aadb-971bec42e8b4",
	"fc58eba1-a03e-4367-a5f0-fe7f9b2d6b84");
INSERT INTO V_PAR
	VALUES ("09dc3e4d-bf68-4798-aadb-971bec42e8b4",
	"1ae53782-1f76-4d03-b0d8-ecea21aca084",
	"00000000-0000-0000-0000-000000000000",
	'number',
	"d02d6de8-eac3-4c28-9121-1a749fa9d05c",
	67,
	24);
INSERT INTO V_VAL
	VALUES ("d02d6de8-eac3-4c28-9121-1a749fa9d05c",
	0,
	0,
	67,
	48,
	51,
	0,
	0,
	0,
	0,
	"b0e4b1cc-04bf-419a-8af0-c97b9fb9be6e",
	"89976a1e-d696-4697-b38f-8f979e3c0bd8");
INSERT INTO V_TVL
	VALUES ("d02d6de8-eac3-4c28-9121-1a749fa9d05c",
	"20a5e93b-650d-4dc9-aa11-e688aecf3144");
INSERT INTO V_PAR
	VALUES ("d02d6de8-eac3-4c28-9121-1a749fa9d05c",
	"1ae53782-1f76-4d03-b0d8-ecea21aca084",
	"00000000-0000-0000-0000-000000000000",
	'fraction',
	"ac51e534-d500-4c45-8ffb-dde84d308dd6",
	67,
	39);
INSERT INTO V_VAL
	VALUES ("ac51e534-d500-4c45-8ffb-dde84d308dd6",
	0,
	0,
	67,
	60,
	64,
	0,
	0,
	0,
	0,
	"605b6fd1-c0ac-4474-bc3b-b2c0b995c7cf",
	"89976a1e-d696-4697-b38f-8f979e3c0bd8");
INSERT INTO V_TVL
	VALUES ("ac51e534-d500-4c45-8ffb-dde84d308dd6",
	"43c26f4e-7f0c-4022-9094-918d38f4c5fa");
INSERT INTO V_PAR
	VALUES ("ac51e534-d500-4c45-8ffb-dde84d308dd6",
	"1ae53782-1f76-4d03-b0d8-ecea21aca084",
	"00000000-0000-0000-0000-000000000000",
	'logic',
	"ee0aa0c5-529c-4566-95f1-9f177576b605",
	67,
	54);
INSERT INTO V_VAL
	VALUES ("ee0aa0c5-529c-4566-95f1-9f177576b605",
	0,
	0,
	67,
	72,
	75,
	0,
	0,
	0,
	0,
	"4c4770ba-abac-48a5-80a0-405dffe101a8",
	"89976a1e-d696-4697-b38f-8f979e3c0bd8");
INSERT INTO V_TVL
	VALUES ("ee0aa0c5-529c-4566-95f1-9f177576b605",
	"3a581b41-7ce5-4479-9911-528bcbc076c8");
INSERT INTO V_PAR
	VALUES ("ee0aa0c5-529c-4566-95f1-9f177576b605",
	"1ae53782-1f76-4d03-b0d8-ecea21aca084",
	"00000000-0000-0000-0000-000000000000",
	'word',
	"00000000-0000-0000-0000-000000000000",
	67,
	67);
INSERT INTO V_VAL
	VALUES ("0b63adaf-7c91-405b-81d6-d05fc2edc3ba",
	0,
	0,
	68,
	6,
	11,
	0,
	0,
	0,
	0,
	"fd13cfc5-12ea-4e50-8a4c-27a58944b0fa",
	"89976a1e-d696-4697-b38f-8f979e3c0bd8");
INSERT INTO V_TVL
	VALUES ("0b63adaf-7c91-405b-81d6-d05fc2edc3ba",
	"fc58eba1-a03e-4367-a5f0-fe7f9b2d6b84");
INSERT INTO V_VAL
	VALUES ("79aa9f57-51b0-4e8d-885c-101b0b58ddaf",
	0,
	0,
	-1,
	-1,
	-1,
	0,
	0,
	0,
	0,
	"605b6fd1-c0ac-4474-bc3b-b2c0b995c7cf",
	"89976a1e-d696-4697-b38f-8f979e3c0bd8");
INSERT INTO V_BIN
	VALUES ("79aa9f57-51b0-4e8d-885c-101b0b58ddaf",
	"c8e354ca-014d-47b7-a476-5a90d9cdc59a",
	"0b63adaf-7c91-405b-81d6-d05fc2edc3ba",
	'==');
INSERT INTO V_VAL
	VALUES ("c8e354ca-014d-47b7-a476-5a90d9cdc59a",
	0,
	0,
	68,
	16,
	16,
	0,
	0,
	0,
	0,
	"fd13cfc5-12ea-4e50-8a4c-27a58944b0fa",
	"89976a1e-d696-4697-b38f-8f979e3c0bd8");
INSERT INTO V_LIN
	VALUES ("c8e354ca-014d-47b7-a476-5a90d9cdc59a",
	'5');
INSERT INTO V_VAL
	VALUES ("42a921fc-c3bb-417d-9339-cec55492e9f6",
	0,
	0,
	74,
	6,
	9,
	0,
	0,
	0,
	0,
	"4c4770ba-abac-48a5-80a0-405dffe101a8",
	"89976a1e-d696-4697-b38f-8f979e3c0bd8");
INSERT INTO V_TVL
	VALUES ("42a921fc-c3bb-417d-9339-cec55492e9f6",
	"3a581b41-7ce5-4479-9911-528bcbc076c8");
INSERT INTO V_VAL
	VALUES ("6e5e5396-dabb-4929-bda0-8bcbea0e5cda",
	0,
	0,
	-1,
	-1,
	-1,
	0,
	0,
	0,
	0,
	"605b6fd1-c0ac-4474-bc3b-b2c0b995c7cf",
	"89976a1e-d696-4697-b38f-8f979e3c0bd8");
INSERT INTO V_BIN
	VALUES ("6e5e5396-dabb-4929-bda0-8bcbea0e5cda",
	"f18e7078-4bd6-408a-a5a6-d53606ca3fa6",
	"42a921fc-c3bb-417d-9339-cec55492e9f6",
	'==');
INSERT INTO V_VAL
	VALUES ("f18e7078-4bd6-408a-a5a6-d53606ca3fa6",
	0,
	0,
	74,
	14,
	19,
	0,
	0,
	0,
	0,
	"4c4770ba-abac-48a5-80a0-405dffe101a8",
	"89976a1e-d696-4697-b38f-8f979e3c0bd8");
INSERT INTO V_LST
	VALUES ("f18e7078-4bd6-408a-a5a6-d53606ca3fa6",
	'Hello');
INSERT INTO V_VAL
	VALUES ("e73a2fe3-dc91-47a0-b0ba-ed427cafb749",
	0,
	0,
	80,
	6,
	10,
	0,
	0,
	0,
	0,
	"605b6fd1-c0ac-4474-bc3b-b2c0b995c7cf",
	"89976a1e-d696-4697-b38f-8f979e3c0bd8");
INSERT INTO V_TVL
	VALUES ("e73a2fe3-dc91-47a0-b0ba-ed427cafb749",
	"43c26f4e-7f0c-4022-9094-918d38f4c5fa");
INSERT INTO V_VAL
	VALUES ("a4226c4d-7ce8-420f-81eb-e16faff52e77",
	0,
	0,
	-1,
	-1,
	-1,
	0,
	0,
	0,
	0,
	"605b6fd1-c0ac-4474-bc3b-b2c0b995c7cf",
	"89976a1e-d696-4697-b38f-8f979e3c0bd8");
INSERT INTO V_BIN
	VALUES ("a4226c4d-7ce8-420f-81eb-e16faff52e77",
	"35fca98c-7f13-4114-b37c-0a8e93d6ace2",
	"e73a2fe3-dc91-47a0-b0ba-ed427cafb749",
	'==');
INSERT INTO V_VAL
	VALUES ("35fca98c-7f13-4114-b37c-0a8e93d6ace2",
	0,
	0,
	-1,
	-1,
	-1,
	0,
	0,
	0,
	0,
	"605b6fd1-c0ac-4474-bc3b-b2c0b995c7cf",
	"89976a1e-d696-4697-b38f-8f979e3c0bd8");
INSERT INTO V_LBO
	VALUES ("35fca98c-7f13-4114-b37c-0a8e93d6ace2",
	'FALSE');
INSERT INTO V_VAL
	VALUES ("aeeed6bf-2a94-47a1-b270-9060787c2b5b",
	0,
	0,
	86,
	6,
	9,
	0,
	0,
	0,
	0,
	"b0e4b1cc-04bf-419a-8af0-c97b9fb9be6e",
	"89976a1e-d696-4697-b38f-8f979e3c0bd8");
INSERT INTO V_TVL
	VALUES ("aeeed6bf-2a94-47a1-b270-9060787c2b5b",
	"20a5e93b-650d-4dc9-aa11-e688aecf3144");
INSERT INTO V_VAL
	VALUES ("78c4f5eb-ba8e-4ae3-a3bb-16262e4b84cc",
	0,
	0,
	-1,
	-1,
	-1,
	0,
	0,
	0,
	0,
	"605b6fd1-c0ac-4474-bc3b-b2c0b995c7cf",
	"89976a1e-d696-4697-b38f-8f979e3c0bd8");
INSERT INTO V_BIN
	VALUES ("78c4f5eb-ba8e-4ae3-a3bb-16262e4b84cc",
	"55e9c827-9c3b-4978-8a56-cd619d9bbc51",
	"aeeed6bf-2a94-47a1-b270-9060787c2b5b",
	'==');
INSERT INTO V_VAL
	VALUES ("55e9c827-9c3b-4978-8a56-cd619d9bbc51",
	0,
	0,
	86,
	14,
	16,
	0,
	0,
	0,
	0,
	"b0e4b1cc-04bf-419a-8af0-c97b9fb9be6e",
	"89976a1e-d696-4697-b38f-8f979e3c0bd8");
INSERT INTO V_LRL
	VALUES ("55e9c827-9c3b-4978-8a56-cd619d9bbc51",
	'0.1');
INSERT INTO V_VAL
	VALUES ("48126cfd-dfe0-447c-82ce-e43f1c5d27cd",
	1,
	0,
	93,
	1,
	6,
	0,
	0,
	0,
	0,
	"fd13cfc5-12ea-4e50-8a4c-27a58944b0fa",
	"89976a1e-d696-4697-b38f-8f979e3c0bd8");
INSERT INTO V_TVL
	VALUES ("48126cfd-dfe0-447c-82ce-e43f1c5d27cd",
	"fc58eba1-a03e-4367-a5f0-fe7f9b2d6b84");
INSERT INTO V_VAL
	VALUES ("f85dc56a-438b-48d5-b915-0bea8345f275",
	0,
	0,
	93,
	10,
	10,
	0,
	0,
	0,
	0,
	"fd13cfc5-12ea-4e50-8a4c-27a58944b0fa",
	"89976a1e-d696-4697-b38f-8f979e3c0bd8");
INSERT INTO V_LIN
	VALUES ("f85dc56a-438b-48d5-b915-0bea8345f275",
	'5');
INSERT INTO V_VAL
	VALUES ("18ca52c0-7013-493b-be9e-a202362481f7",
	1,
	0,
	94,
	1,
	4,
	0,
	0,
	0,
	0,
	"4c4770ba-abac-48a5-80a0-405dffe101a8",
	"89976a1e-d696-4697-b38f-8f979e3c0bd8");
INSERT INTO V_TVL
	VALUES ("18ca52c0-7013-493b-be9e-a202362481f7",
	"3a581b41-7ce5-4479-9911-528bcbc076c8");
INSERT INTO V_VAL
	VALUES ("ec790cd4-94f8-4989-904e-77a7391fbc00",
	0,
	0,
	94,
	8,
	13,
	0,
	0,
	0,
	0,
	"4c4770ba-abac-48a5-80a0-405dffe101a8",
	"89976a1e-d696-4697-b38f-8f979e3c0bd8");
INSERT INTO V_LST
	VALUES ("ec790cd4-94f8-4989-904e-77a7391fbc00",
	'Hello');
INSERT INTO V_VAL
	VALUES ("a2f1a01d-c24b-45db-9e3e-b64d55e7f898",
	1,
	0,
	95,
	1,
	5,
	0,
	0,
	0,
	0,
	"605b6fd1-c0ac-4474-bc3b-b2c0b995c7cf",
	"89976a1e-d696-4697-b38f-8f979e3c0bd8");
INSERT INTO V_TVL
	VALUES ("a2f1a01d-c24b-45db-9e3e-b64d55e7f898",
	"43c26f4e-7f0c-4022-9094-918d38f4c5fa");
INSERT INTO V_VAL
	VALUES ("4ad15192-f88b-4c26-bf48-4ab69a3edb87",
	0,
	0,
	-1,
	-1,
	-1,
	0,
	0,
	0,
	0,
	"605b6fd1-c0ac-4474-bc3b-b2c0b995c7cf",
	"89976a1e-d696-4697-b38f-8f979e3c0bd8");
INSERT INTO V_LBO
	VALUES ("4ad15192-f88b-4c26-bf48-4ab69a3edb87",
	'FALSE');
INSERT INTO V_VAL
	VALUES ("ee47a93c-4482-492e-9236-2e516024d262",
	1,
	0,
	96,
	1,
	4,
	0,
	0,
	0,
	0,
	"b0e4b1cc-04bf-419a-8af0-c97b9fb9be6e",
	"89976a1e-d696-4697-b38f-8f979e3c0bd8");
INSERT INTO V_TVL
	VALUES ("ee47a93c-4482-492e-9236-2e516024d262",
	"20a5e93b-650d-4dc9-aa11-e688aecf3144");
INSERT INTO V_VAL
	VALUES ("d33d2b54-e1c7-40d1-9abd-94c11b1c8ab3",
	0,
	0,
	96,
	8,
	10,
	0,
	0,
	0,
	0,
	"b0e4b1cc-04bf-419a-8af0-c97b9fb9be6e",
	"89976a1e-d696-4697-b38f-8f979e3c0bd8");
INSERT INTO V_LRL
	VALUES ("d33d2b54-e1c7-40d1-9abd-94c11b1c8ab3",
	'0.1');
INSERT INTO V_VAL
	VALUES ("36361582-bfd4-46de-88fe-d40916768ac0",
	1,
	1,
	97,
	1,
	5,
	0,
	0,
	0,
	0,
	"fd13cfc5-12ea-4e50-8a4c-27a58944b0fa",
	"89976a1e-d696-4697-b38f-8f979e3c0bd8");
INSERT INTO V_TVL
	VALUES ("36361582-bfd4-46de-88fe-d40916768ac0",
	"ac0aa37b-355b-4b22-9e9a-914e319be40c");
INSERT INTO V_VAL
	VALUES ("ade6263f-04bf-4ee2-85dc-65ceacf07b5a",
	0,
	0,
	97,
	9,
	10,
	0,
	0,
	0,
	0,
	"fd13cfc5-12ea-4e50-8a4c-27a58944b0fa",
	"89976a1e-d696-4697-b38f-8f979e3c0bd8");
INSERT INTO V_LIN
	VALUES ("ade6263f-04bf-4ee2-85dc-65ceacf07b5a",
	'10');
INSERT INTO V_VAL
	VALUES ("d58b2411-e4c4-4ce5-adf5-4df934e36e40",
	1,
	1,
	98,
	1,
	8,
	0,
	0,
	0,
	0,
	"4c4770ba-abac-48a5-80a0-405dffe101a8",
	"89976a1e-d696-4697-b38f-8f979e3c0bd8");
INSERT INTO V_TVL
	VALUES ("d58b2411-e4c4-4ce5-adf5-4df934e36e40",
	"26c08a47-4fea-4140-951b-cf15dc351de4");
INSERT INTO V_VAL
	VALUES ("127b63ea-39a1-4202-a4ba-65e2648d3439",
	0,
	0,
	98,
	12,
	28,
	0,
	0,
	0,
	0,
	"4c4770ba-abac-48a5-80a0-405dffe101a8",
	"89976a1e-d696-4697-b38f-8f979e3c0bd8");
INSERT INTO V_LST
	VALUES ("127b63ea-39a1-4202-a4ba-65e2648d3439",
	'This is sentence');
INSERT INTO V_VAL
	VALUES ("eb1b1848-4970-479e-acf8-2557c06b5fad",
	0,
	0,
	99,
	39,
	44,
	0,
	0,
	0,
	0,
	"fd13cfc5-12ea-4e50-8a4c-27a58944b0fa",
	"89976a1e-d696-4697-b38f-8f979e3c0bd8");
INSERT INTO V_TVL
	VALUES ("eb1b1848-4970-479e-acf8-2557c06b5fad",
	"fc58eba1-a03e-4367-a5f0-fe7f9b2d6b84");
INSERT INTO V_PAR
	VALUES ("eb1b1848-4970-479e-acf8-2557c06b5fad",
	"bde6d40f-9df5-4434-855e-f3851b79e048",
	"00000000-0000-0000-0000-000000000000",
	'number',
	"32f45da9-afc4-44d0-8eff-a9b6b5e97984",
	99,
	32);
INSERT INTO V_VAL
	VALUES ("32f45da9-afc4-44d0-8eff-a9b6b5e97984",
	0,
	0,
	99,
	53,
	57,
	0,
	0,
	0,
	0,
	"fd13cfc5-12ea-4e50-8a4c-27a58944b0fa",
	"89976a1e-d696-4697-b38f-8f979e3c0bd8");
INSERT INTO V_TVL
	VALUES ("32f45da9-afc4-44d0-8eff-a9b6b5e97984",
	"ac0aa37b-355b-4b22-9e9a-914e319be40c");
INSERT INTO V_PAR
	VALUES ("32f45da9-afc4-44d0-8eff-a9b6b5e97984",
	"bde6d40f-9df5-4434-855e-f3851b79e048",
	"00000000-0000-0000-0000-000000000000",
	'digit',
	"1a9e53f1-858a-4cf4-ba27-17d9e3da6756",
	99,
	47);
INSERT INTO V_VAL
	VALUES ("1a9e53f1-858a-4cf4-ba27-17d9e3da6756",
	0,
	0,
	99,
	65,
	68,
	0,
	0,
	0,
	0,
	"4c4770ba-abac-48a5-80a0-405dffe101a8",
	"89976a1e-d696-4697-b38f-8f979e3c0bd8");
INSERT INTO V_TVL
	VALUES ("1a9e53f1-858a-4cf4-ba27-17d9e3da6756",
	"3a581b41-7ce5-4479-9911-528bcbc076c8");
INSERT INTO V_PAR
	VALUES ("1a9e53f1-858a-4cf4-ba27-17d9e3da6756",
	"bde6d40f-9df5-4434-855e-f3851b79e048",
	"00000000-0000-0000-0000-000000000000",
	'word',
	"f016d43f-986a-4e35-acfd-75fc1fc27500",
	99,
	60);
INSERT INTO V_VAL
	VALUES ("f016d43f-986a-4e35-acfd-75fc1fc27500",
	0,
	0,
	99,
	80,
	87,
	0,
	0,
	0,
	0,
	"4c4770ba-abac-48a5-80a0-405dffe101a8",
	"89976a1e-d696-4697-b38f-8f979e3c0bd8");
INSERT INTO V_TVL
	VALUES ("f016d43f-986a-4e35-acfd-75fc1fc27500",
	"26c08a47-4fea-4140-951b-cf15dc351de4");
INSERT INTO V_PAR
	VALUES ("f016d43f-986a-4e35-acfd-75fc1fc27500",
	"bde6d40f-9df5-4434-855e-f3851b79e048",
	"00000000-0000-0000-0000-000000000000",
	'sentence',
	"00000000-0000-0000-0000-000000000000",
	99,
	71);
INSERT INTO V_VAL
	VALUES ("56db5bdf-5754-4deb-bd14-19a294cf03cb",
	0,
	0,
	100,
	6,
	11,
	0,
	0,
	0,
	0,
	"fd13cfc5-12ea-4e50-8a4c-27a58944b0fa",
	"89976a1e-d696-4697-b38f-8f979e3c0bd8");
INSERT INTO V_TVL
	VALUES ("56db5bdf-5754-4deb-bd14-19a294cf03cb",
	"fc58eba1-a03e-4367-a5f0-fe7f9b2d6b84");
INSERT INTO V_VAL
	VALUES ("39eaf958-cd8f-4333-a4e1-943c4fb29180",
	0,
	0,
	-1,
	-1,
	-1,
	0,
	0,
	0,
	0,
	"605b6fd1-c0ac-4474-bc3b-b2c0b995c7cf",
	"89976a1e-d696-4697-b38f-8f979e3c0bd8");
INSERT INTO V_BIN
	VALUES ("39eaf958-cd8f-4333-a4e1-943c4fb29180",
	"8fa19a81-d6e9-4588-acb6-faa0e7b0bbd9",
	"56db5bdf-5754-4deb-bd14-19a294cf03cb",
	'==');
INSERT INTO V_VAL
	VALUES ("8fa19a81-d6e9-4588-acb6-faa0e7b0bbd9",
	0,
	0,
	100,
	16,
	16,
	0,
	0,
	0,
	0,
	"fd13cfc5-12ea-4e50-8a4c-27a58944b0fa",
	"89976a1e-d696-4697-b38f-8f979e3c0bd8");
INSERT INTO V_LIN
	VALUES ("8fa19a81-d6e9-4588-acb6-faa0e7b0bbd9",
	'5');
INSERT INTO V_VAL
	VALUES ("6ed5bc8c-900a-4608-b4c3-765a15379f43",
	0,
	0,
	106,
	6,
	9,
	0,
	0,
	0,
	0,
	"4c4770ba-abac-48a5-80a0-405dffe101a8",
	"89976a1e-d696-4697-b38f-8f979e3c0bd8");
INSERT INTO V_TVL
	VALUES ("6ed5bc8c-900a-4608-b4c3-765a15379f43",
	"3a581b41-7ce5-4479-9911-528bcbc076c8");
INSERT INTO V_VAL
	VALUES ("47adb4ef-11d1-49bf-a7ac-f0ffd78e31bf",
	0,
	0,
	-1,
	-1,
	-1,
	0,
	0,
	0,
	0,
	"605b6fd1-c0ac-4474-bc3b-b2c0b995c7cf",
	"89976a1e-d696-4697-b38f-8f979e3c0bd8");
INSERT INTO V_BIN
	VALUES ("47adb4ef-11d1-49bf-a7ac-f0ffd78e31bf",
	"9c44a8fb-4133-458c-834b-6f4d7420d840",
	"6ed5bc8c-900a-4608-b4c3-765a15379f43",
	'==');
INSERT INTO V_VAL
	VALUES ("9c44a8fb-4133-458c-834b-6f4d7420d840",
	0,
	0,
	106,
	14,
	19,
	0,
	0,
	0,
	0,
	"4c4770ba-abac-48a5-80a0-405dffe101a8",
	"89976a1e-d696-4697-b38f-8f979e3c0bd8");
INSERT INTO V_LST
	VALUES ("9c44a8fb-4133-458c-834b-6f4d7420d840",
	'Hello');
INSERT INTO V_VAL
	VALUES ("3116049d-6a1e-4662-b8d3-c8c893ab1624",
	0,
	0,
	112,
	6,
	10,
	0,
	0,
	0,
	0,
	"fd13cfc5-12ea-4e50-8a4c-27a58944b0fa",
	"89976a1e-d696-4697-b38f-8f979e3c0bd8");
INSERT INTO V_TVL
	VALUES ("3116049d-6a1e-4662-b8d3-c8c893ab1624",
	"ac0aa37b-355b-4b22-9e9a-914e319be40c");
INSERT INTO V_VAL
	VALUES ("74b2d6de-322c-4bfd-8903-fb2cb66cee1b",
	0,
	0,
	-1,
	-1,
	-1,
	0,
	0,
	0,
	0,
	"605b6fd1-c0ac-4474-bc3b-b2c0b995c7cf",
	"89976a1e-d696-4697-b38f-8f979e3c0bd8");
INSERT INTO V_BIN
	VALUES ("74b2d6de-322c-4bfd-8903-fb2cb66cee1b",
	"524020cb-19e9-44f7-9aa5-1b58a3d5c374",
	"3116049d-6a1e-4662-b8d3-c8c893ab1624",
	'==');
INSERT INTO V_VAL
	VALUES ("524020cb-19e9-44f7-9aa5-1b58a3d5c374",
	0,
	0,
	112,
	15,
	17,
	0,
	0,
	0,
	0,
	"fd13cfc5-12ea-4e50-8a4c-27a58944b0fa",
	"89976a1e-d696-4697-b38f-8f979e3c0bd8");
INSERT INTO V_LIN
	VALUES ("524020cb-19e9-44f7-9aa5-1b58a3d5c374",
	'100');
INSERT INTO V_VAL
	VALUES ("90a32dd9-ced0-49fc-876a-ed7082055f04",
	0,
	0,
	118,
	6,
	13,
	0,
	0,
	0,
	0,
	"4c4770ba-abac-48a5-80a0-405dffe101a8",
	"89976a1e-d696-4697-b38f-8f979e3c0bd8");
INSERT INTO V_TVL
	VALUES ("90a32dd9-ced0-49fc-876a-ed7082055f04",
	"26c08a47-4fea-4140-951b-cf15dc351de4");
INSERT INTO V_VAL
	VALUES ("7d167f38-db26-4c77-81e7-152a2a6a64f8",
	0,
	0,
	-1,
	-1,
	-1,
	0,
	0,
	0,
	0,
	"605b6fd1-c0ac-4474-bc3b-b2c0b995c7cf",
	"89976a1e-d696-4697-b38f-8f979e3c0bd8");
INSERT INTO V_BIN
	VALUES ("7d167f38-db26-4c77-81e7-152a2a6a64f8",
	"39adfc3c-f6ca-4c5f-b0ef-b5c59f5e373d",
	"90a32dd9-ced0-49fc-876a-ed7082055f04",
	'==');
INSERT INTO V_VAL
	VALUES ("39adfc3c-f6ca-4c5f-b0ef-b5c59f5e373d",
	0,
	0,
	118,
	18,
	29,
	0,
	0,
	0,
	0,
	"4c4770ba-abac-48a5-80a0-405dffe101a8",
	"89976a1e-d696-4697-b38f-8f979e3c0bd8");
INSERT INTO V_LST
	VALUES ("39adfc3c-f6ca-4c5f-b0ef-b5c59f5e373d",
	'Hello World');
INSERT INTO V_VAL
	VALUES ("c2b2c637-3440-44e0-819f-26789a77264c",
	1,
	1,
	127,
	1,
	15,
	0,
	0,
	0,
	0,
	"fd13cfc5-12ea-4e50-8a4c-27a58944b0fa",
	"89976a1e-d696-4697-b38f-8f979e3c0bd8");
INSERT INTO V_TVL
	VALUES ("c2b2c637-3440-44e0-819f-26789a77264c",
	"5f967ced-362a-47f8-bd86-2cac6a09d8a3");
INSERT INTO V_VAL
	VALUES ("54fd76a6-1add-4dfd-8ca6-3bcfa0620bb3",
	0,
	0,
	127,
	34,
	-1,
	0,
	0,
	0,
	0,
	"fd13cfc5-12ea-4e50-8a4c-27a58944b0fa",
	"89976a1e-d696-4697-b38f-8f979e3c0bd8");
INSERT INTO V_BRV
	VALUES ("54fd76a6-1add-4dfd-8ca6-3bcfa0620bb3",
	"d0183be8-880d-4ba4-9a10-cdcad040c1d9",
	1,
	127,
	19);
INSERT INTO V_VAL
	VALUES ("fbff22a5-1109-4f53-a584-77716861e182",
	1,
	1,
	128,
	1,
	15,
	0,
	0,
	0,
	0,
	"605b6fd1-c0ac-4474-bc3b-b2c0b995c7cf",
	"89976a1e-d696-4697-b38f-8f979e3c0bd8");
INSERT INTO V_TVL
	VALUES ("fbff22a5-1109-4f53-a584-77716861e182",
	"443a65de-70a9-41d0-836b-0767bf1d7756");
INSERT INTO V_VAL
	VALUES ("d1f4d5e3-2230-4b01-bf3a-2be726a58e2c",
	0,
	0,
	128,
	34,
	-1,
	0,
	0,
	0,
	0,
	"605b6fd1-c0ac-4474-bc3b-b2c0b995c7cf",
	"89976a1e-d696-4697-b38f-8f979e3c0bd8");
INSERT INTO V_BRV
	VALUES ("d1f4d5e3-2230-4b01-bf3a-2be726a58e2c",
	"fb755b42-efca-49a7-b35b-0c9f6b606326",
	1,
	128,
	19);
INSERT INTO V_VAL
	VALUES ("97778b20-5c6a-412f-aeb8-960e616550ee",
	1,
	1,
	129,
	1,
	12,
	0,
	0,
	0,
	0,
	"b0e4b1cc-04bf-419a-8af0-c97b9fb9be6e",
	"89976a1e-d696-4697-b38f-8f979e3c0bd8");
INSERT INTO V_TVL
	VALUES ("97778b20-5c6a-412f-aeb8-960e616550ee",
	"0817d537-e89b-466c-b1cf-1b047dbe9431");
INSERT INTO V_VAL
	VALUES ("3c02424c-835c-49df-b581-2127f735cb93",
	0,
	0,
	129,
	31,
	-1,
	0,
	0,
	0,
	0,
	"b0e4b1cc-04bf-419a-8af0-c97b9fb9be6e",
	"89976a1e-d696-4697-b38f-8f979e3c0bd8");
INSERT INTO V_BRV
	VALUES ("3c02424c-835c-49df-b581-2127f735cb93",
	"190daa40-35d0-4dae-9a83-5bbb67d73ab9",
	1,
	129,
	16);
INSERT INTO V_VAL
	VALUES ("ce3589a9-6d32-4476-92fc-c4d153124a8d",
	1,
	1,
	130,
	1,
	14,
	0,
	0,
	0,
	0,
	"4c4770ba-abac-48a5-80a0-405dffe101a8",
	"89976a1e-d696-4697-b38f-8f979e3c0bd8");
INSERT INTO V_TVL
	VALUES ("ce3589a9-6d32-4476-92fc-c4d153124a8d",
	"7eebd069-adfa-471d-8f37-43ca27296faa");
INSERT INTO V_VAL
	VALUES ("72caf056-9279-464e-bf17-3eeacbd30f1b",
	0,
	0,
	130,
	33,
	-1,
	0,
	0,
	0,
	0,
	"4c4770ba-abac-48a5-80a0-405dffe101a8",
	"89976a1e-d696-4697-b38f-8f979e3c0bd8");
INSERT INTO V_BRV
	VALUES ("72caf056-9279-464e-bf17-3eeacbd30f1b",
	"29bf58d3-f445-4939-aa37-d32ed3e01f87",
	1,
	130,
	18);
INSERT INTO V_VAL
	VALUES ("5ed24cf8-d127-4078-975b-e1c95a3046a3",
	1,
	1,
	131,
	1,
	16,
	0,
	0,
	0,
	0,
	"a3b92de3-8ada-4db0-8c28-db087d49386b",
	"89976a1e-d696-4697-b38f-8f979e3c0bd8");
INSERT INTO V_TVL
	VALUES ("5ed24cf8-d127-4078-975b-e1c95a3046a3",
	"8737a8ad-c8b7-4d98-a2c8-3737cb16060a");
INSERT INTO V_VAL
	VALUES ("3aee3929-f17f-4a63-b186-5373bf667e89",
	0,
	0,
	131,
	35,
	-1,
	0,
	0,
	0,
	0,
	"a3b92de3-8ada-4db0-8c28-db087d49386b",
	"89976a1e-d696-4697-b38f-8f979e3c0bd8");
INSERT INTO V_BRV
	VALUES ("3aee3929-f17f-4a63-b186-5373bf667e89",
	"392582eb-8d80-40ad-b358-8ad3c1f19cd7",
	1,
	131,
	20);
INSERT INTO V_VAL
	VALUES ("16d8d660-03c5-452a-a99e-7d1ed7c3c63f",
	0,
	0,
	134,
	6,
	20,
	0,
	0,
	0,
	0,
	"fd13cfc5-12ea-4e50-8a4c-27a58944b0fa",
	"89976a1e-d696-4697-b38f-8f979e3c0bd8");
INSERT INTO V_TVL
	VALUES ("16d8d660-03c5-452a-a99e-7d1ed7c3c63f",
	"5f967ced-362a-47f8-bd86-2cac6a09d8a3");
INSERT INTO V_VAL
	VALUES ("b911113a-9b0c-48fa-b81a-cd7b12cecbd8",
	0,
	0,
	-1,
	-1,
	-1,
	0,
	0,
	0,
	0,
	"605b6fd1-c0ac-4474-bc3b-b2c0b995c7cf",
	"89976a1e-d696-4697-b38f-8f979e3c0bd8");
INSERT INTO V_BIN
	VALUES ("b911113a-9b0c-48fa-b81a-cd7b12cecbd8",
	"106582ed-a5fd-4dda-9892-75d689f6b1fd",
	"16d8d660-03c5-452a-a99e-7d1ed7c3c63f",
	'==');
INSERT INTO V_VAL
	VALUES ("106582ed-a5fd-4dda-9892-75d689f6b1fd",
	0,
	0,
	134,
	25,
	27,
	0,
	0,
	0,
	0,
	"fd13cfc5-12ea-4e50-8a4c-27a58944b0fa",
	"89976a1e-d696-4697-b38f-8f979e3c0bd8");
INSERT INTO V_LIN
	VALUES ("106582ed-a5fd-4dda-9892-75d689f6b1fd",
	'500');
INSERT INTO V_VAL
	VALUES ("6336a326-163f-49c4-8170-5e0e11ad40e0",
	0,
	0,
	140,
	6,
	19,
	0,
	0,
	0,
	0,
	"4c4770ba-abac-48a5-80a0-405dffe101a8",
	"89976a1e-d696-4697-b38f-8f979e3c0bd8");
INSERT INTO V_TVL
	VALUES ("6336a326-163f-49c4-8170-5e0e11ad40e0",
	"7eebd069-adfa-471d-8f37-43ca27296faa");
INSERT INTO V_VAL
	VALUES ("91807178-c256-4c9f-a0d5-ad346d72ee06",
	0,
	0,
	-1,
	-1,
	-1,
	0,
	0,
	0,
	0,
	"605b6fd1-c0ac-4474-bc3b-b2c0b995c7cf",
	"89976a1e-d696-4697-b38f-8f979e3c0bd8");
INSERT INTO V_BIN
	VALUES ("91807178-c256-4c9f-a0d5-ad346d72ee06",
	"04f7820e-1e17-427a-8b5d-c547b1c34d82",
	"6336a326-163f-49c4-8170-5e0e11ad40e0",
	'==');
INSERT INTO V_VAL
	VALUES ("04f7820e-1e17-427a-8b5d-c547b1c34d82",
	0,
	0,
	140,
	24,
	35,
	0,
	0,
	0,
	0,
	"4c4770ba-abac-48a5-80a0-405dffe101a8",
	"89976a1e-d696-4697-b38f-8f979e3c0bd8");
INSERT INTO V_LST
	VALUES ("04f7820e-1e17-427a-8b5d-c547b1c34d82",
	'Hello World');
INSERT INTO V_VAL
	VALUES ("1bdf2a05-9fbc-461d-b7ff-40ea0d61b674",
	0,
	0,
	146,
	6,
	20,
	0,
	0,
	0,
	0,
	"605b6fd1-c0ac-4474-bc3b-b2c0b995c7cf",
	"89976a1e-d696-4697-b38f-8f979e3c0bd8");
INSERT INTO V_TVL
	VALUES ("1bdf2a05-9fbc-461d-b7ff-40ea0d61b674",
	"443a65de-70a9-41d0-836b-0767bf1d7756");
INSERT INTO V_VAL
	VALUES ("fec7b93a-4058-4a72-80f6-919e4f4774aa",
	0,
	0,
	-1,
	-1,
	-1,
	0,
	0,
	0,
	0,
	"605b6fd1-c0ac-4474-bc3b-b2c0b995c7cf",
	"89976a1e-d696-4697-b38f-8f979e3c0bd8");
INSERT INTO V_BIN
	VALUES ("fec7b93a-4058-4a72-80f6-919e4f4774aa",
	"367f94bf-f36c-4e86-a344-60cafdac3b61",
	"1bdf2a05-9fbc-461d-b7ff-40ea0d61b674",
	'==');
INSERT INTO V_VAL
	VALUES ("367f94bf-f36c-4e86-a344-60cafdac3b61",
	0,
	0,
	-1,
	-1,
	-1,
	0,
	0,
	0,
	0,
	"605b6fd1-c0ac-4474-bc3b-b2c0b995c7cf",
	"89976a1e-d696-4697-b38f-8f979e3c0bd8");
INSERT INTO V_LBO
	VALUES ("367f94bf-f36c-4e86-a344-60cafdac3b61",
	'TRUE');
INSERT INTO V_VAL
	VALUES ("4d69da7b-2c89-4fe2-a22b-cf82f92b3e4b",
	0,
	0,
	152,
	6,
	17,
	0,
	0,
	0,
	0,
	"b0e4b1cc-04bf-419a-8af0-c97b9fb9be6e",
	"89976a1e-d696-4697-b38f-8f979e3c0bd8");
INSERT INTO V_TVL
	VALUES ("4d69da7b-2c89-4fe2-a22b-cf82f92b3e4b",
	"0817d537-e89b-466c-b1cf-1b047dbe9431");
INSERT INTO V_VAL
	VALUES ("a9f92f43-ebbb-46ce-b781-b142923c500e",
	0,
	0,
	-1,
	-1,
	-1,
	0,
	0,
	0,
	0,
	"605b6fd1-c0ac-4474-bc3b-b2c0b995c7cf",
	"89976a1e-d696-4697-b38f-8f979e3c0bd8");
INSERT INTO V_BIN
	VALUES ("a9f92f43-ebbb-46ce-b781-b142923c500e",
	"d18c9e0c-6f52-4d44-ad00-acba225dad93",
	"4d69da7b-2c89-4fe2-a22b-cf82f92b3e4b",
	'==');
INSERT INTO V_VAL
	VALUES ("d18c9e0c-6f52-4d44-ad00-acba225dad93",
	0,
	0,
	152,
	22,
	24,
	0,
	0,
	0,
	0,
	"b0e4b1cc-04bf-419a-8af0-c97b9fb9be6e",
	"89976a1e-d696-4697-b38f-8f979e3c0bd8");
INSERT INTO V_LRL
	VALUES ("d18c9e0c-6f52-4d44-ad00-acba225dad93",
	'0.5');
INSERT INTO V_VAR
	VALUES ("fc58eba1-a03e-4367-a5f0-fe7f9b2d6b84",
	"89976a1e-d696-4697-b38f-8f979e3c0bd8",
	'number',
	1,
	"fd13cfc5-12ea-4e50-8a4c-27a58944b0fa");
INSERT INTO V_TRN
	VALUES ("fc58eba1-a03e-4367-a5f0-fe7f9b2d6b84",
	"00000000-0000-0000-0000-000000000000",
	'');
INSERT INTO V_LOC
	VALUES ("09a68f03-d0c6-420a-964c-b99b20aada08",
	1,
	1,
	6,
	"fc58eba1-a03e-4367-a5f0-fe7f9b2d6b84");
INSERT INTO V_LOC
	VALUES ("a487bab0-fae5-46c2-975a-1129beb58a1e",
	6,
	29,
	34,
	"fc58eba1-a03e-4367-a5f0-fe7f9b2d6b84");
INSERT INTO V_LOC
	VALUES ("81aa709d-e664-4254-a593-482fcdebbd17",
	7,
	6,
	11,
	"fc58eba1-a03e-4367-a5f0-fe7f9b2d6b84");
INSERT INTO V_LOC
	VALUES ("c69bf99a-71b3-48fd-9cf3-2f1c614231be",
	31,
	1,
	6,
	"fc58eba1-a03e-4367-a5f0-fe7f9b2d6b84");
INSERT INTO V_LOC
	VALUES ("625cb704-107a-4f6a-9ef1-d4546f06b516",
	31,
	10,
	15,
	"fc58eba1-a03e-4367-a5f0-fe7f9b2d6b84");
INSERT INTO V_LOC
	VALUES ("5f994955-8a52-473f-80fd-44da457f8f4e",
	36,
	6,
	11,
	"fc58eba1-a03e-4367-a5f0-fe7f9b2d6b84");
INSERT INTO V_LOC
	VALUES ("5d62c7f2-6c12-4134-8ba3-ae692ef7605f",
	63,
	1,
	6,
	"fc58eba1-a03e-4367-a5f0-fe7f9b2d6b84");
INSERT INTO V_LOC
	VALUES ("e29c2d36-226b-467e-9e0a-b922f94cea2f",
	67,
	31,
	36,
	"fc58eba1-a03e-4367-a5f0-fe7f9b2d6b84");
INSERT INTO V_LOC
	VALUES ("d8d278e9-9c0f-4007-8b15-857aac5bf28c",
	68,
	6,
	11,
	"fc58eba1-a03e-4367-a5f0-fe7f9b2d6b84");
INSERT INTO V_LOC
	VALUES ("b7d663ac-197d-40c5-ad7b-af4177c84a1f",
	93,
	1,
	6,
	"fc58eba1-a03e-4367-a5f0-fe7f9b2d6b84");
INSERT INTO V_LOC
	VALUES ("f3bd2d20-d435-4fae-8c38-169464c132e5",
	99,
	39,
	44,
	"fc58eba1-a03e-4367-a5f0-fe7f9b2d6b84");
INSERT INTO V_LOC
	VALUES ("d6b65261-42bf-4025-8027-4cd682811633",
	100,
	6,
	11,
	"fc58eba1-a03e-4367-a5f0-fe7f9b2d6b84");
INSERT INTO V_VAR
	VALUES ("3a581b41-7ce5-4479-9911-528bcbc076c8",
	"89976a1e-d696-4697-b38f-8f979e3c0bd8",
	'word',
	1,
	"4c4770ba-abac-48a5-80a0-405dffe101a8");
INSERT INTO V_TRN
	VALUES ("3a581b41-7ce5-4479-9911-528bcbc076c8",
	"00000000-0000-0000-0000-000000000000",
	'');
INSERT INTO V_LOC
	VALUES ("b719d855-50a8-4a4d-93e3-53042dd602fd",
	2,
	1,
	4,
	"3a581b41-7ce5-4479-9911-528bcbc076c8");
INSERT INTO V_LOC
	VALUES ("4de42413-9553-48c1-bad3-905d62af8505",
	6,
	70,
	73,
	"3a581b41-7ce5-4479-9911-528bcbc076c8");
INSERT INTO V_LOC
	VALUES ("2380489f-c9d6-4687-b47e-88abd584b029",
	13,
	6,
	9,
	"3a581b41-7ce5-4479-9911-528bcbc076c8");
INSERT INTO V_LOC
	VALUES ("c6ec768b-344b-40e1-876e-b8856774bfe9",
	32,
	1,
	4,
	"3a581b41-7ce5-4479-9911-528bcbc076c8");
INSERT INTO V_LOC
	VALUES ("c8b737b4-d7e7-48fe-85d1-79f737aeff1c",
	32,
	8,
	11,
	"3a581b41-7ce5-4479-9911-528bcbc076c8");
INSERT INTO V_LOC
	VALUES ("bc9eaa14-671e-482a-ae9a-7f1300a9911c",
	42,
	6,
	9,
	"3a581b41-7ce5-4479-9911-528bcbc076c8");
INSERT INTO V_LOC
	VALUES ("9beebdf7-e440-42ab-8cca-bab687751edb",
	64,
	1,
	4,
	"3a581b41-7ce5-4479-9911-528bcbc076c8");
INSERT INTO V_LOC
	VALUES ("7231f299-16a2-412f-9c39-3cf048efe795",
	67,
	72,
	75,
	"3a581b41-7ce5-4479-9911-528bcbc076c8");
INSERT INTO V_LOC
	VALUES ("236b3194-847e-47ab-ab98-a8cec5c4c5f6",
	74,
	6,
	9,
	"3a581b41-7ce5-4479-9911-528bcbc076c8");
INSERT INTO V_LOC
	VALUES ("cdfb74b7-10bc-4428-856e-6fa273350783",
	94,
	1,
	4,
	"3a581b41-7ce5-4479-9911-528bcbc076c8");
INSERT INTO V_LOC
	VALUES ("3a71802b-f350-4d19-ab02-bbd7d8ba4dad",
	99,
	65,
	68,
	"3a581b41-7ce5-4479-9911-528bcbc076c8");
INSERT INTO V_LOC
	VALUES ("c358996a-b386-4815-accf-1fd87f9c52a2",
	106,
	6,
	9,
	"3a581b41-7ce5-4479-9911-528bcbc076c8");
INSERT INTO V_VAR
	VALUES ("43c26f4e-7f0c-4022-9094-918d38f4c5fa",
	"89976a1e-d696-4697-b38f-8f979e3c0bd8",
	'logic',
	1,
	"605b6fd1-c0ac-4474-bc3b-b2c0b995c7cf");
INSERT INTO V_TRN
	VALUES ("43c26f4e-7f0c-4022-9094-918d38f4c5fa",
	"00000000-0000-0000-0000-000000000000",
	'');
INSERT INTO V_LOC
	VALUES ("7c2f464a-1dc2-417a-884b-092195b36e86",
	3,
	1,
	5,
	"43c26f4e-7f0c-4022-9094-918d38f4c5fa");
INSERT INTO V_LOC
	VALUES ("715d0254-eb10-423f-8912-9fa95b660a0d",
	6,
	58,
	62,
	"43c26f4e-7f0c-4022-9094-918d38f4c5fa");
INSERT INTO V_LOC
	VALUES ("6198ac17-0034-4251-86f6-4f995a863d5b",
	19,
	6,
	10,
	"43c26f4e-7f0c-4022-9094-918d38f4c5fa");
INSERT INTO V_LOC
	VALUES ("004883da-ec76-4441-bffb-d12f5a5763b3",
	33,
	1,
	5,
	"43c26f4e-7f0c-4022-9094-918d38f4c5fa");
INSERT INTO V_LOC
	VALUES ("f0ea1dc7-6345-4dae-b014-e5d684e08334",
	33,
	9,
	13,
	"43c26f4e-7f0c-4022-9094-918d38f4c5fa");
INSERT INTO V_LOC
	VALUES ("8926f5e9-4b11-4103-bbf9-e930c65b2f40",
	48,
	6,
	10,
	"43c26f4e-7f0c-4022-9094-918d38f4c5fa");
INSERT INTO V_LOC
	VALUES ("ebc92676-ccb8-4ec2-b821-ca9ce6df6151",
	65,
	1,
	5,
	"43c26f4e-7f0c-4022-9094-918d38f4c5fa");
INSERT INTO V_LOC
	VALUES ("16d1d171-2415-4073-aad0-25656745b960",
	67,
	60,
	64,
	"43c26f4e-7f0c-4022-9094-918d38f4c5fa");
INSERT INTO V_LOC
	VALUES ("fd061edc-933f-4868-9509-3030dd3e953e",
	80,
	6,
	10,
	"43c26f4e-7f0c-4022-9094-918d38f4c5fa");
INSERT INTO V_LOC
	VALUES ("368375d3-e8c8-4670-b274-ea6c7d6b3d0c",
	95,
	1,
	5,
	"43c26f4e-7f0c-4022-9094-918d38f4c5fa");
INSERT INTO V_VAR
	VALUES ("20a5e93b-650d-4dc9-aa11-e688aecf3144",
	"89976a1e-d696-4697-b38f-8f979e3c0bd8",
	'real',
	1,
	"b0e4b1cc-04bf-419a-8af0-c97b9fb9be6e");
INSERT INTO V_TRN
	VALUES ("20a5e93b-650d-4dc9-aa11-e688aecf3144",
	"00000000-0000-0000-0000-000000000000",
	'');
INSERT INTO V_LOC
	VALUES ("0f98b2d1-67a5-4f0d-a053-ab9cf624f259",
	4,
	1,
	4,
	"20a5e93b-650d-4dc9-aa11-e688aecf3144");
INSERT INTO V_LOC
	VALUES ("e41fff2e-f0e6-4001-a53c-7cd1c88b73eb",
	6,
	46,
	49,
	"20a5e93b-650d-4dc9-aa11-e688aecf3144");
INSERT INTO V_LOC
	VALUES ("fb4016b7-7951-4f48-977c-4d7c8181c96d",
	25,
	6,
	9,
	"20a5e93b-650d-4dc9-aa11-e688aecf3144");
INSERT INTO V_LOC
	VALUES ("7541aa41-6386-4744-af94-5316e93e5f1c",
	34,
	1,
	4,
	"20a5e93b-650d-4dc9-aa11-e688aecf3144");
INSERT INTO V_LOC
	VALUES ("cc644c2f-5d63-4a27-9363-d99d73f2519b",
	34,
	8,
	11,
	"20a5e93b-650d-4dc9-aa11-e688aecf3144");
INSERT INTO V_LOC
	VALUES ("044c2e1e-7b69-4fa0-8584-eeab53883a52",
	54,
	6,
	9,
	"20a5e93b-650d-4dc9-aa11-e688aecf3144");
INSERT INTO V_LOC
	VALUES ("5f4578fa-a4b1-431a-85bd-0146ca9041a1",
	66,
	1,
	4,
	"20a5e93b-650d-4dc9-aa11-e688aecf3144");
INSERT INTO V_LOC
	VALUES ("ea738a08-0d47-439e-9635-704d0258888a",
	67,
	48,
	51,
	"20a5e93b-650d-4dc9-aa11-e688aecf3144");
INSERT INTO V_LOC
	VALUES ("e1e0185c-ce64-42a6-b7fe-0579b083442f",
	86,
	6,
	9,
	"20a5e93b-650d-4dc9-aa11-e688aecf3144");
INSERT INTO V_LOC
	VALUES ("e92833f6-2c81-43f2-9077-8077937d10f2",
	96,
	1,
	4,
	"20a5e93b-650d-4dc9-aa11-e688aecf3144");
INSERT INTO V_VAR
	VALUES ("ac0aa37b-355b-4b22-9e9a-914e319be40c",
	"89976a1e-d696-4697-b38f-8f979e3c0bd8",
	'digit',
	1,
	"fd13cfc5-12ea-4e50-8a4c-27a58944b0fa");
INSERT INTO V_TRN
	VALUES ("ac0aa37b-355b-4b22-9e9a-914e319be40c",
	"00000000-0000-0000-0000-000000000000",
	'');
INSERT INTO V_LOC
	VALUES ("0a489212-c021-4b29-9c53-f58efb3d6b16",
	97,
	1,
	5,
	"ac0aa37b-355b-4b22-9e9a-914e319be40c");
INSERT INTO V_LOC
	VALUES ("a6bd4d67-d42b-469a-9e25-5d72cc9aa8d4",
	99,
	53,
	57,
	"ac0aa37b-355b-4b22-9e9a-914e319be40c");
INSERT INTO V_LOC
	VALUES ("c37d7aa2-e010-4f8d-8bb4-8dbe49bc4730",
	112,
	6,
	10,
	"ac0aa37b-355b-4b22-9e9a-914e319be40c");
INSERT INTO V_VAR
	VALUES ("26c08a47-4fea-4140-951b-cf15dc351de4",
	"89976a1e-d696-4697-b38f-8f979e3c0bd8",
	'sentence',
	1,
	"4c4770ba-abac-48a5-80a0-405dffe101a8");
INSERT INTO V_TRN
	VALUES ("26c08a47-4fea-4140-951b-cf15dc351de4",
	"00000000-0000-0000-0000-000000000000",
	'');
INSERT INTO V_LOC
	VALUES ("60c9a4d1-bfbe-457c-8ff3-4f2c93bdcffb",
	98,
	1,
	8,
	"26c08a47-4fea-4140-951b-cf15dc351de4");
INSERT INTO V_LOC
	VALUES ("eeda6f24-7d84-489b-91ec-769411f54177",
	99,
	80,
	87,
	"26c08a47-4fea-4140-951b-cf15dc351de4");
INSERT INTO V_LOC
	VALUES ("54046b46-f56d-4008-a163-8991c3f47138",
	118,
	6,
	13,
	"26c08a47-4fea-4140-951b-cf15dc351de4");
INSERT INTO V_VAR
	VALUES ("5f967ced-362a-47f8-bd86-2cac6a09d8a3",
	"89976a1e-d696-4697-b38f-8f979e3c0bd8",
	'returnedInteger',
	1,
	"fd13cfc5-12ea-4e50-8a4c-27a58944b0fa");
INSERT INTO V_TRN
	VALUES ("5f967ced-362a-47f8-bd86-2cac6a09d8a3",
	"00000000-0000-0000-0000-000000000000",
	'');
INSERT INTO V_LOC
	VALUES ("e2c7e482-2459-4d59-870f-9654a491e4be",
	127,
	1,
	15,
	"5f967ced-362a-47f8-bd86-2cac6a09d8a3");
INSERT INTO V_LOC
	VALUES ("4b2accd9-590c-41d1-a8ee-1492180cd826",
	134,
	6,
	20,
	"5f967ced-362a-47f8-bd86-2cac6a09d8a3");
INSERT INTO V_VAR
	VALUES ("443a65de-70a9-41d0-836b-0767bf1d7756",
	"89976a1e-d696-4697-b38f-8f979e3c0bd8",
	'returnedBoolean',
	1,
	"605b6fd1-c0ac-4474-bc3b-b2c0b995c7cf");
INSERT INTO V_TRN
	VALUES ("443a65de-70a9-41d0-836b-0767bf1d7756",
	"00000000-0000-0000-0000-000000000000",
	'');
INSERT INTO V_LOC
	VALUES ("06daef85-69a4-4afb-8200-0fd98f3b3528",
	128,
	1,
	15,
	"443a65de-70a9-41d0-836b-0767bf1d7756");
INSERT INTO V_LOC
	VALUES ("8fbfe548-1066-4057-9869-4ce2a83f39c0",
	146,
	6,
	20,
	"443a65de-70a9-41d0-836b-0767bf1d7756");
INSERT INTO V_VAR
	VALUES ("0817d537-e89b-466c-b1cf-1b047dbe9431",
	"89976a1e-d696-4697-b38f-8f979e3c0bd8",
	'returnedReal',
	1,
	"b0e4b1cc-04bf-419a-8af0-c97b9fb9be6e");
INSERT INTO V_TRN
	VALUES ("0817d537-e89b-466c-b1cf-1b047dbe9431",
	"00000000-0000-0000-0000-000000000000",
	'');
INSERT INTO V_LOC
	VALUES ("d8606834-ecd5-4884-abc9-fb61f3fc848a",
	129,
	1,
	12,
	"0817d537-e89b-466c-b1cf-1b047dbe9431");
INSERT INTO V_LOC
	VALUES ("ce51639c-7875-447a-a8b3-36e85bf3277d",
	152,
	6,
	17,
	"0817d537-e89b-466c-b1cf-1b047dbe9431");
INSERT INTO V_VAR
	VALUES ("7eebd069-adfa-471d-8f37-43ca27296faa",
	"89976a1e-d696-4697-b38f-8f979e3c0bd8",
	'returnedString',
	1,
	"4c4770ba-abac-48a5-80a0-405dffe101a8");
INSERT INTO V_TRN
	VALUES ("7eebd069-adfa-471d-8f37-43ca27296faa",
	"00000000-0000-0000-0000-000000000000",
	'');
INSERT INTO V_LOC
	VALUES ("74fddb6f-086c-4b17-b04f-5305377ace00",
	130,
	1,
	14,
	"7eebd069-adfa-471d-8f37-43ca27296faa");
INSERT INTO V_LOC
	VALUES ("0e102a01-b8ce-483d-95a0-9fb5eedfdd4b",
	140,
	6,
	19,
	"7eebd069-adfa-471d-8f37-43ca27296faa");
INSERT INTO V_VAR
	VALUES ("8737a8ad-c8b7-4d98-a2c8-3737cb16060a",
	"89976a1e-d696-4697-b38f-8f979e3c0bd8",
	'returnedUniqueID',
	1,
	"a3b92de3-8ada-4db0-8c28-db087d49386b");
INSERT INTO V_TRN
	VALUES ("8737a8ad-c8b7-4d98-a2c8-3737cb16060a",
	"00000000-0000-0000-0000-000000000000",
	'');
INSERT INTO V_LOC
	VALUES ("b6d054d5-fb7d-4216-b2a1-5f6255ed7d83",
	131,
	1,
	16,
	"8737a8ad-c8b7-4d98-a2c8-3737cb16060a");
INSERT INTO ACT_BLK
	VALUES ("a10a692b-2022-42e2-a96d-b7e56224b6ce",
	0,
	0,
	0,
	'LOG',
	'',
	'',
	8,
	2,
	8,
	2,
	0,
	0,
	0,
	0,
	0,
	0,
	0,
	0,
	0,
	"ed8e04f1-41e7-4015-8b74-5dea261ff330",
	"00000000-0000-0000-0000-000000000000");
INSERT INTO ACT_SMT
	VALUES ("b3463fe0-8f6d-482e-ba72-34bfa4249a50",
	"a10a692b-2022-42e2-a96d-b7e56224b6ce",
	"00000000-0000-0000-0000-000000000000",
	8,
	2,
	'test line: 8');
INSERT INTO ACT_BRG
	VALUES ("b3463fe0-8f6d-482e-ba72-34bfa4249a50",
	"5b43111e-d7a2-4879-9bf3-2e8bf6fe585c",
	8,
	7,
	8,
	2);
INSERT INTO V_VAL
	VALUES ("b4240a66-8334-4414-8548-b2ffb99fe1ef",
	0,
	0,
	8,
	26,
	39,
	0,
	0,
	0,
	0,
	"4c4770ba-abac-48a5-80a0-405dffe101a8",
	"a10a692b-2022-42e2-a96d-b7e56224b6ce");
INSERT INTO V_LST
	VALUES ("b4240a66-8334-4414-8548-b2ffb99fe1ef",
	'Correct Value');
INSERT INTO V_PAR
	VALUES ("b4240a66-8334-4414-8548-b2ffb99fe1ef",
	"b3463fe0-8f6d-482e-ba72-34bfa4249a50",
	"00000000-0000-0000-0000-000000000000",
	'message',
	"00000000-0000-0000-0000-000000000000",
	8,
	18);
INSERT INTO ACT_BLK
	VALUES ("f8b4ad57-cd96-46e2-ba51-86f442b32895",
	0,
	0,
	0,
	'LOG',
	'',
	'',
	10,
	2,
	10,
	2,
	0,
	0,
	0,
	0,
	0,
	0,
	0,
	0,
	0,
	"ed8e04f1-41e7-4015-8b74-5dea261ff330",
	"00000000-0000-0000-0000-000000000000");
INSERT INTO ACT_SMT
	VALUES ("91a8aaa5-c408-414c-94ba-92044e906ef4",
	"f8b4ad57-cd96-46e2-ba51-86f442b32895",
	"00000000-0000-0000-0000-000000000000",
	10,
	2,
	'test line: 10');
INSERT INTO ACT_BRG
	VALUES ("91a8aaa5-c408-414c-94ba-92044e906ef4",
	"b5ac1dce-f75b-480f-b202-02adf2454908",
	10,
	7,
	10,
	2);
INSERT INTO V_VAL
	VALUES ("2b20744f-2ebe-47b2-a772-6709f083ca96",
	0,
	0,
	10,
	26,
	37,
	0,
	0,
	0,
	0,
	"4c4770ba-abac-48a5-80a0-405dffe101a8",
	"f8b4ad57-cd96-46e2-ba51-86f442b32895");
INSERT INTO V_LST
	VALUES ("2b20744f-2ebe-47b2-a772-6709f083ca96",
	'Wrong Value');
INSERT INTO V_PAR
	VALUES ("2b20744f-2ebe-47b2-a772-6709f083ca96",
	"91a8aaa5-c408-414c-94ba-92044e906ef4",
	"00000000-0000-0000-0000-000000000000",
	'message',
	"00000000-0000-0000-0000-000000000000",
	10,
	18);
INSERT INTO ACT_BLK
	VALUES ("b6038bdd-7384-4408-bcfc-e9aa5cc5bb6a",
	0,
	0,
	0,
	'LOG',
	'',
	'',
	14,
	2,
	14,
	2,
	0,
	0,
	0,
	0,
	0,
	0,
	0,
	0,
	0,
	"ed8e04f1-41e7-4015-8b74-5dea261ff330",
	"00000000-0000-0000-0000-000000000000");
INSERT INTO ACT_SMT
	VALUES ("15967444-2843-4d0a-bead-c9c678745a71",
	"b6038bdd-7384-4408-bcfc-e9aa5cc5bb6a",
	"00000000-0000-0000-0000-000000000000",
	14,
	2,
	'test line: 14');
INSERT INTO ACT_BRG
	VALUES ("15967444-2843-4d0a-bead-c9c678745a71",
	"5b43111e-d7a2-4879-9bf3-2e8bf6fe585c",
	14,
	7,
	14,
	2);
INSERT INTO V_VAL
	VALUES ("1883b211-4a41-4575-8327-9975717b52ba",
	0,
	0,
	14,
	26,
	39,
	0,
	0,
	0,
	0,
	"4c4770ba-abac-48a5-80a0-405dffe101a8",
	"b6038bdd-7384-4408-bcfc-e9aa5cc5bb6a");
INSERT INTO V_LST
	VALUES ("1883b211-4a41-4575-8327-9975717b52ba",
	'Correct Value');
INSERT INTO V_PAR
	VALUES ("1883b211-4a41-4575-8327-9975717b52ba",
	"15967444-2843-4d0a-bead-c9c678745a71",
	"00000000-0000-0000-0000-000000000000",
	'message',
	"00000000-0000-0000-0000-000000000000",
	14,
	18);
INSERT INTO ACT_BLK
	VALUES ("e24063f7-a85b-4e83-9edd-fe834a2edd92",
	0,
	0,
	0,
	'LOG',
	'',
	'',
	16,
	2,
	16,
	2,
	0,
	0,
	0,
	0,
	0,
	0,
	0,
	0,
	0,
	"ed8e04f1-41e7-4015-8b74-5dea261ff330",
	"00000000-0000-0000-0000-000000000000");
INSERT INTO ACT_SMT
	VALUES ("8731ab44-23d0-4638-8131-1c26f52c5973",
	"e24063f7-a85b-4e83-9edd-fe834a2edd92",
	"00000000-0000-0000-0000-000000000000",
	16,
	2,
	'test line: 16');
INSERT INTO ACT_BRG
	VALUES ("8731ab44-23d0-4638-8131-1c26f52c5973",
	"b5ac1dce-f75b-480f-b202-02adf2454908",
	16,
	7,
	16,
	2);
INSERT INTO V_VAL
	VALUES ("3722b8c9-8f0c-4104-9388-173d9874ffed",
	0,
	0,
	16,
	26,
	37,
	0,
	0,
	0,
	0,
	"4c4770ba-abac-48a5-80a0-405dffe101a8",
	"e24063f7-a85b-4e83-9edd-fe834a2edd92");
INSERT INTO V_LST
	VALUES ("3722b8c9-8f0c-4104-9388-173d9874ffed",
	'Wrong Value');
INSERT INTO V_PAR
	VALUES ("3722b8c9-8f0c-4104-9388-173d9874ffed",
	"8731ab44-23d0-4638-8131-1c26f52c5973",
	"00000000-0000-0000-0000-000000000000",
	'message',
	"00000000-0000-0000-0000-000000000000",
	16,
	18);
INSERT INTO ACT_BLK
	VALUES ("e3dc5cc6-8bc1-406b-a422-55afc3e7aa90",
	0,
	0,
	0,
	'LOG',
	'',
	'',
	20,
	2,
	20,
	2,
	0,
	0,
	0,
	0,
	0,
	0,
	0,
	0,
	0,
	"ed8e04f1-41e7-4015-8b74-5dea261ff330",
	"00000000-0000-0000-0000-000000000000");
INSERT INTO ACT_SMT
	VALUES ("1179b160-4c07-4621-8ac8-ef7ca7399390",
	"e3dc5cc6-8bc1-406b-a422-55afc3e7aa90",
	"00000000-0000-0000-0000-000000000000",
	20,
	2,
	'test line: 20');
INSERT INTO ACT_BRG
	VALUES ("1179b160-4c07-4621-8ac8-ef7ca7399390",
	"5b43111e-d7a2-4879-9bf3-2e8bf6fe585c",
	20,
	7,
	20,
	2);
INSERT INTO V_VAL
	VALUES ("3a6ca780-b47b-477e-84e3-b00866797967",
	0,
	0,
	20,
	26,
	39,
	0,
	0,
	0,
	0,
	"4c4770ba-abac-48a5-80a0-405dffe101a8",
	"e3dc5cc6-8bc1-406b-a422-55afc3e7aa90");
INSERT INTO V_LST
	VALUES ("3a6ca780-b47b-477e-84e3-b00866797967",
	'Correct Value');
INSERT INTO V_PAR
	VALUES ("3a6ca780-b47b-477e-84e3-b00866797967",
	"1179b160-4c07-4621-8ac8-ef7ca7399390",
	"00000000-0000-0000-0000-000000000000",
	'message',
	"00000000-0000-0000-0000-000000000000",
	20,
	18);
INSERT INTO ACT_BLK
	VALUES ("5a007ef3-3c14-40c6-a7b3-f5671aae1f80",
	0,
	0,
	0,
	'LOG',
	'',
	'',
	22,
	2,
	22,
	2,
	0,
	0,
	0,
	0,
	0,
	0,
	0,
	0,
	0,
	"ed8e04f1-41e7-4015-8b74-5dea261ff330",
	"00000000-0000-0000-0000-000000000000");
INSERT INTO ACT_SMT
	VALUES ("221a20de-8f8e-4b20-a884-b5b2a0bb5e16",
	"5a007ef3-3c14-40c6-a7b3-f5671aae1f80",
	"00000000-0000-0000-0000-000000000000",
	22,
	2,
	'test line: 22');
INSERT INTO ACT_BRG
	VALUES ("221a20de-8f8e-4b20-a884-b5b2a0bb5e16",
	"b5ac1dce-f75b-480f-b202-02adf2454908",
	22,
	7,
	22,
	2);
INSERT INTO V_VAL
	VALUES ("0ce76f25-40d6-49d4-a605-9b3397a4e77b",
	0,
	0,
	22,
	26,
	37,
	0,
	0,
	0,
	0,
	"4c4770ba-abac-48a5-80a0-405dffe101a8",
	"5a007ef3-3c14-40c6-a7b3-f5671aae1f80");
INSERT INTO V_LST
	VALUES ("0ce76f25-40d6-49d4-a605-9b3397a4e77b",
	'Wrong Value');
INSERT INTO V_PAR
	VALUES ("0ce76f25-40d6-49d4-a605-9b3397a4e77b",
	"221a20de-8f8e-4b20-a884-b5b2a0bb5e16",
	"00000000-0000-0000-0000-000000000000",
	'message',
	"00000000-0000-0000-0000-000000000000",
	22,
	18);
INSERT INTO ACT_BLK
	VALUES ("1ead046a-91da-4859-9e8a-d1c5f811ef4e",
	0,
	0,
	0,
	'LOG',
	'',
	'',
	26,
	2,
	26,
	2,
	0,
	0,
	0,
	0,
	0,
	0,
	0,
	0,
	0,
	"ed8e04f1-41e7-4015-8b74-5dea261ff330",
	"00000000-0000-0000-0000-000000000000");
INSERT INTO ACT_SMT
	VALUES ("d34f63e4-ffee-4e59-9bdb-7fe427ee4db8",
	"1ead046a-91da-4859-9e8a-d1c5f811ef4e",
	"00000000-0000-0000-0000-000000000000",
	26,
	2,
	'test line: 26');
INSERT INTO ACT_BRG
	VALUES ("d34f63e4-ffee-4e59-9bdb-7fe427ee4db8",
	"5b43111e-d7a2-4879-9bf3-2e8bf6fe585c",
	26,
	7,
	26,
	2);
INSERT INTO V_VAL
	VALUES ("e0078de2-0573-4022-ae17-8ceac68bd4d7",
	0,
	0,
	26,
	26,
	39,
	0,
	0,
	0,
	0,
	"4c4770ba-abac-48a5-80a0-405dffe101a8",
	"1ead046a-91da-4859-9e8a-d1c5f811ef4e");
INSERT INTO V_LST
	VALUES ("e0078de2-0573-4022-ae17-8ceac68bd4d7",
	'Correct Value');
INSERT INTO V_PAR
	VALUES ("e0078de2-0573-4022-ae17-8ceac68bd4d7",
	"d34f63e4-ffee-4e59-9bdb-7fe427ee4db8",
	"00000000-0000-0000-0000-000000000000",
	'message',
	"00000000-0000-0000-0000-000000000000",
	26,
	18);
INSERT INTO ACT_BLK
	VALUES ("4ada25d3-3961-4f79-9847-5b911802a6df",
	0,
	0,
	0,
	'LOG',
	'',
	'',
	28,
	2,
	28,
	2,
	0,
	0,
	0,
	0,
	0,
	0,
	0,
	0,
	0,
	"ed8e04f1-41e7-4015-8b74-5dea261ff330",
	"00000000-0000-0000-0000-000000000000");
INSERT INTO ACT_SMT
	VALUES ("5d254385-1525-49b9-9ff8-741a6982f21a",
	"4ada25d3-3961-4f79-9847-5b911802a6df",
	"00000000-0000-0000-0000-000000000000",
	28,
	2,
	'test line: 28');
INSERT INTO ACT_BRG
	VALUES ("5d254385-1525-49b9-9ff8-741a6982f21a",
	"b5ac1dce-f75b-480f-b202-02adf2454908",
	28,
	7,
	28,
	2);
INSERT INTO V_VAL
	VALUES ("4adb5e90-936f-46cd-9400-9d22d650aa0a",
	0,
	0,
	28,
	26,
	37,
	0,
	0,
	0,
	0,
	"4c4770ba-abac-48a5-80a0-405dffe101a8",
	"4ada25d3-3961-4f79-9847-5b911802a6df");
INSERT INTO V_LST
	VALUES ("4adb5e90-936f-46cd-9400-9d22d650aa0a",
	'Wrong Value');
INSERT INTO V_PAR
	VALUES ("4adb5e90-936f-46cd-9400-9d22d650aa0a",
	"5d254385-1525-49b9-9ff8-741a6982f21a",
	"00000000-0000-0000-0000-000000000000",
	'message',
	"00000000-0000-0000-0000-000000000000",
	28,
	18);
INSERT INTO ACT_BLK
	VALUES ("2d863e14-9d55-479a-ae66-54218573ae9c",
	0,
	0,
	0,
	'LOG',
	'',
	'',
	37,
	2,
	37,
	2,
	0,
	0,
	0,
	0,
	0,
	0,
	0,
	0,
	0,
	"ed8e04f1-41e7-4015-8b74-5dea261ff330",
	"00000000-0000-0000-0000-000000000000");
INSERT INTO ACT_SMT
	VALUES ("7d7fec40-7d21-411a-82d6-4f05b2338cbb",
	"2d863e14-9d55-479a-ae66-54218573ae9c",
	"00000000-0000-0000-0000-000000000000",
	37,
	2,
	'test line: 37');
INSERT INTO ACT_BRG
	VALUES ("7d7fec40-7d21-411a-82d6-4f05b2338cbb",
	"5b43111e-d7a2-4879-9bf3-2e8bf6fe585c",
	37,
	7,
	37,
	2);
INSERT INTO V_VAL
	VALUES ("6862f4fa-f654-46d4-9bc9-459cdfeea33b",
	0,
	0,
	37,
	26,
	39,
	0,
	0,
	0,
	0,
	"4c4770ba-abac-48a5-80a0-405dffe101a8",
	"2d863e14-9d55-479a-ae66-54218573ae9c");
INSERT INTO V_LST
	VALUES ("6862f4fa-f654-46d4-9bc9-459cdfeea33b",
	'Correct Value');
INSERT INTO V_PAR
	VALUES ("6862f4fa-f654-46d4-9bc9-459cdfeea33b",
	"7d7fec40-7d21-411a-82d6-4f05b2338cbb",
	"00000000-0000-0000-0000-000000000000",
	'message',
	"00000000-0000-0000-0000-000000000000",
	37,
	18);
INSERT INTO ACT_BLK
	VALUES ("fd2e186a-bf7d-45c0-97cc-5bc4aeb622ac",
	0,
	0,
	0,
	'LOG',
	'',
	'',
	39,
	2,
	39,
	2,
	0,
	0,
	0,
	0,
	0,
	0,
	0,
	0,
	0,
	"ed8e04f1-41e7-4015-8b74-5dea261ff330",
	"00000000-0000-0000-0000-000000000000");
INSERT INTO ACT_SMT
	VALUES ("70bcf3fb-8934-42d7-a855-8d9b179cccce",
	"fd2e186a-bf7d-45c0-97cc-5bc4aeb622ac",
	"00000000-0000-0000-0000-000000000000",
	39,
	2,
	'test line: 39');
INSERT INTO ACT_BRG
	VALUES ("70bcf3fb-8934-42d7-a855-8d9b179cccce",
	"b5ac1dce-f75b-480f-b202-02adf2454908",
	39,
	7,
	39,
	2);
INSERT INTO V_VAL
	VALUES ("802f2ca9-e806-41c6-a4db-2b47d72718e7",
	0,
	0,
	39,
	26,
	37,
	0,
	0,
	0,
	0,
	"4c4770ba-abac-48a5-80a0-405dffe101a8",
	"fd2e186a-bf7d-45c0-97cc-5bc4aeb622ac");
INSERT INTO V_LST
	VALUES ("802f2ca9-e806-41c6-a4db-2b47d72718e7",
	'Wrong Value');
INSERT INTO V_PAR
	VALUES ("802f2ca9-e806-41c6-a4db-2b47d72718e7",
	"70bcf3fb-8934-42d7-a855-8d9b179cccce",
	"00000000-0000-0000-0000-000000000000",
	'message',
	"00000000-0000-0000-0000-000000000000",
	39,
	18);
INSERT INTO ACT_BLK
	VALUES ("d06e9576-245d-4b21-84d4-50c206c33969",
	0,
	0,
	0,
	'LOG',
	'',
	'',
	43,
	2,
	43,
	2,
	0,
	0,
	0,
	0,
	0,
	0,
	0,
	0,
	0,
	"ed8e04f1-41e7-4015-8b74-5dea261ff330",
	"00000000-0000-0000-0000-000000000000");
INSERT INTO ACT_SMT
	VALUES ("00f4b204-f490-4035-a849-d2027552f67f",
	"d06e9576-245d-4b21-84d4-50c206c33969",
	"00000000-0000-0000-0000-000000000000",
	43,
	2,
	'test line: 43');
INSERT INTO ACT_BRG
	VALUES ("00f4b204-f490-4035-a849-d2027552f67f",
	"5b43111e-d7a2-4879-9bf3-2e8bf6fe585c",
	43,
	7,
	43,
	2);
INSERT INTO V_VAL
	VALUES ("11b3b608-0426-4c27-a22b-7e1b93f7042d",
	0,
	0,
	43,
	26,
	39,
	0,
	0,
	0,
	0,
	"4c4770ba-abac-48a5-80a0-405dffe101a8",
	"d06e9576-245d-4b21-84d4-50c206c33969");
INSERT INTO V_LST
	VALUES ("11b3b608-0426-4c27-a22b-7e1b93f7042d",
	'Correct Value');
INSERT INTO V_PAR
	VALUES ("11b3b608-0426-4c27-a22b-7e1b93f7042d",
	"00f4b204-f490-4035-a849-d2027552f67f",
	"00000000-0000-0000-0000-000000000000",
	'message',
	"00000000-0000-0000-0000-000000000000",
	43,
	18);
INSERT INTO ACT_BLK
	VALUES ("f0581bfe-33f7-4263-9f96-d52db959cdcb",
	0,
	0,
	0,
	'LOG',
	'',
	'',
	45,
	2,
	45,
	2,
	0,
	0,
	0,
	0,
	0,
	0,
	0,
	0,
	0,
	"ed8e04f1-41e7-4015-8b74-5dea261ff330",
	"00000000-0000-0000-0000-000000000000");
INSERT INTO ACT_SMT
	VALUES ("b6cb97d5-e5f2-41d3-a767-99043be81ce0",
	"f0581bfe-33f7-4263-9f96-d52db959cdcb",
	"00000000-0000-0000-0000-000000000000",
	45,
	2,
	'test line: 45');
INSERT INTO ACT_BRG
	VALUES ("b6cb97d5-e5f2-41d3-a767-99043be81ce0",
	"b5ac1dce-f75b-480f-b202-02adf2454908",
	45,
	7,
	45,
	2);
INSERT INTO V_VAL
	VALUES ("5a88cc59-c129-45de-9c40-7a79224ec6e0",
	0,
	0,
	45,
	26,
	37,
	0,
	0,
	0,
	0,
	"4c4770ba-abac-48a5-80a0-405dffe101a8",
	"f0581bfe-33f7-4263-9f96-d52db959cdcb");
INSERT INTO V_LST
	VALUES ("5a88cc59-c129-45de-9c40-7a79224ec6e0",
	'Wrong Value');
INSERT INTO V_PAR
	VALUES ("5a88cc59-c129-45de-9c40-7a79224ec6e0",
	"b6cb97d5-e5f2-41d3-a767-99043be81ce0",
	"00000000-0000-0000-0000-000000000000",
	'message',
	"00000000-0000-0000-0000-000000000000",
	45,
	18);
INSERT INTO ACT_BLK
	VALUES ("7382cb0c-ba16-4af1-8fc7-7587ab4d7cf9",
	0,
	0,
	0,
	'LOG',
	'',
	'',
	49,
	2,
	49,
	2,
	0,
	0,
	0,
	0,
	0,
	0,
	0,
	0,
	0,
	"ed8e04f1-41e7-4015-8b74-5dea261ff330",
	"00000000-0000-0000-0000-000000000000");
INSERT INTO ACT_SMT
	VALUES ("6e3f89c2-050b-4399-9d1d-6c518b13c4dd",
	"7382cb0c-ba16-4af1-8fc7-7587ab4d7cf9",
	"00000000-0000-0000-0000-000000000000",
	49,
	2,
	'test line: 49');
INSERT INTO ACT_BRG
	VALUES ("6e3f89c2-050b-4399-9d1d-6c518b13c4dd",
	"5b43111e-d7a2-4879-9bf3-2e8bf6fe585c",
	49,
	7,
	49,
	2);
INSERT INTO V_VAL
	VALUES ("bc275370-c53e-47da-88db-9f604d91ae00",
	0,
	0,
	49,
	26,
	39,
	0,
	0,
	0,
	0,
	"4c4770ba-abac-48a5-80a0-405dffe101a8",
	"7382cb0c-ba16-4af1-8fc7-7587ab4d7cf9");
INSERT INTO V_LST
	VALUES ("bc275370-c53e-47da-88db-9f604d91ae00",
	'Correct Value');
INSERT INTO V_PAR
	VALUES ("bc275370-c53e-47da-88db-9f604d91ae00",
	"6e3f89c2-050b-4399-9d1d-6c518b13c4dd",
	"00000000-0000-0000-0000-000000000000",
	'message',
	"00000000-0000-0000-0000-000000000000",
	49,
	18);
INSERT INTO ACT_BLK
	VALUES ("b6c7a3c6-1a6e-40ac-8596-375814429523",
	0,
	0,
	0,
	'LOG',
	'',
	'',
	51,
	2,
	51,
	2,
	0,
	0,
	0,
	0,
	0,
	0,
	0,
	0,
	0,
	"ed8e04f1-41e7-4015-8b74-5dea261ff330",
	"00000000-0000-0000-0000-000000000000");
INSERT INTO ACT_SMT
	VALUES ("003f4817-1b1e-40ec-88ed-6147b76a09bb",
	"b6c7a3c6-1a6e-40ac-8596-375814429523",
	"00000000-0000-0000-0000-000000000000",
	51,
	2,
	'test line: 51');
INSERT INTO ACT_BRG
	VALUES ("003f4817-1b1e-40ec-88ed-6147b76a09bb",
	"b5ac1dce-f75b-480f-b202-02adf2454908",
	51,
	7,
	51,
	2);
INSERT INTO V_VAL
	VALUES ("3dad73af-7538-4486-bf16-7b26f25f9d4d",
	0,
	0,
	51,
	26,
	37,
	0,
	0,
	0,
	0,
	"4c4770ba-abac-48a5-80a0-405dffe101a8",
	"b6c7a3c6-1a6e-40ac-8596-375814429523");
INSERT INTO V_LST
	VALUES ("3dad73af-7538-4486-bf16-7b26f25f9d4d",
	'Wrong Value');
INSERT INTO V_PAR
	VALUES ("3dad73af-7538-4486-bf16-7b26f25f9d4d",
	"003f4817-1b1e-40ec-88ed-6147b76a09bb",
	"00000000-0000-0000-0000-000000000000",
	'message',
	"00000000-0000-0000-0000-000000000000",
	51,
	18);
INSERT INTO ACT_BLK
	VALUES ("423fea0a-20c7-4bae-944f-06bc033126d7",
	0,
	0,
	0,
	'LOG',
	'',
	'',
	55,
	2,
	55,
	2,
	0,
	0,
	0,
	0,
	0,
	0,
	0,
	0,
	0,
	"ed8e04f1-41e7-4015-8b74-5dea261ff330",
	"00000000-0000-0000-0000-000000000000");
INSERT INTO ACT_SMT
	VALUES ("ef2269f3-1c1c-44b2-9de8-3ae437e14366",
	"423fea0a-20c7-4bae-944f-06bc033126d7",
	"00000000-0000-0000-0000-000000000000",
	55,
	2,
	'test line: 55');
INSERT INTO ACT_BRG
	VALUES ("ef2269f3-1c1c-44b2-9de8-3ae437e14366",
	"5b43111e-d7a2-4879-9bf3-2e8bf6fe585c",
	55,
	7,
	55,
	2);
INSERT INTO V_VAL
	VALUES ("3a26e1f8-9236-4f59-b9f5-74b009284e78",
	0,
	0,
	55,
	26,
	39,
	0,
	0,
	0,
	0,
	"4c4770ba-abac-48a5-80a0-405dffe101a8",
	"423fea0a-20c7-4bae-944f-06bc033126d7");
INSERT INTO V_LST
	VALUES ("3a26e1f8-9236-4f59-b9f5-74b009284e78",
	'Correct Value');
INSERT INTO V_PAR
	VALUES ("3a26e1f8-9236-4f59-b9f5-74b009284e78",
	"ef2269f3-1c1c-44b2-9de8-3ae437e14366",
	"00000000-0000-0000-0000-000000000000",
	'message',
	"00000000-0000-0000-0000-000000000000",
	55,
	18);
INSERT INTO ACT_BLK
	VALUES ("9184dcec-a97e-4690-932b-631fa21a0b22",
	0,
	0,
	0,
	'LOG',
	'',
	'',
	57,
	2,
	57,
	2,
	0,
	0,
	0,
	0,
	0,
	0,
	0,
	0,
	0,
	"ed8e04f1-41e7-4015-8b74-5dea261ff330",
	"00000000-0000-0000-0000-000000000000");
INSERT INTO ACT_SMT
	VALUES ("9fa406a3-405a-4bb6-8d6b-a115d7cb4b16",
	"9184dcec-a97e-4690-932b-631fa21a0b22",
	"00000000-0000-0000-0000-000000000000",
	57,
	2,
	'test line: 57');
INSERT INTO ACT_BRG
	VALUES ("9fa406a3-405a-4bb6-8d6b-a115d7cb4b16",
	"b5ac1dce-f75b-480f-b202-02adf2454908",
	57,
	7,
	57,
	2);
INSERT INTO V_VAL
	VALUES ("cf2ee9f9-ed26-4222-a229-5960869cc787",
	0,
	0,
	57,
	26,
	37,
	0,
	0,
	0,
	0,
	"4c4770ba-abac-48a5-80a0-405dffe101a8",
	"9184dcec-a97e-4690-932b-631fa21a0b22");
INSERT INTO V_LST
	VALUES ("cf2ee9f9-ed26-4222-a229-5960869cc787",
	'Wrong Value');
INSERT INTO V_PAR
	VALUES ("cf2ee9f9-ed26-4222-a229-5960869cc787",
	"9fa406a3-405a-4bb6-8d6b-a115d7cb4b16",
	"00000000-0000-0000-0000-000000000000",
	'message',
	"00000000-0000-0000-0000-000000000000",
	57,
	18);
INSERT INTO ACT_BLK
	VALUES ("807cd3ea-6c19-40f1-ad5d-903f5f3b0334",
	0,
	0,
	0,
	'LOG',
	'',
	'',
	69,
	2,
	69,
	2,
	0,
	0,
	0,
	0,
	0,
	0,
	0,
	0,
	0,
	"ed8e04f1-41e7-4015-8b74-5dea261ff330",
	"00000000-0000-0000-0000-000000000000");
INSERT INTO ACT_SMT
	VALUES ("bc1cc7b3-42e2-4ae3-b5b8-0d2e3802cef4",
	"807cd3ea-6c19-40f1-ad5d-903f5f3b0334",
	"00000000-0000-0000-0000-000000000000",
	69,
	2,
	'test line: 69');
INSERT INTO ACT_BRG
	VALUES ("bc1cc7b3-42e2-4ae3-b5b8-0d2e3802cef4",
	"5b43111e-d7a2-4879-9bf3-2e8bf6fe585c",
	69,
	7,
	69,
	2);
INSERT INTO V_VAL
	VALUES ("dad4a1c3-d2c8-4bc9-957e-7361fe15d079",
	0,
	0,
	69,
	26,
	39,
	0,
	0,
	0,
	0,
	"4c4770ba-abac-48a5-80a0-405dffe101a8",
	"807cd3ea-6c19-40f1-ad5d-903f5f3b0334");
INSERT INTO V_LST
	VALUES ("dad4a1c3-d2c8-4bc9-957e-7361fe15d079",
	'Correct Value');
INSERT INTO V_PAR
	VALUES ("dad4a1c3-d2c8-4bc9-957e-7361fe15d079",
	"bc1cc7b3-42e2-4ae3-b5b8-0d2e3802cef4",
	"00000000-0000-0000-0000-000000000000",
	'message',
	"00000000-0000-0000-0000-000000000000",
	69,
	18);
INSERT INTO ACT_BLK
	VALUES ("3afe5d3e-c3a3-4fd9-98fb-4c5e9856ae3e",
	0,
	0,
	0,
	'LOG',
	'',
	'',
	71,
	2,
	71,
	2,
	0,
	0,
	0,
	0,
	0,
	0,
	0,
	0,
	0,
	"ed8e04f1-41e7-4015-8b74-5dea261ff330",
	"00000000-0000-0000-0000-000000000000");
INSERT INTO ACT_SMT
	VALUES ("0b14202d-cfe8-4151-a8ca-78ee5b88793d",
	"3afe5d3e-c3a3-4fd9-98fb-4c5e9856ae3e",
	"00000000-0000-0000-0000-000000000000",
	71,
	2,
	'test line: 71');
INSERT INTO ACT_BRG
	VALUES ("0b14202d-cfe8-4151-a8ca-78ee5b88793d",
	"b5ac1dce-f75b-480f-b202-02adf2454908",
	71,
	7,
	71,
	2);
INSERT INTO V_VAL
	VALUES ("1af9672d-4509-44e2-b988-214872b053c2",
	0,
	0,
	71,
	26,
	37,
	0,
	0,
	0,
	0,
	"4c4770ba-abac-48a5-80a0-405dffe101a8",
	"3afe5d3e-c3a3-4fd9-98fb-4c5e9856ae3e");
INSERT INTO V_LST
	VALUES ("1af9672d-4509-44e2-b988-214872b053c2",
	'Wrong Value');
INSERT INTO V_PAR
	VALUES ("1af9672d-4509-44e2-b988-214872b053c2",
	"0b14202d-cfe8-4151-a8ca-78ee5b88793d",
	"00000000-0000-0000-0000-000000000000",
	'message',
	"00000000-0000-0000-0000-000000000000",
	71,
	18);
INSERT INTO ACT_BLK
	VALUES ("bb7bf9c5-dfc0-4fca-91f8-5d816120b7e3",
	0,
	0,
	0,
	'LOG',
	'',
	'',
	75,
	2,
	75,
	2,
	0,
	0,
	0,
	0,
	0,
	0,
	0,
	0,
	0,
	"ed8e04f1-41e7-4015-8b74-5dea261ff330",
	"00000000-0000-0000-0000-000000000000");
INSERT INTO ACT_SMT
	VALUES ("4bbfe869-7b78-4a00-bf15-f8b262554aa0",
	"bb7bf9c5-dfc0-4fca-91f8-5d816120b7e3",
	"00000000-0000-0000-0000-000000000000",
	75,
	2,
	'test line: 75');
INSERT INTO ACT_BRG
	VALUES ("4bbfe869-7b78-4a00-bf15-f8b262554aa0",
	"5b43111e-d7a2-4879-9bf3-2e8bf6fe585c",
	75,
	7,
	75,
	2);
INSERT INTO V_VAL
	VALUES ("32ac690a-0003-42f8-b825-85c1b6629f16",
	0,
	0,
	75,
	26,
	39,
	0,
	0,
	0,
	0,
	"4c4770ba-abac-48a5-80a0-405dffe101a8",
	"bb7bf9c5-dfc0-4fca-91f8-5d816120b7e3");
INSERT INTO V_LST
	VALUES ("32ac690a-0003-42f8-b825-85c1b6629f16",
	'Correct Value');
INSERT INTO V_PAR
	VALUES ("32ac690a-0003-42f8-b825-85c1b6629f16",
	"4bbfe869-7b78-4a00-bf15-f8b262554aa0",
	"00000000-0000-0000-0000-000000000000",
	'message',
	"00000000-0000-0000-0000-000000000000",
	75,
	18);
INSERT INTO ACT_BLK
	VALUES ("4eff7d26-2012-437c-9012-6f101b215ccd",
	0,
	0,
	0,
	'LOG',
	'',
	'',
	77,
	2,
	77,
	2,
	0,
	0,
	0,
	0,
	0,
	0,
	0,
	0,
	0,
	"ed8e04f1-41e7-4015-8b74-5dea261ff330",
	"00000000-0000-0000-0000-000000000000");
INSERT INTO ACT_SMT
	VALUES ("b3a25eb6-7a61-4788-863a-371f044b675d",
	"4eff7d26-2012-437c-9012-6f101b215ccd",
	"00000000-0000-0000-0000-000000000000",
	77,
	2,
	'test line: 77');
INSERT INTO ACT_BRG
	VALUES ("b3a25eb6-7a61-4788-863a-371f044b675d",
	"b5ac1dce-f75b-480f-b202-02adf2454908",
	77,
	7,
	77,
	2);
INSERT INTO V_VAL
	VALUES ("cd5cd57d-ba02-4a22-abc3-5d7de206bf73",
	0,
	0,
	77,
	26,
	37,
	0,
	0,
	0,
	0,
	"4c4770ba-abac-48a5-80a0-405dffe101a8",
	"4eff7d26-2012-437c-9012-6f101b215ccd");
INSERT INTO V_LST
	VALUES ("cd5cd57d-ba02-4a22-abc3-5d7de206bf73",
	'Wrong Value');
INSERT INTO V_PAR
	VALUES ("cd5cd57d-ba02-4a22-abc3-5d7de206bf73",
	"b3a25eb6-7a61-4788-863a-371f044b675d",
	"00000000-0000-0000-0000-000000000000",
	'message',
	"00000000-0000-0000-0000-000000000000",
	77,
	18);
INSERT INTO ACT_BLK
	VALUES ("21a9b3e2-aadd-41a0-a09b-a1d2a3ffa1fc",
	0,
	0,
	0,
	'LOG',
	'',
	'',
	81,
	2,
	81,
	2,
	0,
	0,
	0,
	0,
	0,
	0,
	0,
	0,
	0,
	"ed8e04f1-41e7-4015-8b74-5dea261ff330",
	"00000000-0000-0000-0000-000000000000");
INSERT INTO ACT_SMT
	VALUES ("7b4e2fa0-683b-46e1-9101-3ea3a66981c0",
	"21a9b3e2-aadd-41a0-a09b-a1d2a3ffa1fc",
	"00000000-0000-0000-0000-000000000000",
	81,
	2,
	'test line: 81');
INSERT INTO ACT_BRG
	VALUES ("7b4e2fa0-683b-46e1-9101-3ea3a66981c0",
	"5b43111e-d7a2-4879-9bf3-2e8bf6fe585c",
	81,
	7,
	81,
	2);
INSERT INTO V_VAL
	VALUES ("852df7b5-4300-4a11-afb8-d310934b541a",
	0,
	0,
	81,
	26,
	39,
	0,
	0,
	0,
	0,
	"4c4770ba-abac-48a5-80a0-405dffe101a8",
	"21a9b3e2-aadd-41a0-a09b-a1d2a3ffa1fc");
INSERT INTO V_LST
	VALUES ("852df7b5-4300-4a11-afb8-d310934b541a",
	'Correct Value');
INSERT INTO V_PAR
	VALUES ("852df7b5-4300-4a11-afb8-d310934b541a",
	"7b4e2fa0-683b-46e1-9101-3ea3a66981c0",
	"00000000-0000-0000-0000-000000000000",
	'message',
	"00000000-0000-0000-0000-000000000000",
	81,
	18);
INSERT INTO ACT_BLK
	VALUES ("1a58e0fb-c397-4bdc-b34b-724a75912807",
	0,
	0,
	0,
	'LOG',
	'',
	'',
	83,
	2,
	83,
	2,
	0,
	0,
	0,
	0,
	0,
	0,
	0,
	0,
	0,
	"ed8e04f1-41e7-4015-8b74-5dea261ff330",
	"00000000-0000-0000-0000-000000000000");
INSERT INTO ACT_SMT
	VALUES ("faf35139-8228-434e-af32-4168030fa9ca",
	"1a58e0fb-c397-4bdc-b34b-724a75912807",
	"00000000-0000-0000-0000-000000000000",
	83,
	2,
	'test line: 83');
INSERT INTO ACT_BRG
	VALUES ("faf35139-8228-434e-af32-4168030fa9ca",
	"b5ac1dce-f75b-480f-b202-02adf2454908",
	83,
	7,
	83,
	2);
INSERT INTO V_VAL
	VALUES ("b2443e3e-c62b-4bfb-9695-1c8fa44dc8f8",
	0,
	0,
	83,
	26,
	37,
	0,
	0,
	0,
	0,
	"4c4770ba-abac-48a5-80a0-405dffe101a8",
	"1a58e0fb-c397-4bdc-b34b-724a75912807");
INSERT INTO V_LST
	VALUES ("b2443e3e-c62b-4bfb-9695-1c8fa44dc8f8",
	'Wrong Value');
INSERT INTO V_PAR
	VALUES ("b2443e3e-c62b-4bfb-9695-1c8fa44dc8f8",
	"faf35139-8228-434e-af32-4168030fa9ca",
	"00000000-0000-0000-0000-000000000000",
	'message',
	"00000000-0000-0000-0000-000000000000",
	83,
	18);
INSERT INTO ACT_BLK
	VALUES ("273159ba-4f89-440e-987f-7ff1ee9cf6e3",
	0,
	0,
	0,
	'LOG',
	'',
	'',
	87,
	2,
	87,
	2,
	0,
	0,
	0,
	0,
	0,
	0,
	0,
	0,
	0,
	"ed8e04f1-41e7-4015-8b74-5dea261ff330",
	"00000000-0000-0000-0000-000000000000");
INSERT INTO ACT_SMT
	VALUES ("12596be3-61ca-4adf-b5bb-e04eeb003ab9",
	"273159ba-4f89-440e-987f-7ff1ee9cf6e3",
	"00000000-0000-0000-0000-000000000000",
	87,
	2,
	'test line: 87');
INSERT INTO ACT_BRG
	VALUES ("12596be3-61ca-4adf-b5bb-e04eeb003ab9",
	"5b43111e-d7a2-4879-9bf3-2e8bf6fe585c",
	87,
	7,
	87,
	2);
INSERT INTO V_VAL
	VALUES ("0bc1b9d7-d0a1-4377-882e-b908544f5106",
	0,
	0,
	87,
	26,
	39,
	0,
	0,
	0,
	0,
	"4c4770ba-abac-48a5-80a0-405dffe101a8",
	"273159ba-4f89-440e-987f-7ff1ee9cf6e3");
INSERT INTO V_LST
	VALUES ("0bc1b9d7-d0a1-4377-882e-b908544f5106",
	'Correct Value');
INSERT INTO V_PAR
	VALUES ("0bc1b9d7-d0a1-4377-882e-b908544f5106",
	"12596be3-61ca-4adf-b5bb-e04eeb003ab9",
	"00000000-0000-0000-0000-000000000000",
	'message',
	"00000000-0000-0000-0000-000000000000",
	87,
	18);
INSERT INTO ACT_BLK
	VALUES ("ab720988-45fd-449d-9421-1d7f8f063d8d",
	0,
	0,
	0,
	'LOG',
	'',
	'',
	89,
	2,
	89,
	2,
	0,
	0,
	0,
	0,
	0,
	0,
	0,
	0,
	0,
	"ed8e04f1-41e7-4015-8b74-5dea261ff330",
	"00000000-0000-0000-0000-000000000000");
INSERT INTO ACT_SMT
	VALUES ("8060f606-c4d2-4c4e-9dfb-e6dfa80bca0d",
	"ab720988-45fd-449d-9421-1d7f8f063d8d",
	"00000000-0000-0000-0000-000000000000",
	89,
	2,
	'test line: 89');
INSERT INTO ACT_BRG
	VALUES ("8060f606-c4d2-4c4e-9dfb-e6dfa80bca0d",
	"b5ac1dce-f75b-480f-b202-02adf2454908",
	89,
	7,
	89,
	2);
INSERT INTO V_VAL
	VALUES ("3fc125de-b96e-41d2-bb36-a6f20497d42f",
	0,
	0,
	89,
	26,
	37,
	0,
	0,
	0,
	0,
	"4c4770ba-abac-48a5-80a0-405dffe101a8",
	"ab720988-45fd-449d-9421-1d7f8f063d8d");
INSERT INTO V_LST
	VALUES ("3fc125de-b96e-41d2-bb36-a6f20497d42f",
	'Wrong Value');
INSERT INTO V_PAR
	VALUES ("3fc125de-b96e-41d2-bb36-a6f20497d42f",
	"8060f606-c4d2-4c4e-9dfb-e6dfa80bca0d",
	"00000000-0000-0000-0000-000000000000",
	'message',
	"00000000-0000-0000-0000-000000000000",
	89,
	18);
INSERT INTO ACT_BLK
	VALUES ("2c152091-6f7e-4914-8f2b-68e371c0c441",
	0,
	0,
	0,
	'LOG',
	'',
	'',
	101,
	2,
	101,
	2,
	0,
	0,
	0,
	0,
	0,
	0,
	0,
	0,
	0,
	"ed8e04f1-41e7-4015-8b74-5dea261ff330",
	"00000000-0000-0000-0000-000000000000");
INSERT INTO ACT_SMT
	VALUES ("9b416a87-669b-4e10-9481-e6366540052e",
	"2c152091-6f7e-4914-8f2b-68e371c0c441",
	"00000000-0000-0000-0000-000000000000",
	101,
	2,
	'test line: 101');
INSERT INTO ACT_BRG
	VALUES ("9b416a87-669b-4e10-9481-e6366540052e",
	"5b43111e-d7a2-4879-9bf3-2e8bf6fe585c",
	101,
	7,
	101,
	2);
INSERT INTO V_VAL
	VALUES ("2034fad1-923f-4881-be6f-4f262a959e08",
	0,
	0,
	101,
	26,
	39,
	0,
	0,
	0,
	0,
	"4c4770ba-abac-48a5-80a0-405dffe101a8",
	"2c152091-6f7e-4914-8f2b-68e371c0c441");
INSERT INTO V_LST
	VALUES ("2034fad1-923f-4881-be6f-4f262a959e08",
	'Correct Value');
INSERT INTO V_PAR
	VALUES ("2034fad1-923f-4881-be6f-4f262a959e08",
	"9b416a87-669b-4e10-9481-e6366540052e",
	"00000000-0000-0000-0000-000000000000",
	'message',
	"00000000-0000-0000-0000-000000000000",
	101,
	18);
INSERT INTO ACT_BLK
	VALUES ("5609f40e-8ad2-4ebb-b757-7037d06a3c59",
	0,
	0,
	0,
	'LOG',
	'',
	'',
	103,
	2,
	103,
	2,
	0,
	0,
	0,
	0,
	0,
	0,
	0,
	0,
	0,
	"ed8e04f1-41e7-4015-8b74-5dea261ff330",
	"00000000-0000-0000-0000-000000000000");
INSERT INTO ACT_SMT
	VALUES ("cff6fcac-8fb2-4b3e-b2d6-bacaa41ead43",
	"5609f40e-8ad2-4ebb-b757-7037d06a3c59",
	"00000000-0000-0000-0000-000000000000",
	103,
	2,
	'test line: 103');
INSERT INTO ACT_BRG
	VALUES ("cff6fcac-8fb2-4b3e-b2d6-bacaa41ead43",
	"b5ac1dce-f75b-480f-b202-02adf2454908",
	103,
	7,
	103,
	2);
INSERT INTO V_VAL
	VALUES ("670f9762-726e-4f11-93c6-90bba35440dd",
	0,
	0,
	103,
	26,
	37,
	0,
	0,
	0,
	0,
	"4c4770ba-abac-48a5-80a0-405dffe101a8",
	"5609f40e-8ad2-4ebb-b757-7037d06a3c59");
INSERT INTO V_LST
	VALUES ("670f9762-726e-4f11-93c6-90bba35440dd",
	'Wrong Value');
INSERT INTO V_PAR
	VALUES ("670f9762-726e-4f11-93c6-90bba35440dd",
	"cff6fcac-8fb2-4b3e-b2d6-bacaa41ead43",
	"00000000-0000-0000-0000-000000000000",
	'message',
	"00000000-0000-0000-0000-000000000000",
	103,
	18);
INSERT INTO ACT_BLK
	VALUES ("77569025-dfda-4246-8648-919cedbf7904",
	0,
	0,
	0,
	'LOG',
	'',
	'',
	107,
	2,
	107,
	2,
	0,
	0,
	0,
	0,
	0,
	0,
	0,
	0,
	0,
	"ed8e04f1-41e7-4015-8b74-5dea261ff330",
	"00000000-0000-0000-0000-000000000000");
INSERT INTO ACT_SMT
	VALUES ("585a69cc-b11d-4ee0-be47-319727e6964a",
	"77569025-dfda-4246-8648-919cedbf7904",
	"00000000-0000-0000-0000-000000000000",
	107,
	2,
	'test line: 107');
INSERT INTO ACT_BRG
	VALUES ("585a69cc-b11d-4ee0-be47-319727e6964a",
	"5b43111e-d7a2-4879-9bf3-2e8bf6fe585c",
	107,
	7,
	107,
	2);
INSERT INTO V_VAL
	VALUES ("3b50fea8-74ab-4fe5-83fb-17c28425a19c",
	0,
	0,
	107,
	26,
	39,
	0,
	0,
	0,
	0,
	"4c4770ba-abac-48a5-80a0-405dffe101a8",
	"77569025-dfda-4246-8648-919cedbf7904");
INSERT INTO V_LST
	VALUES ("3b50fea8-74ab-4fe5-83fb-17c28425a19c",
	'Correct Value');
INSERT INTO V_PAR
	VALUES ("3b50fea8-74ab-4fe5-83fb-17c28425a19c",
	"585a69cc-b11d-4ee0-be47-319727e6964a",
	"00000000-0000-0000-0000-000000000000",
	'message',
	"00000000-0000-0000-0000-000000000000",
	107,
	18);
INSERT INTO ACT_BLK
	VALUES ("24b63e7d-f8c7-4cec-9978-b15fa9080160",
	0,
	0,
	0,
	'LOG',
	'',
	'',
	109,
	2,
	109,
	2,
	0,
	0,
	0,
	0,
	0,
	0,
	0,
	0,
	0,
	"ed8e04f1-41e7-4015-8b74-5dea261ff330",
	"00000000-0000-0000-0000-000000000000");
INSERT INTO ACT_SMT
	VALUES ("2b6adabb-254c-4b9d-9e5a-7050731e6642",
	"24b63e7d-f8c7-4cec-9978-b15fa9080160",
	"00000000-0000-0000-0000-000000000000",
	109,
	2,
	'test line: 109');
INSERT INTO ACT_BRG
	VALUES ("2b6adabb-254c-4b9d-9e5a-7050731e6642",
	"b5ac1dce-f75b-480f-b202-02adf2454908",
	109,
	7,
	109,
	2);
INSERT INTO V_VAL
	VALUES ("cf5eafc5-6f6d-40a2-beb2-7a07e3a047cc",
	0,
	0,
	109,
	26,
	37,
	0,
	0,
	0,
	0,
	"4c4770ba-abac-48a5-80a0-405dffe101a8",
	"24b63e7d-f8c7-4cec-9978-b15fa9080160");
INSERT INTO V_LST
	VALUES ("cf5eafc5-6f6d-40a2-beb2-7a07e3a047cc",
	'Wrong Value');
INSERT INTO V_PAR
	VALUES ("cf5eafc5-6f6d-40a2-beb2-7a07e3a047cc",
	"2b6adabb-254c-4b9d-9e5a-7050731e6642",
	"00000000-0000-0000-0000-000000000000",
	'message',
	"00000000-0000-0000-0000-000000000000",
	109,
	18);
INSERT INTO ACT_BLK
	VALUES ("2cbe1985-943f-49bd-adf6-f706672b1953",
	0,
	0,
	0,
	'LOG',
	'',
	'',
	113,
	2,
	113,
	2,
	0,
	0,
	0,
	0,
	0,
	0,
	0,
	0,
	0,
	"ed8e04f1-41e7-4015-8b74-5dea261ff330",
	"00000000-0000-0000-0000-000000000000");
INSERT INTO ACT_SMT
	VALUES ("ef215df6-beb5-4201-aba9-2840ad5f41c4",
	"2cbe1985-943f-49bd-adf6-f706672b1953",
	"00000000-0000-0000-0000-000000000000",
	113,
	2,
	'test line: 113');
INSERT INTO ACT_BRG
	VALUES ("ef215df6-beb5-4201-aba9-2840ad5f41c4",
	"5b43111e-d7a2-4879-9bf3-2e8bf6fe585c",
	113,
	7,
	113,
	2);
INSERT INTO V_VAL
	VALUES ("8fb3e7d8-7ef4-42c7-8bba-2b0fa38bdd59",
	0,
	0,
	113,
	26,
	39,
	0,
	0,
	0,
	0,
	"4c4770ba-abac-48a5-80a0-405dffe101a8",
	"2cbe1985-943f-49bd-adf6-f706672b1953");
INSERT INTO V_LST
	VALUES ("8fb3e7d8-7ef4-42c7-8bba-2b0fa38bdd59",
	'Correct Value');
INSERT INTO V_PAR
	VALUES ("8fb3e7d8-7ef4-42c7-8bba-2b0fa38bdd59",
	"ef215df6-beb5-4201-aba9-2840ad5f41c4",
	"00000000-0000-0000-0000-000000000000",
	'message',
	"00000000-0000-0000-0000-000000000000",
	113,
	18);
INSERT INTO ACT_BLK
	VALUES ("94321bf8-5c94-4484-987e-d5f084c070f3",
	0,
	0,
	0,
	'LOG',
	'',
	'',
	115,
	2,
	115,
	2,
	0,
	0,
	0,
	0,
	0,
	0,
	0,
	0,
	0,
	"ed8e04f1-41e7-4015-8b74-5dea261ff330",
	"00000000-0000-0000-0000-000000000000");
INSERT INTO ACT_SMT
	VALUES ("9b07597c-73c3-4ba0-a842-fa39c64148c7",
	"94321bf8-5c94-4484-987e-d5f084c070f3",
	"00000000-0000-0000-0000-000000000000",
	115,
	2,
	'test line: 115');
INSERT INTO ACT_BRG
	VALUES ("9b07597c-73c3-4ba0-a842-fa39c64148c7",
	"b5ac1dce-f75b-480f-b202-02adf2454908",
	115,
	7,
	115,
	2);
INSERT INTO V_VAL
	VALUES ("dca94975-648b-4370-84a2-3b8691943071",
	0,
	0,
	115,
	26,
	37,
	0,
	0,
	0,
	0,
	"4c4770ba-abac-48a5-80a0-405dffe101a8",
	"94321bf8-5c94-4484-987e-d5f084c070f3");
INSERT INTO V_LST
	VALUES ("dca94975-648b-4370-84a2-3b8691943071",
	'Wrong Value');
INSERT INTO V_PAR
	VALUES ("dca94975-648b-4370-84a2-3b8691943071",
	"9b07597c-73c3-4ba0-a842-fa39c64148c7",
	"00000000-0000-0000-0000-000000000000",
	'message',
	"00000000-0000-0000-0000-000000000000",
	115,
	18);
INSERT INTO ACT_BLK
	VALUES ("7491aff5-8536-4a96-a51a-16ef2dc3534d",
	0,
	0,
	0,
	'LOG',
	'',
	'',
	119,
	2,
	119,
	2,
	0,
	0,
	0,
	0,
	0,
	0,
	0,
	0,
	0,
	"ed8e04f1-41e7-4015-8b74-5dea261ff330",
	"00000000-0000-0000-0000-000000000000");
INSERT INTO ACT_SMT
	VALUES ("e421fcd7-709a-42f1-b69e-6a756e90edf0",
	"7491aff5-8536-4a96-a51a-16ef2dc3534d",
	"00000000-0000-0000-0000-000000000000",
	119,
	2,
	'test line: 119');
INSERT INTO ACT_BRG
	VALUES ("e421fcd7-709a-42f1-b69e-6a756e90edf0",
	"5b43111e-d7a2-4879-9bf3-2e8bf6fe585c",
	119,
	7,
	119,
	2);
INSERT INTO V_VAL
	VALUES ("4b5f959a-432f-4ea6-9f05-17cda454fb0e",
	0,
	0,
	119,
	26,
	39,
	0,
	0,
	0,
	0,
	"4c4770ba-abac-48a5-80a0-405dffe101a8",
	"7491aff5-8536-4a96-a51a-16ef2dc3534d");
INSERT INTO V_LST
	VALUES ("4b5f959a-432f-4ea6-9f05-17cda454fb0e",
	'Correct Value');
INSERT INTO V_PAR
	VALUES ("4b5f959a-432f-4ea6-9f05-17cda454fb0e",
	"e421fcd7-709a-42f1-b69e-6a756e90edf0",
	"00000000-0000-0000-0000-000000000000",
	'message',
	"00000000-0000-0000-0000-000000000000",
	119,
	18);
INSERT INTO ACT_BLK
	VALUES ("62e2d277-231f-4d19-bb36-5f7d01e25e95",
	0,
	0,
	0,
	'LOG',
	'',
	'',
	121,
	2,
	121,
	2,
	0,
	0,
	0,
	0,
	0,
	0,
	0,
	0,
	0,
	"ed8e04f1-41e7-4015-8b74-5dea261ff330",
	"00000000-0000-0000-0000-000000000000");
INSERT INTO ACT_SMT
	VALUES ("d22f2829-0ffe-4758-af1c-a1a89175d042",
	"62e2d277-231f-4d19-bb36-5f7d01e25e95",
	"00000000-0000-0000-0000-000000000000",
	121,
	2,
	'test line: 121');
INSERT INTO ACT_BRG
	VALUES ("d22f2829-0ffe-4758-af1c-a1a89175d042",
	"b5ac1dce-f75b-480f-b202-02adf2454908",
	121,
	7,
	121,
	2);
INSERT INTO V_VAL
	VALUES ("7cc2cf6a-1dc9-4e75-9535-d430b48ac5a4",
	0,
	0,
	121,
	26,
	37,
	0,
	0,
	0,
	0,
	"4c4770ba-abac-48a5-80a0-405dffe101a8",
	"62e2d277-231f-4d19-bb36-5f7d01e25e95");
INSERT INTO V_LST
	VALUES ("7cc2cf6a-1dc9-4e75-9535-d430b48ac5a4",
	'Wrong Value');
INSERT INTO V_PAR
	VALUES ("7cc2cf6a-1dc9-4e75-9535-d430b48ac5a4",
	"d22f2829-0ffe-4758-af1c-a1a89175d042",
	"00000000-0000-0000-0000-000000000000",
	'message',
	"00000000-0000-0000-0000-000000000000",
	121,
	18);
INSERT INTO ACT_BLK
	VALUES ("44e0fb44-6a21-4673-81f0-b855904f635b",
	0,
	0,
	0,
	'LOG',
	'',
	'',
	135,
	2,
	135,
	2,
	0,
	0,
	0,
	0,
	0,
	0,
	0,
	0,
	0,
	"ed8e04f1-41e7-4015-8b74-5dea261ff330",
	"00000000-0000-0000-0000-000000000000");
INSERT INTO ACT_SMT
	VALUES ("71727165-2832-4dae-bd90-2cc6971e4b07",
	"44e0fb44-6a21-4673-81f0-b855904f635b",
	"00000000-0000-0000-0000-000000000000",
	135,
	2,
	'test line: 135');
INSERT INTO ACT_BRG
	VALUES ("71727165-2832-4dae-bd90-2cc6971e4b07",
	"5b43111e-d7a2-4879-9bf3-2e8bf6fe585c",
	135,
	7,
	135,
	2);
INSERT INTO V_VAL
	VALUES ("1dcb86d7-6e6e-4ffb-91d9-1e56fc57b08a",
	0,
	0,
	135,
	26,
	39,
	0,
	0,
	0,
	0,
	"4c4770ba-abac-48a5-80a0-405dffe101a8",
	"44e0fb44-6a21-4673-81f0-b855904f635b");
INSERT INTO V_LST
	VALUES ("1dcb86d7-6e6e-4ffb-91d9-1e56fc57b08a",
	'Correct Value');
INSERT INTO V_PAR
	VALUES ("1dcb86d7-6e6e-4ffb-91d9-1e56fc57b08a",
	"71727165-2832-4dae-bd90-2cc6971e4b07",
	"00000000-0000-0000-0000-000000000000",
	'message',
	"00000000-0000-0000-0000-000000000000",
	135,
	18);
INSERT INTO ACT_BLK
	VALUES ("838396ee-30b3-42dd-8abc-788828e23d58",
	0,
	0,
	0,
	'LOG',
	'',
	'',
	137,
	2,
	137,
	2,
	0,
	0,
	0,
	0,
	0,
	0,
	0,
	0,
	0,
	"ed8e04f1-41e7-4015-8b74-5dea261ff330",
	"00000000-0000-0000-0000-000000000000");
INSERT INTO ACT_SMT
	VALUES ("0cf38d7b-0123-4660-bbc6-6d67bf99f30d",
	"838396ee-30b3-42dd-8abc-788828e23d58",
	"00000000-0000-0000-0000-000000000000",
	137,
	2,
	'test line: 137');
INSERT INTO ACT_BRG
	VALUES ("0cf38d7b-0123-4660-bbc6-6d67bf99f30d",
	"b5ac1dce-f75b-480f-b202-02adf2454908",
	137,
	7,
	137,
	2);
INSERT INTO V_VAL
	VALUES ("969d74c5-08f1-409b-bcc8-f0da4c7a81ab",
	0,
	0,
	137,
	26,
	37,
	0,
	0,
	0,
	0,
	"4c4770ba-abac-48a5-80a0-405dffe101a8",
	"838396ee-30b3-42dd-8abc-788828e23d58");
INSERT INTO V_LST
	VALUES ("969d74c5-08f1-409b-bcc8-f0da4c7a81ab",
	'Wrong Value');
INSERT INTO V_PAR
	VALUES ("969d74c5-08f1-409b-bcc8-f0da4c7a81ab",
	"0cf38d7b-0123-4660-bbc6-6d67bf99f30d",
	"00000000-0000-0000-0000-000000000000",
	'message',
	"00000000-0000-0000-0000-000000000000",
	137,
	18);
INSERT INTO ACT_BLK
	VALUES ("97b67e90-6c3f-496d-877c-98336a9b9873",
	0,
	0,
	0,
	'LOG',
	'',
	'',
	141,
	2,
	141,
	2,
	0,
	0,
	0,
	0,
	0,
	0,
	0,
	0,
	0,
	"ed8e04f1-41e7-4015-8b74-5dea261ff330",
	"00000000-0000-0000-0000-000000000000");
INSERT INTO ACT_SMT
	VALUES ("257a4d88-3afe-4251-9633-38021f86af8c",
	"97b67e90-6c3f-496d-877c-98336a9b9873",
	"00000000-0000-0000-0000-000000000000",
	141,
	2,
	'test line: 141');
INSERT INTO ACT_BRG
	VALUES ("257a4d88-3afe-4251-9633-38021f86af8c",
	"5b43111e-d7a2-4879-9bf3-2e8bf6fe585c",
	141,
	7,
	141,
	2);
INSERT INTO V_VAL
	VALUES ("a18729cd-6358-4600-b007-3449524ef0f6",
	0,
	0,
	141,
	26,
	39,
	0,
	0,
	0,
	0,
	"4c4770ba-abac-48a5-80a0-405dffe101a8",
	"97b67e90-6c3f-496d-877c-98336a9b9873");
INSERT INTO V_LST
	VALUES ("a18729cd-6358-4600-b007-3449524ef0f6",
	'Correct Value');
INSERT INTO V_PAR
	VALUES ("a18729cd-6358-4600-b007-3449524ef0f6",
	"257a4d88-3afe-4251-9633-38021f86af8c",
	"00000000-0000-0000-0000-000000000000",
	'message',
	"00000000-0000-0000-0000-000000000000",
	141,
	18);
INSERT INTO ACT_BLK
	VALUES ("078870d6-ac79-4a60-b25e-75da59e228a0",
	0,
	0,
	0,
	'LOG',
	'',
	'',
	143,
	2,
	143,
	2,
	0,
	0,
	0,
	0,
	0,
	0,
	0,
	0,
	0,
	"ed8e04f1-41e7-4015-8b74-5dea261ff330",
	"00000000-0000-0000-0000-000000000000");
INSERT INTO ACT_SMT
	VALUES ("01e6cc0e-d44d-461b-88f0-7a7ea650ef1b",
	"078870d6-ac79-4a60-b25e-75da59e228a0",
	"00000000-0000-0000-0000-000000000000",
	143,
	2,
	'test line: 143');
INSERT INTO ACT_BRG
	VALUES ("01e6cc0e-d44d-461b-88f0-7a7ea650ef1b",
	"b5ac1dce-f75b-480f-b202-02adf2454908",
	143,
	7,
	143,
	2);
INSERT INTO V_VAL
	VALUES ("38b15b21-f095-43fd-b7c1-9216feb72b5e",
	0,
	0,
	143,
	26,
	37,
	0,
	0,
	0,
	0,
	"4c4770ba-abac-48a5-80a0-405dffe101a8",
	"078870d6-ac79-4a60-b25e-75da59e228a0");
INSERT INTO V_LST
	VALUES ("38b15b21-f095-43fd-b7c1-9216feb72b5e",
	'Wrong Value');
INSERT INTO V_PAR
	VALUES ("38b15b21-f095-43fd-b7c1-9216feb72b5e",
	"01e6cc0e-d44d-461b-88f0-7a7ea650ef1b",
	"00000000-0000-0000-0000-000000000000",
	'message',
	"00000000-0000-0000-0000-000000000000",
	143,
	18);
INSERT INTO ACT_BLK
	VALUES ("387b9a79-b2ee-4271-a763-29bd1cd97c32",
	0,
	0,
	0,
	'LOG',
	'',
	'',
	147,
	2,
	147,
	2,
	0,
	0,
	0,
	0,
	0,
	0,
	0,
	0,
	0,
	"ed8e04f1-41e7-4015-8b74-5dea261ff330",
	"00000000-0000-0000-0000-000000000000");
INSERT INTO ACT_SMT
	VALUES ("99ba15dd-5df2-4e3e-b4df-a0ad3c893034",
	"387b9a79-b2ee-4271-a763-29bd1cd97c32",
	"00000000-0000-0000-0000-000000000000",
	147,
	2,
	'test line: 147');
INSERT INTO ACT_BRG
	VALUES ("99ba15dd-5df2-4e3e-b4df-a0ad3c893034",
	"5b43111e-d7a2-4879-9bf3-2e8bf6fe585c",
	147,
	7,
	147,
	2);
INSERT INTO V_VAL
	VALUES ("30084f67-3f61-4deb-a86a-547391fb6510",
	0,
	0,
	147,
	26,
	39,
	0,
	0,
	0,
	0,
	"4c4770ba-abac-48a5-80a0-405dffe101a8",
	"387b9a79-b2ee-4271-a763-29bd1cd97c32");
INSERT INTO V_LST
	VALUES ("30084f67-3f61-4deb-a86a-547391fb6510",
	'Correct Value');
INSERT INTO V_PAR
	VALUES ("30084f67-3f61-4deb-a86a-547391fb6510",
	"99ba15dd-5df2-4e3e-b4df-a0ad3c893034",
	"00000000-0000-0000-0000-000000000000",
	'message',
	"00000000-0000-0000-0000-000000000000",
	147,
	18);
INSERT INTO ACT_BLK
	VALUES ("2cb16225-5376-4d99-8a5b-b379d08de4bd",
	0,
	0,
	0,
	'LOG',
	'',
	'',
	149,
	2,
	149,
	2,
	0,
	0,
	0,
	0,
	0,
	0,
	0,
	0,
	0,
	"ed8e04f1-41e7-4015-8b74-5dea261ff330",
	"00000000-0000-0000-0000-000000000000");
INSERT INTO ACT_SMT
	VALUES ("8cff0beb-4ba9-496f-a9e8-bcbc6ae182ec",
	"2cb16225-5376-4d99-8a5b-b379d08de4bd",
	"00000000-0000-0000-0000-000000000000",
	149,
	2,
	'test line: 149');
INSERT INTO ACT_BRG
	VALUES ("8cff0beb-4ba9-496f-a9e8-bcbc6ae182ec",
	"b5ac1dce-f75b-480f-b202-02adf2454908",
	149,
	7,
	149,
	2);
INSERT INTO V_VAL
	VALUES ("a6ba8277-cb1c-4097-8cd9-f3a1ccc8f1c9",
	0,
	0,
	149,
	26,
	37,
	0,
	0,
	0,
	0,
	"4c4770ba-abac-48a5-80a0-405dffe101a8",
	"2cb16225-5376-4d99-8a5b-b379d08de4bd");
INSERT INTO V_LST
	VALUES ("a6ba8277-cb1c-4097-8cd9-f3a1ccc8f1c9",
	'Wrong Value');
INSERT INTO V_PAR
	VALUES ("a6ba8277-cb1c-4097-8cd9-f3a1ccc8f1c9",
	"8cff0beb-4ba9-496f-a9e8-bcbc6ae182ec",
	"00000000-0000-0000-0000-000000000000",
	'message',
	"00000000-0000-0000-0000-000000000000",
	149,
	18);
INSERT INTO ACT_BLK
	VALUES ("9de5b2a7-bbfe-4ce2-9d2f-9ad873125c95",
	0,
	0,
	0,
	'LOG',
	'',
	'',
	153,
	2,
	153,
	2,
	0,
	0,
	0,
	0,
	0,
	0,
	0,
	0,
	0,
	"ed8e04f1-41e7-4015-8b74-5dea261ff330",
	"00000000-0000-0000-0000-000000000000");
INSERT INTO ACT_SMT
	VALUES ("e1fc3c03-ff38-44ca-bf74-4b2981e28d88",
	"9de5b2a7-bbfe-4ce2-9d2f-9ad873125c95",
	"00000000-0000-0000-0000-000000000000",
	153,
	2,
	'test line: 153');
INSERT INTO ACT_BRG
	VALUES ("e1fc3c03-ff38-44ca-bf74-4b2981e28d88",
	"5b43111e-d7a2-4879-9bf3-2e8bf6fe585c",
	153,
	7,
	153,
	2);
INSERT INTO V_VAL
	VALUES ("3864282d-7965-47e7-9a68-c3aced359c26",
	0,
	0,
	153,
	26,
	39,
	0,
	0,
	0,
	0,
	"4c4770ba-abac-48a5-80a0-405dffe101a8",
	"9de5b2a7-bbfe-4ce2-9d2f-9ad873125c95");
INSERT INTO V_LST
	VALUES ("3864282d-7965-47e7-9a68-c3aced359c26",
	'Correct Value');
INSERT INTO V_PAR
	VALUES ("3864282d-7965-47e7-9a68-c3aced359c26",
	"e1fc3c03-ff38-44ca-bf74-4b2981e28d88",
	"00000000-0000-0000-0000-000000000000",
	'message',
	"00000000-0000-0000-0000-000000000000",
	153,
	18);
INSERT INTO ACT_BLK
	VALUES ("f3ca571b-47d3-42be-9dbb-8320ce9c6fc9",
	0,
	0,
	0,
	'LOG',
	'',
	'',
	155,
	2,
	155,
	2,
	0,
	0,
	0,
	0,
	0,
	0,
	0,
	0,
	0,
	"ed8e04f1-41e7-4015-8b74-5dea261ff330",
	"00000000-0000-0000-0000-000000000000");
INSERT INTO ACT_SMT
	VALUES ("7d8e9ec3-878f-4395-b475-c62c297f8322",
	"f3ca571b-47d3-42be-9dbb-8320ce9c6fc9",
	"00000000-0000-0000-0000-000000000000",
	155,
	2,
	'test line: 155');
INSERT INTO ACT_BRG
	VALUES ("7d8e9ec3-878f-4395-b475-c62c297f8322",
	"b5ac1dce-f75b-480f-b202-02adf2454908",
	155,
	7,
	155,
	2);
INSERT INTO V_VAL
	VALUES ("d5378ef1-df14-445e-b47c-52d3b098747e",
	0,
	0,
	155,
	26,
	37,
	0,
	0,
	0,
	0,
	"4c4770ba-abac-48a5-80a0-405dffe101a8",
	"f3ca571b-47d3-42be-9dbb-8320ce9c6fc9");
INSERT INTO V_LST
	VALUES ("d5378ef1-df14-445e-b47c-52d3b098747e",
	'Wrong Value');
INSERT INTO V_PAR
	VALUES ("d5378ef1-df14-445e-b47c-52d3b098747e",
	"7d8e9ec3-878f-4395-b475-c62c297f8322",
	"00000000-0000-0000-0000-000000000000",
	'message',
	"00000000-0000-0000-0000-000000000000",
	155,
	18);
