-- root-types-contained: SystemModel_c,PackageableElement_c,DataType_c,CoreDataType_c,UserDataType_c
-- BP 7.1 content: StreamData syschar: 3 persistence-version: 7.1.6

INSERT INTO S_SYS
	VALUES ("f62b3d8c-b857-45d0-b53b-09384ea93800",
	'Logic',
	1);
INSERT INTO EP_PKG
	VALUES ("577a60a4-105f-4a60-bfc4-1580a174bbb1",
	"f62b3d8c-b857-45d0-b53b-09384ea93800",
	"f62b3d8c-b857-45d0-b53b-09384ea93800",
	'types',
	'',
	0);
INSERT INTO PE_PE
	VALUES ("bb461d7b-554e-498f-9605-c3dcf6c99b04",
	1,
	"577a60a4-105f-4a60-bfc4-1580a174bbb1",
	"00000000-0000-0000-0000-000000000000",
	3);
INSERT INTO S_DT
	VALUES ("bb461d7b-554e-498f-9605-c3dcf6c99b04",
	"00000000-0000-0000-0000-000000000000",
	'MASLtype',
	'',
	'');
INSERT INTO S_UDT
	VALUES ("bb461d7b-554e-498f-9605-c3dcf6c99b04",
	"ba5eda7a-def5-0000-0000-000000000004",
	0,
	'');
INSERT INTO PE_PE
	VALUES ("e444eb9e-ac54-4d2b-884d-271706765030",
	1,
	"577a60a4-105f-4a60-bfc4-1580a174bbb1",
	"00000000-0000-0000-0000-000000000000",
	3);
INSERT INTO S_DT
	VALUES ("e444eb9e-ac54-4d2b-884d-271706765030",
	"00000000-0000-0000-0000-000000000000",
	'instance',
	'',
	'');
INSERT INTO S_UDT
	VALUES ("e444eb9e-ac54-4d2b-884d-271706765030",
	"bb461d7b-554e-498f-9605-c3dcf6c99b04",
	0,
	'');
INSERT INTO PE_PE
	VALUES ("25b715e6-78de-4d58-89d3-c25dc99b11dd",
	1,
	"577a60a4-105f-4a60-bfc4-1580a174bbb1",
	"00000000-0000-0000-0000-000000000000",
	3);
INSERT INTO S_DT
	VALUES ("25b715e6-78de-4d58-89d3-c25dc99b11dd",
	"00000000-0000-0000-0000-000000000000",
	'structure',
	'',
	'');
INSERT INTO S_UDT
	VALUES ("25b715e6-78de-4d58-89d3-c25dc99b11dd",
	"bb461d7b-554e-498f-9605-c3dcf6c99b04",
	0,
	'');
INSERT INTO PE_PE
	VALUES ("98354d86-3fac-4538-9846-12dd702be448",
	1,
	"577a60a4-105f-4a60-bfc4-1580a174bbb1",
	"00000000-0000-0000-0000-000000000000",
	3);
INSERT INTO S_DT
	VALUES ("98354d86-3fac-4538-9846-12dd702be448",
	"00000000-0000-0000-0000-000000000000",
	'enum',
	'',
	'');
INSERT INTO S_UDT
	VALUES ("98354d86-3fac-4538-9846-12dd702be448",
	"bb461d7b-554e-498f-9605-c3dcf6c99b04",
	0,
	'');
INSERT INTO PE_PE
	VALUES ("2bda5d03-4ca1-4861-84aa-0a2c8693bf5d",
	1,
	"577a60a4-105f-4a60-bfc4-1580a174bbb1",
	"00000000-0000-0000-0000-000000000000",
	3);
INSERT INTO S_DT
	VALUES ("2bda5d03-4ca1-4861-84aa-0a2c8693bf5d",
	"00000000-0000-0000-0000-000000000000",
	'device',
	'',
	'');
INSERT INTO S_UDT
	VALUES ("2bda5d03-4ca1-4861-84aa-0a2c8693bf5d",
	"bb461d7b-554e-498f-9605-c3dcf6c99b04",
	0,
	'');
INSERT INTO PE_PE
	VALUES ("6a3e832f-7a8e-4128-985a-d17617e8b56c",
	1,
	"577a60a4-105f-4a60-bfc4-1580a174bbb1",
	"00000000-0000-0000-0000-000000000000",
	3);
INSERT INTO S_DT
	VALUES ("6a3e832f-7a8e-4128-985a-d17617e8b56c",
	"00000000-0000-0000-0000-000000000000",
	'event',
	'',
	'');
INSERT INTO S_UDT
	VALUES ("6a3e832f-7a8e-4128-985a-d17617e8b56c",
	"ba5eda7a-def5-0000-0000-00000000000a",
	0,
	'');
INSERT INTO PE_PE
	VALUES ("d547a530-eb7c-4c3c-a7da-286b23d271af",
	1,
	"577a60a4-105f-4a60-bfc4-1580a174bbb1",
	"00000000-0000-0000-0000-000000000000",
	3);
INSERT INTO S_DT
	VALUES ("d547a530-eb7c-4c3c-a7da-286b23d271af",
	"00000000-0000-0000-0000-000000000000",
	'timer',
	'',
	'');
INSERT INTO S_UDT
	VALUES ("d547a530-eb7c-4c3c-a7da-286b23d271af",
	"ba5eda7a-def5-0000-0000-00000000000f",
	0,
	'');
INSERT INTO PE_PE
	VALUES ("0ec65f50-0e5f-4e24-a64f-df3ea7fcfb17",
	1,
	"577a60a4-105f-4a60-bfc4-1580a174bbb1",
	"00000000-0000-0000-0000-000000000000",
	3);
INSERT INTO S_DT
	VALUES ("0ec65f50-0e5f-4e24-a64f-df3ea7fcfb17",
	"00000000-0000-0000-0000-000000000000",
	'timestamp',
	'',
	'');
INSERT INTO S_UDT
	VALUES ("0ec65f50-0e5f-4e24-a64f-df3ea7fcfb17",
	"bb461d7b-554e-498f-9605-c3dcf6c99b04",
	0,
	'');
INSERT INTO PE_PE
	VALUES ("2eafcff7-0fe8-497d-805f-b7b25e518ceb",
	1,
	"577a60a4-105f-4a60-bfc4-1580a174bbb1",
	"00000000-0000-0000-0000-000000000000",
	3);
INSERT INTO S_DT
	VALUES ("2eafcff7-0fe8-497d-805f-b7b25e518ceb",
	"00000000-0000-0000-0000-000000000000",
	'duration',
	'',
	'');
INSERT INTO S_UDT
	VALUES ("2eafcff7-0fe8-497d-805f-b7b25e518ceb",
	"ba5eda7a-def5-0000-0000-000000000002",
	0,
	'');
INSERT INTO PE_PE
	VALUES ("52228a74-dcea-463e-a0c8-6db01fc6ae16",
	1,
	"577a60a4-105f-4a60-bfc4-1580a174bbb1",
	"00000000-0000-0000-0000-000000000000",
	3);
INSERT INTO S_DT
	VALUES ("52228a74-dcea-463e-a0c8-6db01fc6ae16",
	"00000000-0000-0000-0000-000000000000",
	'date',
	'',
	'');
INSERT INTO S_UDT
	VALUES ("52228a74-dcea-463e-a0c8-6db01fc6ae16",
	"ba5eda7a-def5-0000-0000-00000000000e",
	0,
	'');
INSERT INTO PE_PE
	VALUES ("2ab2cba8-16da-4b71-8ff3-b6b462405acd",
	1,
	"577a60a4-105f-4a60-bfc4-1580a174bbb1",
	"00000000-0000-0000-0000-000000000000",
	3);
INSERT INTO S_DT
	VALUES ("2ab2cba8-16da-4b71-8ff3-b6b462405acd",
	"00000000-0000-0000-0000-000000000000",
	'wstring',
	'',
	'');
INSERT INTO S_UDT
	VALUES ("2ab2cba8-16da-4b71-8ff3-b6b462405acd",
	"ba5eda7a-def5-0000-0000-000000000004",
	0,
	'');
INSERT INTO PE_PE
	VALUES ("540a8be3-af77-432d-b38b-2ae058af9c9d",
	1,
	"577a60a4-105f-4a60-bfc4-1580a174bbb1",
	"00000000-0000-0000-0000-000000000000",
	3);
INSERT INTO S_DT
	VALUES ("540a8be3-af77-432d-b38b-2ae058af9c9d",
	"00000000-0000-0000-0000-000000000000",
	'string',
	'',
	'');
INSERT INTO S_UDT
	VALUES ("540a8be3-af77-432d-b38b-2ae058af9c9d",
	"ba5eda7a-def5-0000-0000-000000000004",
	0,
	'');
INSERT INTO PE_PE
	VALUES ("daa3b8a8-6b5b-43e3-9a1b-86e5abceb8fe",
	1,
	"577a60a4-105f-4a60-bfc4-1580a174bbb1",
	"00000000-0000-0000-0000-000000000000",
	3);
INSERT INTO S_DT
	VALUES ("daa3b8a8-6b5b-43e3-9a1b-86e5abceb8fe",
	"00000000-0000-0000-0000-000000000000",
	'real',
	'',
	'');
INSERT INTO S_UDT
	VALUES ("daa3b8a8-6b5b-43e3-9a1b-86e5abceb8fe",
	"ba5eda7a-def5-0000-0000-000000000003",
	0,
	'');
INSERT INTO PE_PE
	VALUES ("dd9fb14a-6b0c-4e3e-8c66-277eb3405e5e",
	1,
	"577a60a4-105f-4a60-bfc4-1580a174bbb1",
	"00000000-0000-0000-0000-000000000000",
	3);
INSERT INTO S_DT
	VALUES ("dd9fb14a-6b0c-4e3e-8c66-277eb3405e5e",
	"00000000-0000-0000-0000-000000000000",
	'long_integer',
	'',
	'');
INSERT INTO S_UDT
	VALUES ("dd9fb14a-6b0c-4e3e-8c66-277eb3405e5e",
	"ba5eda7a-def5-0000-0000-000000000002",
	0,
	'');
INSERT INTO PE_PE
	VALUES ("85b34a6b-cc00-4f26-a739-7de4fc04e2b2",
	1,
	"577a60a4-105f-4a60-bfc4-1580a174bbb1",
	"00000000-0000-0000-0000-000000000000",
	3);
INSERT INTO S_DT
	VALUES ("85b34a6b-cc00-4f26-a739-7de4fc04e2b2",
	"00000000-0000-0000-0000-000000000000",
	'byte',
	'',
	'');
INSERT INTO S_UDT
	VALUES ("85b34a6b-cc00-4f26-a739-7de4fc04e2b2",
	"ba5eda7a-def5-0000-0000-000000000002",
	0,
	'');
INSERT INTO PE_PE
	VALUES ("3598a07e-a6a5-4706-8396-582fd492edb0",
	1,
	"577a60a4-105f-4a60-bfc4-1580a174bbb1",
	"00000000-0000-0000-0000-000000000000",
	3);
INSERT INTO S_DT
	VALUES ("3598a07e-a6a5-4706-8396-582fd492edb0",
	"00000000-0000-0000-0000-000000000000",
	'wcharacter',
	'',
	'');
INSERT INTO S_UDT
	VALUES ("3598a07e-a6a5-4706-8396-582fd492edb0",
	"ba5eda7a-def5-0000-0000-000000000002",
	0,
	'');
INSERT INTO PE_PE
	VALUES ("8cd0c6ac-170e-49e8-a278-26566391a5c0",
	1,
	"577a60a4-105f-4a60-bfc4-1580a174bbb1",
	"00000000-0000-0000-0000-000000000000",
	3);
INSERT INTO S_DT
	VALUES ("8cd0c6ac-170e-49e8-a278-26566391a5c0",
	"00000000-0000-0000-0000-000000000000",
	'character',
	'',
	'');
INSERT INTO S_UDT
	VALUES ("8cd0c6ac-170e-49e8-a278-26566391a5c0",
	"ba5eda7a-def5-0000-0000-000000000002",
	0,
	'');
INSERT INTO PE_PE
	VALUES ("2a95a11f-efe7-4b4f-b07a-2f66aff725e0",
	1,
	"577a60a4-105f-4a60-bfc4-1580a174bbb1",
	"00000000-0000-0000-0000-000000000000",
	3);
INSERT INTO S_DT
	VALUES ("2a95a11f-efe7-4b4f-b07a-2f66aff725e0",
	"00000000-0000-0000-0000-000000000000",
	'integer',
	'',
	'');
INSERT INTO S_UDT
	VALUES ("2a95a11f-efe7-4b4f-b07a-2f66aff725e0",
	"ba5eda7a-def5-0000-0000-000000000002",
	0,
	'');
INSERT INTO PE_PE
	VALUES ("5a08567a-fa40-4228-a904-8bb10716c61d",
	1,
	"577a60a4-105f-4a60-bfc4-1580a174bbb1",
	"00000000-0000-0000-0000-000000000000",
	3);
INSERT INTO S_DT
	VALUES ("5a08567a-fa40-4228-a904-8bb10716c61d",
	"00000000-0000-0000-0000-000000000000",
	'boolean',
	'',
	'');
INSERT INTO S_UDT
	VALUES ("5a08567a-fa40-4228-a904-8bb10716c61d",
	"ba5eda7a-def5-0000-0000-000000000001",
	0,
	'');
INSERT INTO PE_PE
	VALUES ("c17def56-5d3e-42b1-b7d3-272c860d4ae9",
	1,
	"577a60a4-105f-4a60-bfc4-1580a174bbb1",
	"00000000-0000-0000-0000-000000000000",
	3);
INSERT INTO S_DT
	VALUES ("c17def56-5d3e-42b1-b7d3-272c860d4ae9",
	"00000000-0000-0000-0000-000000000000",
	'void',
	'',
	'');
INSERT INTO S_UDT
	VALUES ("c17def56-5d3e-42b1-b7d3-272c860d4ae9",
	"ba5eda7a-def5-0000-0000-000000000000",
	0,
	'');
INSERT INTO EP_PKG
	VALUES ("55112c53-1782-4846-a796-d8e7ebaf2e7f",
	"f62b3d8c-b857-45d0-b53b-09384ea93800",
	"f62b3d8c-b857-45d0-b53b-09384ea93800",
	'Logic',
	'masl_domain',
	0);
INSERT INTO PE_PE
	VALUES ("d9338bdb-5473-4f55-a9af-cc688f2e93c6",
	1,
	"55112c53-1782-4846-a796-d8e7ebaf2e7f",
	"00000000-0000-0000-0000-000000000000",
	2);
INSERT INTO C_C
	VALUES ("d9338bdb-5473-4f55-a9af-cc688f2e93c6",
	"00000000-0000-0000-0000-000000000000",
	"00000000-0000-0000-0000-000000000000",
	'Logic',
	'',
	0,
	"00000000-0000-0000-0000-000000000000",
	0,
	'');
INSERT INTO C_PO
	VALUES ("16558673-3463-44b6-9c9d-d4f984fe381e",
	"d9338bdb-5473-4f55-a9af-cc688f2e93c6",
	'Logic',
	0,
	0);
INSERT INTO C_IR
	VALUES ("081c3b72-f73a-4a11-af60-14117215392b",
	"18f58219-223f-4532-9863-49215af9c62f",
	"00000000-0000-0000-0000-000000000000",
	"16558673-3463-44b6-9c9d-d4f984fe381e");
INSERT INTO C_P
	VALUES ("081c3b72-f73a-4a11-af60-14117215392b",
	'Logic',
	'Unnamed_Interface',
	'',
	'Logic::Logic::Logic');
INSERT INTO SPR_PEP
	VALUES ("f7342a63-e172-44f3-97f6-d78cbc1dbf4e",
	"ac599a94-bf91-4ff9-a981-389daac9287d",
	"081c3b72-f73a-4a11-af60-14117215392b");
INSERT INTO SPR_PO
	VALUES ("f7342a63-e172-44f3-97f6-d78cbc1dbf4e",
	'nextPeggingPlay',
	'',
	'',
	3,
	0);
INSERT INTO SPR_PEP
	VALUES ("585b2514-4dfb-4162-a63c-fca6410318da",
	"ca3f384c-2950-47bf-b619-fb977a4281a8",
	"081c3b72-f73a-4a11-af60-14117215392b");
INSERT INTO SPR_PO
	VALUES ("585b2514-4dfb-4162-a63c-fca6410318da",
	'nextDiscard',
	'',
	'',
	3,
	0);
INSERT INTO C_PO
	VALUES ("70dc7127-911a-43f9-bd32-61821416b8a0",
	"d9338bdb-5473-4f55-a9af-cc688f2e93c6",
	'GameControl',
	0,
	0);
INSERT INTO C_IR
	VALUES ("16334b71-8069-4828-a80d-2002a51f34d9",
	"a2b570e8-3e9b-4c63-a892-03a6ebc82c48",
	"00000000-0000-0000-0000-000000000000",
	"70dc7127-911a-43f9-bd32-61821416b8a0");
INSERT INTO C_R
	VALUES ("16334b71-8069-4828-a80d-2002a51f34d9",
	'LogicGameControl',
	'',
	'Unnamed_Interface',
	'Logic::GameControl::LogicGameControl');
INSERT INTO SPR_REP
	VALUES ("4b0fd2cd-68dc-4607-a5b9-58f801515680",
	"2629d92b-433e-4040-b8d6-6b13a7198a98",
	"16334b71-8069-4828-a80d-2002a51f34d9");
INSERT INTO SPR_RO
	VALUES ("4b0fd2cd-68dc-4607-a5b9-58f801515680",
	'play',
	'',
	'begin
  null;
end',
	3,
	1);
INSERT INTO PE_PE
	VALUES ("3eac26cd-15fd-44bc-bcc4-377136bedec1",
	1,
	"00000000-0000-0000-0000-000000000000",
	"d9338bdb-5473-4f55-a9af-cc688f2e93c6",
	7);
INSERT INTO EP_PKG
	VALUES ("3eac26cd-15fd-44bc-bcc4-377136bedec1",
	"00000000-0000-0000-0000-000000000000",
	"f62b3d8c-b857-45d0-b53b-09384ea93800",
	'Logic',
	'',
	0);
INSERT INTO PE_PE
	VALUES ("69558133-f611-4466-8981-67bf51e6457e",
	1,
	"3eac26cd-15fd-44bc-bcc4-377136bedec1",
	"00000000-0000-0000-0000-000000000000",
	4);
INSERT INTO O_OBJ
	VALUES ("69558133-f611-4466-8981-67bf51e6457e",
	'Scenario',
	1,
	'Scenario',
	'',
	"00000000-0000-0000-0000-000000000000");
INSERT INTO O_TFR
	VALUES ("c0ad91fb-2fdc-4bb0-a881-d641c45815ee",
	"69558133-f611-4466-8981-67bf51e6457e",
	'calculatePlay',
	'',
	"c17def56-5d3e-42b1-b7d3-272c860d4ae9",
	1,
	'',
	3,
	'',
	"00000000-0000-0000-0000-000000000000",
	0);
INSERT INTO O_NBATTR
	VALUES ("7149d7b3-0856-4a2d-ab02-23f1fe1c7755",
	"69558133-f611-4466-8981-67bf51e6457e");
INSERT INTO O_BATTR
	VALUES ("7149d7b3-0856-4a2d-ab02-23f1fe1c7755",
	"69558133-f611-4466-8981-67bf51e6457e");
INSERT INTO O_ATTR
	VALUES ("7149d7b3-0856-4a2d-ab02-23f1fe1c7755",
	"69558133-f611-4466-8981-67bf51e6457e",
	"00000000-0000-0000-0000-000000000000",
	'scenario_id',
	'',
	'',
	'scenario_id',
	0,
	"3a61d4cd-a069-472a-9bfe-df36be28186b",
	'',
	'');
INSERT INTO O_ID
	VALUES (0,
	"69558133-f611-4466-8981-67bf51e6457e");
INSERT INTO O_OIDA
	VALUES ("7149d7b3-0856-4a2d-ab02-23f1fe1c7755",
	"69558133-f611-4466-8981-67bf51e6457e",
	0,
	'scenario_id');
INSERT INTO O_ID
	VALUES (1,
	"69558133-f611-4466-8981-67bf51e6457e");
INSERT INTO O_ID
	VALUES (2,
	"69558133-f611-4466-8981-67bf51e6457e");
INSERT INTO PE_PE
	VALUES ("c877d095-4ee3-42df-b728-1756b9a3b9b9",
	1,
	"3eac26cd-15fd-44bc-bcc4-377136bedec1",
	"00000000-0000-0000-0000-000000000000",
	3);
INSERT INTO S_DT
	VALUES ("c877d095-4ee3-42df-b728-1756b9a3b9b9",
	"00000000-0000-0000-0000-000000000000",
	'inst_ref<Scenario>',
	'',
	'');
INSERT INTO S_IRDT
	VALUES ("c877d095-4ee3-42df-b728-1756b9a3b9b9",
	0,
	"69558133-f611-4466-8981-67bf51e6457e");
INSERT INTO PE_PE
	VALUES ("6af97507-3d5d-440e-82e1-8f1345c6c831",
	1,
	"3eac26cd-15fd-44bc-bcc4-377136bedec1",
	"00000000-0000-0000-0000-000000000000",
	3);
INSERT INTO S_DT
	VALUES ("6af97507-3d5d-440e-82e1-8f1345c6c831",
	"00000000-0000-0000-0000-000000000000",
	'inst_ref_set<Scenario>',
	'',
	'');
INSERT INTO S_IRDT
	VALUES ("6af97507-3d5d-440e-82e1-8f1345c6c831",
	1,
	"69558133-f611-4466-8981-67bf51e6457e");
INSERT INTO PE_PE
	VALUES ("95f9a4e4-692c-49a4-8ae7-fb18bb40c651",
	1,
	"3eac26cd-15fd-44bc-bcc4-377136bedec1",
	"00000000-0000-0000-0000-000000000000",
	4);
INSERT INTO O_OBJ
	VALUES ("95f9a4e4-692c-49a4-8ae7-fb18bb40c651",
	'CribDiscardScenario',
	2,
	'CribDiscardScenario',
	'',
	"00000000-0000-0000-0000-000000000000");
INSERT INTO O_TFR
	VALUES ("940ba5f4-a510-40b6-9a3b-39f4d19d127f",
	"95f9a4e4-692c-49a4-8ae7-fb18bb40c651",
	'calculatePlay',
	'',
	"c17def56-5d3e-42b1-b7d3-272c860d4ae9",
	1,
	'begin
  null;
end',
	3,
	'',
	"00000000-0000-0000-0000-000000000000",
	1);
INSERT INTO O_NBATTR
	VALUES ("e8fef614-dad5-4b0c-86f1-094839e887a6",
	"95f9a4e4-692c-49a4-8ae7-fb18bb40c651");
INSERT INTO O_BATTR
	VALUES ("e8fef614-dad5-4b0c-86f1-094839e887a6",
	"95f9a4e4-692c-49a4-8ae7-fb18bb40c651");
INSERT INTO O_ATTR
	VALUES ("e8fef614-dad5-4b0c-86f1-094839e887a6",
	"95f9a4e4-692c-49a4-8ae7-fb18bb40c651",
	"00000000-0000-0000-0000-000000000000",
	'cards',
	'',
	'',
	'cards',
	0,
	"58d06cac-c7e0-4d58-b195-fc9851cc0720",
	'',
	'');
INSERT INTO O_NBATTR
	VALUES ("3ae61c5a-914b-496f-b305-a0305ab299b2",
	"95f9a4e4-692c-49a4-8ae7-fb18bb40c651");
INSERT INTO O_BATTR
	VALUES ("3ae61c5a-914b-496f-b305-a0305ab299b2",
	"95f9a4e4-692c-49a4-8ae7-fb18bb40c651");
INSERT INTO O_ATTR
	VALUES ("3ae61c5a-914b-496f-b305-a0305ab299b2",
	"95f9a4e4-692c-49a4-8ae7-fb18bb40c651",
	"e8fef614-dad5-4b0c-86f1-094839e887a6",
	'my_crib',
	'',
	'',
	'my_crib',
	0,
	"5a08567a-fa40-4228-a904-8bb10716c61d",
	'',
	'');
INSERT INTO O_REF
	VALUES ("95f9a4e4-692c-49a4-8ae7-fb18bb40c651",
	"69558133-f611-4466-8981-67bf51e6457e",
	0,
	"7149d7b3-0856-4a2d-ab02-23f1fe1c7755",
	"2acb24d3-f7c0-4efe-920f-9c460251d722",
	"87523fa5-bce6-4d79-aeda-97c6992675a0",
	"77c0e98d-d256-402d-a214-f78329b824cf",
	"b66595fd-4f10-42f7-a49e-92900d80f63a",
	"6374a4eb-46e4-476a-b024-44ea112f6a7f",
	"00000000-0000-0000-0000-000000000000",
	0,
	'',
	'Scenario',
	'scenario_id',
	'R1');
INSERT INTO O_RATTR
	VALUES ("b66595fd-4f10-42f7-a49e-92900d80f63a",
	"95f9a4e4-692c-49a4-8ae7-fb18bb40c651",
	"7149d7b3-0856-4a2d-ab02-23f1fe1c7755",
	"69558133-f611-4466-8981-67bf51e6457e",
	0,
	'scenario_id');
INSERT INTO O_ATTR
	VALUES ("b66595fd-4f10-42f7-a49e-92900d80f63a",
	"95f9a4e4-692c-49a4-8ae7-fb18bb40c651",
	"3ae61c5a-914b-496f-b305-a0305ab299b2",
	'scenario_id',
	'',
	'',
	'scenario_id',
	0,
	"ba5eda7a-def5-0000-0000-000000000007",
	'',
	'');
INSERT INTO O_ID
	VALUES (0,
	"95f9a4e4-692c-49a4-8ae7-fb18bb40c651");
INSERT INTO O_OIDA
	VALUES ("b66595fd-4f10-42f7-a49e-92900d80f63a",
	"95f9a4e4-692c-49a4-8ae7-fb18bb40c651",
	0,
	'scenario_id');
INSERT INTO O_ID
	VALUES (1,
	"95f9a4e4-692c-49a4-8ae7-fb18bb40c651");
INSERT INTO O_ID
	VALUES (2,
	"95f9a4e4-692c-49a4-8ae7-fb18bb40c651");
INSERT INTO PE_PE
	VALUES ("9c62f283-d7b5-4b9e-b594-54312bf3b5c1",
	1,
	"3eac26cd-15fd-44bc-bcc4-377136bedec1",
	"00000000-0000-0000-0000-000000000000",
	3);
INSERT INTO S_DT
	VALUES ("9c62f283-d7b5-4b9e-b594-54312bf3b5c1",
	"00000000-0000-0000-0000-000000000000",
	'inst_ref<CribDiscardScenario>',
	'',
	'');
INSERT INTO S_IRDT
	VALUES ("9c62f283-d7b5-4b9e-b594-54312bf3b5c1",
	0,
	"95f9a4e4-692c-49a4-8ae7-fb18bb40c651");
INSERT INTO PE_PE
	VALUES ("d0d674ce-5f55-4fe7-8848-e05453807f5d",
	1,
	"3eac26cd-15fd-44bc-bcc4-377136bedec1",
	"00000000-0000-0000-0000-000000000000",
	3);
INSERT INTO S_DT
	VALUES ("d0d674ce-5f55-4fe7-8848-e05453807f5d",
	"00000000-0000-0000-0000-000000000000",
	'inst_ref_set<CribDiscardScenario>',
	'',
	'');
INSERT INTO S_IRDT
	VALUES ("d0d674ce-5f55-4fe7-8848-e05453807f5d",
	1,
	"95f9a4e4-692c-49a4-8ae7-fb18bb40c651");
INSERT INTO PE_PE
	VALUES ("28899f10-9455-4da3-8f03-0992862cc1a5",
	1,
	"3eac26cd-15fd-44bc-bcc4-377136bedec1",
	"00000000-0000-0000-0000-000000000000",
	4);
INSERT INTO O_OBJ
	VALUES ("28899f10-9455-4da3-8f03-0992862cc1a5",
	'PeggingScenario',
	3,
	'PeggingScenario',
	'',
	"00000000-0000-0000-0000-000000000000");
INSERT INTO O_TFR
	VALUES ("33796c92-f505-451c-975a-e9dd868d4a14",
	"28899f10-9455-4da3-8f03-0992862cc1a5",
	'calculatePlay',
	'',
	"c17def56-5d3e-42b1-b7d3-272c860d4ae9",
	1,
	'begin
  null;
end',
	3,
	'',
	"00000000-0000-0000-0000-000000000000",
	1);
INSERT INTO O_NBATTR
	VALUES ("d41b600b-314e-4049-a8f0-83a2f0197d3a",
	"28899f10-9455-4da3-8f03-0992862cc1a5");
INSERT INTO O_BATTR
	VALUES ("d41b600b-314e-4049-a8f0-83a2f0197d3a",
	"28899f10-9455-4da3-8f03-0992862cc1a5");
INSERT INTO O_ATTR
	VALUES ("d41b600b-314e-4049-a8f0-83a2f0197d3a",
	"28899f10-9455-4da3-8f03-0992862cc1a5",
	"00000000-0000-0000-0000-000000000000",
	'cards',
	'',
	'',
	'cards',
	0,
	"58d06cac-c7e0-4d58-b195-fc9851cc0720",
	'',
	'');
INSERT INTO O_NBATTR
	VALUES ("49a4e332-6e12-4125-b30f-1e58ad1ecec3",
	"28899f10-9455-4da3-8f03-0992862cc1a5");
INSERT INTO O_BATTR
	VALUES ("49a4e332-6e12-4125-b30f-1e58ad1ecec3",
	"28899f10-9455-4da3-8f03-0992862cc1a5");
INSERT INTO O_ATTR
	VALUES ("49a4e332-6e12-4125-b30f-1e58ad1ecec3",
	"28899f10-9455-4da3-8f03-0992862cc1a5",
	"d41b600b-314e-4049-a8f0-83a2f0197d3a",
	'pile_cards',
	'',
	'',
	'pile_cards',
	0,
	"58d06cac-c7e0-4d58-b195-fc9851cc0720",
	'',
	'');
INSERT INTO O_REF
	VALUES ("28899f10-9455-4da3-8f03-0992862cc1a5",
	"69558133-f611-4466-8981-67bf51e6457e",
	0,
	"7149d7b3-0856-4a2d-ab02-23f1fe1c7755",
	"2acb24d3-f7c0-4efe-920f-9c460251d722",
	"0d904050-65c9-4ad8-abd1-b8ee7bcad13a",
	"77c0e98d-d256-402d-a214-f78329b824cf",
	"aa251e35-5436-4f92-9310-9c7ba4076e9f",
	"23038eab-00a4-4099-9d55-71794b23fdbd",
	"00000000-0000-0000-0000-000000000000",
	0,
	'',
	'Scenario',
	'scenario_id',
	'R1');
INSERT INTO O_RATTR
	VALUES ("aa251e35-5436-4f92-9310-9c7ba4076e9f",
	"28899f10-9455-4da3-8f03-0992862cc1a5",
	"7149d7b3-0856-4a2d-ab02-23f1fe1c7755",
	"69558133-f611-4466-8981-67bf51e6457e",
	0,
	'scenario_id');
INSERT INTO O_ATTR
	VALUES ("aa251e35-5436-4f92-9310-9c7ba4076e9f",
	"28899f10-9455-4da3-8f03-0992862cc1a5",
	"49a4e332-6e12-4125-b30f-1e58ad1ecec3",
	'scenario_id',
	'',
	'',
	'scenario_id',
	0,
	"ba5eda7a-def5-0000-0000-000000000007",
	'',
	'');
INSERT INTO O_ID
	VALUES (0,
	"28899f10-9455-4da3-8f03-0992862cc1a5");
INSERT INTO O_OIDA
	VALUES ("aa251e35-5436-4f92-9310-9c7ba4076e9f",
	"28899f10-9455-4da3-8f03-0992862cc1a5",
	0,
	'scenario_id');
INSERT INTO O_ID
	VALUES (1,
	"28899f10-9455-4da3-8f03-0992862cc1a5");
INSERT INTO O_ID
	VALUES (2,
	"28899f10-9455-4da3-8f03-0992862cc1a5");
INSERT INTO PE_PE
	VALUES ("cfeb6b32-3391-4798-b135-2dd2cf314e55",
	1,
	"3eac26cd-15fd-44bc-bcc4-377136bedec1",
	"00000000-0000-0000-0000-000000000000",
	3);
INSERT INTO S_DT
	VALUES ("cfeb6b32-3391-4798-b135-2dd2cf314e55",
	"00000000-0000-0000-0000-000000000000",
	'inst_ref<PeggingScenario>',
	'',
	'');
INSERT INTO S_IRDT
	VALUES ("cfeb6b32-3391-4798-b135-2dd2cf314e55",
	0,
	"28899f10-9455-4da3-8f03-0992862cc1a5");
INSERT INTO PE_PE
	VALUES ("3d112644-3029-48a8-b924-67cd2dba42b4",
	1,
	"3eac26cd-15fd-44bc-bcc4-377136bedec1",
	"00000000-0000-0000-0000-000000000000",
	3);
INSERT INTO S_DT
	VALUES ("3d112644-3029-48a8-b924-67cd2dba42b4",
	"00000000-0000-0000-0000-000000000000",
	'inst_ref_set<PeggingScenario>',
	'',
	'');
INSERT INTO S_IRDT
	VALUES ("3d112644-3029-48a8-b924-67cd2dba42b4",
	1,
	"28899f10-9455-4da3-8f03-0992862cc1a5");
INSERT INTO PE_PE
	VALUES ("2acb24d3-f7c0-4efe-920f-9c460251d722",
	1,
	"3eac26cd-15fd-44bc-bcc4-377136bedec1",
	"00000000-0000-0000-0000-000000000000",
	9);
INSERT INTO R_REL
	VALUES ("2acb24d3-f7c0-4efe-920f-9c460251d722",
	1,
	'',
	"00000000-0000-0000-0000-000000000000");
INSERT INTO R_SUBSUP
	VALUES ("2acb24d3-f7c0-4efe-920f-9c460251d722");
INSERT INTO R_SUPER
	VALUES ("69558133-f611-4466-8981-67bf51e6457e",
	"2acb24d3-f7c0-4efe-920f-9c460251d722",
	"77c0e98d-d256-402d-a214-f78329b824cf");
INSERT INTO O_RTIDA
	VALUES ("7149d7b3-0856-4a2d-ab02-23f1fe1c7755",
	"69558133-f611-4466-8981-67bf51e6457e",
	0,
	"2acb24d3-f7c0-4efe-920f-9c460251d722",
	"77c0e98d-d256-402d-a214-f78329b824cf");
INSERT INTO R_RTO
	VALUES ("69558133-f611-4466-8981-67bf51e6457e",
	"2acb24d3-f7c0-4efe-920f-9c460251d722",
	"77c0e98d-d256-402d-a214-f78329b824cf",
	0);
INSERT INTO R_OIR
	VALUES ("69558133-f611-4466-8981-67bf51e6457e",
	"2acb24d3-f7c0-4efe-920f-9c460251d722",
	"77c0e98d-d256-402d-a214-f78329b824cf",
	"00000000-0000-0000-0000-000000000000");
INSERT INTO R_SUB
	VALUES ("28899f10-9455-4da3-8f03-0992862cc1a5",
	"2acb24d3-f7c0-4efe-920f-9c460251d722",
	"0d904050-65c9-4ad8-abd1-b8ee7bcad13a");
INSERT INTO R_RGO
	VALUES ("28899f10-9455-4da3-8f03-0992862cc1a5",
	"2acb24d3-f7c0-4efe-920f-9c460251d722",
	"0d904050-65c9-4ad8-abd1-b8ee7bcad13a");
INSERT INTO R_OIR
	VALUES ("28899f10-9455-4da3-8f03-0992862cc1a5",
	"2acb24d3-f7c0-4efe-920f-9c460251d722",
	"0d904050-65c9-4ad8-abd1-b8ee7bcad13a",
	"00000000-0000-0000-0000-000000000000");
INSERT INTO R_SUB
	VALUES ("95f9a4e4-692c-49a4-8ae7-fb18bb40c651",
	"2acb24d3-f7c0-4efe-920f-9c460251d722",
	"87523fa5-bce6-4d79-aeda-97c6992675a0");
INSERT INTO R_RGO
	VALUES ("95f9a4e4-692c-49a4-8ae7-fb18bb40c651",
	"2acb24d3-f7c0-4efe-920f-9c460251d722",
	"87523fa5-bce6-4d79-aeda-97c6992675a0");
INSERT INTO R_OIR
	VALUES ("95f9a4e4-692c-49a4-8ae7-fb18bb40c651",
	"2acb24d3-f7c0-4efe-920f-9c460251d722",
	"87523fa5-bce6-4d79-aeda-97c6992675a0",
	"00000000-0000-0000-0000-000000000000");
INSERT INTO PE_PE
	VALUES ("9a7aa8c7-9f45-419e-ae67-466e95e066cd",
	1,
	"00000000-0000-0000-0000-000000000000",
	"d9338bdb-5473-4f55-a9af-cc688f2e93c6",
	7);
INSERT INTO EP_PKG
	VALUES ("9a7aa8c7-9f45-419e-ae67-466e95e066cd",
	"00000000-0000-0000-0000-000000000000",
	"f62b3d8c-b857-45d0-b53b-09384ea93800",
	'functions',
	'',
	0);
INSERT INTO PE_PE
	VALUES ("90138c38-3c17-4fa7-9ff6-6bd61cb78e81",
	1,
	"9a7aa8c7-9f45-419e-ae67-466e95e066cd",
	"00000000-0000-0000-0000-000000000000",
	1);
INSERT INTO S_SYNC
	VALUES ("90138c38-3c17-4fa7-9ff6-6bd61cb78e81",
	"00000000-0000-0000-0000-000000000000",
	'nextPeggingPlay',
	'',
	'begin
  null;
end',
	"c17def56-5d3e-42b1-b7d3-272c860d4ae9",
	3,
	'',
	1);
INSERT INTO S_SPARM
	VALUES ("c69c1228-b4a9-4777-afe4-fb8162d7a76c",
	"90138c38-3c17-4fa7-9ff6-6bd61cb78e81",
	'cards',
	"58d06cac-c7e0-4d58-b195-fc9851cc0720",
	0,
	'',
	"00000000-0000-0000-0000-000000000000",
	'');
INSERT INTO S_SPARM
	VALUES ("f6c8319c-6fa5-4e8e-a0a9-9d9a948d37a4",
	"90138c38-3c17-4fa7-9ff6-6bd61cb78e81",
	'pile_cards',
	"58d06cac-c7e0-4d58-b195-fc9851cc0720",
	0,
	'',
	"c69c1228-b4a9-4777-afe4-fb8162d7a76c",
	'');
INSERT INTO PE_PE
	VALUES ("43ee547b-f760-4dd9-abc8-8b4d56d42622",
	1,
	"9a7aa8c7-9f45-419e-ae67-466e95e066cd",
	"00000000-0000-0000-0000-000000000000",
	1);
INSERT INTO S_SYNC
	VALUES ("43ee547b-f760-4dd9-abc8-8b4d56d42622",
	"00000000-0000-0000-0000-000000000000",
	'nextDiscard',
	'',
	'begin
  null;
end',
	"c17def56-5d3e-42b1-b7d3-272c860d4ae9",
	3,
	'',
	1);
INSERT INTO S_SPARM
	VALUES ("19c71ce6-5fbc-4a12-82f8-605bd8519885",
	"43ee547b-f760-4dd9-abc8-8b4d56d42622",
	'cards',
	"58d06cac-c7e0-4d58-b195-fc9851cc0720",
	0,
	'',
	"00000000-0000-0000-0000-000000000000",
	'');
INSERT INTO S_SPARM
	VALUES ("5c11eb64-8d13-420f-9da6-6bf1c3199f0e",
	"43ee547b-f760-4dd9-abc8-8b4d56d42622",
	'my_crib',
	"5a08567a-fa40-4228-a904-8bb10716c61d",
	0,
	'',
	"19c71ce6-5fbc-4a12-82f8-605bd8519885",
	'');
INSERT INTO PE_PE
	VALUES ("8767e6f1-d312-4433-b2cd-2daf1d37557b",
	1,
	"55112c53-1782-4846-a796-d8e7ebaf2e7f",
	"00000000-0000-0000-0000-000000000000",
	7);
INSERT INTO EP_PKG
	VALUES ("8767e6f1-d312-4433-b2cd-2daf1d37557b",
	"00000000-0000-0000-0000-000000000000",
	"f62b3d8c-b857-45d0-b53b-09384ea93800",
	'Shared',
	'',
	0);
INSERT INTO PE_PE
	VALUES ("18f58219-223f-4532-9863-49215af9c62f",
	1,
	"8767e6f1-d312-4433-b2cd-2daf1d37557b",
	"00000000-0000-0000-0000-000000000000",
	6);
INSERT INTO C_I
	VALUES ("18f58219-223f-4532-9863-49215af9c62f",
	"00000000-0000-0000-0000-000000000000",
	'Logic',
	'');
INSERT INTO C_EP
	VALUES ("ac599a94-bf91-4ff9-a981-389daac9287d",
	"18f58219-223f-4532-9863-49215af9c62f",
	0,
	'nextPeggingPlay',
	'');
INSERT INTO C_IO
	VALUES ("ac599a94-bf91-4ff9-a981-389daac9287d",
	"c17def56-5d3e-42b1-b7d3-272c860d4ae9",
	'nextPeggingPlay',
	'',
	0,
	'',
	"00000000-0000-0000-0000-000000000000");
INSERT INTO C_PP
	VALUES ("66dbdf80-cd2a-4b77-8768-ce56e71b7d83",
	"ac599a94-bf91-4ff9-a981-389daac9287d",
	"58d06cac-c7e0-4d58-b195-fc9851cc0720",
	'cards',
	'',
	0,
	'',
	"00000000-0000-0000-0000-000000000000");
INSERT INTO C_PP
	VALUES ("9d13b9a3-c2be-45ff-b55d-d3ed8e00d89c",
	"ac599a94-bf91-4ff9-a981-389daac9287d",
	"58d06cac-c7e0-4d58-b195-fc9851cc0720",
	'pile_cards',
	'',
	0,
	'',
	"66dbdf80-cd2a-4b77-8768-ce56e71b7d83");
INSERT INTO C_EP
	VALUES ("ca3f384c-2950-47bf-b619-fb977a4281a8",
	"18f58219-223f-4532-9863-49215af9c62f",
	0,
	'nextDiscard',
	'');
INSERT INTO C_IO
	VALUES ("ca3f384c-2950-47bf-b619-fb977a4281a8",
	"c17def56-5d3e-42b1-b7d3-272c860d4ae9",
	'nextDiscard',
	'',
	0,
	'',
	"ac599a94-bf91-4ff9-a981-389daac9287d");
INSERT INTO C_PP
	VALUES ("633c06ef-07f2-4f5d-ae4f-01c92ce81f1e",
	"ca3f384c-2950-47bf-b619-fb977a4281a8",
	"58d06cac-c7e0-4d58-b195-fc9851cc0720",
	'cards',
	'',
	0,
	'',
	"00000000-0000-0000-0000-000000000000");
INSERT INTO C_PP
	VALUES ("34b99369-cf69-4cb5-a986-1eb66d3d16d4",
	"ca3f384c-2950-47bf-b619-fb977a4281a8",
	"5a08567a-fa40-4228-a904-8bb10716c61d",
	'my_crib',
	'',
	0,
	'',
	"633c06ef-07f2-4f5d-ae4f-01c92ce81f1e");
INSERT INTO PE_PE
	VALUES ("58d06cac-c7e0-4d58-b195-fc9851cc0720",
	1,
	"8767e6f1-d312-4433-b2cd-2daf1d37557b",
	"00000000-0000-0000-0000-000000000000",
	3);
INSERT INTO S_DT
	VALUES ("58d06cac-c7e0-4d58-b195-fc9851cc0720",
	"00000000-0000-0000-0000-000000000000",
	'sequence of Game::CardType',
	'',
	'');
INSERT INTO S_UDT
	VALUES ("58d06cac-c7e0-4d58-b195-fc9851cc0720",
	"bb461d7b-554e-498f-9605-c3dcf6c99b04",
	0,
	'');
INSERT INTO PE_PE
	VALUES ("a2b570e8-3e9b-4c63-a892-03a6ebc82c48",
	1,
	"8767e6f1-d312-4433-b2cd-2daf1d37557b",
	"00000000-0000-0000-0000-000000000000",
	6);
INSERT INTO C_I
	VALUES ("a2b570e8-3e9b-4c63-a892-03a6ebc82c48",
	"00000000-0000-0000-0000-000000000000",
	'LogicGameControl',
	'');
INSERT INTO C_EP
	VALUES ("2629d92b-433e-4040-b8d6-6b13a7198a98",
	"a2b570e8-3e9b-4c63-a892-03a6ebc82c48",
	0,
	'play',
	'');
INSERT INTO C_IO
	VALUES ("2629d92b-433e-4040-b8d6-6b13a7198a98",
	"c17def56-5d3e-42b1-b7d3-272c860d4ae9",
	'play',
	'',
	0,
	'',
	"00000000-0000-0000-0000-000000000000");
INSERT INTO C_PP
	VALUES ("ff726326-6f68-4f83-a06a-9879e8e1d594",
	"2629d92b-433e-4040-b8d6-6b13a7198a98",
	"89781d37-802d-4154-ab8d-e8d37b2ae361",
	'card',
	'',
	0,
	'',
	"00000000-0000-0000-0000-000000000000");
INSERT INTO PE_PE
	VALUES ("89781d37-802d-4154-ab8d-e8d37b2ae361",
	1,
	"8767e6f1-d312-4433-b2cd-2daf1d37557b",
	"00000000-0000-0000-0000-000000000000",
	3);
INSERT INTO S_DT
	VALUES ("89781d37-802d-4154-ab8d-e8d37b2ae361",
	"00000000-0000-0000-0000-000000000000",
	'Game::CardType',
	'',
	'');
INSERT INTO S_UDT
	VALUES ("89781d37-802d-4154-ab8d-e8d37b2ae361",
	"bb461d7b-554e-498f-9605-c3dcf6c99b04",
	0,
	'');
INSERT INTO PE_PE
	VALUES ("3a61d4cd-a069-472a-9bfe-df36be28186b",
	1,
	"8767e6f1-d312-4433-b2cd-2daf1d37557b",
	"00000000-0000-0000-0000-000000000000",
	3);
INSERT INTO S_DT
	VALUES ("3a61d4cd-a069-472a-9bfe-df36be28186b",
	"00000000-0000-0000-0000-000000000000",
	'MASLunique',
	'',
	'');
INSERT INTO S_UDT
	VALUES ("3a61d4cd-a069-472a-9bfe-df36be28186b",
	"bb461d7b-554e-498f-9605-c3dcf6c99b04",
	0,
	'');
INSERT INTO PE_PE
	VALUES ("ba5eda7a-def5-0000-0000-000000000000",
	1,
	"00000000-0000-0000-0000-000000000000",
	"00000000-0000-0000-0000-000000000000",
	3);
INSERT INTO S_DT
	VALUES ("ba5eda7a-def5-0000-0000-000000000000",
	"00000000-0000-0000-0000-000000000000",
	'void',
	'',
	'');
INSERT INTO S_CDT
	VALUES ("ba5eda7a-def5-0000-0000-000000000000",
	0);
INSERT INTO PE_PE
	VALUES ("ba5eda7a-def5-0000-0000-000000000001",
	1,
	"00000000-0000-0000-0000-000000000000",
	"00000000-0000-0000-0000-000000000000",
	3);
INSERT INTO S_DT
	VALUES ("ba5eda7a-def5-0000-0000-000000000001",
	"00000000-0000-0000-0000-000000000000",
	'boolean',
	'',
	'');
INSERT INTO S_CDT
	VALUES ("ba5eda7a-def5-0000-0000-000000000001",
	1);
INSERT INTO PE_PE
	VALUES ("ba5eda7a-def5-0000-0000-000000000002",
	1,
	"00000000-0000-0000-0000-000000000000",
	"00000000-0000-0000-0000-000000000000",
	3);
INSERT INTO S_DT
	VALUES ("ba5eda7a-def5-0000-0000-000000000002",
	"00000000-0000-0000-0000-000000000000",
	'integer',
	'',
	'');
INSERT INTO S_CDT
	VALUES ("ba5eda7a-def5-0000-0000-000000000002",
	2);
INSERT INTO PE_PE
	VALUES ("ba5eda7a-def5-0000-0000-000000000003",
	1,
	"00000000-0000-0000-0000-000000000000",
	"00000000-0000-0000-0000-000000000000",
	3);
INSERT INTO S_DT
	VALUES ("ba5eda7a-def5-0000-0000-000000000003",
	"00000000-0000-0000-0000-000000000000",
	'real',
	'',
	'');
INSERT INTO S_CDT
	VALUES ("ba5eda7a-def5-0000-0000-000000000003",
	3);
INSERT INTO PE_PE
	VALUES ("ba5eda7a-def5-0000-0000-000000000004",
	1,
	"00000000-0000-0000-0000-000000000000",
	"00000000-0000-0000-0000-000000000000",
	3);
INSERT INTO S_DT
	VALUES ("ba5eda7a-def5-0000-0000-000000000004",
	"00000000-0000-0000-0000-000000000000",
	'string',
	'',
	'');
INSERT INTO S_CDT
	VALUES ("ba5eda7a-def5-0000-0000-000000000004",
	4);
INSERT INTO PE_PE
	VALUES ("ba5eda7a-def5-0000-0000-000000000005",
	1,
	"00000000-0000-0000-0000-000000000000",
	"00000000-0000-0000-0000-000000000000",
	3);
INSERT INTO S_DT
	VALUES ("ba5eda7a-def5-0000-0000-000000000005",
	"00000000-0000-0000-0000-000000000000",
	'unique_id',
	'',
	'');
INSERT INTO S_CDT
	VALUES ("ba5eda7a-def5-0000-0000-000000000005",
	5);
INSERT INTO PE_PE
	VALUES ("ba5eda7a-def5-0000-0000-000000000006",
	1,
	"00000000-0000-0000-0000-000000000000",
	"00000000-0000-0000-0000-000000000000",
	3);
INSERT INTO S_DT
	VALUES ("ba5eda7a-def5-0000-0000-000000000006",
	"00000000-0000-0000-0000-000000000000",
	'state<State_Model>',
	'',
	'');
INSERT INTO S_CDT
	VALUES ("ba5eda7a-def5-0000-0000-000000000006",
	6);
INSERT INTO PE_PE
	VALUES ("ba5eda7a-def5-0000-0000-000000000007",
	1,
	"00000000-0000-0000-0000-000000000000",
	"00000000-0000-0000-0000-000000000000",
	3);
INSERT INTO S_DT
	VALUES ("ba5eda7a-def5-0000-0000-000000000007",
	"00000000-0000-0000-0000-000000000000",
	'same_as<Base_Attribute>',
	'',
	'');
INSERT INTO S_CDT
	VALUES ("ba5eda7a-def5-0000-0000-000000000007",
	7);
INSERT INTO PE_PE
	VALUES ("ba5eda7a-def5-0000-0000-000000000008",
	1,
	"00000000-0000-0000-0000-000000000000",
	"00000000-0000-0000-0000-000000000000",
	3);
INSERT INTO S_DT
	VALUES ("ba5eda7a-def5-0000-0000-000000000008",
	"00000000-0000-0000-0000-000000000000",
	'inst_ref<Object>',
	'',
	'');
INSERT INTO S_CDT
	VALUES ("ba5eda7a-def5-0000-0000-000000000008",
	8);
INSERT INTO PE_PE
	VALUES ("ba5eda7a-def5-0000-0000-000000000009",
	1,
	"00000000-0000-0000-0000-000000000000",
	"00000000-0000-0000-0000-000000000000",
	3);
INSERT INTO S_DT
	VALUES ("ba5eda7a-def5-0000-0000-000000000009",
	"00000000-0000-0000-0000-000000000000",
	'inst_ref_set<Object>',
	'',
	'');
INSERT INTO S_CDT
	VALUES ("ba5eda7a-def5-0000-0000-000000000009",
	9);
INSERT INTO PE_PE
	VALUES ("ba5eda7a-def5-0000-0000-00000000000a",
	1,
	"00000000-0000-0000-0000-000000000000",
	"00000000-0000-0000-0000-000000000000",
	3);
INSERT INTO S_DT
	VALUES ("ba5eda7a-def5-0000-0000-00000000000a",
	"00000000-0000-0000-0000-000000000000",
	'inst<Event>',
	'',
	'');
INSERT INTO S_CDT
	VALUES ("ba5eda7a-def5-0000-0000-00000000000a",
	10);
INSERT INTO PE_PE
	VALUES ("ba5eda7a-def5-0000-0000-00000000000b",
	1,
	"00000000-0000-0000-0000-000000000000",
	"00000000-0000-0000-0000-000000000000",
	3);
INSERT INTO S_DT
	VALUES ("ba5eda7a-def5-0000-0000-00000000000b",
	"00000000-0000-0000-0000-000000000000",
	'inst<Mapping>',
	'',
	'');
INSERT INTO S_CDT
	VALUES ("ba5eda7a-def5-0000-0000-00000000000b",
	11);
INSERT INTO PE_PE
	VALUES ("ba5eda7a-def5-0000-0000-00000000000c",
	1,
	"00000000-0000-0000-0000-000000000000",
	"00000000-0000-0000-0000-000000000000",
	3);
INSERT INTO S_DT
	VALUES ("ba5eda7a-def5-0000-0000-00000000000c",
	"00000000-0000-0000-0000-000000000000",
	'inst_ref<Mapping>',
	'',
	'');
INSERT INTO S_CDT
	VALUES ("ba5eda7a-def5-0000-0000-00000000000c",
	12);
INSERT INTO PE_PE
	VALUES ("ba5eda7a-def5-0000-0000-00000000000d",
	1,
	"00000000-0000-0000-0000-000000000000",
	"00000000-0000-0000-0000-000000000000",
	3);
INSERT INTO S_DT
	VALUES ("ba5eda7a-def5-0000-0000-00000000000d",
	"00000000-0000-0000-0000-000000000000",
	'component_ref',
	'',
	'');
INSERT INTO S_CDT
	VALUES ("ba5eda7a-def5-0000-0000-00000000000d",
	13);
INSERT INTO PE_PE
	VALUES ("ba5eda7a-def5-0000-0000-00000000000e",
	1,
	"00000000-0000-0000-0000-000000000000",
	"00000000-0000-0000-0000-000000000000",
	3);
INSERT INTO S_DT
	VALUES ("ba5eda7a-def5-0000-0000-00000000000e",
	"00000000-0000-0000-0000-000000000000",
	'date',
	'',
	'');
INSERT INTO S_UDT
	VALUES ("ba5eda7a-def5-0000-0000-00000000000e",
	"ba5eda7a-def5-0000-0000-00000000000b",
	1,
	'');
INSERT INTO PE_PE
	VALUES ("ba5eda7a-def5-0000-0000-00000000000f",
	1,
	"00000000-0000-0000-0000-000000000000",
	"00000000-0000-0000-0000-000000000000",
	3);
INSERT INTO S_DT
	VALUES ("ba5eda7a-def5-0000-0000-00000000000f",
	"00000000-0000-0000-0000-000000000000",
	'inst_ref<Timer>',
	'',
	'');
INSERT INTO S_UDT
	VALUES ("ba5eda7a-def5-0000-0000-00000000000f",
	"ba5eda7a-def5-0000-0000-00000000000c",
	3,
	'');
INSERT INTO PE_PE
	VALUES ("ba5eda7a-def5-0000-0000-000000000010",
	1,
	"00000000-0000-0000-0000-000000000000",
	"00000000-0000-0000-0000-000000000000",
	3);
INSERT INTO S_DT
	VALUES ("ba5eda7a-def5-0000-0000-000000000010",
	"00000000-0000-0000-0000-000000000000",
	'timestamp',
	'',
	'');
INSERT INTO S_UDT
	VALUES ("ba5eda7a-def5-0000-0000-000000000010",
	"ba5eda7a-def5-0000-0000-00000000000b",
	2,
	'');
