-- root-types-contained: SystemModel_c,PackageableElement_c,DataType_c,CoreDataType_c,UserDataType_c
-- BP 7.1 content: StreamData syschar: 3 persistence-version: 7.1.6

INSERT INTO S_SYS
	VALUES ("2bb1960d-424f-43eb-a6fe-a9c01d780f67",
	'keypad',
	1);
INSERT INTO EP_PKG
	VALUES ("162dc8f7-4611-4e59-bb13-a94bd0153aa3",
	"2bb1960d-424f-43eb-a6fe-a9c01d780f67",
	"2bb1960d-424f-43eb-a6fe-a9c01d780f67",
	'keypad',
	'masl_domain',
	0);
INSERT INTO PE_PE
	VALUES ("b4ddf240-6cd3-4ce1-9719-67a13ea7f5bd",
	1,
	"162dc8f7-4611-4e59-bb13-a94bd0153aa3",
	"00000000-0000-0000-0000-000000000000",
	7);
INSERT INTO EP_PKG
	VALUES ("b4ddf240-6cd3-4ce1-9719-67a13ea7f5bd",
	"00000000-0000-0000-0000-000000000000",
	"2bb1960d-424f-43eb-a6fe-a9c01d780f67",
	'Shared',
	'',
	0);
INSERT INTO PE_PE
	VALUES ("ffce239a-ed4e-4590-ac1b-faac177402e4",
	1,
	"b4ddf240-6cd3-4ce1-9719-67a13ea7f5bd",
	"00000000-0000-0000-0000-000000000000",
	6);
INSERT INTO C_I
	VALUES ("ffce239a-ed4e-4590-ac1b-faac177402e4",
	"00000000-0000-0000-0000-000000000000",
	'keyIO',
	'');
INSERT INTO C_EP
	VALUES ("280a7dec-01a3-4970-a9b7-f17761e435ae",
	"ffce239a-ed4e-4590-ac1b-faac177402e4",
	-1,
	'key',
	'');
INSERT INTO C_IO
	VALUES ("280a7dec-01a3-4970-a9b7-f17761e435ae",
	"ba5eda7a-def5-0000-0000-000000000000",
	'key',
	'',
	0,
	'',
	"00000000-0000-0000-0000-000000000000");
INSERT INTO C_PP
	VALUES ("070f39d0-a683-4d45-a7ec-ed9eb934366e",
	"280a7dec-01a3-4970-a9b7-f17761e435ae",
	"ba5eda7a-def5-0000-0000-000000000002",
	'code',
	'',
	0,
	'',
	"00000000-0000-0000-0000-000000000000");
INSERT INTO C_EP
	VALUES ("728da4f3-04cc-425e-a2b9-81bf426dbd48",
	"ffce239a-ed4e-4590-ac1b-faac177402e4",
	-1,
	'clear',
	'');
INSERT INTO C_IO
	VALUES ("728da4f3-04cc-425e-a2b9-81bf426dbd48",
	"ba5eda7a-def5-0000-0000-000000000000",
	'clear',
	'',
	0,
	'',
	"280a7dec-01a3-4970-a9b7-f17761e435ae");
INSERT INTO PE_PE
	VALUES ("b795d23d-3942-49da-a886-e859ffccdd4b",
	1,
	"b4ddf240-6cd3-4ce1-9719-67a13ea7f5bd",
	"00000000-0000-0000-0000-000000000000",
	6);
INSERT INTO C_I
	VALUES ("b795d23d-3942-49da-a886-e859ffccdd4b",
	"00000000-0000-0000-0000-000000000000",
	'keypad',
	'');
INSERT INTO C_EP
	VALUES ("765057db-ae9f-4be0-98ad-a6399c409c0a",
	"b795d23d-3942-49da-a886-e859ffccdd4b",
	-1,
	'result',
	'');
INSERT INTO C_IO
	VALUES ("765057db-ae9f-4be0-98ad-a6399c409c0a",
	"ba5eda7a-def5-0000-0000-000000000000",
	'result',
	'',
	0,
	'',
	"00000000-0000-0000-0000-000000000000");
INSERT INTO C_PP
	VALUES ("949ad16d-94d8-4914-9865-bc1088828c2d",
	"765057db-ae9f-4be0-98ad-a6399c409c0a",
	"ba5eda7a-def5-0000-0000-000000000003",
	'value',
	'',
	0,
	'',
	"00000000-0000-0000-0000-000000000000");
INSERT INTO C_EP
	VALUES ("f8a79e2a-8e1a-4217-b684-844641ec39c9",
	"b795d23d-3942-49da-a886-e859ffccdd4b",
	-1,
	'error',
	'');
INSERT INTO C_IO
	VALUES ("f8a79e2a-8e1a-4217-b684-844641ec39c9",
	"ba5eda7a-def5-0000-0000-000000000000",
	'error',
	'',
	0,
	'',
	"765057db-ae9f-4be0-98ad-a6399c409c0a");
INSERT INTO C_PP
	VALUES ("be50d27b-aa67-40e6-a8f2-4563d16d07f3",
	"f8a79e2a-8e1a-4217-b684-844641ec39c9",
	"ba5eda7a-def5-0000-0000-000000000004",
	'message',
	'',
	0,
	'',
	"00000000-0000-0000-0000-000000000000");
INSERT INTO PE_PE
	VALUES ("45cb8f1c-0861-4d11-a251-734d9eabf7ea",
	1,
	"162dc8f7-4611-4e59-bb13-a94bd0153aa3",
	"00000000-0000-0000-0000-000000000000",
	2);
INSERT INTO C_C
	VALUES ("45cb8f1c-0861-4d11-a251-734d9eabf7ea",
	"00000000-0000-0000-0000-000000000000",
	"00000000-0000-0000-0000-000000000000",
	'keypad',
	'',
	0,
	"00000000-0000-0000-0000-000000000000",
	0,
	'');
INSERT INTO C_PO
	VALUES ("047709e0-57cd-47b2-808b-7ca5a0777f62",
	"45cb8f1c-0861-4d11-a251-734d9eabf7ea",
	'keypad',
	0,
	0);
INSERT INTO C_IR
	VALUES ("67deaf2a-634d-49dd-a6fd-a35cfe99ef92",
	"b795d23d-3942-49da-a886-e859ffccdd4b",
	"00000000-0000-0000-0000-000000000000",
	"047709e0-57cd-47b2-808b-7ca5a0777f62");
INSERT INTO C_P
	VALUES ("67deaf2a-634d-49dd-a6fd-a35cfe99ef92",
	'keypad',
	'Unnamed Interface',
	'',
	'keypad::keypad::keypad');
INSERT INTO SPR_PEP
	VALUES ("bc41b613-06ae-43e2-abe2-4ee1f5ebe5c7",
	"765057db-ae9f-4be0-98ad-a6399c409c0a",
	"67deaf2a-634d-49dd-a6fd-a35cfe99ef92");
INSERT INTO SPR_PO
	VALUES ("bc41b613-06ae-43e2-abe2-4ee1f5ebe5c7",
	'result',
	'',
	'',
	3,
	5);
INSERT INTO SPR_PEP
	VALUES ("f39bfa99-510c-407a-933f-6b534a26e2bd",
	"f8a79e2a-8e1a-4217-b684-844641ec39c9",
	"67deaf2a-634d-49dd-a6fd-a35cfe99ef92");
INSERT INTO SPR_PO
	VALUES ("f39bfa99-510c-407a-933f-6b534a26e2bd",
	'error',
	'',
	'',
	3,
	5);
INSERT INTO C_PO
	VALUES ("893262a9-a642-426d-aef8-d06aff2fb94d",
	"45cb8f1c-0861-4d11-a251-734d9eabf7ea",
	'keyIO',
	0,
	0);
INSERT INTO C_IR
	VALUES ("e10fe7d3-8cf5-452d-8cbb-87a36ef29ed1",
	"ffce239a-ed4e-4590-ac1b-faac177402e4",
	"00000000-0000-0000-0000-000000000000",
	"893262a9-a642-426d-aef8-d06aff2fb94d");
INSERT INTO C_R
	VALUES ("e10fe7d3-8cf5-452d-8cbb-87a36ef29ed1",
	'keyIO',
	'',
	'Unnamed Interface',
	'keypad::keyIO::keyIO');
INSERT INTO SPR_REP
	VALUES ("f83d8600-fc36-4b95-bd0e-dd7ddeac096e",
	"280a7dec-01a3-4970-a9b7-f17761e435ae",
	"e10fe7d3-8cf5-452d-8cbb-87a36ef29ed1");
INSERT INTO SPR_RO
	VALUES ("f83d8600-fc36-4b95-bd0e-dd7ddeac096e",
	'key',
	'',
	'begin
  null;
end service;',
	3,
	1);
INSERT INTO SPR_REP
	VALUES ("8b46ee4e-9455-4897-a2a2-1e60f6d0af77",
	"728da4f3-04cc-425e-a2b9-81bf426dbd48",
	"e10fe7d3-8cf5-452d-8cbb-87a36ef29ed1");
INSERT INTO SPR_RO
	VALUES ("8b46ee4e-9455-4897-a2a2-1e60f6d0af77",
	'clear',
	'',
	'begin
  null;
end service;',
	3,
	1);
INSERT INTO PE_PE
	VALUES ("57a2e0b3-a3f9-4d19-8a37-c029ef19c046",
	1,
	"00000000-0000-0000-0000-000000000000",
	"45cb8f1c-0861-4d11-a251-734d9eabf7ea",
	7);
INSERT INTO EP_PKG
	VALUES ("57a2e0b3-a3f9-4d19-8a37-c029ef19c046",
	"00000000-0000-0000-0000-000000000000",
	"2bb1960d-424f-43eb-a6fe-a9c01d780f67",
	'functions',
	'',
	0);
INSERT INTO PE_PE
	VALUES ("7c8d21dd-b083-4e39-ad25-15eab9eec456",
	1,
	"57a2e0b3-a3f9-4d19-8a37-c029ef19c046",
	"00000000-0000-0000-0000-000000000000",
	1);
INSERT INTO S_SYNC
	VALUES ("7c8d21dd-b083-4e39-ad25-15eab9eec456",
	"00000000-0000-0000-0000-000000000000",
	'error',
	'',
	'begin
  null;
end service;',
	"ba5eda7a-def5-0000-0000-000000000000",
	3,
	'',
	1);
INSERT INTO S_SPARM
	VALUES ("3eaf6b5f-aa9b-47cb-bbf2-520b058bd1fb",
	"7c8d21dd-b083-4e39-ad25-15eab9eec456",
	'message',
	"ba5eda7a-def5-0000-0000-000000000004",
	0,
	'',
	"00000000-0000-0000-0000-000000000000",
	'');
INSERT INTO PE_PE
	VALUES ("8d4ed9b1-a168-438d-9310-66120c3a0a38",
	1,
	"57a2e0b3-a3f9-4d19-8a37-c029ef19c046",
	"00000000-0000-0000-0000-000000000000",
	1);
INSERT INTO S_SYNC
	VALUES ("8d4ed9b1-a168-438d-9310-66120c3a0a38",
	"00000000-0000-0000-0000-000000000000",
	'result',
	'',
	'begin
  null;
end service;',
	"ba5eda7a-def5-0000-0000-000000000000",
	3,
	'',
	1);
INSERT INTO S_SPARM
	VALUES ("b4404602-ba35-413e-9176-23711757e5dd",
	"8d4ed9b1-a168-438d-9310-66120c3a0a38",
	'value',
	"ba5eda7a-def5-0000-0000-000000000003",
	0,
	'',
	"00000000-0000-0000-0000-000000000000",
	'');
INSERT INTO PE_PE
	VALUES ("5cf7ab11-1f48-44c2-b930-28694c2a64ad",
	1,
	"57a2e0b3-a3f9-4d19-8a37-c029ef19c046",
	"00000000-0000-0000-0000-000000000000",
	1);
INSERT INTO S_SYNC
	VALUES ("5cf7ab11-1f48-44c2-b930-28694c2a64ad",
	"00000000-0000-0000-0000-000000000000",
	'connect',
	'',
	'begin
  null;
end service;',
	"ba5eda7a-def5-0000-0000-000000000000",
	3,
	'',
	1);
INSERT INTO PE_PE
	VALUES ("a3528c20-0167-45f0-8e20-aeb00048bc8b",
	1,
	"57a2e0b3-a3f9-4d19-8a37-c029ef19c046",
	"00000000-0000-0000-0000-000000000000",
	1);
INSERT INTO S_SYNC
	VALUES ("a3528c20-0167-45f0-8e20-aeb00048bc8b",
	"00000000-0000-0000-0000-000000000000",
	'init',
	'',
	'ui : instance of UI;
begin
  ui := create unique UI( Current_State => idle, ticklen => @PT0.000001S@ );
  connect();
  schedule ui.ticker generate UI.tick() to ui delay ui.ticklen;
end service;',
	"ba5eda7a-def5-0000-0000-000000000000",
	3,
	'',
	1);
INSERT INTO PE_PE
	VALUES ("6b5c0035-2d7a-4b02-b604-84093499cdff",
	1,
	"57a2e0b3-a3f9-4d19-8a37-c029ef19c046",
	"00000000-0000-0000-0000-000000000000",
	1);
INSERT INTO S_SYNC
	VALUES ("6b5c0035-2d7a-4b02-b604-84093499cdff",
	"00000000-0000-0000-0000-000000000000",
	'getPendingEvent',
	'',
	'begin
  null;
end service;',
	"99c3c6a5-5168-46bf-a0fa-955daba6aa12",
	3,
	'',
	1);
INSERT INTO PE_PE
	VALUES ("3fb30cc3-6d31-4f0b-a258-c360c8615074",
	1,
	"00000000-0000-0000-0000-000000000000",
	"45cb8f1c-0861-4d11-a251-734d9eabf7ea",
	7);
INSERT INTO EP_PKG
	VALUES ("3fb30cc3-6d31-4f0b-a258-c360c8615074",
	"00000000-0000-0000-0000-000000000000",
	"2bb1960d-424f-43eb-a6fe-a9c01d780f67",
	'keypad',
	'',
	0);
INSERT INTO PE_PE
	VALUES ("94c85cb3-376d-4f19-89da-f726f2ecd4fd",
	1,
	"3fb30cc3-6d31-4f0b-a258-c360c8615074",
	"00000000-0000-0000-0000-000000000000",
	4);
INSERT INTO O_OBJ
	VALUES ("94c85cb3-376d-4f19-89da-f726f2ecd4fd",
	'UI',
	1,
	'UI',
	'',
	"00000000-0000-0000-0000-000000000000");
INSERT INTO O_NBATTR
	VALUES ("e1f6b76d-dd4f-408a-aa12-281d1992c7c3",
	"94c85cb3-376d-4f19-89da-f726f2ecd4fd");
INSERT INTO O_BATTR
	VALUES ("e1f6b76d-dd4f-408a-aa12-281d1992c7c3",
	"94c85cb3-376d-4f19-89da-f726f2ecd4fd");
INSERT INTO O_ATTR
	VALUES ("e1f6b76d-dd4f-408a-aa12-281d1992c7c3",
	"94c85cb3-376d-4f19-89da-f726f2ecd4fd",
	"00000000-0000-0000-0000-000000000000",
	'ui_id',
	'',
	'',
	'ui_id',
	0,
	"d4ab77cc-60ad-452a-82c4-62614aead508",
	'',
	'');
INSERT INTO O_NBATTR
	VALUES ("9b21d6ee-c36d-4a35-b290-41b38c0d7ab5",
	"94c85cb3-376d-4f19-89da-f726f2ecd4fd");
INSERT INTO O_BATTR
	VALUES ("9b21d6ee-c36d-4a35-b290-41b38c0d7ab5",
	"94c85cb3-376d-4f19-89da-f726f2ecd4fd");
INSERT INTO O_ATTR
	VALUES ("9b21d6ee-c36d-4a35-b290-41b38c0d7ab5",
	"94c85cb3-376d-4f19-89da-f726f2ecd4fd",
	"5811ecce-c079-4e13-906b-97d28d985da1",
	'current_state',
	'',
	'',
	'current_state',
	0,
	"ba5eda7a-def5-0000-0000-000000000006",
	'',
	'');
INSERT INTO O_NBATTR
	VALUES ("bb27b8cf-6170-4234-96b4-215d7f8b1695",
	"94c85cb3-376d-4f19-89da-f726f2ecd4fd");
INSERT INTO O_BATTR
	VALUES ("bb27b8cf-6170-4234-96b4-215d7f8b1695",
	"94c85cb3-376d-4f19-89da-f726f2ecd4fd");
INSERT INTO O_ATTR
	VALUES ("bb27b8cf-6170-4234-96b4-215d7f8b1695",
	"94c85cb3-376d-4f19-89da-f726f2ecd4fd",
	"e1f6b76d-dd4f-408a-aa12-281d1992c7c3",
	'ticker',
	'',
	'',
	'ticker',
	0,
	"d9696329-75f6-4058-a1da-48ba3ed297d3",
	'',
	'');
INSERT INTO O_NBATTR
	VALUES ("5811ecce-c079-4e13-906b-97d28d985da1",
	"94c85cb3-376d-4f19-89da-f726f2ecd4fd");
INSERT INTO O_BATTR
	VALUES ("5811ecce-c079-4e13-906b-97d28d985da1",
	"94c85cb3-376d-4f19-89da-f726f2ecd4fd");
INSERT INTO O_ATTR
	VALUES ("5811ecce-c079-4e13-906b-97d28d985da1",
	"94c85cb3-376d-4f19-89da-f726f2ecd4fd",
	"bb27b8cf-6170-4234-96b4-215d7f8b1695",
	'ticklen',
	'',
	'',
	'ticklen',
	0,
	"b552d4eb-8b70-4bbf-b77d-d54907d3690e",
	'',
	'');
INSERT INTO O_ID
	VALUES (0,
	"94c85cb3-376d-4f19-89da-f726f2ecd4fd");
INSERT INTO O_OIDA
	VALUES ("e1f6b76d-dd4f-408a-aa12-281d1992c7c3",
	"94c85cb3-376d-4f19-89da-f726f2ecd4fd",
	0,
	'ui_id');
INSERT INTO O_ID
	VALUES (1,
	"94c85cb3-376d-4f19-89da-f726f2ecd4fd");
INSERT INTO O_ID
	VALUES (2,
	"94c85cb3-376d-4f19-89da-f726f2ecd4fd");
INSERT INTO SM_ISM
	VALUES ("6266afef-5b58-4811-8708-62785f100c52",
	"94c85cb3-376d-4f19-89da-f726f2ecd4fd");
INSERT INTO SM_SM
	VALUES ("6266afef-5b58-4811-8708-62785f100c52",
	'',
	0);
INSERT INTO SM_MOORE
	VALUES ("6266afef-5b58-4811-8708-62785f100c52");
INSERT INTO SM_LEVT
	VALUES ("551e5a89-558d-43bd-ae44-01def3cfe151",
	"6266afef-5b58-4811-8708-62785f100c52",
	"00000000-0000-0000-0000-000000000000");
INSERT INTO SM_SEVT
	VALUES ("551e5a89-558d-43bd-ae44-01def3cfe151",
	"6266afef-5b58-4811-8708-62785f100c52",
	"00000000-0000-0000-0000-000000000000");
INSERT INTO SM_EVT
	VALUES ("551e5a89-558d-43bd-ae44-01def3cfe151",
	"6266afef-5b58-4811-8708-62785f100c52",
	"00000000-0000-0000-0000-000000000000",
	2,
	'done',
	0,
	'',
	'UI2',
	'');
INSERT INTO SM_LEVT
	VALUES ("165c5f55-2801-4a35-a02a-713254d333b1",
	"6266afef-5b58-4811-8708-62785f100c52",
	"00000000-0000-0000-0000-000000000000");
INSERT INTO SM_SEVT
	VALUES ("165c5f55-2801-4a35-a02a-713254d333b1",
	"6266afef-5b58-4811-8708-62785f100c52",
	"00000000-0000-0000-0000-000000000000");
INSERT INTO SM_EVT
	VALUES ("165c5f55-2801-4a35-a02a-713254d333b1",
	"6266afef-5b58-4811-8708-62785f100c52",
	"00000000-0000-0000-0000-000000000000",
	3,
	'tick',
	0,
	'',
	'UI3',
	'');
INSERT INTO SM_STATE
	VALUES ("ad9735c2-abbb-4a34-ba2a-b1746fc7c4c1",
	"6266afef-5b58-4811-8708-62785f100c52",
	"00000000-0000-0000-0000-000000000000",
	'idle',
	1,
	0);
INSERT INTO SM_CH
	VALUES ("ad9735c2-abbb-4a34-ba2a-b1746fc7c4c1",
	"551e5a89-558d-43bd-ae44-01def3cfe151",
	"6266afef-5b58-4811-8708-62785f100c52",
	"00000000-0000-0000-0000-000000000000",
	'');
INSERT INTO SM_SEME
	VALUES ("ad9735c2-abbb-4a34-ba2a-b1746fc7c4c1",
	"551e5a89-558d-43bd-ae44-01def3cfe151",
	"6266afef-5b58-4811-8708-62785f100c52",
	"00000000-0000-0000-0000-000000000000");
INSERT INTO SM_SEME
	VALUES ("ad9735c2-abbb-4a34-ba2a-b1746fc7c4c1",
	"165c5f55-2801-4a35-a02a-713254d333b1",
	"6266afef-5b58-4811-8708-62785f100c52",
	"00000000-0000-0000-0000-000000000000");
INSERT INTO SM_MOAH
	VALUES ("b72730e6-83af-4d26-83d8-3766f4e771cb",
	"6266afef-5b58-4811-8708-62785f100c52",
	"ad9735c2-abbb-4a34-ba2a-b1746fc7c4c1");
INSERT INTO SM_AH
	VALUES ("b72730e6-83af-4d26-83d8-3766f4e771cb",
	"6266afef-5b58-4811-8708-62785f100c52");
INSERT INTO SM_ACT
	VALUES ("b72730e6-83af-4d26-83d8-3766f4e771cb",
	"6266afef-5b58-4811-8708-62785f100c52",
	3,
	'begin
  // tick on an interval
  schedule this.ticker generate UI.tick() to this delay this.ticklen;
end state;',
	'',
	1);
INSERT INTO SM_STATE
	VALUES ("ae63eaaa-df38-4e08-8bd9-e07edf73c1f3",
	"6266afef-5b58-4811-8708-62785f100c52",
	"00000000-0000-0000-0000-000000000000",
	'polling',
	3,
	0);
INSERT INTO SM_SEME
	VALUES ("ae63eaaa-df38-4e08-8bd9-e07edf73c1f3",
	"551e5a89-558d-43bd-ae44-01def3cfe151",
	"6266afef-5b58-4811-8708-62785f100c52",
	"00000000-0000-0000-0000-000000000000");
INSERT INTO SM_CH
	VALUES ("ae63eaaa-df38-4e08-8bd9-e07edf73c1f3",
	"165c5f55-2801-4a35-a02a-713254d333b1",
	"6266afef-5b58-4811-8708-62785f100c52",
	"00000000-0000-0000-0000-000000000000",
	'');
INSERT INTO SM_SEME
	VALUES ("ae63eaaa-df38-4e08-8bd9-e07edf73c1f3",
	"165c5f55-2801-4a35-a02a-713254d333b1",
	"6266afef-5b58-4811-8708-62785f100c52",
	"00000000-0000-0000-0000-000000000000");
INSERT INTO SM_MOAH
	VALUES ("6a228aa2-9dad-4336-a830-3c45e53b4431",
	"6266afef-5b58-4811-8708-62785f100c52",
	"ae63eaaa-df38-4e08-8bd9-e07edf73c1f3");
INSERT INTO SM_AH
	VALUES ("6a228aa2-9dad-4336-a830-3c45e53b4431",
	"6266afef-5b58-4811-8708-62785f100c52");
INSERT INTO SM_ACT
	VALUES ("6a228aa2-9dad-4336-a830-3c45e53b4431",
	"6266afef-5b58-4811-8708-62785f100c52",
	3,
	'evt : calcevent;
begin
  // empty the pending event queue
  evt := getPendingEvent();
  while ( NULLEVT /= evt.event_type ) loop
    // send message
    if ( KEYPRESS = evt.event_type ) then
      keyIO~>key( evt.extra_data );
    elsif ( CLEAR = evt.event_type ) then
      keyIO~>clear();
    end if;
    // check for the next event
    evt := getPendingEvent();
  end loop;
  // go back to idle
  generate UI.done() to this;
end state;',
	'',
	1);
INSERT INTO SM_NSTXN
	VALUES ("d9674517-eb26-4008-984b-51cd6d0b0eef",
	"6266afef-5b58-4811-8708-62785f100c52",
	"ad9735c2-abbb-4a34-ba2a-b1746fc7c4c1",
	"165c5f55-2801-4a35-a02a-713254d333b1",
	"00000000-0000-0000-0000-000000000000");
INSERT INTO SM_TAH
	VALUES ("b1bb183c-8a90-4138-9493-ad141a69ba32",
	"6266afef-5b58-4811-8708-62785f100c52",
	"d9674517-eb26-4008-984b-51cd6d0b0eef");
INSERT INTO SM_AH
	VALUES ("b1bb183c-8a90-4138-9493-ad141a69ba32",
	"6266afef-5b58-4811-8708-62785f100c52");
INSERT INTO SM_ACT
	VALUES ("b1bb183c-8a90-4138-9493-ad141a69ba32",
	"6266afef-5b58-4811-8708-62785f100c52",
	3,
	'',
	'',
	5);
INSERT INTO SM_TXN
	VALUES ("d9674517-eb26-4008-984b-51cd6d0b0eef",
	"6266afef-5b58-4811-8708-62785f100c52",
	"ae63eaaa-df38-4e08-8bd9-e07edf73c1f3",
	"00000000-0000-0000-0000-000000000000");
INSERT INTO SM_NSTXN
	VALUES ("c04b24c9-c716-4431-b420-ecfbd1407635",
	"6266afef-5b58-4811-8708-62785f100c52",
	"ae63eaaa-df38-4e08-8bd9-e07edf73c1f3",
	"551e5a89-558d-43bd-ae44-01def3cfe151",
	"00000000-0000-0000-0000-000000000000");
INSERT INTO SM_TAH
	VALUES ("97f36220-0648-44ea-b3d3-005430665d04",
	"6266afef-5b58-4811-8708-62785f100c52",
	"c04b24c9-c716-4431-b420-ecfbd1407635");
INSERT INTO SM_AH
	VALUES ("97f36220-0648-44ea-b3d3-005430665d04",
	"6266afef-5b58-4811-8708-62785f100c52");
INSERT INTO SM_ACT
	VALUES ("97f36220-0648-44ea-b3d3-005430665d04",
	"6266afef-5b58-4811-8708-62785f100c52",
	3,
	'',
	'',
	5);
INSERT INTO SM_TXN
	VALUES ("c04b24c9-c716-4431-b420-ecfbd1407635",
	"6266afef-5b58-4811-8708-62785f100c52",
	"ad9735c2-abbb-4a34-ba2a-b1746fc7c4c1",
	"00000000-0000-0000-0000-000000000000");
INSERT INTO PE_PE
	VALUES ("dbc5798e-ef3a-46e7-bfb5-064cd0b94270",
	1,
	"00000000-0000-0000-0000-000000000000",
	"45cb8f1c-0861-4d11-a251-734d9eabf7ea",
	7);
INSERT INTO EP_PKG
	VALUES ("dbc5798e-ef3a-46e7-bfb5-064cd0b94270",
	"00000000-0000-0000-0000-000000000000",
	"2bb1960d-424f-43eb-a6fe-a9c01d780f67",
	'types',
	'',
	0);
INSERT INTO PE_PE
	VALUES ("99c3c6a5-5168-46bf-a0fa-955daba6aa12",
	1,
	"dbc5798e-ef3a-46e7-bfb5-064cd0b94270",
	"00000000-0000-0000-0000-000000000000",
	3);
INSERT INTO S_DT
	VALUES ("99c3c6a5-5168-46bf-a0fa-955daba6aa12",
	"00000000-0000-0000-0000-000000000000",
	'calcevent',
	'',
	'');
INSERT INTO S_UDT
	VALUES ("99c3c6a5-5168-46bf-a0fa-955daba6aa12",
	"ba5eda7a-def5-0000-0000-000000000002",
	0,
	'structure
  event_type : eventtype;
  extra_data : integer;
end structure');
INSERT INTO PE_PE
	VALUES ("7c52c10c-1793-4009-a49d-7e1d280eb051",
	1,
	"dbc5798e-ef3a-46e7-bfb5-064cd0b94270",
	"00000000-0000-0000-0000-000000000000",
	3);
INSERT INTO S_DT
	VALUES ("7c52c10c-1793-4009-a49d-7e1d280eb051",
	"00000000-0000-0000-0000-000000000000",
	'eventtype',
	'',
	'');
INSERT INTO S_UDT
	VALUES ("7c52c10c-1793-4009-a49d-7e1d280eb051",
	"ba5eda7a-def5-0000-0000-000000000002",
	0,
	'enum ( NULLEVT, KEYPRESS, CLEAR )');
INSERT INTO EP_PKG
	VALUES ("47d76d4f-5aca-4d26-ba6c-02bb6c1f34fb",
	"2bb1960d-424f-43eb-a6fe-a9c01d780f67",
	"2bb1960d-424f-43eb-a6fe-a9c01d780f67",
	'types',
	'',
	0);
INSERT INTO PE_PE
	VALUES ("2c3ef9de-30d0-40d0-9733-9e0365aee2d1",
	1,
	"47d76d4f-5aca-4d26-ba6c-02bb6c1f34fb",
	"00000000-0000-0000-0000-000000000000",
	3);
INSERT INTO S_DT
	VALUES ("2c3ef9de-30d0-40d0-9733-9e0365aee2d1",
	"00000000-0000-0000-0000-000000000000",
	'MASLtype',
	'',
	'');
INSERT INTO S_UDT
	VALUES ("2c3ef9de-30d0-40d0-9733-9e0365aee2d1",
	"ba5eda7a-def5-0000-0000-000000000004",
	0,
	'');
INSERT INTO PE_PE
	VALUES ("093a3410-6e22-480a-8e06-4369a85773ba",
	1,
	"47d76d4f-5aca-4d26-ba6c-02bb6c1f34fb",
	"00000000-0000-0000-0000-000000000000",
	3);
INSERT INTO S_DT
	VALUES ("093a3410-6e22-480a-8e06-4369a85773ba",
	"00000000-0000-0000-0000-000000000000",
	'instance',
	'',
	'');
INSERT INTO S_UDT
	VALUES ("093a3410-6e22-480a-8e06-4369a85773ba",
	"2c3ef9de-30d0-40d0-9733-9e0365aee2d1",
	0,
	'');
INSERT INTO PE_PE
	VALUES ("e3ca8929-4406-4019-95cf-30ee12fa3624",
	1,
	"47d76d4f-5aca-4d26-ba6c-02bb6c1f34fb",
	"00000000-0000-0000-0000-000000000000",
	3);
INSERT INTO S_DT
	VALUES ("e3ca8929-4406-4019-95cf-30ee12fa3624",
	"00000000-0000-0000-0000-000000000000",
	'structure',
	'',
	'');
INSERT INTO S_UDT
	VALUES ("e3ca8929-4406-4019-95cf-30ee12fa3624",
	"2c3ef9de-30d0-40d0-9733-9e0365aee2d1",
	0,
	'');
INSERT INTO PE_PE
	VALUES ("4fd64843-29f4-4eb2-b993-66a0635596e7",
	1,
	"47d76d4f-5aca-4d26-ba6c-02bb6c1f34fb",
	"00000000-0000-0000-0000-000000000000",
	3);
INSERT INTO S_DT
	VALUES ("4fd64843-29f4-4eb2-b993-66a0635596e7",
	"00000000-0000-0000-0000-000000000000",
	'enum',
	'',
	'');
INSERT INTO S_UDT
	VALUES ("4fd64843-29f4-4eb2-b993-66a0635596e7",
	"2c3ef9de-30d0-40d0-9733-9e0365aee2d1",
	0,
	'');
INSERT INTO PE_PE
	VALUES ("bb18792d-eb5f-4b43-b501-7fa41b96738c",
	1,
	"47d76d4f-5aca-4d26-ba6c-02bb6c1f34fb",
	"00000000-0000-0000-0000-000000000000",
	3);
INSERT INTO S_DT
	VALUES ("bb18792d-eb5f-4b43-b501-7fa41b96738c",
	"00000000-0000-0000-0000-000000000000",
	'device',
	'',
	'');
INSERT INTO S_UDT
	VALUES ("bb18792d-eb5f-4b43-b501-7fa41b96738c",
	"2c3ef9de-30d0-40d0-9733-9e0365aee2d1",
	0,
	'');
INSERT INTO PE_PE
	VALUES ("ad473636-8e4d-46a5-999e-ab9cfdf5b728",
	1,
	"47d76d4f-5aca-4d26-ba6c-02bb6c1f34fb",
	"00000000-0000-0000-0000-000000000000",
	3);
INSERT INTO S_DT
	VALUES ("ad473636-8e4d-46a5-999e-ab9cfdf5b728",
	"00000000-0000-0000-0000-000000000000",
	'event',
	'',
	'');
INSERT INTO S_UDT
	VALUES ("ad473636-8e4d-46a5-999e-ab9cfdf5b728",
	"ba5eda7a-def5-0000-0000-00000000000a",
	0,
	'');
INSERT INTO PE_PE
	VALUES ("d9696329-75f6-4058-a1da-48ba3ed297d3",
	1,
	"47d76d4f-5aca-4d26-ba6c-02bb6c1f34fb",
	"00000000-0000-0000-0000-000000000000",
	3);
INSERT INTO S_DT
	VALUES ("d9696329-75f6-4058-a1da-48ba3ed297d3",
	"00000000-0000-0000-0000-000000000000",
	'timer',
	'',
	'');
INSERT INTO S_UDT
	VALUES ("d9696329-75f6-4058-a1da-48ba3ed297d3",
	"ba5eda7a-def5-0000-0000-00000000000f",
	0,
	'');
INSERT INTO PE_PE
	VALUES ("3c0ba364-a96f-4ed0-bf49-f6fbbfbb0549",
	1,
	"47d76d4f-5aca-4d26-ba6c-02bb6c1f34fb",
	"00000000-0000-0000-0000-000000000000",
	3);
INSERT INTO S_DT
	VALUES ("3c0ba364-a96f-4ed0-bf49-f6fbbfbb0549",
	"00000000-0000-0000-0000-000000000000",
	'timestamp',
	'',
	'');
INSERT INTO S_UDT
	VALUES ("3c0ba364-a96f-4ed0-bf49-f6fbbfbb0549",
	"2c3ef9de-30d0-40d0-9733-9e0365aee2d1",
	0,
	'');
INSERT INTO PE_PE
	VALUES ("b552d4eb-8b70-4bbf-b77d-d54907d3690e",
	1,
	"47d76d4f-5aca-4d26-ba6c-02bb6c1f34fb",
	"00000000-0000-0000-0000-000000000000",
	3);
INSERT INTO S_DT
	VALUES ("b552d4eb-8b70-4bbf-b77d-d54907d3690e",
	"00000000-0000-0000-0000-000000000000",
	'duration',
	'',
	'');
INSERT INTO S_UDT
	VALUES ("b552d4eb-8b70-4bbf-b77d-d54907d3690e",
	"ba5eda7a-def5-0000-0000-000000000002",
	0,
	'');
INSERT INTO PE_PE
	VALUES ("7290e03c-4a90-4ba6-b070-45b5f2387f4d",
	1,
	"47d76d4f-5aca-4d26-ba6c-02bb6c1f34fb",
	"00000000-0000-0000-0000-000000000000",
	3);
INSERT INTO S_DT
	VALUES ("7290e03c-4a90-4ba6-b070-45b5f2387f4d",
	"00000000-0000-0000-0000-000000000000",
	'date',
	'',
	'');
INSERT INTO S_UDT
	VALUES ("7290e03c-4a90-4ba6-b070-45b5f2387f4d",
	"ba5eda7a-def5-0000-0000-00000000000e",
	0,
	'');
INSERT INTO PE_PE
	VALUES ("d4e4afb7-c93e-42c7-a68e-1e63196570c9",
	1,
	"47d76d4f-5aca-4d26-ba6c-02bb6c1f34fb",
	"00000000-0000-0000-0000-000000000000",
	3);
INSERT INTO S_DT
	VALUES ("d4e4afb7-c93e-42c7-a68e-1e63196570c9",
	"00000000-0000-0000-0000-000000000000",
	'wstring',
	'',
	'');
INSERT INTO S_UDT
	VALUES ("d4e4afb7-c93e-42c7-a68e-1e63196570c9",
	"ba5eda7a-def5-0000-0000-000000000004",
	0,
	'');
INSERT INTO PE_PE
	VALUES ("8664b46f-f803-40fd-ba92-18af8b9bb499",
	1,
	"47d76d4f-5aca-4d26-ba6c-02bb6c1f34fb",
	"00000000-0000-0000-0000-000000000000",
	3);
INSERT INTO S_DT
	VALUES ("8664b46f-f803-40fd-ba92-18af8b9bb499",
	"00000000-0000-0000-0000-000000000000",
	'string',
	'',
	'');
INSERT INTO S_UDT
	VALUES ("8664b46f-f803-40fd-ba92-18af8b9bb499",
	"ba5eda7a-def5-0000-0000-000000000004",
	0,
	'');
INSERT INTO PE_PE
	VALUES ("b99945b0-2ed0-414a-b8d8-0073bc310b7b",
	1,
	"47d76d4f-5aca-4d26-ba6c-02bb6c1f34fb",
	"00000000-0000-0000-0000-000000000000",
	3);
INSERT INTO S_DT
	VALUES ("b99945b0-2ed0-414a-b8d8-0073bc310b7b",
	"00000000-0000-0000-0000-000000000000",
	'real',
	'',
	'');
INSERT INTO S_UDT
	VALUES ("b99945b0-2ed0-414a-b8d8-0073bc310b7b",
	"ba5eda7a-def5-0000-0000-000000000003",
	0,
	'');
INSERT INTO PE_PE
	VALUES ("547eb3a9-d8ed-49e3-b2cd-884179da3cc4",
	1,
	"47d76d4f-5aca-4d26-ba6c-02bb6c1f34fb",
	"00000000-0000-0000-0000-000000000000",
	3);
INSERT INTO S_DT
	VALUES ("547eb3a9-d8ed-49e3-b2cd-884179da3cc4",
	"00000000-0000-0000-0000-000000000000",
	'long_integer',
	'',
	'');
INSERT INTO S_UDT
	VALUES ("547eb3a9-d8ed-49e3-b2cd-884179da3cc4",
	"ba5eda7a-def5-0000-0000-000000000002",
	0,
	'');
INSERT INTO PE_PE
	VALUES ("e5b29011-dfc7-472e-af6b-0e8b29c885a5",
	1,
	"47d76d4f-5aca-4d26-ba6c-02bb6c1f34fb",
	"00000000-0000-0000-0000-000000000000",
	3);
INSERT INTO S_DT
	VALUES ("e5b29011-dfc7-472e-af6b-0e8b29c885a5",
	"00000000-0000-0000-0000-000000000000",
	'byte',
	'',
	'');
INSERT INTO S_UDT
	VALUES ("e5b29011-dfc7-472e-af6b-0e8b29c885a5",
	"ba5eda7a-def5-0000-0000-000000000002",
	0,
	'');
INSERT INTO PE_PE
	VALUES ("1493db18-6e6b-4622-aa4e-c8363cd1ac93",
	1,
	"47d76d4f-5aca-4d26-ba6c-02bb6c1f34fb",
	"00000000-0000-0000-0000-000000000000",
	3);
INSERT INTO S_DT
	VALUES ("1493db18-6e6b-4622-aa4e-c8363cd1ac93",
	"00000000-0000-0000-0000-000000000000",
	'wcharacter',
	'',
	'');
INSERT INTO S_UDT
	VALUES ("1493db18-6e6b-4622-aa4e-c8363cd1ac93",
	"ba5eda7a-def5-0000-0000-000000000002",
	0,
	'');
INSERT INTO PE_PE
	VALUES ("9aa207e2-51f3-48eb-8d4d-53c97d3681af",
	1,
	"47d76d4f-5aca-4d26-ba6c-02bb6c1f34fb",
	"00000000-0000-0000-0000-000000000000",
	3);
INSERT INTO S_DT
	VALUES ("9aa207e2-51f3-48eb-8d4d-53c97d3681af",
	"00000000-0000-0000-0000-000000000000",
	'character',
	'',
	'');
INSERT INTO S_UDT
	VALUES ("9aa207e2-51f3-48eb-8d4d-53c97d3681af",
	"ba5eda7a-def5-0000-0000-000000000002",
	0,
	'');
INSERT INTO PE_PE
	VALUES ("c01171db-478e-4171-a183-c2e548a46624",
	1,
	"47d76d4f-5aca-4d26-ba6c-02bb6c1f34fb",
	"00000000-0000-0000-0000-000000000000",
	3);
INSERT INTO S_DT
	VALUES ("c01171db-478e-4171-a183-c2e548a46624",
	"00000000-0000-0000-0000-000000000000",
	'integer',
	'',
	'');
INSERT INTO S_UDT
	VALUES ("c01171db-478e-4171-a183-c2e548a46624",
	"ba5eda7a-def5-0000-0000-000000000002",
	0,
	'');
INSERT INTO PE_PE
	VALUES ("4a39ac69-6d0d-4309-9201-ade42dfb5026",
	1,
	"47d76d4f-5aca-4d26-ba6c-02bb6c1f34fb",
	"00000000-0000-0000-0000-000000000000",
	3);
INSERT INTO S_DT
	VALUES ("4a39ac69-6d0d-4309-9201-ade42dfb5026",
	"00000000-0000-0000-0000-000000000000",
	'boolean',
	'',
	'');
INSERT INTO S_UDT
	VALUES ("4a39ac69-6d0d-4309-9201-ade42dfb5026",
	"ba5eda7a-def5-0000-0000-000000000001",
	0,
	'');
INSERT INTO PE_PE
	VALUES ("67ec3e3b-0a13-470e-892a-5bceb3787b18",
	1,
	"47d76d4f-5aca-4d26-ba6c-02bb6c1f34fb",
	"00000000-0000-0000-0000-000000000000",
	3);
INSERT INTO S_DT
	VALUES ("67ec3e3b-0a13-470e-892a-5bceb3787b18",
	"00000000-0000-0000-0000-000000000000",
	'void',
	'',
	'');
INSERT INTO S_UDT
	VALUES ("67ec3e3b-0a13-470e-892a-5bceb3787b18",
	"ba5eda7a-def5-0000-0000-000000000000",
	0,
	'');
INSERT INTO PE_PE
	VALUES ("d4ab77cc-60ad-452a-82c4-62614aead508",
	1,
	"47d76d4f-5aca-4d26-ba6c-02bb6c1f34fb",
	"00000000-0000-0000-0000-000000000000",
	3);
INSERT INTO S_DT
	VALUES ("d4ab77cc-60ad-452a-82c4-62614aead508",
	"00000000-0000-0000-0000-000000000000",
	'MASLunique',
	'',
	'');
INSERT INTO S_UDT
	VALUES ("d4ab77cc-60ad-452a-82c4-62614aead508",
	"2c3ef9de-30d0-40d0-9733-9e0365aee2d1",
	0,
	'');
INSERT INTO PE_PE
	VALUES ("ba5eda7a-def5-0000-0000-000000000000",
	1,
	"00000000-0000-0000-0000-000000000000",
	"00000000-0000-0000-0000-000000000000",
	3);
INSERT INTO S_DT
	VALUES ("ba5eda7a-def5-0000-0000-000000000000",
	"00000000-0000-0000-0000-000000000000",
	'void',
	'',
	'');
INSERT INTO S_CDT
	VALUES ("ba5eda7a-def5-0000-0000-000000000000",
	0);
INSERT INTO PE_PE
	VALUES ("ba5eda7a-def5-0000-0000-000000000001",
	1,
	"00000000-0000-0000-0000-000000000000",
	"00000000-0000-0000-0000-000000000000",
	3);
INSERT INTO S_DT
	VALUES ("ba5eda7a-def5-0000-0000-000000000001",
	"00000000-0000-0000-0000-000000000000",
	'boolean',
	'',
	'');
INSERT INTO S_CDT
	VALUES ("ba5eda7a-def5-0000-0000-000000000001",
	1);
INSERT INTO PE_PE
	VALUES ("ba5eda7a-def5-0000-0000-000000000002",
	1,
	"00000000-0000-0000-0000-000000000000",
	"00000000-0000-0000-0000-000000000000",
	3);
INSERT INTO S_DT
	VALUES ("ba5eda7a-def5-0000-0000-000000000002",
	"00000000-0000-0000-0000-000000000000",
	'integer',
	'',
	'');
INSERT INTO S_CDT
	VALUES ("ba5eda7a-def5-0000-0000-000000000002",
	2);
INSERT INTO PE_PE
	VALUES ("ba5eda7a-def5-0000-0000-000000000003",
	1,
	"00000000-0000-0000-0000-000000000000",
	"00000000-0000-0000-0000-000000000000",
	3);
INSERT INTO S_DT
	VALUES ("ba5eda7a-def5-0000-0000-000000000003",
	"00000000-0000-0000-0000-000000000000",
	'real',
	'',
	'');
INSERT INTO S_CDT
	VALUES ("ba5eda7a-def5-0000-0000-000000000003",
	3);
INSERT INTO PE_PE
	VALUES ("ba5eda7a-def5-0000-0000-000000000004",
	1,
	"00000000-0000-0000-0000-000000000000",
	"00000000-0000-0000-0000-000000000000",
	3);
INSERT INTO S_DT
	VALUES ("ba5eda7a-def5-0000-0000-000000000004",
	"00000000-0000-0000-0000-000000000000",
	'string',
	'',
	'');
INSERT INTO S_CDT
	VALUES ("ba5eda7a-def5-0000-0000-000000000004",
	4);
INSERT INTO PE_PE
	VALUES ("ba5eda7a-def5-0000-0000-000000000005",
	1,
	"00000000-0000-0000-0000-000000000000",
	"00000000-0000-0000-0000-000000000000",
	3);
INSERT INTO S_DT
	VALUES ("ba5eda7a-def5-0000-0000-000000000005",
	"00000000-0000-0000-0000-000000000000",
	'unique_id',
	'',
	'');
INSERT INTO S_CDT
	VALUES ("ba5eda7a-def5-0000-0000-000000000005",
	5);
INSERT INTO PE_PE
	VALUES ("ba5eda7a-def5-0000-0000-000000000006",
	1,
	"00000000-0000-0000-0000-000000000000",
	"00000000-0000-0000-0000-000000000000",
	3);
INSERT INTO S_DT
	VALUES ("ba5eda7a-def5-0000-0000-000000000006",
	"00000000-0000-0000-0000-000000000000",
	'state<State_Model>',
	'',
	'');
INSERT INTO S_CDT
	VALUES ("ba5eda7a-def5-0000-0000-000000000006",
	6);
INSERT INTO PE_PE
	VALUES ("ba5eda7a-def5-0000-0000-000000000007",
	1,
	"00000000-0000-0000-0000-000000000000",
	"00000000-0000-0000-0000-000000000000",
	3);
INSERT INTO S_DT
	VALUES ("ba5eda7a-def5-0000-0000-000000000007",
	"00000000-0000-0000-0000-000000000000",
	'same_as<Base_Attribute>',
	'',
	'');
INSERT INTO S_CDT
	VALUES ("ba5eda7a-def5-0000-0000-000000000007",
	7);
INSERT INTO PE_PE
	VALUES ("ba5eda7a-def5-0000-0000-000000000008",
	1,
	"00000000-0000-0000-0000-000000000000",
	"00000000-0000-0000-0000-000000000000",
	3);
INSERT INTO S_DT
	VALUES ("ba5eda7a-def5-0000-0000-000000000008",
	"00000000-0000-0000-0000-000000000000",
	'inst_ref<Object>',
	'',
	'');
INSERT INTO S_CDT
	VALUES ("ba5eda7a-def5-0000-0000-000000000008",
	8);
INSERT INTO PE_PE
	VALUES ("ba5eda7a-def5-0000-0000-000000000009",
	1,
	"00000000-0000-0000-0000-000000000000",
	"00000000-0000-0000-0000-000000000000",
	3);
INSERT INTO S_DT
	VALUES ("ba5eda7a-def5-0000-0000-000000000009",
	"00000000-0000-0000-0000-000000000000",
	'inst_ref_set<Object>',
	'',
	'');
INSERT INTO S_CDT
	VALUES ("ba5eda7a-def5-0000-0000-000000000009",
	9);
INSERT INTO PE_PE
	VALUES ("ba5eda7a-def5-0000-0000-00000000000a",
	1,
	"00000000-0000-0000-0000-000000000000",
	"00000000-0000-0000-0000-000000000000",
	3);
INSERT INTO S_DT
	VALUES ("ba5eda7a-def5-0000-0000-00000000000a",
	"00000000-0000-0000-0000-000000000000",
	'inst<Event>',
	'',
	'');
INSERT INTO S_CDT
	VALUES ("ba5eda7a-def5-0000-0000-00000000000a",
	10);
INSERT INTO PE_PE
	VALUES ("ba5eda7a-def5-0000-0000-00000000000b",
	1,
	"00000000-0000-0000-0000-000000000000",
	"00000000-0000-0000-0000-000000000000",
	3);
INSERT INTO S_DT
	VALUES ("ba5eda7a-def5-0000-0000-00000000000b",
	"00000000-0000-0000-0000-000000000000",
	'inst<Mapping>',
	'',
	'');
INSERT INTO S_CDT
	VALUES ("ba5eda7a-def5-0000-0000-00000000000b",
	11);
INSERT INTO PE_PE
	VALUES ("ba5eda7a-def5-0000-0000-00000000000c",
	1,
	"00000000-0000-0000-0000-000000000000",
	"00000000-0000-0000-0000-000000000000",
	3);
INSERT INTO S_DT
	VALUES ("ba5eda7a-def5-0000-0000-00000000000c",
	"00000000-0000-0000-0000-000000000000",
	'inst_ref<Mapping>',
	'',
	'');
INSERT INTO S_CDT
	VALUES ("ba5eda7a-def5-0000-0000-00000000000c",
	12);
INSERT INTO PE_PE
	VALUES ("ba5eda7a-def5-0000-0000-00000000000d",
	1,
	"00000000-0000-0000-0000-000000000000",
	"00000000-0000-0000-0000-000000000000",
	3);
INSERT INTO S_DT
	VALUES ("ba5eda7a-def5-0000-0000-00000000000d",
	"00000000-0000-0000-0000-000000000000",
	'component_ref',
	'',
	'');
INSERT INTO S_CDT
	VALUES ("ba5eda7a-def5-0000-0000-00000000000d",
	13);
INSERT INTO PE_PE
	VALUES ("ba5eda7a-def5-0000-0000-00000000000e",
	1,
	"00000000-0000-0000-0000-000000000000",
	"00000000-0000-0000-0000-000000000000",
	3);
INSERT INTO S_DT
	VALUES ("ba5eda7a-def5-0000-0000-00000000000e",
	"00000000-0000-0000-0000-000000000000",
	'date',
	'',
	'');
INSERT INTO S_UDT
	VALUES ("ba5eda7a-def5-0000-0000-00000000000e",
	"ba5eda7a-def5-0000-0000-00000000000b",
	1,
	'');
INSERT INTO PE_PE
	VALUES ("ba5eda7a-def5-0000-0000-00000000000f",
	1,
	"00000000-0000-0000-0000-000000000000",
	"00000000-0000-0000-0000-000000000000",
	3);
INSERT INTO S_DT
	VALUES ("ba5eda7a-def5-0000-0000-00000000000f",
	"00000000-0000-0000-0000-000000000000",
	'inst_ref<Timer>',
	'',
	'');
INSERT INTO S_UDT
	VALUES ("ba5eda7a-def5-0000-0000-00000000000f",
	"ba5eda7a-def5-0000-0000-00000000000c",
	3,
	'');
INSERT INTO PE_PE
	VALUES ("ba5eda7a-def5-0000-0000-000000000010",
	1,
	"00000000-0000-0000-0000-000000000000",
	"00000000-0000-0000-0000-000000000000",
	3);
INSERT INTO S_DT
	VALUES ("ba5eda7a-def5-0000-0000-000000000010",
	"00000000-0000-0000-0000-000000000000",
	'timestamp',
	'',
	'');
INSERT INTO S_UDT
	VALUES ("ba5eda7a-def5-0000-0000-000000000010",
	"ba5eda7a-def5-0000-0000-00000000000b",
	2,
	'');
