INSERT INTO O_OBJ VALUES ( "00000000-0000-0000-0000-000000000083",'loop',1,'LOOP','',"00000000-0000-0000-0000-000000000000" );
INSERT INTO O_OBJ VALUES ( "00000000-0000-0000-0000-0000000001b9",'C benchmark',2,'CBENCH','',"00000000-0000-0000-0000-000000000000" );
INSERT INTO O_OBJ VALUES ( "00000000-0000-0000-0000-0000000001b0",'benchmark',1,'BENCHMARK','',"00000000-0000-0000-0000-000000000000" );
INSERT INTO O_OBJ VALUES ( "00000000-0000-0000-0000-000000000639",'b',101,'B','',"00000000-0000-0000-0000-000000000000" );
INSERT INTO O_OBJ VALUES ( "00000000-0000-0000-0000-00000000078b",'c',102,'C','',"00000000-0000-0000-0000-000000000000" );
INSERT INTO O_OBJ VALUES ( "00000000-0000-0000-0000-00000000078e",'d',103,'D','',"00000000-0000-0000-0000-000000000000" );
INSERT INTO O_OBJ VALUES ( "00000000-0000-0000-0000-0000000007fa",'e',104,'E','',"00000000-0000-0000-0000-000000000000" );
INSERT INTO O_OBJ VALUES ( "00000000-0000-0000-0000-0000000007fd",'f',105,'F','',"00000000-0000-0000-0000-000000000000" );
INSERT INTO O_OBJ VALUES ( "00000000-0000-0000-0000-0000000007ff",'g',106,'G','',"00000000-0000-0000-0000-000000000000" );
INSERT INTO O_OBJ VALUES ( "00000000-0000-0000-0000-00000000051c",'a',100,'A','',"00000000-0000-0000-0000-000000000000" );
INSERT INTO O_ATTR VALUES ( "00000000-0000-0000-0000-0000000000b7","00000000-0000-0000-0000-000000000083","00000000-0000-0000-0000-000000000000",'client_test_number','','','client_test_number',0,"00000000-0000-0000-0000-000000000008",'','' );
INSERT INTO O_ATTR VALUES ( "00000000-0000-0000-0000-0000000000b8","00000000-0000-0000-0000-000000000083","00000000-0000-0000-0000-0000000000b7",'duration','','','duration',0,"00000000-0000-0000-0000-000000000008",'','' );
INSERT INTO O_ATTR VALUES ( "00000000-0000-0000-0000-0000000000b9","00000000-0000-0000-0000-000000000083","00000000-0000-0000-0000-0000000000b8",'repetitions','','','repetitions',0,"00000000-0000-0000-0000-000000000008",'','' );
INSERT INTO O_ATTR VALUES ( "00000000-0000-0000-0000-0000000000ba","00000000-0000-0000-0000-000000000083","00000000-0000-0000-0000-0000000000b9",'measured_run_time','','','measured_run_time',0,"00000000-0000-0000-0000-000000000008",'','' );
INSERT INTO O_ATTR VALUES ( "00000000-0000-0000-0000-0000000000bb","00000000-0000-0000-0000-000000000083","00000000-0000-0000-0000-0000000000ba",'current_state','','','current_state',0,"00000000-0000-0000-0000-0000000000bc",'','' );
INSERT INTO O_ATTR VALUES ( "00000000-0000-0000-0000-0000000000a6","00000000-0000-0000-0000-000000000083","00000000-0000-0000-0000-0000000000bb",'time_delta','','','time_delta',0,"00000000-0000-0000-0000-000000000008",'','' );
INSERT INTO O_ATTR VALUES ( "00000000-0000-0000-0000-0000000000a8","00000000-0000-0000-0000-000000000083","00000000-0000-0000-0000-0000000000a6",'t0','','','t0',0,"00000000-0000-0000-0000-00000000001b",'','' );
INSERT INTO O_ATTR VALUES ( "00000000-0000-0000-0000-0000000001c1","00000000-0000-0000-0000-0000000001b9","00000000-0000-0000-0000-000000000000",'phase','','','phase',0,"00000000-0000-0000-0000-000000000008",'','' );
INSERT INTO O_ATTR VALUES ( "00000000-0000-0000-0000-000000000e2b","00000000-0000-0000-0000-0000000001b0","00000000-0000-0000-0000-0000000001bf",'current_state','','','current_state',0,"00000000-0000-0000-0000-0000000000bc",'','' );
INSERT INTO O_ATTR VALUES ( "00000000-0000-0000-0000-0000000001bd","00000000-0000-0000-0000-0000000001b0","00000000-0000-0000-0000-000000000000",'test_number','','','test_number',0,"00000000-0000-0000-0000-000000000008",'','' );
INSERT INTO O_ATTR VALUES ( "00000000-0000-0000-0000-0000000001bf","00000000-0000-0000-0000-0000000001b0","00000000-0000-0000-0000-0000000001bd",'duration','','','duration',0,"00000000-0000-0000-0000-000000000008",'','' );
INSERT INTO O_ATTR VALUES ( "00000000-0000-0000-0000-000000000e58","00000000-0000-0000-0000-000000000639","00000000-0000-0000-0000-000000000000",'bID','','','bID',0,"00000000-0000-0000-0000-000000000008",'','' );
INSERT INTO O_ATTR VALUES ( "00000000-0000-0000-0000-000000000e59","00000000-0000-0000-0000-000000000639","00000000-0000-0000-0000-000000000e58",'current_state','','','current_state',0,"00000000-0000-0000-0000-0000000000bc",'','' );
INSERT INTO O_ATTR VALUES ( "00000000-0000-0000-0000-000000000e6a","00000000-0000-0000-0000-00000000078b","00000000-0000-0000-0000-000000000000",'cID','','','cID',0,"00000000-0000-0000-0000-000000000008",'','' );
INSERT INTO O_ATTR VALUES ( "00000000-0000-0000-0000-000000000e6b","00000000-0000-0000-0000-00000000078e","00000000-0000-0000-0000-000000000000",'dID','','','dID',0,"00000000-0000-0000-0000-000000000008",'','' );
INSERT INTO O_ATTR VALUES ( "00000000-0000-0000-0000-000000000e6e","00000000-0000-0000-0000-00000000078e","00000000-0000-0000-0000-000000000e6b",'cID','','','cID',0,"00000000-0000-0000-0000-000000000e70",'','' );
INSERT INTO O_ATTR VALUES ( "00000000-0000-0000-0000-000000000e71","00000000-0000-0000-0000-0000000007fa","00000000-0000-0000-0000-000000000000",'eID','','','eID',0,"00000000-0000-0000-0000-000000000008",'','' );
INSERT INTO O_ATTR VALUES ( "00000000-0000-0000-0000-000000000e72","00000000-0000-0000-0000-0000000007fd","00000000-0000-0000-0000-000000000000",'fID','','','fID',0,"00000000-0000-0000-0000-000000000008",'','' );
INSERT INTO O_ATTR VALUES ( "00000000-0000-0000-0000-000000000e75","00000000-0000-0000-0000-0000000007ff","00000000-0000-0000-0000-000000000000",'eID','','','eID',0,"00000000-0000-0000-0000-000000000e70",'','' );
INSERT INTO O_ATTR VALUES ( "00000000-0000-0000-0000-000000000e78","00000000-0000-0000-0000-0000000007ff","00000000-0000-0000-0000-000000000e75",'fID','','','fID',0,"00000000-0000-0000-0000-000000000e70",'','' );
INSERT INTO O_ATTR VALUES ( "00000000-0000-0000-0000-000000000e8e","00000000-0000-0000-0000-00000000051c","00000000-0000-0000-0000-00000000063c",'current_state','','','current_state',0,"00000000-0000-0000-0000-0000000000bc",'','' );
INSERT INTO O_ATTR VALUES ( "00000000-0000-0000-0000-00000000063c","00000000-0000-0000-0000-00000000051c","00000000-0000-0000-0000-000000000a31",'odometer','','','odometer',0,"00000000-0000-0000-0000-000000000008",'','' );
INSERT INTO O_ATTR VALUES ( "00000000-0000-0000-0000-000000000a31","00000000-0000-0000-0000-00000000051c","00000000-0000-0000-0000-000000000000",'ID','','','ID',0,"00000000-0000-0000-0000-000000000008",'','' );
INSERT INTO O_ATTR VALUES ( "00000000-0000-0000-0000-000000000e91","00000000-0000-0000-0000-00000000051c","00000000-0000-0000-0000-000000000e8e",'bID','','','bID',0,"00000000-0000-0000-0000-000000000e70",'','' );
INSERT INTO O_ID VALUES ( 0,"00000000-0000-0000-0000-000000000083" );
INSERT INTO O_ID VALUES ( 1,"00000000-0000-0000-0000-000000000083" );
INSERT INTO O_ID VALUES ( 2,"00000000-0000-0000-0000-000000000083" );
INSERT INTO O_ID VALUES ( 0,"00000000-0000-0000-0000-0000000001b9" );
INSERT INTO O_ID VALUES ( 1,"00000000-0000-0000-0000-0000000001b9" );
INSERT INTO O_ID VALUES ( 2,"00000000-0000-0000-0000-0000000001b9" );
INSERT INTO O_ID VALUES ( 0,"00000000-0000-0000-0000-0000000001b0" );
INSERT INTO O_ID VALUES ( 1,"00000000-0000-0000-0000-0000000001b0" );
INSERT INTO O_ID VALUES ( 2,"00000000-0000-0000-0000-0000000001b0" );
INSERT INTO O_ID VALUES ( 0,"00000000-0000-0000-0000-000000000639" );
INSERT INTO O_ID VALUES ( 1,"00000000-0000-0000-0000-000000000639" );
INSERT INTO O_ID VALUES ( 2,"00000000-0000-0000-0000-000000000639" );
INSERT INTO O_ID VALUES ( 0,"00000000-0000-0000-0000-00000000078b" );
INSERT INTO O_ID VALUES ( 1,"00000000-0000-0000-0000-00000000078b" );
INSERT INTO O_ID VALUES ( 2,"00000000-0000-0000-0000-00000000078b" );
INSERT INTO O_ID VALUES ( 0,"00000000-0000-0000-0000-00000000078e" );
INSERT INTO O_ID VALUES ( 1,"00000000-0000-0000-0000-00000000078e" );
INSERT INTO O_ID VALUES ( 2,"00000000-0000-0000-0000-00000000078e" );
INSERT INTO O_ID VALUES ( 0,"00000000-0000-0000-0000-0000000007fa" );
INSERT INTO O_ID VALUES ( 1,"00000000-0000-0000-0000-0000000007fa" );
INSERT INTO O_ID VALUES ( 2,"00000000-0000-0000-0000-0000000007fa" );
INSERT INTO O_ID VALUES ( 0,"00000000-0000-0000-0000-0000000007fd" );
INSERT INTO O_ID VALUES ( 1,"00000000-0000-0000-0000-0000000007fd" );
INSERT INTO O_ID VALUES ( 2,"00000000-0000-0000-0000-0000000007fd" );
INSERT INTO O_ID VALUES ( 0,"00000000-0000-0000-0000-0000000007ff" );
INSERT INTO O_ID VALUES ( 1,"00000000-0000-0000-0000-0000000007ff" );
INSERT INTO O_ID VALUES ( 2,"00000000-0000-0000-0000-0000000007ff" );
INSERT INTO O_ID VALUES ( 0,"00000000-0000-0000-0000-00000000051c" );
INSERT INTO O_ID VALUES ( 1,"00000000-0000-0000-0000-00000000051c" );
INSERT INTO O_ID VALUES ( 2,"00000000-0000-0000-0000-00000000051c" );
INSERT INTO O_OIDA VALUES ( "00000000-0000-0000-0000-0000000000b7","00000000-0000-0000-0000-000000000083",0,'client_test_number' );
INSERT INTO O_OIDA VALUES ( "00000000-0000-0000-0000-000000000e58","00000000-0000-0000-0000-000000000639",0,'bID' );
INSERT INTO O_OIDA VALUES ( "00000000-0000-0000-0000-000000000e6a","00000000-0000-0000-0000-00000000078b",0,'cID' );
INSERT INTO O_OIDA VALUES ( "00000000-0000-0000-0000-000000000e6b","00000000-0000-0000-0000-00000000078e",0,'dID' );
INSERT INTO O_OIDA VALUES ( "00000000-0000-0000-0000-000000000e71","00000000-0000-0000-0000-0000000007fa",0,'eID' );
INSERT INTO O_OIDA VALUES ( "00000000-0000-0000-0000-000000000e72","00000000-0000-0000-0000-0000000007fd",0,'fID' );
INSERT INTO O_OIDA VALUES ( "00000000-0000-0000-0000-000000000e75","00000000-0000-0000-0000-0000000007ff",0,'eID' );
INSERT INTO O_OIDA VALUES ( "00000000-0000-0000-0000-000000000e78","00000000-0000-0000-0000-0000000007ff",0,'fID' );
INSERT INTO O_OIDA VALUES ( "00000000-0000-0000-0000-000000000a31","00000000-0000-0000-0000-00000000051c",0,'ID' );
INSERT INTO O_BATTR VALUES ( "00000000-0000-0000-0000-0000000000b7","00000000-0000-0000-0000-000000000083" );
INSERT INTO O_BATTR VALUES ( "00000000-0000-0000-0000-0000000000b8","00000000-0000-0000-0000-000000000083" );
INSERT INTO O_BATTR VALUES ( "00000000-0000-0000-0000-0000000000b9","00000000-0000-0000-0000-000000000083" );
INSERT INTO O_BATTR VALUES ( "00000000-0000-0000-0000-0000000000ba","00000000-0000-0000-0000-000000000083" );
INSERT INTO O_BATTR VALUES ( "00000000-0000-0000-0000-0000000000bb","00000000-0000-0000-0000-000000000083" );
INSERT INTO O_BATTR VALUES ( "00000000-0000-0000-0000-0000000000a6","00000000-0000-0000-0000-000000000083" );
INSERT INTO O_BATTR VALUES ( "00000000-0000-0000-0000-0000000000a8","00000000-0000-0000-0000-000000000083" );
INSERT INTO O_BATTR VALUES ( "00000000-0000-0000-0000-0000000001c1","00000000-0000-0000-0000-0000000001b9" );
INSERT INTO O_BATTR VALUES ( "00000000-0000-0000-0000-000000000e2b","00000000-0000-0000-0000-0000000001b0" );
INSERT INTO O_BATTR VALUES ( "00000000-0000-0000-0000-0000000001bd","00000000-0000-0000-0000-0000000001b0" );
INSERT INTO O_BATTR VALUES ( "00000000-0000-0000-0000-0000000001bf","00000000-0000-0000-0000-0000000001b0" );
INSERT INTO O_BATTR VALUES ( "00000000-0000-0000-0000-000000000e58","00000000-0000-0000-0000-000000000639" );
INSERT INTO O_BATTR VALUES ( "00000000-0000-0000-0000-000000000e59","00000000-0000-0000-0000-000000000639" );
INSERT INTO O_BATTR VALUES ( "00000000-0000-0000-0000-000000000e6a","00000000-0000-0000-0000-00000000078b" );
INSERT INTO O_BATTR VALUES ( "00000000-0000-0000-0000-000000000e6b","00000000-0000-0000-0000-00000000078e" );
INSERT INTO O_BATTR VALUES ( "00000000-0000-0000-0000-000000000e71","00000000-0000-0000-0000-0000000007fa" );
INSERT INTO O_BATTR VALUES ( "00000000-0000-0000-0000-000000000e72","00000000-0000-0000-0000-0000000007fd" );
INSERT INTO O_BATTR VALUES ( "00000000-0000-0000-0000-000000000e8e","00000000-0000-0000-0000-00000000051c" );
INSERT INTO O_BATTR VALUES ( "00000000-0000-0000-0000-00000000063c","00000000-0000-0000-0000-00000000051c" );
INSERT INTO O_BATTR VALUES ( "00000000-0000-0000-0000-000000000a31","00000000-0000-0000-0000-00000000051c" );
INSERT INTO O_NBATTR VALUES ( "00000000-0000-0000-0000-0000000000b7","00000000-0000-0000-0000-000000000083" );
INSERT INTO O_NBATTR VALUES ( "00000000-0000-0000-0000-0000000000b8","00000000-0000-0000-0000-000000000083" );
INSERT INTO O_NBATTR VALUES ( "00000000-0000-0000-0000-0000000000b9","00000000-0000-0000-0000-000000000083" );
INSERT INTO O_NBATTR VALUES ( "00000000-0000-0000-0000-0000000000ba","00000000-0000-0000-0000-000000000083" );
INSERT INTO O_NBATTR VALUES ( "00000000-0000-0000-0000-0000000000bb","00000000-0000-0000-0000-000000000083" );
INSERT INTO O_NBATTR VALUES ( "00000000-0000-0000-0000-0000000000a6","00000000-0000-0000-0000-000000000083" );
INSERT INTO O_NBATTR VALUES ( "00000000-0000-0000-0000-0000000000a8","00000000-0000-0000-0000-000000000083" );
INSERT INTO O_NBATTR VALUES ( "00000000-0000-0000-0000-0000000001c1","00000000-0000-0000-0000-0000000001b9" );
INSERT INTO O_NBATTR VALUES ( "00000000-0000-0000-0000-000000000e2b","00000000-0000-0000-0000-0000000001b0" );
INSERT INTO O_NBATTR VALUES ( "00000000-0000-0000-0000-0000000001bd","00000000-0000-0000-0000-0000000001b0" );
INSERT INTO O_NBATTR VALUES ( "00000000-0000-0000-0000-0000000001bf","00000000-0000-0000-0000-0000000001b0" );
INSERT INTO O_NBATTR VALUES ( "00000000-0000-0000-0000-000000000e58","00000000-0000-0000-0000-000000000639" );
INSERT INTO O_NBATTR VALUES ( "00000000-0000-0000-0000-000000000e59","00000000-0000-0000-0000-000000000639" );
INSERT INTO O_NBATTR VALUES ( "00000000-0000-0000-0000-000000000e6a","00000000-0000-0000-0000-00000000078b" );
INSERT INTO O_NBATTR VALUES ( "00000000-0000-0000-0000-000000000e6b","00000000-0000-0000-0000-00000000078e" );
INSERT INTO O_NBATTR VALUES ( "00000000-0000-0000-0000-000000000e71","00000000-0000-0000-0000-0000000007fa" );
INSERT INTO O_NBATTR VALUES ( "00000000-0000-0000-0000-000000000e72","00000000-0000-0000-0000-0000000007fd" );
INSERT INTO O_NBATTR VALUES ( "00000000-0000-0000-0000-000000000e8e","00000000-0000-0000-0000-00000000051c" );
INSERT INTO O_NBATTR VALUES ( "00000000-0000-0000-0000-00000000063c","00000000-0000-0000-0000-00000000051c" );
INSERT INTO O_NBATTR VALUES ( "00000000-0000-0000-0000-000000000a31","00000000-0000-0000-0000-00000000051c" );
INSERT INTO O_RATTR VALUES ( "00000000-0000-0000-0000-000000000e6e","00000000-0000-0000-0000-00000000078e","00000000-0000-0000-0000-000000000e6a","00000000-0000-0000-0000-00000000078b",1,'cID' );
INSERT INTO O_RATTR VALUES ( "00000000-0000-0000-0000-000000000e75","00000000-0000-0000-0000-0000000007ff","00000000-0000-0000-0000-000000000e71","00000000-0000-0000-0000-0000000007fa",1,'eID' );
INSERT INTO O_RATTR VALUES ( "00000000-0000-0000-0000-000000000e78","00000000-0000-0000-0000-0000000007ff","00000000-0000-0000-0000-000000000e72","00000000-0000-0000-0000-0000000007fd",1,'fID' );
INSERT INTO O_RATTR VALUES ( "00000000-0000-0000-0000-000000000e91","00000000-0000-0000-0000-00000000051c","00000000-0000-0000-0000-000000000e58","00000000-0000-0000-0000-000000000639",1,'bID' );
INSERT INTO S_CDT VALUES ( "00000000-0000-0000-0000-000000000031",0 );
INSERT INTO S_CDT VALUES ( "00000000-0000-0000-0000-000000000027",1 );
INSERT INTO S_CDT VALUES ( "00000000-0000-0000-0000-000000000008",2 );
INSERT INTO S_CDT VALUES ( "00000000-0000-0000-0000-000000000eb9",3 );
INSERT INTO S_CDT VALUES ( "00000000-0000-0000-0000-000000000353",4 );
INSERT INTO S_CDT VALUES ( "00000000-0000-0000-0000-000000000eba",5 );
INSERT INTO S_CDT VALUES ( "00000000-0000-0000-0000-0000000000bc",6 );
INSERT INTO S_CDT VALUES ( "00000000-0000-0000-0000-000000000e70",7 );
INSERT INTO S_CDT VALUES ( "00000000-0000-0000-0000-00000000008b",8 );
INSERT INTO S_CDT VALUES ( "00000000-0000-0000-0000-000000000895",9 );
INSERT INTO S_CDT VALUES ( "00000000-0000-0000-0000-000000000020",10 );
INSERT INTO S_CDT VALUES ( "00000000-0000-0000-0000-000000000ebb",11 );
INSERT INTO S_CDT VALUES ( "00000000-0000-0000-0000-000000000ebc",12 );
INSERT INTO S_CDT VALUES ( "00000000-0000-0000-0000-000000000ebd",13 );
INSERT INTO O_REF VALUES ( "00000000-0000-0000-0000-00000000078e","00000000-0000-0000-0000-00000000078b",0,"00000000-0000-0000-0000-000000000e6a","00000000-0000-0000-0000-000000000793","00000000-0000-0000-0000-000000000e6c","00000000-0000-0000-0000-000000000e6d","00000000-0000-0000-0000-000000000e6e","00000000-0000-0000-0000-000000000e6f","00000000-0000-0000-0000-000000000000",0,'','c','cID','R2' );
INSERT INTO O_REF VALUES ( "00000000-0000-0000-0000-0000000007ff","00000000-0000-0000-0000-0000000007fa",0,"00000000-0000-0000-0000-000000000e71","00000000-0000-0000-0000-000000000811","00000000-0000-0000-0000-000000000e73","00000000-0000-0000-0000-000000000e74","00000000-0000-0000-0000-000000000e75","00000000-0000-0000-0000-000000000e76","00000000-0000-0000-0000-000000000000",0,'','e','eID','R3' );
INSERT INTO O_REF VALUES ( "00000000-0000-0000-0000-0000000007ff","00000000-0000-0000-0000-0000000007fd",0,"00000000-0000-0000-0000-000000000e72","00000000-0000-0000-0000-000000000811","00000000-0000-0000-0000-000000000e73","00000000-0000-0000-0000-000000000e77","00000000-0000-0000-0000-000000000e78","00000000-0000-0000-0000-000000000e79","00000000-0000-0000-0000-000000000000",0,'','f','fID','R3' );
INSERT INTO O_REF VALUES ( "00000000-0000-0000-0000-00000000051c","00000000-0000-0000-0000-000000000639",0,"00000000-0000-0000-0000-000000000e58","00000000-0000-0000-0000-00000000063a","00000000-0000-0000-0000-000000000e8f","00000000-0000-0000-0000-000000000e90","00000000-0000-0000-0000-000000000e91","00000000-0000-0000-0000-000000000e92","00000000-0000-0000-0000-000000000000",0,'','b','bID','R1' );
INSERT INTO O_RTIDA VALUES ( "00000000-0000-0000-0000-000000000e58","00000000-0000-0000-0000-000000000639",0,"00000000-0000-0000-0000-00000000063a","00000000-0000-0000-0000-000000000e90" );
INSERT INTO O_RTIDA VALUES ( "00000000-0000-0000-0000-000000000e6a","00000000-0000-0000-0000-00000000078b",0,"00000000-0000-0000-0000-000000000793","00000000-0000-0000-0000-000000000e6d" );
INSERT INTO O_RTIDA VALUES ( "00000000-0000-0000-0000-000000000e71","00000000-0000-0000-0000-0000000007fa",0,"00000000-0000-0000-0000-000000000811","00000000-0000-0000-0000-000000000e74" );
INSERT INTO O_RTIDA VALUES ( "00000000-0000-0000-0000-000000000e72","00000000-0000-0000-0000-0000000007fd",0,"00000000-0000-0000-0000-000000000811","00000000-0000-0000-0000-000000000e77" );
INSERT INTO O_TFR VALUES ( "00000000-0000-0000-0000-00000000009b","00000000-0000-0000-0000-000000000083",'begin_time_measurement','',"00000000-0000-0000-0000-000000000031",1,'self.time_delta = 0;
self.t0 = TIM::current_clock();
',1,'',"00000000-0000-0000-0000-000000000000",0 );
INSERT INTO O_TFR VALUES ( "00000000-0000-0000-0000-0000000000a9","00000000-0000-0000-0000-000000000083",'end_time_measurement','',"00000000-0000-0000-0000-000000000008",1,'self.time_delta = DELTA::timestamp( t0:self.t0, t1:TIM::current_clock() );
return self.time_delta;
',1,'',"00000000-0000-0000-0000-00000000009b",0 );
INSERT INTO O_TFR VALUES ( "00000000-0000-0000-0000-000000000323","00000000-0000-0000-0000-0000000001b9",'function_void_void','',"00000000-0000-0000-0000-000000000027",0,'iterations = 10000;
if ( 1 == param.phase )               // setup
elif ( 2 == param.phase )             // run

  i = iterations;
  while ( i > 0 )
    CBENCHMARK::function_void_void();
    CBENCHMARK::function_void_void();
    CBENCHMARK::function_void_void();
    CBENCHMARK::function_void_void();
    CBENCHMARK::function_void_void();
    CBENCHMARK::function_void_void();
    CBENCHMARK::function_void_void();
    CBENCHMARK::function_void_void();
    CBENCHMARK::function_void_void();
    CBENCHMARK::function_void_void();
    i = i - 1;
  end while;

elif ( 3 == param.phase )             // unrun
elif ( 4 == param.phase )             // cleanup

elif ( 5 == param.phase )             // report

  i = 10 * iterations * param.count;
  ::report( message:"C function void void", count:i, duration:param.duration );

else
end if;

// Allow normal test looping.
return true;',1,'',"00000000-0000-0000-0000-00000000032b",0 );
INSERT INTO O_TFR VALUES ( "00000000-0000-0000-0000-00000000032b","00000000-0000-0000-0000-0000000001b9",'function_void_integer','',"00000000-0000-0000-0000-000000000027",0,'iterations = 10000;
if ( 1 == param.phase )               // setup
elif ( 2 == param.phase )             // run

  i = iterations;
  while ( i > 0 )
    CBENCHMARK::function_void_integer( i:i );
    CBENCHMARK::function_void_integer( i:i );
    CBENCHMARK::function_void_integer( i:i );
    CBENCHMARK::function_void_integer( i:i );
    CBENCHMARK::function_void_integer( i:i );
    CBENCHMARK::function_void_integer( i:i );
    CBENCHMARK::function_void_integer( i:i );
    CBENCHMARK::function_void_integer( i:i );
    CBENCHMARK::function_void_integer( i:i );
    CBENCHMARK::function_void_integer( i:i );
    i = i - 1;
  end while;

elif ( 3 == param.phase )             // unrun
elif ( 4 == param.phase )             // cleanup

elif ( 5 == param.phase )             // report

  i = 10 * iterations * param.count;
  ::report( message:"C function void integer", count:i, duration:param.duration );

else
end if;

// Allow normal test looping.
return true;',1,'',"00000000-0000-0000-0000-000000000333",0 );
INSERT INTO O_TFR VALUES ( "00000000-0000-0000-0000-000000000333","00000000-0000-0000-0000-0000000001b9",'function_integer_integer','',"00000000-0000-0000-0000-000000000027",0,'iterations = 10000;
j = 0;
if ( 1 == param.phase )               // setup
elif ( 2 == param.phase )             // run

  i = iterations;
  while ( i > 0 )
    j= CBENCHMARK::function_integer_integer( i:i );
    j= CBENCHMARK::function_integer_integer( i:i );
    j= CBENCHMARK::function_integer_integer( i:i );
    j= CBENCHMARK::function_integer_integer( i:i );
    j= CBENCHMARK::function_integer_integer( i:i );
    j= CBENCHMARK::function_integer_integer( i:i );
    j= CBENCHMARK::function_integer_integer( i:i );
    j= CBENCHMARK::function_integer_integer( i:i );
    j= CBENCHMARK::function_integer_integer( i:i );
    j= CBENCHMARK::function_integer_integer( i:i );
    i = i - 1;
  end while;

elif ( 3 == param.phase )             // unrun
elif ( 4 == param.phase )             // cleanup

elif ( 5 == param.phase )             // report

  i = 10 * iterations * param.count;
  ::report( message:"C function integer integer", count:i, duration:param.duration );

else
end if;

// Allow normal test looping.
return true;',1,'',"00000000-0000-0000-0000-000000000000",0 );
INSERT INTO O_TFR VALUES ( "00000000-0000-0000-0000-00000000033b","00000000-0000-0000-0000-0000000001b9",'read_struct_member','',"00000000-0000-0000-0000-000000000027",0,'iterations = 10000;
if ( 1 == param.phase )               // setup
elif ( 2 == param.phase )             // run

  j = CBENCHMARK::read_struct_member( i:iterations );

elif ( 3 == param.phase )             // unrun
elif ( 4 == param.phase )             // cleanup

elif ( 5 == param.phase )             // report

  i = 10 * iterations * param.count;
  ::report( message:"C read struct member", count:i, duration:param.duration );

else
end if;

// Allow normal test looping.
return true;',1,'',"00000000-0000-0000-0000-000000000323",0 );
INSERT INTO O_TFR VALUES ( "00000000-0000-0000-0000-000000000343","00000000-0000-0000-0000-0000000001b9",'write_struct_member','',"00000000-0000-0000-0000-000000000027",0,'iterations = 10000;
j = 0;
if ( 1 == param.phase )               // setup
elif ( 2 == param.phase )             // run

  j = CBENCHMARK::write_struct_member( i:iterations );

elif ( 3 == param.phase )             // unrun
elif ( 4 == param.phase )             // cleanup

elif ( 5 == param.phase )             // report

  i = 10 * iterations * param.count;
  ::report( message:"C write struct member", count:i, duration:param.duration );

else
end if;

// Allow normal test looping.
return true;',1,'',"00000000-0000-0000-0000-00000000033b",0 );
INSERT INTO O_TFR VALUES ( "00000000-0000-0000-0000-000000000273","00000000-0000-0000-0000-0000000001b0",'create_instance','',"00000000-0000-0000-0000-000000000027",0,'iterations = 1000;
if ( 1 == param.phase )               // setup
elif ( 2 == param.phase )             // run

  // Create a bunch.
  i = iterations;
  while ( 0 < i )
    create object instance a of A;
    create object instance a of A;
    create object instance a of A;
    create object instance a of A;
    create object instance a of A;
    create object instance a of A;
    create object instance a of A;
    create object instance a of A;
    create object instance a of A;
    create object instance a of A;
    i = i - 1;
  end while;
  
elif ( 3 == param.phase )             // unrun

  // Now delete them (while not on the clock).
  more = true;
  while ( more )
    select any a from instances of A;
    if ( empty a )
      more = false;
    else
      delete object instance a;
    end if;
  end while;
  
elif ( 4 == param.phase )             // cleanup

  more = true;
  while ( more )
    select any a from instances of A;
    if ( empty a )
      more = false;
    else
      delete object instance a;
    end if;
  end while;
  
elif ( 5 == param.phase )             // report

  i = 10 * iterations * param.count;
  ::report( message:"create instance", count:i, duration:param.duration );

else
end if;

// Allow normal test looping.
return true;
',1,'',"00000000-0000-0000-0000-0000000002bb",0 );
INSERT INTO O_TFR VALUES ( "00000000-0000-0000-0000-00000000027b","00000000-0000-0000-0000-0000000001b0",'delete_instance','',"00000000-0000-0000-0000-000000000027",0,'iterations = 10000;
if ( 1 == param.phase )               // setup

  // Create a bunch.
  i = iterations;
  while ( 0 < i )
    create object instance a of A;
    i = i - 1;
  end while;
  
elif ( 2 == param.phase )             // run

  // Delete instances.
  more = true;
  while ( more )
    select any a from instances of A;
    if ( empty a )
      more = false;
    else
      delete object instance a;
    end if;
  end while;
  
elif ( 3 == param.phase )             // unrun

  // Create a bunch.
  i = iterations;
  while ( 0 < i )
    create object instance a of A;
    i = i - 1;
  end while;
  
elif ( 4 == param.phase )             // cleanup

  // Delete instances.
  more = true;
  while ( more )
    select any a from instances of A;
    if ( empty a )
      more = false;
    else
      delete object instance a;
    end if;
  end while;

elif ( 5 == param.phase )             // report

  i = ( iterations * param.count );
  ::report( message:"select then delete instance", count:i, duration:param.duration );

else
end if;

// Allow normal test looping.
return true;
',1,'',"00000000-0000-0000-0000-000000000273",0 );
INSERT INTO O_TFR VALUES ( "00000000-0000-0000-0000-00000000034b","00000000-0000-0000-0000-0000000001b0",'generate_event','',"00000000-0000-0000-0000-000000000027",0,'iterations = 300;
if ( 1 == param.phase )               // setup

  create object instance a of A;
  
elif ( 2 == param.phase )             // run

  // Create a bunch of events.
  select any a from instances of A;
  a.generate_ignored_event_to_self( count:iterations );
  
elif ( 3 == param.phase )             // unrun

  // The self events will flush by themselves here.
  
elif ( 4 == param.phase )             // cleanup

  select any a from instances of A;
  delete object instance a;

elif ( 5 == param.phase )             // report

  i = iterations * param.count;
  ::report( message:"generate event", count:i, duration:param.duration );

else

end if;

// Allow normal test looping.
return true;
',1,'',"00000000-0000-0000-0000-00000000028b",0 );
INSERT INTO O_TFR VALUES ( "00000000-0000-0000-0000-00000000028b","00000000-0000-0000-0000-0000000001b0",'generate_and_dispatch_event','',"00000000-0000-0000-0000-000000000027",0,'if ( 1 == param.phase )               // setup

  create object instance a of A;
  a.odometer = 0;
  create object instance b of B;
  relate a to b across R1;
  
elif ( 2 == param.phase )             // run

  select any a from instances of A;
  generate A1:e() to a;

elif ( 3 == param.phase )             // unrun

  // Return false to avoid looping.
  return false;
  
elif ( 4 == param.phase )             // cleanup

  select any a from instances of A;
  generate A3:stop() to a;
  
elif ( 5 == param.phase )             // report

  select any a from instances of A;
  odometer_reading = a.odometer * param.count;
  ::report( message:"generate and dispatch event",
    count:odometer_reading,
    duration:999 );  // Hard-code duration due to no looping.
  delete object instance a;

else
end if;

// Allow normal test looping.
return true;
',1,'',"00000000-0000-0000-0000-000000000283",0 );
INSERT INTO O_TFR VALUES ( "00000000-0000-0000-0000-000000000293","00000000-0000-0000-0000-0000000001b0",'select_one_related','',"00000000-0000-0000-0000-000000000027",0,'iterations = 100;
if ( 1 == param.phase )               // setup

  create object instance a of A;
  create object instance b of B;
  relate a to b across R1;
  
elif ( 2 == param.phase )             // run

  select any a from instances of A;
  i = iterations;
  while ( i > 0 )
    select one b related by a->B[R1];
    i = i - 1;
  end while;

elif ( 3 == param.phase )             // unrun
elif ( 4 == param.phase )             // cleanup

  select any a from instances of A;
  select any b from instances of B;
  if ( ( not_empty a ) and ( not_empty b ) )
    unrelate a from b across R1;
    delete object instance a;
    delete object instance b;
  end if;
  
elif ( 5 == param.phase )             // report

  i = iterations * param.count;
  ::report( message:"select one related", count:i, duration:param.duration );

else
end if;

// Allow normal test looping.
return true;
',1,'',"00000000-0000-0000-0000-0000000002db",0 );
INSERT INTO O_TFR VALUES ( "00000000-0000-0000-0000-00000000029b","00000000-0000-0000-0000-0000000001b0",'select_any_from','',"00000000-0000-0000-0000-000000000027",0,'iterations = 10000;
if ( 1 == param.phase )               // setup

  create object instance a of A;
  
elif ( 2 == param.phase )             // run

  i = iterations;
  while ( i > 0 )
    select any a0 from instances of A;
    select any a1 from instances of A;
    select any a2 from instances of A;
    select any a3 from instances of A;
    select any a4 from instances of A;
    select any a5 from instances of A;
    select any a6 from instances of A;
    select any a7 from instances of A;
    select any a8 from instances of A;
    select any a9 from instances of A;
    i = i - 1;
  end while;

elif ( 3 == param.phase )             // unrun
elif ( 4 == param.phase )             // cleanup

  select any a from instances of A;
  delete object instance a;
  
elif ( 5 == param.phase )             // report

  i = 10 * iterations * param.count;
  ::report( message:"select any from instances of", count:i, duration:param.duration );

else
end if;

// Allow normal test looping.
return true;
',1,'',"00000000-0000-0000-0000-0000000002b3",0 );
INSERT INTO O_TFR VALUES ( "00000000-0000-0000-0000-0000000002a3","00000000-0000-0000-0000-0000000001b0",'relate_one','',"00000000-0000-0000-0000-000000000027",0,'iterations = 10000;
if ( 1 == param.phase )               // setup

  create object instance a of A;
  create object instance b of B;
  
elif ( 2 == param.phase )             // run

  select any a from instances of A;
  select any b from instances of B;
  i = iterations;
  while ( i > 0 )
    relate a to b across R1;
    relate a to b across R1;
    relate a to b across R1;
    relate a to b across R1;
    relate a to b across R1;
    relate a to b across R1;
    relate a to b across R1;
    relate a to b across R1;
    relate a to b across R1;
    relate a to b across R1;
    i = i - 1;
  end while;

elif ( 3 == param.phase )             // unrun
elif ( 4 == param.phase )             // cleanup

  select any a from instances of A;
  select any b from instances of B;
  unrelate a from b across R1;
  delete object instance a;
  delete object instance b;
  
elif ( 5 == param.phase )             // report

  i = 10 * iterations * param.count;
  ::report( message:"relate one", count:i, duration:param.duration );

else
end if;

// Allow normal test looping.
return true;
',1,'',"00000000-0000-0000-0000-0000000002fb",0 );
INSERT INTO O_TFR VALUES ( "00000000-0000-0000-0000-0000000002ab","00000000-0000-0000-0000-0000000001b0",'relate_one_to_many','',"00000000-0000-0000-0000-000000000027",0,'iterations = 10000;
if ( 1 == param.phase )               // setup

  create object instance c of C;
  create object instance d of D;
  // Traverse the relationship so code is generated.
  select one c1 related by d->C[R2];
  select any d1 related by c->D[R2];
  
elif ( 2 == param.phase )             // run

  select any c from instances of C;
  select any d from instances of D;
  i = iterations;
  while ( 0 < i )
    relate c to d across R2; unrelate c from d across R2;
    relate c to d across R2; unrelate c from d across R2;
    relate c to d across R2; unrelate c from d across R2;
    relate c to d across R2; unrelate c from d across R2;
    relate c to d across R2; unrelate c from d across R2;
    relate c to d across R2; unrelate c from d across R2;
    relate c to d across R2; unrelate c from d across R2;
    relate c to d across R2; unrelate c from d across R2;
    relate c to d across R2; unrelate c from d across R2;
    relate c to d across R2; unrelate c from d across R2;
    i = i - 1;
  end while;

elif ( 3 == param.phase )             // unrun
elif ( 4 == param.phase )             // cleanup

  select any c from instances of C;
  select any d from instances of D;
  unrelate c from d across R2;
  delete object instance c;
  delete object instance d;
  
elif ( 5 == param.phase )             // report

  i = 10 * iterations * param.count;
  ::report( message:"relate/unrelate one to many", count:i, duration:param.duration );

else
end if;

// Allow normal test looping.
return true;
',1,'',"00000000-0000-0000-0000-0000000002a3",0 );
INSERT INTO O_TFR VALUES ( "00000000-0000-0000-0000-0000000002b3","00000000-0000-0000-0000-0000000001b0",'relate_one_using','',"00000000-0000-0000-0000-000000000027",0,'iterations = 10000;
if ( 1 == param.phase )               // setup

  create object instance e of E;
  create object instance f of F;
  create object instance g of G;
  
elif ( 2 == param.phase )             // run

  select any e from instances of E;
  select any f from instances of F;
  select any g from instances of G;
  i = iterations;
  while ( 0 < i )
    relate e to f across R3 using g;
    i = i - 1;
  end while;

elif ( 3 == param.phase )             // unrun

  select any e from instances of E;
  select one f related by e->F[R3];
  select one g related by e->G[R3];
  unrelate e from f across R3 using g;

elif ( 4 == param.phase )             // cleanup

  select any e from instances of E;
  delete object instance e;
  more = true;
  while ( more )
    select any f from instances of F;
    if ( not_empty f )
      delete object instance f;
    else
      more = false;
    end if;
  end while;
  more = true;
  while ( more )
    select any g from instances of G;
    if ( not_empty g )
      delete object instance g;
    else
      more = false;
    end if;
  end while;
  
elif ( 5 == param.phase )             // report

  i = iterations * param.count;
  ::report( message:"relate one to many using", count:i, duration:param.duration );

else
end if;

// Allow normal test looping.
return true;
',1,'',"00000000-0000-0000-0000-0000000002ab",0 );
INSERT INTO O_TFR VALUES ( "00000000-0000-0000-0000-0000000002bb","00000000-0000-0000-0000-0000000001b0",'cardinality_10000','',"00000000-0000-0000-0000-000000000027",0,'iterations = 10000;
if ( 1 == param.phase )               // setup

  // Create a bunch.
  i = iterations;
  while ( 0 < i )
    create object instance a of A;
    i = i - 1;
  end while;
  
elif ( 2 == param.phase )             // run

  select many as from instances of A;
  i = iterations;
  while ( 0 < i )
    j = cardinality as;
    i = i - 1;
  end while;
  
elif ( 3 == param.phase )             // unrun
elif ( 4 == param.phase )             // cleanup

  more = true;
  while ( more )
    select any a from instances of A;
    if ( empty a )
      more = false;
    else
      delete object instance a;
    end if;
  end while;

elif ( 5 == param.phase )             // report

  i = iterations * param.count;
  ::report( message:"cardinality 10000", count:i, duration:param.duration );

else
end if;

// Allow normal test looping.
return true;
',1,'',"00000000-0000-0000-0000-0000000002c3",0 );
INSERT INTO O_TFR VALUES ( "00000000-0000-0000-0000-0000000002c3","00000000-0000-0000-0000-0000000001b0",'cardinality_1000','',"00000000-0000-0000-0000-000000000027",0,'iterations = 1000;
if ( 1 == param.phase )               // setup

  // Create a bunch.
  i = iterations;
  while ( 0 < i )
    create object instance a of A;
    i = i - 1;
  end while;
  
elif ( 2 == param.phase )             // run

  select many as from instances of A;
  i = iterations;
  while ( 0 < i )
    j = cardinality as;
    i = i - 1;
  end while;
  
elif ( 3 == param.phase )             // unrun
elif ( 4 == param.phase )             // cleanup

  more = true;
  while ( more )
    select any a from instances of A;
    if ( empty a )
      more = false;
    else
      delete object instance a;
    end if;
  end while;

elif ( 5 == param.phase )             // report

  i = iterations * param.count;
  ::report( message:"cardinality 1000", count:i, duration:param.duration );

else
end if;

// Allow normal test looping.
return true;
',1,'',"00000000-0000-0000-0000-0000000002cb",0 );
INSERT INTO O_TFR VALUES ( "00000000-0000-0000-0000-0000000002cb","00000000-0000-0000-0000-0000000001b0",'cardinality_100','',"00000000-0000-0000-0000-000000000027",0,'iterations = 100;
if ( 1 == param.phase )               // setup

  // Create a bunch.
  i = iterations;
  while ( 0 < i )
    create object instance a of A;
    i = i - 1;
  end while;
  
elif ( 2 == param.phase )             // run

  select many as from instances of A;
  i = iterations;
  while ( 0 < i )
    j = cardinality as;
    i = i - 1;
  end while;
  
elif ( 3 == param.phase )             // unrun
elif ( 4 == param.phase )             // cleanup

  more = true;
  while ( more )
    select any a from instances of A;
    if ( empty a )
      more = false;
    else
      delete object instance a;
    end if;
  end while;

elif ( 5 == param.phase )             // report

  i = iterations * param.count;
  ::report( message:"cardinality 100", count:i, duration:param.duration );

else
end if;

// Allow normal test looping.
return true;
',1,'',"00000000-0000-0000-0000-0000000002d3",0 );
INSERT INTO O_TFR VALUES ( "00000000-0000-0000-0000-0000000002d3","00000000-0000-0000-0000-0000000001b0",'cardinality_10','',"00000000-0000-0000-0000-000000000027",0,'iterations = 10;
if ( 1 == param.phase )               // setup

  // Create a bunch.
  i = iterations;
  while ( 0 < i )
    create object instance a of A;
    i = i - 1;
  end while;
  
elif ( 2 == param.phase )             // run

  select many as from instances of A;
  i = iterations;
  while ( 0 < i )
    j = cardinality as;
    i = i - 1;
  end while;
  
elif ( 3 == param.phase )             // unrun
elif ( 4 == param.phase )             // cleanup

  more = true;
  while ( more )
    select any a from instances of A;
    if ( empty a )
      more = false;
    else
      delete object instance a;
    end if;
  end while;

elif ( 5 == param.phase )             // report

  i = iterations * param.count;
  ::report( message:"cardinality 10", count:i, duration:param.duration );

else
end if;

// Allow normal test looping.
return true;
',1,'',"00000000-0000-0000-0000-00000000030b",0 );
INSERT INTO O_TFR VALUES ( "00000000-0000-0000-0000-0000000002db","00000000-0000-0000-0000-0000000001b0",'select_any_where_10000','',"00000000-0000-0000-0000-000000000027",0,'iterations = 10000;
if ( 1 == param.phase )               // setup

  i = 10000;
  while ( 0 < i )
    create object instance a of A;
    a.ID = i;
    i = i - 1;
  end while;
  
elif ( 2 == param.phase )             // run

  i = 10000;
  while ( i > 0 )
    select any a from instances of A where ( selected.ID == i );
    i = i - 1;
  end while;

elif ( 3 == param.phase )             // unrun
elif ( 4 == param.phase )             // cleanup

  more = true;
  while ( more )
    select any a from instances of A;
    if ( empty a )
      more = false;
    else
      delete object instance a;
    end if;
  end while;
  
elif ( 5 == param.phase )             // report

  i = iterations * param.count;
  ::report( message:"select any where 10000", count:i, duration:param.duration );

else
end if;

// Allow normal test looping.
return true;
',1,'',"00000000-0000-0000-0000-0000000002e3",0 );
INSERT INTO O_TFR VALUES ( "00000000-0000-0000-0000-0000000002e3","00000000-0000-0000-0000-0000000001b0",'select_any_where_1000','',"00000000-0000-0000-0000-000000000027",0,'iterations = 5000;
if ( 1 == param.phase )               // setup

  i = 100;
  while ( 0 < i )
    create object instance a of A;
    a.ID = i;
    i = i - 1;
  end while;
  
elif ( 2 == param.phase )             // run

  j = 5;
  while ( 0 < j )
    i = 1000;
    while ( i > 0 )
      select any a from instances of A where ( selected.ID == i );
      i = i - 1;
    end while;
    j = j - 1;
  end while;

elif ( 3 == param.phase )             // unrun
elif ( 4 == param.phase )             // cleanup

  more = true;
  while ( more )
    select any a from instances of A;
    if ( empty a )
      more = false;
    else
      delete object instance a;
    end if;
  end while;
  
elif ( 5 == param.phase )             // report

  i = iterations * param.count;
  ::report( message:"select any where 1000", count:i, duration:param.duration );

else
end if;

// Allow normal test looping.
return true;
',1,'',"00000000-0000-0000-0000-0000000002eb",0 );
INSERT INTO O_TFR VALUES ( "00000000-0000-0000-0000-0000000002eb","00000000-0000-0000-0000-0000000001b0",'select_any_where_100','',"00000000-0000-0000-0000-000000000027",0,'iterations = 5000;
if ( 1 == param.phase )               // setup

  i = 100;
  while ( 0 < i )
    create object instance a of A;
    a.ID = i;
    i = i - 1;
  end while;
  
elif ( 2 == param.phase )             // run

  j = 50;
  while ( 0 < j )
    i = 100;
    while ( i > 0 )
      select any a from instances of A where ( selected.ID == i );
      i = i - 1;
    end while;
    j = j - 1;
  end while;

elif ( 3 == param.phase )             // unrun
elif ( 4 == param.phase )             // cleanup

  more = true;
  while ( more )
    select any a from instances of A;
    if ( empty a )
      more = false;
    else
      delete object instance a;
    end if;
  end while;
  
elif ( 5 == param.phase )             // report

  i = iterations * param.count;
  ::report( message:"select any where 100", count:i, duration:param.duration );

else
end if;

// Allow normal test looping.
return true;
',1,'',"00000000-0000-0000-0000-0000000002f3",0 );
INSERT INTO O_TFR VALUES ( "00000000-0000-0000-0000-0000000002f3","00000000-0000-0000-0000-0000000001b0",'select_any_where_10','',"00000000-0000-0000-0000-000000000027",0,'iterations = 5000;
if ( 1 == param.phase )               // setup

  i = 10;
  while ( 0 < i )
    create object instance a of A;
    a.ID = i;
    i = i - 1;
  end while;
  
elif ( 2 == param.phase )             // run

  j = 500;
  while ( 0 < j )
    i = 10;
    while ( i > 0 )
      select any a from instances of A where ( selected.ID == i );
      i = i - 1;
    end while;
    j = j - 1;
  end while;

elif ( 3 == param.phase )             // unrun
elif ( 4 == param.phase )             // cleanup

  more = true;
  while ( more )
    select any a from instances of A;
    if ( empty a )
      more = false;
    else
      delete object instance a;
    end if;
  end while;
  
elif ( 5 == param.phase )             // report

  i = iterations * param.count;
  ::report( message:"select any where 10", count:i, duration:param.duration );

else
end if;

// Allow normal test looping.
return true;
',1,'',"00000000-0000-0000-0000-00000000029b",0 );
INSERT INTO O_TFR VALUES ( "00000000-0000-0000-0000-0000000002fb","00000000-0000-0000-0000-0000000001b0",'read_attribute','',"00000000-0000-0000-0000-000000000027",0,'iterations = 10000;
if ( 1 == param.phase )               // setup

  create object instance a of A;
  
elif ( 2 == param.phase )             // run

  select any a from instances of A;
  i = iterations;
  while ( i > 0 )
    j = a.odometer;
    j = a.odometer;
    j = a.odometer;
    j = a.odometer;
    j = a.odometer;
    j = a.odometer;
    j = a.odometer;
    j = a.odometer;
    j = a.odometer;
    j = a.odometer;
    i = i - 1;
  end while;

elif ( 3 == param.phase )             // unrun
elif ( 4 == param.phase )             // cleanup

  select any a from instances of A;
  delete object instance a;
  
elif ( 5 == param.phase )             // report

  i = 10 * iterations * param.count;
  ::report( message:"read attribute", count:i, duration:param.duration );

else
end if;

// Allow normal test looping.
return true;
',1,'',"00000000-0000-0000-0000-00000000034b",0 );
INSERT INTO O_TFR VALUES ( "00000000-0000-0000-0000-000000000303","00000000-0000-0000-0000-0000000001b0",'write_attribute','',"00000000-0000-0000-0000-000000000027",0,'iterations = 10000;
if ( 1 == param.phase )               // setup

  create object instance a of A;
  
elif ( 2 == param.phase )             // run

  select any a from instances of A;
  i = iterations;
  while ( i > 0 )
    a.odometer = 0;
    a.odometer = 0;
    a.odometer = 0;
    a.odometer = 0;
    a.odometer = 0;
    a.odometer = 0;
    a.odometer = 0;
    a.odometer = 0;
    a.odometer = 0;
    a.odometer = 0;
    i = i - 1;
  end while;

elif ( 3 == param.phase )             // unrun
elif ( 4 == param.phase )             // cleanup

  select any a from instances of A;
  delete object instance a;
  
elif ( 5 == param.phase )             // report

  i = 10 * iterations * param.count;
  ::report( message:"write attribute", count:i, duration:param.duration );

else
end if;

// Allow normal test looping.
return true;
',1,'',"00000000-0000-0000-0000-000000000293",0 );
INSERT INTO O_TFR VALUES ( "00000000-0000-0000-0000-00000000030b","00000000-0000-0000-0000-0000000001b0",'bridge_void_void','',"00000000-0000-0000-0000-000000000027",0,'iterations = 10000;
if ( 1 == param.phase )               // setup
elif ( 2 == param.phase )             // run

  i = iterations;
  while ( i > 0 )
    TESTLOOP::bridge_void_void();
    TESTLOOP::bridge_void_void();
    TESTLOOP::bridge_void_void();
    TESTLOOP::bridge_void_void();
    TESTLOOP::bridge_void_void();
    TESTLOOP::bridge_void_void();
    TESTLOOP::bridge_void_void();
    TESTLOOP::bridge_void_void();
    TESTLOOP::bridge_void_void();
    TESTLOOP::bridge_void_void();
    i = i - 1;
  end while;

elif ( 3 == param.phase )             // unrun
elif ( 4 == param.phase )             // cleanup

elif ( 5 == param.phase )             // report

  i = 10 * iterations * param.count;
  ::report( message:"bridge void void", count:i, duration:param.duration );

else
end if;

// Allow normal test looping.
return true;',1,'',"00000000-0000-0000-0000-000000000313",0 );
INSERT INTO O_TFR VALUES ( "00000000-0000-0000-0000-000000000313","00000000-0000-0000-0000-0000000001b0",'bridge_void_integer','',"00000000-0000-0000-0000-000000000027",0,'iterations = 10000;
if ( 1 == param.phase )               // setup
elif ( 2 == param.phase )             // run

  i = iterations;
  while ( i > 0 )
    TESTLOOP::bridge_void_integer( i:i );
    TESTLOOP::bridge_void_integer( i:i );
    TESTLOOP::bridge_void_integer( i:i );
    TESTLOOP::bridge_void_integer( i:i );
    TESTLOOP::bridge_void_integer( i:i );
    TESTLOOP::bridge_void_integer( i:i );
    TESTLOOP::bridge_void_integer( i:i );
    TESTLOOP::bridge_void_integer( i:i );
    TESTLOOP::bridge_void_integer( i:i );
    TESTLOOP::bridge_void_integer( i:i );
    i = i - 1;
  end while;

elif ( 3 == param.phase )             // unrun
elif ( 4 == param.phase )             // cleanup

elif ( 5 == param.phase )             // report

  i = 10 * iterations * param.count;
  ::report( message:"bridge void integer", count:i, duration:param.duration );

else
end if;

// Allow normal test looping.
return true;
',1,'',"00000000-0000-0000-0000-00000000031b",0 );
INSERT INTO O_TFR VALUES ( "00000000-0000-0000-0000-00000000031b","00000000-0000-0000-0000-0000000001b0",'bridge_integer_integer','',"00000000-0000-0000-0000-000000000027",0,'iterations = 10000;
j = 0;
if ( 1 == param.phase )               // setup
elif ( 2 == param.phase )             // run

  i = iterations;
  while ( i > 0 )
    j = TESTLOOP::bridge_integer_integer( i:i );
    j = TESTLOOP::bridge_integer_integer( i:i );
    j = TESTLOOP::bridge_integer_integer( i:i );
    j = TESTLOOP::bridge_integer_integer( i:i );
    j = TESTLOOP::bridge_integer_integer( i:i );
    j = TESTLOOP::bridge_integer_integer( i:i );
    j = TESTLOOP::bridge_integer_integer( i:i );
    j = TESTLOOP::bridge_integer_integer( i:i );
    j = TESTLOOP::bridge_integer_integer( i:i );
    j = TESTLOOP::bridge_integer_integer( i:i );
    i = i - 1;
  end while;

elif ( 3 == param.phase )             // unrun
elif ( 4 == param.phase )             // cleanup

elif ( 5 == param.phase )             // report

  i = 10 * iterations * param.count;
  ::report( message:"bridge integer integer", count:i, duration:param.duration );

else
end if;

// Allow normal test looping.
return true;
',1,'',"00000000-0000-0000-0000-000000000000",0 );
INSERT INTO O_TFR VALUES ( "00000000-0000-0000-0000-000000000283","00000000-0000-0000-0000-0000000001b0",'delete_many','',"00000000-0000-0000-0000-000000000027",0,'iterations = 5000;
if ( 1 == param.phase )               // setup

  // Create a bunch.
  i = iterations;
  while ( 0 < i )
    create object instance a of A;
    i = i - 1;
  end while;
  
elif ( 2 == param.phase )             // run

  // Delete instances.
  select many as from instances of A;
  for each a in as
    delete object instance a;
  end for;
  
elif ( 3 == param.phase )             // unrun

  // Create a bunch.
  i = iterations;
  while ( 0 < i )
    create object instance a of A;
    i = i - 1;
  end while;
  
elif ( 4 == param.phase )             // cleanup

  more = true;
  while ( more )
    select any a from instances of A;
    if ( empty a )
      more = false;
    else
      delete object instance a;
    end if;
  end while;

elif ( 5 == param.phase )             // report

  i = iterations * param.count;
  ::report( message:"select many delete 5000 instances", count:i, duration:param.duration );

else
end if;

// Allow normal test looping.
return true;
',1,'',"00000000-0000-0000-0000-00000000027b",0 );
INSERT INTO O_TFR VALUES ( "00000000-0000-0000-0000-0000000005ff","00000000-0000-0000-0000-00000000051c",'generate_ignored_event_to_self','',"00000000-0000-0000-0000-000000000031",1,' i = param.count;
while ( 0 < i )
  // Generate an event that will be ignored.
  generate A2:e2() to self;
  i = i - 1;
end while;',1,'',"00000000-0000-0000-0000-000000000000",0 );
INSERT INTO O_TPARM VALUES ( "00000000-0000-0000-0000-000000000369","00000000-0000-0000-0000-000000000323",'testnum',"00000000-0000-0000-0000-000000000008",0,'',"00000000-0000-0000-0000-00000000036a",'' );
INSERT INTO O_TPARM VALUES ( "00000000-0000-0000-0000-00000000036a","00000000-0000-0000-0000-000000000323",'phase',"00000000-0000-0000-0000-000000000008",0,'',"00000000-0000-0000-0000-00000000036b",'' );
INSERT INTO O_TPARM VALUES ( "00000000-0000-0000-0000-00000000036c","00000000-0000-0000-0000-000000000323",'count',"00000000-0000-0000-0000-000000000008",0,'',"00000000-0000-0000-0000-000000000000",'' );
INSERT INTO O_TPARM VALUES ( "00000000-0000-0000-0000-00000000036b","00000000-0000-0000-0000-000000000323",'duration',"00000000-0000-0000-0000-000000000008",0,'',"00000000-0000-0000-0000-00000000036c",'' );
INSERT INTO O_TPARM VALUES ( "00000000-0000-0000-0000-0000000003b4","00000000-0000-0000-0000-00000000032b",'testnum',"00000000-0000-0000-0000-000000000008",0,'',"00000000-0000-0000-0000-0000000003b5",'' );
INSERT INTO O_TPARM VALUES ( "00000000-0000-0000-0000-0000000003b5","00000000-0000-0000-0000-00000000032b",'phase',"00000000-0000-0000-0000-000000000008",0,'',"00000000-0000-0000-0000-0000000003b6",'' );
INSERT INTO O_TPARM VALUES ( "00000000-0000-0000-0000-0000000003b7","00000000-0000-0000-0000-00000000032b",'count',"00000000-0000-0000-0000-000000000008",0,'',"00000000-0000-0000-0000-000000000000",'' );
INSERT INTO O_TPARM VALUES ( "00000000-0000-0000-0000-0000000003b6","00000000-0000-0000-0000-00000000032b",'duration',"00000000-0000-0000-0000-000000000008",0,'',"00000000-0000-0000-0000-0000000003b7",'' );
INSERT INTO O_TPARM VALUES ( "00000000-0000-0000-0000-000000000409","00000000-0000-0000-0000-000000000333",'testnum',"00000000-0000-0000-0000-000000000008",0,'',"00000000-0000-0000-0000-00000000040a",'' );
INSERT INTO O_TPARM VALUES ( "00000000-0000-0000-0000-00000000040a","00000000-0000-0000-0000-000000000333",'phase',"00000000-0000-0000-0000-000000000008",0,'',"00000000-0000-0000-0000-00000000040b",'' );
INSERT INTO O_TPARM VALUES ( "00000000-0000-0000-0000-00000000040c","00000000-0000-0000-0000-000000000333",'count',"00000000-0000-0000-0000-000000000008",0,'',"00000000-0000-0000-0000-000000000000",'' );
INSERT INTO O_TPARM VALUES ( "00000000-0000-0000-0000-00000000040b","00000000-0000-0000-0000-000000000333",'duration',"00000000-0000-0000-0000-000000000008",0,'',"00000000-0000-0000-0000-00000000040c",'' );
INSERT INTO O_TPARM VALUES ( "00000000-0000-0000-0000-000000000476","00000000-0000-0000-0000-00000000033b",'testnum',"00000000-0000-0000-0000-000000000008",0,'',"00000000-0000-0000-0000-000000000477",'' );
INSERT INTO O_TPARM VALUES ( "00000000-0000-0000-0000-000000000477","00000000-0000-0000-0000-00000000033b",'phase',"00000000-0000-0000-0000-000000000008",0,'',"00000000-0000-0000-0000-000000000478",'' );
INSERT INTO O_TPARM VALUES ( "00000000-0000-0000-0000-000000000479","00000000-0000-0000-0000-00000000033b",'count',"00000000-0000-0000-0000-000000000008",0,'',"00000000-0000-0000-0000-000000000000",'' );
INSERT INTO O_TPARM VALUES ( "00000000-0000-0000-0000-000000000478","00000000-0000-0000-0000-00000000033b",'duration',"00000000-0000-0000-0000-000000000008",0,'',"00000000-0000-0000-0000-000000000479",'' );
INSERT INTO O_TPARM VALUES ( "00000000-0000-0000-0000-0000000004ae","00000000-0000-0000-0000-000000000343",'testnum',"00000000-0000-0000-0000-000000000008",0,'',"00000000-0000-0000-0000-0000000004af",'' );
INSERT INTO O_TPARM VALUES ( "00000000-0000-0000-0000-0000000004af","00000000-0000-0000-0000-000000000343",'phase',"00000000-0000-0000-0000-000000000008",0,'',"00000000-0000-0000-0000-0000000004b0",'' );
INSERT INTO O_TPARM VALUES ( "00000000-0000-0000-0000-0000000004b1","00000000-0000-0000-0000-000000000343",'count',"00000000-0000-0000-0000-000000000008",0,'',"00000000-0000-0000-0000-000000000000",'' );
INSERT INTO O_TPARM VALUES ( "00000000-0000-0000-0000-0000000004b0","00000000-0000-0000-0000-000000000343",'duration',"00000000-0000-0000-0000-000000000008",0,'',"00000000-0000-0000-0000-0000000004b1",'' );
INSERT INTO O_TPARM VALUES ( "00000000-0000-0000-0000-0000000004e9","00000000-0000-0000-0000-000000000273",'testnum',"00000000-0000-0000-0000-000000000008",0,'',"00000000-0000-0000-0000-0000000004ea",'' );
INSERT INTO O_TPARM VALUES ( "00000000-0000-0000-0000-0000000004ea","00000000-0000-0000-0000-000000000273",'phase',"00000000-0000-0000-0000-000000000008",0,'',"00000000-0000-0000-0000-0000000004eb",'' );
INSERT INTO O_TPARM VALUES ( "00000000-0000-0000-0000-0000000004ec","00000000-0000-0000-0000-000000000273",'count',"00000000-0000-0000-0000-000000000008",0,'',"00000000-0000-0000-0000-000000000000",'' );
INSERT INTO O_TPARM VALUES ( "00000000-0000-0000-0000-0000000004eb","00000000-0000-0000-0000-000000000273",'duration',"00000000-0000-0000-0000-000000000008",0,'',"00000000-0000-0000-0000-0000000004ec",'' );
INSERT INTO O_TPARM VALUES ( "00000000-0000-0000-0000-00000000055c","00000000-0000-0000-0000-00000000027b",'testnum',"00000000-0000-0000-0000-000000000008",0,'',"00000000-0000-0000-0000-00000000055d",'' );
INSERT INTO O_TPARM VALUES ( "00000000-0000-0000-0000-00000000055d","00000000-0000-0000-0000-00000000027b",'phase',"00000000-0000-0000-0000-000000000008",0,'',"00000000-0000-0000-0000-00000000055e",'' );
INSERT INTO O_TPARM VALUES ( "00000000-0000-0000-0000-00000000055f","00000000-0000-0000-0000-00000000027b",'count',"00000000-0000-0000-0000-000000000008",0,'',"00000000-0000-0000-0000-000000000000",'' );
INSERT INTO O_TPARM VALUES ( "00000000-0000-0000-0000-00000000055e","00000000-0000-0000-0000-00000000027b",'duration',"00000000-0000-0000-0000-000000000008",0,'',"00000000-0000-0000-0000-00000000055f",'' );
INSERT INTO O_TPARM VALUES ( "00000000-0000-0000-0000-0000000005d3","00000000-0000-0000-0000-00000000034b",'testnum',"00000000-0000-0000-0000-000000000008",0,'',"00000000-0000-0000-0000-0000000005d4",'' );
INSERT INTO O_TPARM VALUES ( "00000000-0000-0000-0000-0000000005d4","00000000-0000-0000-0000-00000000034b",'phase',"00000000-0000-0000-0000-000000000008",0,'',"00000000-0000-0000-0000-0000000005d5",'' );
INSERT INTO O_TPARM VALUES ( "00000000-0000-0000-0000-0000000005d6","00000000-0000-0000-0000-00000000034b",'count',"00000000-0000-0000-0000-000000000008",0,'',"00000000-0000-0000-0000-000000000000",'' );
INSERT INTO O_TPARM VALUES ( "00000000-0000-0000-0000-0000000005d5","00000000-0000-0000-0000-00000000034b",'duration',"00000000-0000-0000-0000-000000000008",0,'',"00000000-0000-0000-0000-0000000005d6",'' );
INSERT INTO O_TPARM VALUES ( "00000000-0000-0000-0000-00000000060e","00000000-0000-0000-0000-00000000028b",'testnum',"00000000-0000-0000-0000-000000000008",0,'',"00000000-0000-0000-0000-00000000060f",'' );
INSERT INTO O_TPARM VALUES ( "00000000-0000-0000-0000-00000000060f","00000000-0000-0000-0000-00000000028b",'phase',"00000000-0000-0000-0000-000000000008",0,'',"00000000-0000-0000-0000-000000000610",'' );
INSERT INTO O_TPARM VALUES ( "00000000-0000-0000-0000-000000000611","00000000-0000-0000-0000-00000000028b",'count',"00000000-0000-0000-0000-000000000008",0,'',"00000000-0000-0000-0000-000000000000",'' );
INSERT INTO O_TPARM VALUES ( "00000000-0000-0000-0000-000000000610","00000000-0000-0000-0000-00000000028b",'duration',"00000000-0000-0000-0000-000000000008",0,'',"00000000-0000-0000-0000-000000000611",'' );
INSERT INTO O_TPARM VALUES ( "00000000-0000-0000-0000-000000000655","00000000-0000-0000-0000-000000000293",'testnum',"00000000-0000-0000-0000-000000000008",0,'',"00000000-0000-0000-0000-000000000656",'' );
INSERT INTO O_TPARM VALUES ( "00000000-0000-0000-0000-000000000656","00000000-0000-0000-0000-000000000293",'phase',"00000000-0000-0000-0000-000000000008",0,'',"00000000-0000-0000-0000-000000000657",'' );
INSERT INTO O_TPARM VALUES ( "00000000-0000-0000-0000-000000000658","00000000-0000-0000-0000-000000000293",'count',"00000000-0000-0000-0000-000000000008",0,'',"00000000-0000-0000-0000-000000000000",'' );
INSERT INTO O_TPARM VALUES ( "00000000-0000-0000-0000-000000000657","00000000-0000-0000-0000-000000000293",'duration',"00000000-0000-0000-0000-000000000008",0,'',"00000000-0000-0000-0000-000000000658",'' );
INSERT INTO O_TPARM VALUES ( "00000000-0000-0000-0000-0000000006ad","00000000-0000-0000-0000-00000000029b",'testnum',"00000000-0000-0000-0000-000000000008",0,'',"00000000-0000-0000-0000-0000000006ae",'' );
INSERT INTO O_TPARM VALUES ( "00000000-0000-0000-0000-0000000006ae","00000000-0000-0000-0000-00000000029b",'phase',"00000000-0000-0000-0000-000000000008",0,'',"00000000-0000-0000-0000-0000000006af",'' );
INSERT INTO O_TPARM VALUES ( "00000000-0000-0000-0000-0000000006b0","00000000-0000-0000-0000-00000000029b",'count',"00000000-0000-0000-0000-000000000008",0,'',"00000000-0000-0000-0000-000000000000",'' );
INSERT INTO O_TPARM VALUES ( "00000000-0000-0000-0000-0000000006af","00000000-0000-0000-0000-00000000029b",'duration',"00000000-0000-0000-0000-000000000008",0,'',"00000000-0000-0000-0000-0000000006b0",'' );
INSERT INTO O_TPARM VALUES ( "00000000-0000-0000-0000-000000000707","00000000-0000-0000-0000-0000000002a3",'testnum',"00000000-0000-0000-0000-000000000008",0,'',"00000000-0000-0000-0000-000000000708",'' );
INSERT INTO O_TPARM VALUES ( "00000000-0000-0000-0000-000000000708","00000000-0000-0000-0000-0000000002a3",'phase',"00000000-0000-0000-0000-000000000008",0,'',"00000000-0000-0000-0000-000000000709",'' );
INSERT INTO O_TPARM VALUES ( "00000000-0000-0000-0000-00000000070a","00000000-0000-0000-0000-0000000002a3",'count',"00000000-0000-0000-0000-000000000008",0,'',"00000000-0000-0000-0000-000000000000",'' );
INSERT INTO O_TPARM VALUES ( "00000000-0000-0000-0000-000000000709","00000000-0000-0000-0000-0000000002a3",'duration',"00000000-0000-0000-0000-000000000008",0,'',"00000000-0000-0000-0000-00000000070a",'' );
INSERT INTO O_TPARM VALUES ( "00000000-0000-0000-0000-000000000761","00000000-0000-0000-0000-0000000002ab",'testnum',"00000000-0000-0000-0000-000000000008",0,'',"00000000-0000-0000-0000-000000000762",'' );
INSERT INTO O_TPARM VALUES ( "00000000-0000-0000-0000-000000000762","00000000-0000-0000-0000-0000000002ab",'phase',"00000000-0000-0000-0000-000000000008",0,'',"00000000-0000-0000-0000-000000000763",'' );
INSERT INTO O_TPARM VALUES ( "00000000-0000-0000-0000-000000000764","00000000-0000-0000-0000-0000000002ab",'count',"00000000-0000-0000-0000-000000000008",0,'',"00000000-0000-0000-0000-000000000000",'' );
INSERT INTO O_TPARM VALUES ( "00000000-0000-0000-0000-000000000763","00000000-0000-0000-0000-0000000002ab",'duration',"00000000-0000-0000-0000-000000000008",0,'',"00000000-0000-0000-0000-000000000764",'' );
INSERT INTO O_TPARM VALUES ( "00000000-0000-0000-0000-0000000007d0","00000000-0000-0000-0000-0000000002b3",'testnum',"00000000-0000-0000-0000-000000000008",0,'',"00000000-0000-0000-0000-0000000007d1",'' );
INSERT INTO O_TPARM VALUES ( "00000000-0000-0000-0000-0000000007d1","00000000-0000-0000-0000-0000000002b3",'phase',"00000000-0000-0000-0000-000000000008",0,'',"00000000-0000-0000-0000-0000000007d2",'' );
INSERT INTO O_TPARM VALUES ( "00000000-0000-0000-0000-0000000007d3","00000000-0000-0000-0000-0000000002b3",'count',"00000000-0000-0000-0000-000000000008",0,'',"00000000-0000-0000-0000-000000000000",'' );
INSERT INTO O_TPARM VALUES ( "00000000-0000-0000-0000-0000000007d2","00000000-0000-0000-0000-0000000002b3",'duration',"00000000-0000-0000-0000-000000000008",0,'',"00000000-0000-0000-0000-0000000007d3",'' );
INSERT INTO O_TPARM VALUES ( "00000000-0000-0000-0000-000000000853","00000000-0000-0000-0000-0000000002bb",'testnum',"00000000-0000-0000-0000-000000000008",0,'',"00000000-0000-0000-0000-000000000854",'' );
INSERT INTO O_TPARM VALUES ( "00000000-0000-0000-0000-000000000854","00000000-0000-0000-0000-0000000002bb",'phase',"00000000-0000-0000-0000-000000000008",0,'',"00000000-0000-0000-0000-000000000855",'' );
INSERT INTO O_TPARM VALUES ( "00000000-0000-0000-0000-000000000856","00000000-0000-0000-0000-0000000002bb",'count',"00000000-0000-0000-0000-000000000008",0,'',"00000000-0000-0000-0000-000000000000",'' );
INSERT INTO O_TPARM VALUES ( "00000000-0000-0000-0000-000000000855","00000000-0000-0000-0000-0000000002bb",'duration',"00000000-0000-0000-0000-000000000008",0,'',"00000000-0000-0000-0000-000000000856",'' );
INSERT INTO O_TPARM VALUES ( "00000000-0000-0000-0000-0000000008bd","00000000-0000-0000-0000-0000000002c3",'testnum',"00000000-0000-0000-0000-000000000008",0,'',"00000000-0000-0000-0000-0000000008be",'' );
INSERT INTO O_TPARM VALUES ( "00000000-0000-0000-0000-0000000008be","00000000-0000-0000-0000-0000000002c3",'phase',"00000000-0000-0000-0000-000000000008",0,'',"00000000-0000-0000-0000-0000000008bf",'' );
INSERT INTO O_TPARM VALUES ( "00000000-0000-0000-0000-0000000008c0","00000000-0000-0000-0000-0000000002c3",'count',"00000000-0000-0000-0000-000000000008",0,'',"00000000-0000-0000-0000-000000000000",'' );
INSERT INTO O_TPARM VALUES ( "00000000-0000-0000-0000-0000000008bf","00000000-0000-0000-0000-0000000002c3",'duration',"00000000-0000-0000-0000-000000000008",0,'',"00000000-0000-0000-0000-0000000008c0",'' );
INSERT INTO O_TPARM VALUES ( "00000000-0000-0000-0000-000000000926","00000000-0000-0000-0000-0000000002cb",'testnum',"00000000-0000-0000-0000-000000000008",0,'',"00000000-0000-0000-0000-000000000927",'' );
INSERT INTO O_TPARM VALUES ( "00000000-0000-0000-0000-000000000927","00000000-0000-0000-0000-0000000002cb",'phase',"00000000-0000-0000-0000-000000000008",0,'',"00000000-0000-0000-0000-000000000928",'' );
INSERT INTO O_TPARM VALUES ( "00000000-0000-0000-0000-000000000929","00000000-0000-0000-0000-0000000002cb",'count',"00000000-0000-0000-0000-000000000008",0,'',"00000000-0000-0000-0000-000000000000",'' );
INSERT INTO O_TPARM VALUES ( "00000000-0000-0000-0000-000000000928","00000000-0000-0000-0000-0000000002cb",'duration',"00000000-0000-0000-0000-000000000008",0,'',"00000000-0000-0000-0000-000000000929",'' );
INSERT INTO O_TPARM VALUES ( "00000000-0000-0000-0000-00000000098f","00000000-0000-0000-0000-0000000002d3",'testnum',"00000000-0000-0000-0000-000000000008",0,'',"00000000-0000-0000-0000-000000000990",'' );
INSERT INTO O_TPARM VALUES ( "00000000-0000-0000-0000-000000000990","00000000-0000-0000-0000-0000000002d3",'phase',"00000000-0000-0000-0000-000000000008",0,'',"00000000-0000-0000-0000-000000000991",'' );
INSERT INTO O_TPARM VALUES ( "00000000-0000-0000-0000-000000000992","00000000-0000-0000-0000-0000000002d3",'count',"00000000-0000-0000-0000-000000000008",0,'',"00000000-0000-0000-0000-000000000000",'' );
INSERT INTO O_TPARM VALUES ( "00000000-0000-0000-0000-000000000991","00000000-0000-0000-0000-0000000002d3",'duration',"00000000-0000-0000-0000-000000000008",0,'',"00000000-0000-0000-0000-000000000992",'' );
INSERT INTO O_TPARM VALUES ( "00000000-0000-0000-0000-0000000009f8","00000000-0000-0000-0000-0000000002db",'testnum',"00000000-0000-0000-0000-000000000008",0,'',"00000000-0000-0000-0000-0000000009f9",'' );
INSERT INTO O_TPARM VALUES ( "00000000-0000-0000-0000-0000000009f9","00000000-0000-0000-0000-0000000002db",'phase',"00000000-0000-0000-0000-000000000008",0,'',"00000000-0000-0000-0000-0000000009fa",'' );
INSERT INTO O_TPARM VALUES ( "00000000-0000-0000-0000-0000000009fb","00000000-0000-0000-0000-0000000002db",'count',"00000000-0000-0000-0000-000000000008",0,'',"00000000-0000-0000-0000-000000000000",'' );
INSERT INTO O_TPARM VALUES ( "00000000-0000-0000-0000-0000000009fa","00000000-0000-0000-0000-0000000002db",'duration',"00000000-0000-0000-0000-000000000008",0,'',"00000000-0000-0000-0000-0000000009fb",'' );
INSERT INTO O_TPARM VALUES ( "00000000-0000-0000-0000-000000000a65","00000000-0000-0000-0000-0000000002e3",'testnum',"00000000-0000-0000-0000-000000000008",0,'',"00000000-0000-0000-0000-000000000a66",'' );
INSERT INTO O_TPARM VALUES ( "00000000-0000-0000-0000-000000000a66","00000000-0000-0000-0000-0000000002e3",'phase',"00000000-0000-0000-0000-000000000008",0,'',"00000000-0000-0000-0000-000000000a67",'' );
INSERT INTO O_TPARM VALUES ( "00000000-0000-0000-0000-000000000a68","00000000-0000-0000-0000-0000000002e3",'count',"00000000-0000-0000-0000-000000000008",0,'',"00000000-0000-0000-0000-000000000000",'' );
INSERT INTO O_TPARM VALUES ( "00000000-0000-0000-0000-000000000a67","00000000-0000-0000-0000-0000000002e3",'duration',"00000000-0000-0000-0000-000000000008",0,'',"00000000-0000-0000-0000-000000000a68",'' );
INSERT INTO O_TPARM VALUES ( "00000000-0000-0000-0000-000000000adf","00000000-0000-0000-0000-0000000002eb",'testnum',"00000000-0000-0000-0000-000000000008",0,'',"00000000-0000-0000-0000-000000000ae0",'' );
INSERT INTO O_TPARM VALUES ( "00000000-0000-0000-0000-000000000ae0","00000000-0000-0000-0000-0000000002eb",'phase',"00000000-0000-0000-0000-000000000008",0,'',"00000000-0000-0000-0000-000000000ae1",'' );
INSERT INTO O_TPARM VALUES ( "00000000-0000-0000-0000-000000000ae2","00000000-0000-0000-0000-0000000002eb",'count',"00000000-0000-0000-0000-000000000008",0,'',"00000000-0000-0000-0000-000000000000",'' );
INSERT INTO O_TPARM VALUES ( "00000000-0000-0000-0000-000000000ae1","00000000-0000-0000-0000-0000000002eb",'duration',"00000000-0000-0000-0000-000000000008",0,'',"00000000-0000-0000-0000-000000000ae2",'' );
INSERT INTO O_TPARM VALUES ( "00000000-0000-0000-0000-000000000b59","00000000-0000-0000-0000-0000000002f3",'testnum',"00000000-0000-0000-0000-000000000008",0,'',"00000000-0000-0000-0000-000000000b5a",'' );
INSERT INTO O_TPARM VALUES ( "00000000-0000-0000-0000-000000000b5a","00000000-0000-0000-0000-0000000002f3",'phase',"00000000-0000-0000-0000-000000000008",0,'',"00000000-0000-0000-0000-000000000b5b",'' );
INSERT INTO O_TPARM VALUES ( "00000000-0000-0000-0000-000000000b5c","00000000-0000-0000-0000-0000000002f3",'count',"00000000-0000-0000-0000-000000000008",0,'',"00000000-0000-0000-0000-000000000000",'' );
INSERT INTO O_TPARM VALUES ( "00000000-0000-0000-0000-000000000b5b","00000000-0000-0000-0000-0000000002f3",'duration',"00000000-0000-0000-0000-000000000008",0,'',"00000000-0000-0000-0000-000000000b5c",'' );
INSERT INTO O_TPARM VALUES ( "00000000-0000-0000-0000-000000000bd3","00000000-0000-0000-0000-0000000002fb",'testnum',"00000000-0000-0000-0000-000000000008",0,'',"00000000-0000-0000-0000-000000000bd4",'' );
INSERT INTO O_TPARM VALUES ( "00000000-0000-0000-0000-000000000bd4","00000000-0000-0000-0000-0000000002fb",'phase',"00000000-0000-0000-0000-000000000008",0,'',"00000000-0000-0000-0000-000000000bd5",'' );
INSERT INTO O_TPARM VALUES ( "00000000-0000-0000-0000-000000000bd6","00000000-0000-0000-0000-0000000002fb",'count',"00000000-0000-0000-0000-000000000008",0,'',"00000000-0000-0000-0000-000000000000",'' );
INSERT INTO O_TPARM VALUES ( "00000000-0000-0000-0000-000000000bd5","00000000-0000-0000-0000-0000000002fb",'duration',"00000000-0000-0000-0000-000000000008",0,'',"00000000-0000-0000-0000-000000000bd6",'' );
INSERT INTO O_TPARM VALUES ( "00000000-0000-0000-0000-000000000c44","00000000-0000-0000-0000-000000000303",'testnum',"00000000-0000-0000-0000-000000000008",0,'',"00000000-0000-0000-0000-000000000c45",'' );
INSERT INTO O_TPARM VALUES ( "00000000-0000-0000-0000-000000000c45","00000000-0000-0000-0000-000000000303",'phase',"00000000-0000-0000-0000-000000000008",0,'',"00000000-0000-0000-0000-000000000c46",'' );
INSERT INTO O_TPARM VALUES ( "00000000-0000-0000-0000-000000000c47","00000000-0000-0000-0000-000000000303",'count',"00000000-0000-0000-0000-000000000008",0,'',"00000000-0000-0000-0000-000000000000",'' );
INSERT INTO O_TPARM VALUES ( "00000000-0000-0000-0000-000000000c46","00000000-0000-0000-0000-000000000303",'duration',"00000000-0000-0000-0000-000000000008",0,'',"00000000-0000-0000-0000-000000000c47",'' );
INSERT INTO O_TPARM VALUES ( "00000000-0000-0000-0000-000000000cb4","00000000-0000-0000-0000-00000000030b",'testnum',"00000000-0000-0000-0000-000000000008",0,'',"00000000-0000-0000-0000-000000000cb5",'' );
INSERT INTO O_TPARM VALUES ( "00000000-0000-0000-0000-000000000cb5","00000000-0000-0000-0000-00000000030b",'phase',"00000000-0000-0000-0000-000000000008",0,'',"00000000-0000-0000-0000-000000000cb6",'' );
INSERT INTO O_TPARM VALUES ( "00000000-0000-0000-0000-000000000cb7","00000000-0000-0000-0000-00000000030b",'count',"00000000-0000-0000-0000-000000000008",0,'',"00000000-0000-0000-0000-000000000000",'' );
INSERT INTO O_TPARM VALUES ( "00000000-0000-0000-0000-000000000cb6","00000000-0000-0000-0000-00000000030b",'duration',"00000000-0000-0000-0000-000000000008",0,'',"00000000-0000-0000-0000-000000000cb7",'' );
INSERT INTO O_TPARM VALUES ( "00000000-0000-0000-0000-000000000cff","00000000-0000-0000-0000-000000000313",'testnum',"00000000-0000-0000-0000-000000000008",0,'',"00000000-0000-0000-0000-000000000d00",'' );
INSERT INTO O_TPARM VALUES ( "00000000-0000-0000-0000-000000000d00","00000000-0000-0000-0000-000000000313",'phase',"00000000-0000-0000-0000-000000000008",0,'',"00000000-0000-0000-0000-000000000d01",'' );
INSERT INTO O_TPARM VALUES ( "00000000-0000-0000-0000-000000000d02","00000000-0000-0000-0000-000000000313",'count',"00000000-0000-0000-0000-000000000008",0,'',"00000000-0000-0000-0000-000000000000",'' );
INSERT INTO O_TPARM VALUES ( "00000000-0000-0000-0000-000000000d01","00000000-0000-0000-0000-000000000313",'duration',"00000000-0000-0000-0000-000000000008",0,'',"00000000-0000-0000-0000-000000000d02",'' );
INSERT INTO O_TPARM VALUES ( "00000000-0000-0000-0000-000000000d54","00000000-0000-0000-0000-00000000031b",'testnum',"00000000-0000-0000-0000-000000000008",0,'',"00000000-0000-0000-0000-000000000d55",'' );
INSERT INTO O_TPARM VALUES ( "00000000-0000-0000-0000-000000000d55","00000000-0000-0000-0000-00000000031b",'phase',"00000000-0000-0000-0000-000000000008",0,'',"00000000-0000-0000-0000-000000000d56",'' );
INSERT INTO O_TPARM VALUES ( "00000000-0000-0000-0000-000000000d57","00000000-0000-0000-0000-00000000031b",'count',"00000000-0000-0000-0000-000000000008",0,'',"00000000-0000-0000-0000-000000000000",'' );
INSERT INTO O_TPARM VALUES ( "00000000-0000-0000-0000-000000000d56","00000000-0000-0000-0000-00000000031b",'duration',"00000000-0000-0000-0000-000000000008",0,'',"00000000-0000-0000-0000-000000000d57",'' );
INSERT INTO O_TPARM VALUES ( "00000000-0000-0000-0000-000000000dc1","00000000-0000-0000-0000-000000000283",'testnum',"00000000-0000-0000-0000-000000000008",0,'',"00000000-0000-0000-0000-000000000dc2",'' );
INSERT INTO O_TPARM VALUES ( "00000000-0000-0000-0000-000000000dc2","00000000-0000-0000-0000-000000000283",'phase',"00000000-0000-0000-0000-000000000008",0,'',"00000000-0000-0000-0000-000000000dc3",'' );
INSERT INTO O_TPARM VALUES ( "00000000-0000-0000-0000-000000000dc4","00000000-0000-0000-0000-000000000283",'count',"00000000-0000-0000-0000-000000000008",0,'',"00000000-0000-0000-0000-000000000000",'' );
INSERT INTO O_TPARM VALUES ( "00000000-0000-0000-0000-000000000dc3","00000000-0000-0000-0000-000000000283",'duration',"00000000-0000-0000-0000-000000000008",0,'',"00000000-0000-0000-0000-000000000dc4",'' );
INSERT INTO O_TPARM VALUES ( "00000000-0000-0000-0000-000000000e7a","00000000-0000-0000-0000-0000000005ff",'count',"00000000-0000-0000-0000-000000000008",0,'',"00000000-0000-0000-0000-000000000000",'' );
INSERT INTO S_UDT VALUES ( "00000000-0000-0000-0000-000000000005","00000000-0000-0000-0000-000000000ebb",1,'' );
INSERT INTO S_UDT VALUES ( "00000000-0000-0000-0000-00000000001d","00000000-0000-0000-0000-000000000ebc",3,'' );
INSERT INTO S_UDT VALUES ( "00000000-0000-0000-0000-00000000001b","00000000-0000-0000-0000-000000000ebb",2,'' );
INSERT INTO S_BRG VALUES ( "00000000-0000-0000-0000-000000000004","00000000-0000-0000-0000-000000000003",'current_date','',0,"00000000-0000-0000-0000-000000000005",'',0,'',0 );
INSERT INTO S_BRG VALUES ( "00000000-0000-0000-0000-000000000006","00000000-0000-0000-0000-000000000003",'create_date','',0,"00000000-0000-0000-0000-000000000005",'',0,'',0 );
INSERT INTO S_BRG VALUES ( "00000000-0000-0000-0000-00000000000e","00000000-0000-0000-0000-000000000003",'get_second','',0,"00000000-0000-0000-0000-000000000008",'',0,'',0 );
INSERT INTO S_BRG VALUES ( "00000000-0000-0000-0000-000000000010","00000000-0000-0000-0000-000000000003",'get_minute','',0,"00000000-0000-0000-0000-000000000008",'',0,'',0 );
INSERT INTO S_BRG VALUES ( "00000000-0000-0000-0000-000000000012","00000000-0000-0000-0000-000000000003",'get_hour','',0,"00000000-0000-0000-0000-000000000008",'',0,'',0 );
INSERT INTO S_BRG VALUES ( "00000000-0000-0000-0000-000000000014","00000000-0000-0000-0000-000000000003",'get_day','',0,"00000000-0000-0000-0000-000000000008",'',0,'',0 );
INSERT INTO S_BRG VALUES ( "00000000-0000-0000-0000-000000000016","00000000-0000-0000-0000-000000000003",'get_month','',0,"00000000-0000-0000-0000-000000000008",'',0,'',0 );
INSERT INTO S_BRG VALUES ( "00000000-0000-0000-0000-000000000018","00000000-0000-0000-0000-000000000003",'get_year','',0,"00000000-0000-0000-0000-000000000008",'',0,'',0 );
INSERT INTO S_BRG VALUES ( "00000000-0000-0000-0000-00000000001a","00000000-0000-0000-0000-000000000003",'current_clock','',0,"00000000-0000-0000-0000-00000000001b",'',0,'',0 );
INSERT INTO S_BRG VALUES ( "00000000-0000-0000-0000-00000000001c","00000000-0000-0000-0000-000000000003",'timer_start','This bridge operation starts a timer set to expire in the specified number of
microseconds, generating the passed event upon expiration. Returns the instance
handle of the timer.',0,"00000000-0000-0000-0000-00000000001d",'',0,'',0 );
INSERT INTO S_BRG VALUES ( "00000000-0000-0000-0000-000000000021","00000000-0000-0000-0000-000000000003",'timer_start_recurring','This bridge operation starts a timer set to expire in the specified number of
microseconds, generating the passed event upon expiration. Upon expiration, the
timer will be restarted and fire again in the specified number of microseconds
generating the passed event. This bridge operation returns the instance handle
of the timer.',0,"00000000-0000-0000-0000-00000000001d",'',0,'',0 );
INSERT INTO S_BRG VALUES ( "00000000-0000-0000-0000-000000000024","00000000-0000-0000-0000-000000000003",'timer_remaining_time','Returns the time remaining (in microseconds) for the passed timer instance. If
the timer has expired, a zero value is returned.',0,"00000000-0000-0000-0000-000000000008",'',0,'',0 );
INSERT INTO S_BRG VALUES ( "00000000-0000-0000-0000-000000000026","00000000-0000-0000-0000-000000000003",'timer_reset_time','This bridge operation attempts to set the passed existing timer to expire in
the specified number of microseconds. If the timer exists (that is, it has not
expired), a TRUE value is returned. If the timer no longer exists, a FALSE value
is returned.',0,"00000000-0000-0000-0000-000000000027",'',0,'',0 );
INSERT INTO S_BRG VALUES ( "00000000-0000-0000-0000-00000000002a","00000000-0000-0000-0000-000000000003",'timer_add_time','This bridge operation attempts to add the specified number of microseconds to a
passed existing timer. If the timer exists (that is, it has not expired), a TRUE
value is returned. If the timer no longer exists, a FALSE value is returned.',0,"00000000-0000-0000-0000-000000000027",'',0,'',0 );
INSERT INTO S_BRG VALUES ( "00000000-0000-0000-0000-00000000002d","00000000-0000-0000-0000-000000000003",'timer_cancel','This bridge operation cancels and deletes the passed timer instance. If the 
timer exists (that is, it had not expired), a TRUE value is returned. If the
timer no longer exists, a FALSE value is returned.',0,"00000000-0000-0000-0000-000000000027",'',0,'',0 );
INSERT INTO S_BRG VALUES ( "00000000-0000-0000-0000-000000000030","00000000-0000-0000-0000-00000000002f",'shutdown','',0,"00000000-0000-0000-0000-000000000031",'',1,'',0 );
INSERT INTO S_BRG VALUES ( "00000000-0000-0000-0000-000000000035","00000000-0000-0000-0000-000000000034",'timestamp','',0,"00000000-0000-0000-0000-000000000008",'delta = param.t1 - param.t0;
return 0;',1,'',0 );
INSERT INTO S_BRG VALUES ( "00000000-0000-0000-0000-000000000072","00000000-0000-0000-0000-000000000071",'perftest','',0,"00000000-0000-0000-0000-000000000027",'return true;',1,'',0 );
INSERT INTO S_BRG VALUES ( "00000000-0000-0000-0000-000000000179","00000000-0000-0000-0000-000000000178",'runtest','',0,"00000000-0000-0000-0000-000000000031",'',1,'',0 );
INSERT INTO S_BRG VALUES ( "00000000-0000-0000-0000-00000000017e","00000000-0000-0000-0000-000000000178",'bridge_void_void','',0,"00000000-0000-0000-0000-000000000031",'',1,'',0 );
INSERT INTO S_BRG VALUES ( "00000000-0000-0000-0000-000000000181","00000000-0000-0000-0000-000000000178",'bridge_void_integer','',0,"00000000-0000-0000-0000-000000000031",'',1,'',0 );
INSERT INTO S_BRG VALUES ( "00000000-0000-0000-0000-000000000185","00000000-0000-0000-0000-000000000178",'bridge_integer_integer','',0,"00000000-0000-0000-0000-000000000008",'return param.i;',1,'',0 );
INSERT INTO S_BRG VALUES ( "00000000-0000-0000-0000-00000000018c","00000000-0000-0000-0000-00000000018b",'function_void_void','',0,"00000000-0000-0000-0000-000000000031",'// nothing to do',1,'',0 );
INSERT INTO S_BRG VALUES ( "00000000-0000-0000-0000-00000000018f","00000000-0000-0000-0000-00000000018b",'function_void_integer','',0,"00000000-0000-0000-0000-000000000031",'',1,'',0 );
INSERT INTO S_BRG VALUES ( "00000000-0000-0000-0000-000000000193","00000000-0000-0000-0000-00000000018b",'function_integer_integer','',0,"00000000-0000-0000-0000-000000000008",'return param.i;',1,'',0 );
INSERT INTO S_BRG VALUES ( "00000000-0000-0000-0000-000000000199","00000000-0000-0000-0000-00000000018b",'read_struct_member','',0,"00000000-0000-0000-0000-000000000008",'// #inline
// {
//   static struct { int integer_member; } structure_a, * ptr_a = &structure_a;
//   static int j;
//   int i;
//   for ( i = 0; i < ee_i; i++ ) {
//     j = ptr_a->integer_member;
//     j = ptr_a->integer_member;
//     j = ptr_a->integer_member;
//     j = ptr_a->integer_member;
//     j = ptr_a->integer_member;
//     j = ptr_a->integer_member;
//     j = ptr_a->integer_member;
//     j = ptr_a->integer_member;
//     j = ptr_a->integer_member;
//     j = ptr_a->integer_member;
//   }
// }
// 

return 10 * param.i;
  ',1,'',0 );
INSERT INTO S_BRG VALUES ( "00000000-0000-0000-0000-0000000001a1","00000000-0000-0000-0000-00000000018b",'write_struct_member','',0,"00000000-0000-0000-0000-000000000008",'// #inline
// {
//   static struct { int integer_member; } structure_a, * ptr_a = &structure_a;
//   int i;
//   for ( i = 0; i < ee_i; i++ ) {
//     ptr_a->integer_member = i;
//     ptr_a->integer_member = i;
//     ptr_a->integer_member = i;
//     ptr_a->integer_member = i;
//     ptr_a->integer_member = i;
//     ptr_a->integer_member = i;
//     ptr_a->integer_member = i;
//     ptr_a->integer_member = i;
//     ptr_a->integer_member = i;
//     ptr_a->integer_member = i;
//   }
// }
// 

return 10 * param.i;
  ',1,'',0 );
INSERT INTO S_BPARM VALUES ( "00000000-0000-0000-0000-000000000007","00000000-0000-0000-0000-000000000006",'second',"00000000-0000-0000-0000-000000000008",0,'',"00000000-0000-0000-0000-000000000009",'' );
INSERT INTO S_BPARM VALUES ( "00000000-0000-0000-0000-00000000000a","00000000-0000-0000-0000-000000000006",'minute',"00000000-0000-0000-0000-000000000008",0,'',"00000000-0000-0000-0000-00000000000b",'' );
INSERT INTO S_BPARM VALUES ( "00000000-0000-0000-0000-00000000000b","00000000-0000-0000-0000-000000000006",'hour',"00000000-0000-0000-0000-000000000008",0,'',"00000000-0000-0000-0000-00000000000c",'' );
INSERT INTO S_BPARM VALUES ( "00000000-0000-0000-0000-00000000000c","00000000-0000-0000-0000-000000000006",'day',"00000000-0000-0000-0000-000000000008",0,'',"00000000-0000-0000-0000-000000000000",'' );
INSERT INTO S_BPARM VALUES ( "00000000-0000-0000-0000-000000000009","00000000-0000-0000-0000-000000000006",'month',"00000000-0000-0000-0000-000000000008",0,'',"00000000-0000-0000-0000-00000000000a",'' );
INSERT INTO S_BPARM VALUES ( "00000000-0000-0000-0000-00000000000d","00000000-0000-0000-0000-000000000006",'year',"00000000-0000-0000-0000-000000000008",0,'',"00000000-0000-0000-0000-000000000007",'' );
INSERT INTO S_BPARM VALUES ( "00000000-0000-0000-0000-00000000000f","00000000-0000-0000-0000-00000000000e",'date',"00000000-0000-0000-0000-000000000005",0,'',"00000000-0000-0000-0000-000000000000",'' );
INSERT INTO S_BPARM VALUES ( "00000000-0000-0000-0000-000000000011","00000000-0000-0000-0000-000000000010",'date',"00000000-0000-0000-0000-000000000005",0,'',"00000000-0000-0000-0000-000000000000",'' );
INSERT INTO S_BPARM VALUES ( "00000000-0000-0000-0000-000000000013","00000000-0000-0000-0000-000000000012",'date',"00000000-0000-0000-0000-000000000005",0,'',"00000000-0000-0000-0000-000000000000",'' );
INSERT INTO S_BPARM VALUES ( "00000000-0000-0000-0000-000000000015","00000000-0000-0000-0000-000000000014",'date',"00000000-0000-0000-0000-000000000005",0,'',"00000000-0000-0000-0000-000000000000",'' );
INSERT INTO S_BPARM VALUES ( "00000000-0000-0000-0000-000000000017","00000000-0000-0000-0000-000000000016",'date',"00000000-0000-0000-0000-000000000005",0,'',"00000000-0000-0000-0000-000000000000",'' );
INSERT INTO S_BPARM VALUES ( "00000000-0000-0000-0000-000000000019","00000000-0000-0000-0000-000000000018",'date',"00000000-0000-0000-0000-000000000005",0,'',"00000000-0000-0000-0000-000000000000",'' );
INSERT INTO S_BPARM VALUES ( "00000000-0000-0000-0000-00000000001e","00000000-0000-0000-0000-00000000001c",'microseconds',"00000000-0000-0000-0000-000000000008",0,'',"00000000-0000-0000-0000-00000000001f",'' );
INSERT INTO S_BPARM VALUES ( "00000000-0000-0000-0000-00000000001f","00000000-0000-0000-0000-00000000001c",'event_inst',"00000000-0000-0000-0000-000000000020",0,'',"00000000-0000-0000-0000-000000000000",'' );
INSERT INTO S_BPARM VALUES ( "00000000-0000-0000-0000-000000000022","00000000-0000-0000-0000-000000000021",'microseconds',"00000000-0000-0000-0000-000000000008",0,'',"00000000-0000-0000-0000-000000000023",'' );
INSERT INTO S_BPARM VALUES ( "00000000-0000-0000-0000-000000000023","00000000-0000-0000-0000-000000000021",'event_inst',"00000000-0000-0000-0000-000000000020",0,'',"00000000-0000-0000-0000-000000000000",'' );
INSERT INTO S_BPARM VALUES ( "00000000-0000-0000-0000-000000000025","00000000-0000-0000-0000-000000000024",'timer_inst_ref',"00000000-0000-0000-0000-00000000001d",0,'',"00000000-0000-0000-0000-000000000000",'' );
INSERT INTO S_BPARM VALUES ( "00000000-0000-0000-0000-000000000028","00000000-0000-0000-0000-000000000026",'timer_inst_ref',"00000000-0000-0000-0000-00000000001d",0,'',"00000000-0000-0000-0000-000000000029",'' );
INSERT INTO S_BPARM VALUES ( "00000000-0000-0000-0000-000000000029","00000000-0000-0000-0000-000000000026",'microseconds',"00000000-0000-0000-0000-000000000008",0,'',"00000000-0000-0000-0000-000000000000",'' );
INSERT INTO S_BPARM VALUES ( "00000000-0000-0000-0000-00000000002b","00000000-0000-0000-0000-00000000002a",'timer_inst_ref',"00000000-0000-0000-0000-00000000001d",0,'',"00000000-0000-0000-0000-00000000002c",'' );
INSERT INTO S_BPARM VALUES ( "00000000-0000-0000-0000-00000000002c","00000000-0000-0000-0000-00000000002a",'microseconds',"00000000-0000-0000-0000-000000000008",0,'',"00000000-0000-0000-0000-000000000000",'' );
INSERT INTO S_BPARM VALUES ( "00000000-0000-0000-0000-00000000002e","00000000-0000-0000-0000-00000000002d",'timer_inst_ref',"00000000-0000-0000-0000-00000000001d",0,'',"00000000-0000-0000-0000-000000000000",'' );
INSERT INTO S_BPARM VALUES ( "00000000-0000-0000-0000-000000000036","00000000-0000-0000-0000-000000000035",'t0',"00000000-0000-0000-0000-00000000001b",0,'',"00000000-0000-0000-0000-000000000000",'' );
INSERT INTO S_BPARM VALUES ( "00000000-0000-0000-0000-000000000037","00000000-0000-0000-0000-000000000035",'t1',"00000000-0000-0000-0000-00000000001b",0,'',"00000000-0000-0000-0000-000000000036",'' );
INSERT INTO S_BPARM VALUES ( "00000000-0000-0000-0000-000000000073","00000000-0000-0000-0000-000000000072",'testnum',"00000000-0000-0000-0000-000000000008",0,'',"00000000-0000-0000-0000-000000000074",'' );
INSERT INTO S_BPARM VALUES ( "00000000-0000-0000-0000-000000000074","00000000-0000-0000-0000-000000000072",'phase',"00000000-0000-0000-0000-000000000008",0,'',"00000000-0000-0000-0000-000000000075",'' );
INSERT INTO S_BPARM VALUES ( "00000000-0000-0000-0000-000000000076","00000000-0000-0000-0000-000000000072",'count',"00000000-0000-0000-0000-000000000008",0,'',"00000000-0000-0000-0000-000000000000",'' );
INSERT INTO S_BPARM VALUES ( "00000000-0000-0000-0000-000000000075","00000000-0000-0000-0000-000000000072",'duration',"00000000-0000-0000-0000-000000000008",0,'',"00000000-0000-0000-0000-000000000076",'' );
INSERT INTO S_BPARM VALUES ( "00000000-0000-0000-0000-00000000017a","00000000-0000-0000-0000-000000000179",'testnum',"00000000-0000-0000-0000-000000000008",0,'',"00000000-0000-0000-0000-00000000017b",'' );
INSERT INTO S_BPARM VALUES ( "00000000-0000-0000-0000-00000000017b","00000000-0000-0000-0000-000000000179",'duration',"00000000-0000-0000-0000-000000000008",0,'',"00000000-0000-0000-0000-000000000000",'' );
INSERT INTO S_BPARM VALUES ( "00000000-0000-0000-0000-000000000182","00000000-0000-0000-0000-000000000181",'i',"00000000-0000-0000-0000-000000000008",0,'',"00000000-0000-0000-0000-000000000000",'' );
INSERT INTO S_BPARM VALUES ( "00000000-0000-0000-0000-000000000186","00000000-0000-0000-0000-000000000185",'i',"00000000-0000-0000-0000-000000000008",0,'',"00000000-0000-0000-0000-000000000000",'' );
INSERT INTO S_BPARM VALUES ( "00000000-0000-0000-0000-000000000190","00000000-0000-0000-0000-00000000018f",'i',"00000000-0000-0000-0000-000000000008",0,'',"00000000-0000-0000-0000-000000000000",'' );
INSERT INTO S_BPARM VALUES ( "00000000-0000-0000-0000-000000000194","00000000-0000-0000-0000-000000000193",'i',"00000000-0000-0000-0000-000000000008",0,'',"00000000-0000-0000-0000-000000000000",'' );
INSERT INTO S_BPARM VALUES ( "00000000-0000-0000-0000-00000000019a","00000000-0000-0000-0000-000000000199",'i',"00000000-0000-0000-0000-000000000008",0,'',"00000000-0000-0000-0000-000000000000",'' );
INSERT INTO S_BPARM VALUES ( "00000000-0000-0000-0000-0000000001a2","00000000-0000-0000-0000-0000000001a1",'i',"00000000-0000-0000-0000-000000000008",0,'',"00000000-0000-0000-0000-000000000000",'' );
INSERT INTO EP_PKG VALUES ( "00000000-0000-0000-0000-000000000002","00000000-0000-0000-0000-000000000001","00000000-0000-0000-0000-000000000001",'EEs','',0 );
INSERT INTO EP_PKG VALUES ( "00000000-0000-0000-0000-000000000042","00000000-0000-0000-0000-000000000001","00000000-0000-0000-0000-000000000001",'bench_messages','',0 );
INSERT INTO EP_PKG VALUES ( "00000000-0000-0000-0000-000000000051","00000000-0000-0000-0000-000000000001","00000000-0000-0000-0000-000000000001",'library','',0 );
INSERT INTO EP_PKG VALUES ( "00000000-0000-0000-0000-000000000070","00000000-0000-0000-0000-000000000000","00000000-0000-0000-0000-000000000001",'External Entities','',0 );
INSERT INTO EP_PKG VALUES ( "00000000-0000-0000-0000-00000000007b","00000000-0000-0000-0000-000000000000","00000000-0000-0000-0000-000000000001",'functions','',0 );
INSERT INTO EP_PKG VALUES ( "00000000-0000-0000-0000-00000000009a","00000000-0000-0000-0000-000000000000","00000000-0000-0000-0000-000000000001",'test loop','',0 );
INSERT INTO EP_PKG VALUES ( "00000000-0000-0000-0000-000000000177","00000000-0000-0000-0000-000000000000","00000000-0000-0000-0000-000000000001",'External Entities','',0 );
INSERT INTO EP_PKG VALUES ( "00000000-0000-0000-0000-0000000001a9","00000000-0000-0000-0000-000000000000","00000000-0000-0000-0000-000000000001",'functions','',0 );
INSERT INTO EP_PKG VALUES ( "00000000-0000-0000-0000-000000000368","00000000-0000-0000-0000-000000000000","00000000-0000-0000-0000-000000000001",'performance testing','',0 );
INSERT INTO EP_PKG VALUES ( "00000000-0000-0000-0000-000000000e57","00000000-0000-0000-0000-000000000000","00000000-0000-0000-0000-000000000001",'classes','',0 );
INSERT INTO EP_PKG VALUES ( "00000000-0000-0000-0000-000000000eb1","00000000-0000-0000-0000-000000000001","00000000-0000-0000-0000-000000000001",'system','',0 );
INSERT INTO S_SYNC VALUES ( "00000000-0000-0000-0000-000000000059","00000000-0000-0000-0000-000000000000",'runtest','','select any loop from instances of LOOP;
if ( empty loop )
  create object instance loop of LOOP;
end if;
generate LOOP5:begin( 
  testnum:param.testnum,
  duration:param.duration )
  to loop;',"00000000-0000-0000-0000-000000000031",1,'',0 );
INSERT INTO S_SYNC VALUES ( "00000000-0000-0000-0000-00000000008d","00000000-0000-0000-0000-000000000000",'bridge_void_void','','',"00000000-0000-0000-0000-000000000031",1,'',0 );
INSERT INTO S_SYNC VALUES ( "00000000-0000-0000-0000-000000000090","00000000-0000-0000-0000-000000000000",'bridge_void_integer','','',"00000000-0000-0000-0000-000000000031",1,'',0 );
INSERT INTO S_SYNC VALUES ( "00000000-0000-0000-0000-000000000094","00000000-0000-0000-0000-000000000000",'bridge_integer_integer','','return param.i;',"00000000-0000-0000-0000-000000000008",1,'',0 );
INSERT INTO S_SYNC VALUES ( "00000000-0000-0000-0000-0000000001aa","00000000-0000-0000-0000-000000000000",'setup','','create object instance benchmark of BENCHMARK;
benchmark.test_number = 0;   // test number counter
benchmark.duration = 1;      // 1 second test duration

create object instance c of CBENCH;
c.phase = 0;

',"00000000-0000-0000-0000-000000000031",1,'',0 );
INSERT INTO S_SYNC VALUES ( "00000000-0000-0000-0000-0000000001c2","00000000-0000-0000-0000-000000000000",'test','','select any benchmark from instances of BENCHMARK;
generate BENCHMARK1:go() to benchmark;',"00000000-0000-0000-0000-000000000031",1,'',0 );
INSERT INTO S_SYNC VALUES ( "00000000-0000-0000-0000-0000000001c9","00000000-0000-0000-0000-000000000000",'xit','','ARCH::shutdown();',"00000000-0000-0000-0000-000000000031",1,'',0 );
INSERT INTO S_SYNC VALUES ( "00000000-0000-0000-0000-000000000172","00000000-0000-0000-0000-000000000000",'perftest','','testloop = true;  // Default to allow normal looping.
if ( 6 == param.phase ) 
  // We are done with the previous test.
  select any benchmark from instances of BENCHMARK;
  generate BENCHMARK2:stop() to benchmark;
  
elif ( 1 == param.testnum )
  testloop = BENCHMARK::create_instance(
     testnum:param.testnum,
     phase:param.phase,
     count:param.count,
     duration:param.duration );
elif ( 2 == param.testnum )
  testloop = BENCHMARK::delete_instance(
     testnum:param.testnum,
     phase:param.phase,
     count:param.count,
     duration:param.duration );
elif ( 3 == param.testnum )
  testloop = BENCHMARK::delete_many(
     testnum:param.testnum,
     phase:param.phase,
     count:param.count,
     duration:param.duration );
elif ( 4 == param.testnum )
  testloop = BENCHMARK::generate_and_dispatch_event(
     testnum:param.testnum,
     phase:param.phase,
     count:param.count,
     duration:param.duration );
elif ( 5 == param.testnum )
  testloop = BENCHMARK::select_one_related(
     testnum:param.testnum,
     phase:param.phase,
     count:param.count,
     duration:param.duration );
elif ( 6 == param.testnum )
  testloop = BENCHMARK::select_any_from(
     testnum:param.testnum,
     phase:param.phase,
     count:param.count,
     duration:param.duration );
elif ( 7 == param.testnum )
  testloop = BENCHMARK::relate_one(
     testnum:param.testnum,
     phase:param.phase,
     count:param.count,
     duration:param.duration );
elif ( 8 == param.testnum )
  testloop = BENCHMARK::relate_one_to_many(
     testnum:param.testnum,
     phase:param.phase,
     count:param.count,
     duration:param.duration );
elif ( 9 == param.testnum )
  testloop = BENCHMARK::relate_one_using(
     testnum:param.testnum,
     phase:param.phase,
     count:param.count,
     duration:param.duration );
elif ( 10 == param.testnum )
  testloop = BENCHMARK::cardinality_10000(
     testnum:param.testnum,
     phase:param.phase,
     count:param.count,
     duration:param.duration );
elif ( 11 == param.testnum )
  testloop = BENCHMARK::cardinality_1000(
     testnum:param.testnum,
     phase:param.phase,
     count:param.count,
     duration:param.duration );
elif ( 12 == param.testnum )
  testloop = BENCHMARK::cardinality_100(
     testnum:param.testnum,
     phase:param.phase,
     count:param.count,
     duration:param.duration );
elif ( 13 == param.testnum )
  testloop = BENCHMARK::cardinality_10(
     testnum:param.testnum,
     phase:param.phase,
     count:param.count,
     duration:param.duration );
elif ( 14 == param.testnum )
  testloop = BENCHMARK::select_any_where_10000(
     testnum:param.testnum,
     phase:param.phase,
     count:param.count,
     duration:param.duration );
elif ( 15 == param.testnum )
  testloop = BENCHMARK::select_any_where_1000(
     testnum:param.testnum,
     phase:param.phase,
     count:param.count,
     duration:param.duration );
elif ( 16 == param.testnum )
  testloop = BENCHMARK::select_any_where_100(
     testnum:param.testnum,
     phase:param.phase,
     count:param.count,
     duration:param.duration );
elif ( 17 == param.testnum )
  testloop = BENCHMARK::select_any_where_10(
     testnum:param.testnum,
     phase:param.phase,
     count:param.count,
     duration:param.duration );
elif ( 18 == param.testnum )
  testloop = BENCHMARK::read_attribute(
     testnum:param.testnum,
     phase:param.phase,
     count:param.count,
     duration:param.duration );
elif ( 19 == param.testnum )
  testloop = BENCHMARK::write_attribute(
     testnum:param.testnum,
     phase:param.phase,
     count:param.count,
     duration:param.duration );
elif ( 20 == param.testnum )
  testloop = BENCHMARK::bridge_void_void(
     testnum:param.testnum,
     phase:param.phase,
     count:param.count,
     duration:param.duration );
elif ( 21 == param.testnum )
  testloop = BENCHMARK::bridge_void_integer(
     testnum:param.testnum,
     phase:param.phase,
     count:param.count,
     duration:param.duration );
elif ( 22 == param.testnum )
  testloop = BENCHMARK::bridge_integer_integer(
     testnum:param.testnum,
     phase:param.phase,
     count:param.count,
     duration:param.duration );
elif ( 23 == param.testnum )
  testloop = CBENCH::function_void_void(
     testnum:param.testnum,
     phase:param.phase,
     count:param.count,
     duration:param.duration );
elif ( 24 == param.testnum )
  testloop = CBENCH::function_void_integer(
     testnum:param.testnum,
     phase:param.phase,
     count:param.count,
     duration:param.duration );
elif ( 25 == param.testnum )
  testloop = CBENCH::function_integer_integer(
     testnum:param.testnum,
     phase:param.phase,
     count:param.count,
     duration:param.duration );
elif ( 26 == param.testnum )
  testloop = CBENCH::read_struct_member(
     testnum:param.testnum,
     phase:param.phase,
     count:param.count,
     duration:param.duration );
elif ( 27 == param.testnum )
  testloop = CBENCH::write_struct_member(
     testnum:param.testnum,
     phase:param.phase,
     count:param.count,
     duration:param.duration );
elif ( 99 == param.testnum )
  testloop = BENCHMARK::generate_event(
     testnum:param.testnum,
     phase:param.phase,
     count:param.count,
     duration:param.duration );
else
  ::xit();
end if;

return testloop;',"00000000-0000-0000-0000-000000000027",1,'',0 );
INSERT INTO S_SYNC VALUES ( "00000000-0000-0000-0000-000000000351","00000000-0000-0000-0000-000000000000",'report','','message = param.message;
count = param.count;
duration = param.duration;
s = "printf( %34s:  %10d %4d %10d\n, p_message, p_count, p_duration, ( p_count / p_duration ) * 1000  );";
// #inline
// #ifdef ESCHER_IS_TRUE_EVENT
// printf( "%34s:  %10d %4d %10d\n", s_message, s_count, s_duration, ( s_count / s_duration ) * 1000  );
// #else
// printf( "%34s:  %10d %4d\n", x_message, x_count, x_duration );
// #endif
// 
',"00000000-0000-0000-0000-000000000031",1,'',0 );
INSERT INTO S_SPARM VALUES ( "00000000-0000-0000-0000-00000000007c","00000000-0000-0000-0000-000000000059",'testnum',"00000000-0000-0000-0000-000000000008",0,'',"00000000-0000-0000-0000-00000000007d",'' );
INSERT INTO S_SPARM VALUES ( "00000000-0000-0000-0000-00000000007d","00000000-0000-0000-0000-000000000059",'duration',"00000000-0000-0000-0000-000000000008",0,'',"00000000-0000-0000-0000-000000000000",'' );
INSERT INTO S_SPARM VALUES ( "00000000-0000-0000-0000-000000000091","00000000-0000-0000-0000-000000000090",'i',"00000000-0000-0000-0000-000000000008",0,'',"00000000-0000-0000-0000-000000000000",'' );
INSERT INTO S_SPARM VALUES ( "00000000-0000-0000-0000-000000000095","00000000-0000-0000-0000-000000000094",'i',"00000000-0000-0000-0000-000000000008",0,'',"00000000-0000-0000-0000-000000000000",'' );
INSERT INTO S_SPARM VALUES ( "00000000-0000-0000-0000-0000000001cd","00000000-0000-0000-0000-000000000172",'testnum',"00000000-0000-0000-0000-000000000008",0,'',"00000000-0000-0000-0000-0000000001ce",'' );
INSERT INTO S_SPARM VALUES ( "00000000-0000-0000-0000-0000000001ce","00000000-0000-0000-0000-000000000172",'phase',"00000000-0000-0000-0000-000000000008",0,'',"00000000-0000-0000-0000-0000000001cf",'' );
INSERT INTO S_SPARM VALUES ( "00000000-0000-0000-0000-0000000001d0","00000000-0000-0000-0000-000000000172",'count',"00000000-0000-0000-0000-000000000008",0,'',"00000000-0000-0000-0000-000000000000",'' );
INSERT INTO S_SPARM VALUES ( "00000000-0000-0000-0000-0000000001cf","00000000-0000-0000-0000-000000000172",'duration',"00000000-0000-0000-0000-000000000008",0,'',"00000000-0000-0000-0000-0000000001d0",'' );
INSERT INTO S_SPARM VALUES ( "00000000-0000-0000-0000-000000000352","00000000-0000-0000-0000-000000000351",'message',"00000000-0000-0000-0000-000000000353",0,'',"00000000-0000-0000-0000-000000000354",'' );
INSERT INTO S_SPARM VALUES ( "00000000-0000-0000-0000-000000000355","00000000-0000-0000-0000-000000000351",'count',"00000000-0000-0000-0000-000000000008",0,'',"00000000-0000-0000-0000-000000000000",'' );
INSERT INTO S_SPARM VALUES ( "00000000-0000-0000-0000-000000000354","00000000-0000-0000-0000-000000000351",'duration',"00000000-0000-0000-0000-000000000008",0,'',"00000000-0000-0000-0000-000000000355",'' );
INSERT INTO S_SYS VALUES ( "00000000-0000-0000-0000-000000000001",'mcbench',1 );
INSERT INTO TE_CI VALUES ( "00000000-0000-0000-0000-00000000001e",'perf_testloop','iperf_testloop','',"00000000-0000-0000-0000-00000000001c","00000000-0000-0000-0000-000000000eb6" );
INSERT INTO TE_CI VALUES ( "00000000-0000-0000-0000-000000000022",'perf_funcs','iperf_funcs','',"00000000-0000-0000-0000-00000000001a","00000000-0000-0000-0000-000000000eb2" );
INSERT INTO TE_OIR VALUES ( 'G_R3','assr','','',0,1,"00000000-0000-0000-0000-000000000e73","00000000-0000-0000-0000-0000000007ff","00000000-0000-0000-0000-000000000811" );
INSERT INTO TE_OIR VALUES ( 'F_R3','aoth','','',0,1,"00000000-0000-0000-0000-000000000e77","00000000-0000-0000-0000-0000000007fd","00000000-0000-0000-0000-000000000811" );
INSERT INTO TE_OIR VALUES ( 'E_R3','aone','','',0,0,"00000000-0000-0000-0000-000000000e74","00000000-0000-0000-0000-0000000007fa","00000000-0000-0000-0000-000000000811" );
INSERT INTO TE_OIR VALUES ( 'D_R2','form','','',1,1,"00000000-0000-0000-0000-000000000e6c","00000000-0000-0000-0000-00000000078e","00000000-0000-0000-0000-000000000793" );
INSERT INTO TE_OIR VALUES ( 'C_R2','part','','',0,1,"00000000-0000-0000-0000-000000000e6d","00000000-0000-0000-0000-00000000078b","00000000-0000-0000-0000-000000000793" );
INSERT INTO TE_OIR VALUES ( 'B_R1','part','','',0,1,"00000000-0000-0000-0000-000000000e90","00000000-0000-0000-0000-000000000639","00000000-0000-0000-0000-00000000063a" );
INSERT INTO TE_OIR VALUES ( 'A_R1','form','','',0,1,"00000000-0000-0000-0000-000000000e8f","00000000-0000-0000-0000-00000000051c","00000000-0000-0000-0000-00000000063a" );
INSERT INTO TE_SYS VALUES ( 1,'','',32,0,0,0,0,0,64000,0,0,0,20,0,0,0,128,128,0,0,'','mcbench','sc_interface',0,0,0,0,0,"00000000-0000-0000-0000-000000000001" );
INSERT INTO TE_DISP VALUES ( 1,1,'main','dispatcher','','' );
INSERT INTO TE_QUEUE VALUES ( 1,1,1,'Self Queue',0,0 );
INSERT INTO TE_QUEUE VALUES ( 2,1,2,'NonSelf Queue',0,0 );
INSERT INTO TE_ABA VALUES ( "00000000-0000-0000-0000-000000000818",'TE_MACT',"00000000-0000-0000-0000-00000000001c",0,0,1,' const i_t, const i_t, const i_t, const i_t ',' const i_t p_count, const i_t p_duration, const i_t p_phase, const i_t p_testnum ','i_t p_count;
i_t p_duration;
i_t p_phase;
i_t p_testnum;
',', p_count, p_duration, p_phase, p_testnum','%d,%d,%d,%d',' p_count, p_duration, p_phase, p_testnum','','    e->p_count = p_count;    e->p_duration = p_duration;    e->p_phase = p_phase;    e->p_testnum = p_testnum;','    e->p_count = p_count;    e->p_duration = p_duration;    e->p_phase = p_phase;    e->p_testnum = p_testnum;','','perf_testloop_APP_perftest','bool',0,"00000000-0000-0000-0000-000000000000",'','  /* RETURN TRUE */
  {bool xtumlOALrv = TRUE;
  return xtumlOALrv;}
' );
INSERT INTO TE_ABA VALUES ( "00000000-0000-0000-0000-00000000081b",'TE_MACT',"00000000-0000-0000-0000-00000000001c",0,0,1,' void ','','','','','','','','','','perf_testloop_APP_bridge_void_void','void',0,"00000000-0000-0000-0000-000000000000",'','' );
INSERT INTO TE_ABA VALUES ( "00000000-0000-0000-0000-00000000081e",'TE_MACT',"00000000-0000-0000-0000-00000000001c",0,0,1,' const i_t ',' const i_t p_i ','i_t p_i;
',', p_i','%d',' p_i','','    e->p_i = p_i;','    e->p_i = p_i;','','perf_testloop_APP_bridge_void_integer','void',0,"00000000-0000-0000-0000-000000000000",'','  i_t i;
  /* ASSIGN i = PARAM.i */
  i = p_i;
' );
INSERT INTO TE_ABA VALUES ( "00000000-0000-0000-0000-000000000821",'TE_MACT',"00000000-0000-0000-0000-00000000001c",0,0,1,' const i_t ',' const i_t p_i ','i_t p_i;
',', p_i','%d',' p_i','','    e->p_i = p_i;','    e->p_i = p_i;','','perf_testloop_APP_bridge_integer_integer','i_t',0,"00000000-0000-0000-0000-000000000000",'','  /* RETURN PARAM.i */
  {i_t xtumlOALrv = p_i;
  return xtumlOALrv;}
' );
INSERT INTO TE_ABA VALUES ( "00000000-0000-0000-0000-000000000824",'TE_MACT',"00000000-0000-0000-0000-00000000001c",0,0,1,' const i_t, const i_t ',' const i_t p_duration, const i_t p_testnum ','i_t p_duration;
i_t p_testnum;
',', p_duration, p_testnum','%d,%d',' p_duration, p_testnum','','    e->p_duration = p_duration;    e->p_testnum = p_testnum;','    e->p_duration = p_duration;    e->p_testnum = p_testnum;','','perf_testloop_APP_runtest','void',0,"00000000-0000-0000-0000-000000000000",'','  /* ::runtest( duration:PARAM.duration, testnum:PARAM.testnum ) */
  perf_testloop_runtest( p_duration, p_testnum );
' );
INSERT INTO TE_ABA VALUES ( "00000000-0000-0000-0000-000000000827",'TE_MACT',"00000000-0000-0000-0000-00000000001a",0,0,1,' const i_t, const i_t, const i_t, const i_t ',' const i_t p_count, const i_t p_duration, const i_t p_phase, const i_t p_testnum ','i_t p_count;
i_t p_duration;
i_t p_phase;
i_t p_testnum;
',', p_count, p_duration, p_phase, p_testnum','%d,%d,%d,%d',' p_count, p_duration, p_phase, p_testnum','','    e->p_count = p_count;    e->p_duration = p_duration;    e->p_phase = p_phase;    e->p_testnum = p_testnum;','    e->p_count = p_count;    e->p_duration = p_duration;    e->p_phase = p_phase;    e->p_testnum = p_testnum;','','perf_funcs_TESTLOOP_perftest','bool',0,"00000000-0000-0000-0000-000000000000",'','  /* RETURN ::perftest(count:PARAM.count, duration:PARAM.duration, phase:PARAM.phase, testnum:PARAM.testnum) */
  {bool xtumlOALrv = perf_funcs_perftest( p_count, p_duration, p_phase, p_testnum );
  return xtumlOALrv;}
' );
INSERT INTO TE_ABA VALUES ( "00000000-0000-0000-0000-00000000082e",'TE_MACT',"00000000-0000-0000-0000-00000000001a",0,0,1,' void ','','','','','','','','','','perf_funcs_TESTLOOP_bridge_void_void','void',0,"00000000-0000-0000-0000-000000000000",'','' );
INSERT INTO TE_ABA VALUES ( "00000000-0000-0000-0000-000000000831",'TE_MACT',"00000000-0000-0000-0000-00000000001a",0,0,1,' const i_t ',' const i_t p_i ','i_t p_i;
',', p_i','%d',' p_i','','    e->p_i = p_i;','    e->p_i = p_i;','','perf_funcs_TESTLOOP_bridge_void_integer','void',0,"00000000-0000-0000-0000-000000000000",'','' );
INSERT INTO TE_ABA VALUES ( "00000000-0000-0000-0000-000000000835",'TE_MACT',"00000000-0000-0000-0000-00000000001a",0,0,1,' const i_t ',' const i_t p_i ','i_t p_i;
',', p_i','%d',' p_i','','    e->p_i = p_i;','    e->p_i = p_i;','','perf_funcs_TESTLOOP_bridge_integer_integer','i_t',0,"00000000-0000-0000-0000-000000000000",'','  /* RETURN PARAM.i */
  {i_t xtumlOALrv = p_i;
  return xtumlOALrv;}
' );
INSERT INTO TE_ABA VALUES ( "00000000-0000-0000-0000-000000000839",'TE_MACT',"00000000-0000-0000-0000-00000000001a",0,0,1,' const i_t, const i_t ',' const i_t p_duration, const i_t p_testnum ','i_t p_duration;
i_t p_testnum;
',', p_duration, p_testnum','%d,%d',' p_duration, p_testnum','','    e->p_duration = p_duration;    e->p_testnum = p_testnum;','    e->p_duration = p_duration;    e->p_testnum = p_testnum;','','perf_funcs_TESTLOOP_runtest','void',0,"00000000-0000-0000-0000-000000000000",'','' );
INSERT INTO TE_ABA VALUES ( "00000000-0000-0000-0000-000000000e06",'S_SYNC',"00000000-0000-0000-0000-00000000001c",0,0,1,' const i_t ',' const i_t p_i ','i_t p_i;
',', p_i','%d',' p_i','','    e->p_i = p_i;','    e->p_i = p_i;','','perf_testloop_bridge_integer_integer','i_t',0,"00000000-0000-0000-0000-000000000000",'','  /* RETURN PARAM.i */
  {i_t xtumlOALrv = p_i;
  return xtumlOALrv;}
' );
INSERT INTO TE_ABA VALUES ( "00000000-0000-0000-0000-000000000e07",'S_SYNC',"00000000-0000-0000-0000-00000000001c",0,0,1,' const i_t ',' const i_t p_i ','i_t p_i;
',', p_i','%d',' p_i','','    e->p_i = p_i;','    e->p_i = p_i;','','perf_testloop_bridge_void_integer','void',0,"00000000-0000-0000-0000-000000000000",'','' );
INSERT INTO TE_ABA VALUES ( "00000000-0000-0000-0000-000000000e08",'S_SYNC',"00000000-0000-0000-0000-00000000001c",0,0,1,' void ','','','','','','','','','','perf_testloop_bridge_void_void','void',0,"00000000-0000-0000-0000-000000000000",'','' );
INSERT INTO TE_ABA VALUES ( "00000000-0000-0000-0000-000000000e09",'S_SYNC',"00000000-0000-0000-0000-00000000001c",0,1,1,' const i_t, const i_t ',' const i_t p_duration, const i_t p_testnum ','i_t p_duration;
i_t p_testnum;
',', p_duration, p_testnum','%d,%d',' p_duration, p_testnum','','    e->p_duration = p_duration;    e->p_testnum = p_testnum;','    e->p_duration = p_duration;    e->p_testnum = p_testnum;','','perf_testloop_runtest','void',0,"00000000-0000-0000-0000-000000000000",'','  perf_testloop_LOOP * loop=0;
  /* SELECT any loop FROM INSTANCES OF LOOP */
  loop = (perf_testloop_LOOP *) Escher_SetGetAny( &pG_perf_testloop_LOOP_extent.active );
  /* IF ( empty loop ) */
  if ( ( 0 == loop ) ) {
    /* CREATE OBJECT INSTANCE loop OF LOOP */
    loop = (perf_testloop_LOOP *) Escher_CreateInstance( perf_testloop_DOMAIN_ID, perf_testloop_LOOP_CLASS_NUMBER );
  }
  /* GENERATE LOOP5:begin(duration:PARAM.duration, testnum:PARAM.testnum) TO loop */
  { perf_testloop_LOOPevent5 * e = (perf_testloop_LOOPevent5 *) Escher_NewxtUMLEvent( loop, &perf_testloop_LOOPevent5c );
    e->p_duration = p_duration;    e->p_testnum = p_testnum;
    Escher_SendEvent( (Escher_xtUMLEvent_t *) e );
  }
' );
INSERT INTO TE_ABA VALUES ( "00000000-0000-0000-0000-000000000e0b",'S_BRG',"00000000-0000-0000-0000-00000000001c",0,0,1,' const i_t, const i_t, const i_t, const i_t ',' const i_t p_count, const i_t p_duration, const i_t p_phase, const i_t p_testnum ','i_t p_count;
i_t p_duration;
i_t p_phase;
i_t p_testnum;
',', p_count, p_duration, p_phase, p_testnum','%d,%d,%d,%d',' p_count, p_duration, p_phase, p_testnum','','    e->p_count = p_count;    e->p_duration = p_duration;    e->p_phase = p_phase;    e->p_testnum = p_testnum;','    e->p_count = p_count;    e->p_duration = p_duration;    e->p_phase = p_phase;    e->p_testnum = p_testnum;','','perf_testloop_AUT_perftest','bool',0,"00000000-0000-0000-0000-000000000000",'','  /* RETURN TRUE */
  {bool xtumlOALrv = TRUE;
  return xtumlOALrv;}
' );
INSERT INTO TE_ABA VALUES ( "00000000-0000-0000-0000-000000000e16",'SM_ACT',"00000000-0000-0000-0000-00000000001c",0,0,1,' void ','','','','','','','','','','perf_testloop_LOOP_act1','void',0,"00000000-0000-0000-0000-000000000000",'','  Escher_Timer_t t;bool b;Escher_xtUMLEvent_t * stop;
  /* ASSIGN self.repetitions = 0 */
  ((perf_testloop_LOOP *)xtUML_detect_empty_handle( self, "LOOP", "self.repetitions" ))->repetitions = 0;
  /* ASSIGN self.measured_run_time = 0 */
  ((perf_testloop_LOOP *)xtUML_detect_empty_handle( self, "LOOP", "self.measured_run_time" ))->measured_run_time = 0;
  /* ASSIGN self.duration = 0 */
  ((perf_testloop_LOOP *)xtUML_detect_empty_handle( self, "LOOP", "self.duration" ))->duration = 0;
  /* ASSIGN self.client_test_number = PARAM.testnum */
  ((perf_testloop_LOOP *)xtUML_detect_empty_handle( self, "LOOP", "self.client_test_number" ))->client_test_number = rcvd_evt->p_testnum;
  /* ASSIGN b = APP::perftest(count:0, duration:0, phase:1, testnum:self.client_test_number) */
  b = perf_testloop_APP_perftest( 0, 0, 1, ((perf_testloop_LOOP *)xtUML_detect_empty_handle( self, "LOOP", "self.client_test_number" ))->client_test_number );
  /* GENERATE LOOP1:go() TO self */
  { Escher_xtUMLEvent_t * e = Escher_NewxtUMLEvent( self, &perf_testloop_LOOPevent1c );
    Escher_SendSelfEvent( e );
  }
  /* CREATE EVENT INSTANCE stop(  ) TO self */
  stop = Escher_NewxtUMLEvent( (void *) self, &perf_testloop_LOOPevent2c );
  /* ASSIGN t = TIM::timer_start(event_inst:stop, microseconds:( PARAM.duration * 1000000 )) */
  t = TIM_timer_start( (Escher_xtUMLEvent_t *)stop, ( rcvd_evt->p_duration * 1000000 ) );
  /* ASSIGN b = b */
  b = b;
' );
INSERT INTO TE_ABA VALUES ( "00000000-0000-0000-0000-000000000e19",'SM_ACT',"00000000-0000-0000-0000-00000000001c",0,0,1,' void ','','','','','','','','','','perf_testloop_LOOP_act2','void',0,"00000000-0000-0000-0000-000000000000",'','  bool b;
  /* self.begin_time_measurement() */
  perf_testloop_LOOP_op_begin_time_measurement( self );
  /* ASSIGN b = APP::perftest(count:0, duration:0, phase:2, testnum:self.client_test_number) */
  b = perf_testloop_APP_perftest( 0, 0, 2, ((perf_testloop_LOOP *)xtUML_detect_empty_handle( self, "LOOP", "self.client_test_number" ))->client_test_number );
  /* ASSIGN self.measured_run_time = ( self.measured_run_time + self.end_time_measurement() ) */
  ((perf_testloop_LOOP *)xtUML_detect_empty_handle( self, "LOOP", "self.measured_run_time" ))->measured_run_time = ( ((perf_testloop_LOOP *)xtUML_detect_empty_handle( self, "LOOP", "self.measured_run_time" ))->measured_run_time + perf_testloop_LOOP_op_end_time_measurement(self) );
  /* ASSIGN self.repetitions = ( self.repetitions + 1 ) */
  ((perf_testloop_LOOP *)xtUML_detect_empty_handle( self, "LOOP", "self.repetitions" ))->repetitions = ( ((perf_testloop_LOOP *)xtUML_detect_empty_handle( self, "LOOP", "self.repetitions" ))->repetitions + 1 );
  /* GENERATE LOOP1:go() TO self */
  { Escher_xtUMLEvent_t * e = Escher_NewxtUMLEvent( self, &perf_testloop_LOOPevent1c );
    Escher_SendSelfEvent( e );
  }
  /* ASSIGN b = b */
  b = b;
' );
INSERT INTO TE_ABA VALUES ( "00000000-0000-0000-0000-000000000e1c",'SM_ACT',"00000000-0000-0000-0000-00000000001c",0,0,1,' void ','','','','','','','','','','perf_testloop_LOOP_act3','void',0,"00000000-0000-0000-0000-000000000000",'','  /* IF ( APP::perftest(count:0, duration:0, phase:3, testnum:self.client_test_number) ) */
  if ( perf_testloop_APP_perftest( 0, 0, 3, ((perf_testloop_LOOP *)xtUML_detect_empty_handle( self, "LOOP", "self.client_test_number" ))->client_test_number ) ) {
    perf_testloop_LOOP * loop;
    /* ASSIGN loop = self */
    loop = self;
    /* GENERATE LOOP1:go() TO loop */
    { Escher_xtUMLEvent_t * e = Escher_NewxtUMLEvent( loop, &perf_testloop_LOOPevent1c );
      Escher_SendEvent( e );
    }
  }
' );
INSERT INTO TE_ABA VALUES ( "00000000-0000-0000-0000-000000000e1f",'SM_ACT',"00000000-0000-0000-0000-00000000001c",0,0,1,' void ','','','','','','','','','','perf_testloop_LOOP_act4','void',0,"00000000-0000-0000-0000-000000000000",'','  bool b;
  /* ASSIGN b = APP::perftest(count:0, duration:0, phase:4, testnum:self.client_test_number) */
  b = perf_testloop_APP_perftest( 0, 0, 4, ((perf_testloop_LOOP *)xtUML_detect_empty_handle( self, "LOOP", "self.client_test_number" ))->client_test_number );
  /* ASSIGN b = APP::perftest(count:self.repetitions, duration:self.measured_run_time, phase:5, testnum:self.client_test_number) */
  b = perf_testloop_APP_perftest( ((perf_testloop_LOOP *)xtUML_detect_empty_handle( self, "LOOP", "self.repetitions" ))->repetitions, ((perf_testloop_LOOP *)xtUML_detect_empty_handle( self, "LOOP", "self.measured_run_time" ))->measured_run_time, 5, ((perf_testloop_LOOP *)xtUML_detect_empty_handle( self, "LOOP", "self.client_test_number" ))->client_test_number );
  /* ASSIGN b = APP::perftest(count:0, duration:0, phase:6, testnum:self.client_test_number) */
  b = perf_testloop_APP_perftest( 0, 0, 6, ((perf_testloop_LOOP *)xtUML_detect_empty_handle( self, "LOOP", "self.client_test_number" ))->client_test_number );
  /* ASSIGN b = b */
  b = b;
' );
INSERT INTO TE_ABA VALUES ( "00000000-0000-0000-0000-000000000e24",'O_TFR',"00000000-0000-0000-0000-00000000001c",0,0,1,' void ','','','','','','','','','','perf_testloop_LOOP_op_begin_time_measurement','void',0,"00000000-0000-0000-0000-000000000000",'','  /* ASSIGN self.time_delta = 0 */
  ((perf_testloop_LOOP *)xtUML_detect_empty_handle( self, "LOOP", "self.time_delta" ))->time_delta = 0;
  /* ASSIGN self.t0 = TIM::current_clock() */
  ((perf_testloop_LOOP *)xtUML_detect_empty_handle( self, "LOOP", "self.t0" ))->t0 = TIM_current_clock();
' );
INSERT INTO TE_ABA VALUES ( "00000000-0000-0000-0000-000000000e26",'O_TFR',"00000000-0000-0000-0000-00000000001c",0,0,1,' void ','','','','','','','','','','perf_testloop_LOOP_op_end_time_measurement','i_t',0,"00000000-0000-0000-0000-000000000000",'','  /* ASSIGN self.time_delta = DELTA::timestamp(t0:self.t0, TIM::current_clock()) */
  ((perf_testloop_LOOP *)xtUML_detect_empty_handle( self, "LOOP", "self.time_delta" ))->time_delta = DELTA_timestamp( ((perf_testloop_LOOP *)xtUML_detect_empty_handle( self, "LOOP", "self.t0" ))->t0, TIM_current_clock() );
  /* RETURN self.time_delta */
  {i_t xtumlOALrv = ((perf_testloop_LOOP *)xtUML_detect_empty_handle( self, "LOOP", "self.time_delta" ))->time_delta;
  return xtumlOALrv;}
' );
INSERT INTO TE_ABA VALUES ( "00000000-0000-0000-0000-000000000e27",'S_SYNC',"00000000-0000-0000-0000-00000000001a",0,0,1,' const i_t, const i_t, c_t[ESCHER_SYS_MAX_STRING_LEN] ',' const i_t p_count, const i_t p_duration, c_t p_message[ESCHER_SYS_MAX_STRING_LEN] ','i_t p_count;
i_t p_duration;
c_t p_message[ESCHER_SYS_MAX_STRING_LEN];
',', p_count, p_duration','%d,%d,[]',' p_count, p_duration, p_message','','    e->p_count = p_count;    e->p_duration = p_duration;    Escher_strcpy( e->p_message, p_message );','    e->p_count = p_count;    e->p_duration = p_duration;    Escher_strcpy( e->p_message, p_message );','','perf_funcs_report','void',0,"00000000-0000-0000-0000-000000000000",'','  c_t s[ESCHER_SYS_MAX_STRING_LEN];i_t duration;i_t count;c_t message[ESCHER_SYS_MAX_STRING_LEN];
  /* ASSIGN message = PARAM.message */
  Escher_strcpy( message, p_message );
  /* ASSIGN count = PARAM.count */
  count = p_count;
  /* ASSIGN duration = PARAM.duration */
  duration = p_duration;
  /* ASSIGN s = printf( %34s:  %10d %4d %10d\n, p_message, p_count, p_duration, ( p_count / p_duration ) * 1000  ); */
  Escher_strcpy( s, "printf( %34s:  %10d %4d %10d\n, p_message, p_count, p_duration, ( p_count / p_duration ) * 1000  );" );
' );
INSERT INTO TE_ABA VALUES ( "00000000-0000-0000-0000-000000000e28",'S_SYNC',"00000000-0000-0000-0000-00000000001a",0,1,1,' const i_t, const i_t, const i_t, const i_t ',' const i_t p_count, const i_t p_duration, const i_t p_phase, const i_t p_testnum ','i_t p_count;
i_t p_duration;
i_t p_phase;
i_t p_testnum;
',', p_count, p_duration, p_phase, p_testnum','%d,%d,%d,%d',' p_count, p_duration, p_phase, p_testnum','','    e->p_count = p_count;    e->p_duration = p_duration;    e->p_phase = p_phase;    e->p_testnum = p_testnum;','    e->p_count = p_count;    e->p_duration = p_duration;    e->p_phase = p_phase;    e->p_testnum = p_testnum;','','perf_funcs_perftest','bool',0,"00000000-0000-0000-0000-000000000000",'','  bool testloop;
  /* ASSIGN testloop = TRUE */
  testloop = TRUE;
  /* IF ( 6 == PARAM.phase ) */
  if ( 6 == p_phase ) {
    perf_funcs_BENCHMARK * benchmark=0;
    /* SELECT any benchmark FROM INSTANCES OF BENCHMARK */
    benchmark = (perf_funcs_BENCHMARK *) Escher_SetGetAny( &pG_perf_funcs_BENCHMARK_extent.active );
    /* GENERATE BENCHMARK2:stop() TO benchmark */
    { Escher_xtUMLEvent_t * e = Escher_NewxtUMLEvent( benchmark, &perf_funcs_BENCHMARKevent2c );
      Escher_SendEvent( e );
    }
  }
  else if ( 1 == p_testnum ) {
    /* ASSIGN testloop = BENCHMARK::create_instance(count:PARAM.count, duration:PARAM.duration, phase:PARAM.phase, testnum:PARAM.testnum) */
    testloop = perf_funcs_BENCHMARK_op_create_instance(p_count, p_duration, p_phase, p_testnum);
  }
  else if ( 2 == p_testnum ) {
    /* ASSIGN testloop = BENCHMARK::delete_instance(count:PARAM.count, duration:PARAM.duration, phase:PARAM.phase, testnum:PARAM.testnum) */
    testloop = perf_funcs_BENCHMARK_op_delete_instance(p_count, p_duration, p_phase, p_testnum);
  }
  else if ( 3 == p_testnum ) {
    /* ASSIGN testloop = BENCHMARK::delete_many(count:PARAM.count, duration:PARAM.duration, phase:PARAM.phase, testnum:PARAM.testnum) */
    testloop = perf_funcs_BENCHMARK_op_delete_many(p_count, p_duration, p_phase, p_testnum);
  }
  else if ( 4 == p_testnum ) {
    /* ASSIGN testloop = BENCHMARK::generate_and_dispatch_event(count:PARAM.count, duration:PARAM.duration, phase:PARAM.phase, testnum:PARAM.testnum) */
    testloop = perf_funcs_BENCHMARK_op_generate_and_dispatch_event(p_count, p_duration, p_phase, p_testnum);
  }
  else if ( 5 == p_testnum ) {
    /* ASSIGN testloop = BENCHMARK::select_one_related(count:PARAM.count, duration:PARAM.duration, phase:PARAM.phase, testnum:PARAM.testnum) */
    testloop = perf_funcs_BENCHMARK_op_select_one_related(p_count, p_duration, p_phase, p_testnum);
  }
  else if ( 6 == p_testnum ) {
    /* ASSIGN testloop = BENCHMARK::select_any_from(count:PARAM.count, duration:PARAM.duration, phase:PARAM.phase, testnum:PARAM.testnum) */
    testloop = perf_funcs_BENCHMARK_op_select_any_from(p_count, p_duration, p_phase, p_testnum);
  }
  else if ( 7 == p_testnum ) {
    /* ASSIGN testloop = BENCHMARK::relate_one(count:PARAM.count, duration:PARAM.duration, phase:PARAM.phase, testnum:PARAM.testnum) */
    testloop = perf_funcs_BENCHMARK_op_relate_one(p_count, p_duration, p_phase, p_testnum);
  }
  else if ( 8 == p_testnum ) {
    /* ASSIGN testloop = BENCHMARK::relate_one_to_many(count:PARAM.count, duration:PARAM.duration, phase:PARAM.phase, testnum:PARAM.testnum) */
    testloop = perf_funcs_BENCHMARK_op_relate_one_to_many(p_count, p_duration, p_phase, p_testnum);
  }
  else if ( 9 == p_testnum ) {
    /* ASSIGN testloop = BENCHMARK::relate_one_using(count:PARAM.count, duration:PARAM.duration, phase:PARAM.phase, testnum:PARAM.testnum) */
    testloop = perf_funcs_BENCHMARK_op_relate_one_using(p_count, p_duration, p_phase, p_testnum);
  }
  else if ( 10 == p_testnum ) {
    /* ASSIGN testloop = BENCHMARK::cardinality_10000(count:PARAM.count, duration:PARAM.duration, phase:PARAM.phase, testnum:PARAM.testnum) */
    testloop = perf_funcs_BENCHMARK_op_cardinality_10000(p_count, p_duration, p_phase, p_testnum);
  }
  else if ( 11 == p_testnum ) {
    /* ASSIGN testloop = BENCHMARK::cardinality_1000(count:PARAM.count, duration:PARAM.duration, phase:PARAM.phase, testnum:PARAM.testnum) */
    testloop = perf_funcs_BENCHMARK_op_cardinality_1000(p_count, p_duration, p_phase, p_testnum);
  }
  else if ( 12 == p_testnum ) {
    /* ASSIGN testloop = BENCHMARK::cardinality_100(count:PARAM.count, duration:PARAM.duration, phase:PARAM.phase, testnum:PARAM.testnum) */
    testloop = perf_funcs_BENCHMARK_op_cardinality_100(p_count, p_duration, p_phase, p_testnum);
  }
  else if ( 13 == p_testnum ) {
    /* ASSIGN testloop = BENCHMARK::cardinality_10(count:PARAM.count, duration:PARAM.duration, phase:PARAM.phase, testnum:PARAM.testnum) */
    testloop = perf_funcs_BENCHMARK_op_cardinality_10(p_count, p_duration, p_phase, p_testnum);
  }
  else if ( 14 == p_testnum ) {
    /* ASSIGN testloop = BENCHMARK::select_any_where_10000(count:PARAM.count, duration:PARAM.duration, phase:PARAM.phase, testnum:PARAM.testnum) */
    testloop = perf_funcs_BENCHMARK_op_select_any_where_10000(p_count, p_duration, p_phase, p_testnum);
  }
  else if ( 15 == p_testnum ) {
    /* ASSIGN testloop = BENCHMARK::select_any_where_1000(count:PARAM.count, duration:PARAM.duration, phase:PARAM.phase, testnum:PARAM.testnum) */
    testloop = perf_funcs_BENCHMARK_op_select_any_where_1000(p_count, p_duration, p_phase, p_testnum);
  }
  else if ( 16 == p_testnum ) {
    /* ASSIGN testloop = BENCHMARK::select_any_where_100(count:PARAM.count, duration:PARAM.duration, phase:PARAM.phase, testnum:PARAM.testnum) */
    testloop = perf_funcs_BENCHMARK_op_select_any_where_100(p_count, p_duration, p_phase, p_testnum);
  }
  else if ( 17 == p_testnum ) {
    /* ASSIGN testloop = BENCHMARK::select_any_where_10(count:PARAM.count, duration:PARAM.duration, phase:PARAM.phase, testnum:PARAM.testnum) */
    testloop = perf_funcs_BENCHMARK_op_select_any_where_10(p_count, p_duration, p_phase, p_testnum);
  }
  else if ( 18 == p_testnum ) {
    /* ASSIGN testloop = BENCHMARK::read_attribute(count:PARAM.count, duration:PARAM.duration, phase:PARAM.phase, testnum:PARAM.testnum) */
    testloop = perf_funcs_BENCHMARK_op_read_attribute(p_count, p_duration, p_phase, p_testnum);
  }
  else if ( 19 == p_testnum ) {
    /* ASSIGN testloop = BENCHMARK::write_attribute(count:PARAM.count, duration:PARAM.duration, phase:PARAM.phase, testnum:PARAM.testnum) */
    testloop = perf_funcs_BENCHMARK_op_write_attribute(p_count, p_duration, p_phase, p_testnum);
  }
  else if ( 20 == p_testnum ) {
    /* ASSIGN testloop = BENCHMARK::bridge_void_void(count:PARAM.count, duration:PARAM.duration, phase:PARAM.phase, testnum:PARAM.testnum) */
    testloop = perf_funcs_BENCHMARK_op_bridge_void_void(p_count, p_duration, p_phase, p_testnum);
  }
  else if ( 21 == p_testnum ) {
    /* ASSIGN testloop = BENCHMARK::bridge_void_integer(count:PARAM.count, duration:PARAM.duration, phase:PARAM.phase, testnum:PARAM.testnum) */
    testloop = perf_funcs_BENCHMARK_op_bridge_void_integer(p_count, p_duration, p_phase, p_testnum);
  }
  else if ( 22 == p_testnum ) {
    /* ASSIGN testloop = BENCHMARK::bridge_integer_integer(count:PARAM.count, duration:PARAM.duration, phase:PARAM.phase, testnum:PARAM.testnum) */
    testloop = perf_funcs_BENCHMARK_op_bridge_integer_integer(p_count, p_duration, p_phase, p_testnum);
  }
  else if ( 23 == p_testnum ) {
    /* ASSIGN testloop = CBENCH::function_void_void(count:PARAM.count, duration:PARAM.duration, phase:PARAM.phase, testnum:PARAM.testnum) */
    testloop = perf_funcs_CBENCH_op_function_void_void(p_count, p_duration, p_phase, p_testnum);
  }
  else if ( 24 == p_testnum ) {
    /* ASSIGN testloop = CBENCH::function_void_integer(count:PARAM.count, duration:PARAM.duration, phase:PARAM.phase, testnum:PARAM.testnum) */
    testloop = perf_funcs_CBENCH_op_function_void_integer(p_count, p_duration, p_phase, p_testnum);
  }
  else if ( 25 == p_testnum ) {
    /* ASSIGN testloop = CBENCH::function_integer_integer(count:PARAM.count, duration:PARAM.duration, phase:PARAM.phase, testnum:PARAM.testnum) */
    testloop = perf_funcs_CBENCH_op_function_integer_integer(p_count, p_duration, p_phase, p_testnum);
  }
  else if ( 26 == p_testnum ) {
    /* ASSIGN testloop = CBENCH::read_struct_member(count:PARAM.count, duration:PARAM.duration, phase:PARAM.phase, testnum:PARAM.testnum) */
    testloop = perf_funcs_CBENCH_op_read_struct_member(p_count, p_duration, p_phase, p_testnum);
  }
  else if ( 27 == p_testnum ) {
    /* ASSIGN testloop = CBENCH::write_struct_member(count:PARAM.count, duration:PARAM.duration, phase:PARAM.phase, testnum:PARAM.testnum) */
    testloop = perf_funcs_CBENCH_op_write_struct_member(p_count, p_duration, p_phase, p_testnum);
  }
  else if ( 99 == p_testnum ) {
    /* ASSIGN testloop = BENCHMARK::generate_event(count:PARAM.count, duration:PARAM.duration, phase:PARAM.phase, testnum:PARAM.testnum) */
    testloop = perf_funcs_BENCHMARK_op_generate_event(p_count, p_duration, p_phase, p_testnum);
  }
  else {
    /* ::xit(  ) */
    perf_funcs_xit();
  }
  /* RETURN testloop */
  {bool xtumlOALrv = testloop;
  return xtumlOALrv;}
' );
INSERT INTO TE_ABA VALUES ( "00000000-0000-0000-0000-000000000e29",'S_SYNC',"00000000-0000-0000-0000-00000000001a",0,0,1,' void ','','','','','','','','','','perf_funcs_xit','void',0,"00000000-0000-0000-0000-000000000000",'','  /* ARCH::shutdown(  ) */
  ARCH_shutdown();
' );
INSERT INTO TE_ABA VALUES ( "00000000-0000-0000-0000-000000000e2a",'S_SYNC',"00000000-0000-0000-0000-00000000001a",0,1,1,' void ','','','','','','','','','','perf_funcs_test','void',0,"00000000-0000-0000-0000-000000000000",'','  perf_funcs_BENCHMARK * benchmark=0;
  /* SELECT any benchmark FROM INSTANCES OF BENCHMARK */
  benchmark = (perf_funcs_BENCHMARK *) Escher_SetGetAny( &pG_perf_funcs_BENCHMARK_extent.active );
  /* GENERATE BENCHMARK1:go() TO benchmark */
  { Escher_xtUMLEvent_t * e = Escher_NewxtUMLEvent( benchmark, &perf_funcs_BENCHMARKevent1c );
    Escher_SendEvent( e );
  }
' );
INSERT INTO TE_ABA VALUES ( "00000000-0000-0000-0000-000000000e2b",'S_SYNC',"00000000-0000-0000-0000-00000000001a",0,0,1,' void ','','','','','','','','','','perf_funcs_setup','void',0,"00000000-0000-0000-0000-000000000000",'','  perf_funcs_CBENCH * c;perf_funcs_BENCHMARK * benchmark;
  /* CREATE OBJECT INSTANCE benchmark OF BENCHMARK */
  benchmark = (perf_funcs_BENCHMARK *) Escher_CreateInstance( perf_funcs_DOMAIN_ID, perf_funcs_BENCHMARK_CLASS_NUMBER );
  /* ASSIGN benchmark.test_number = 0 */
  ((perf_funcs_BENCHMARK *)xtUML_detect_empty_handle( benchmark, "BENCHMARK", "benchmark.test_number" ))->test_number = 0;
  /* ASSIGN benchmark.duration = 1 */
  ((perf_funcs_BENCHMARK *)xtUML_detect_empty_handle( benchmark, "BENCHMARK", "benchmark.duration" ))->duration = 1;
  /* CREATE OBJECT INSTANCE c OF CBENCH */
  c = (perf_funcs_CBENCH *) Escher_CreateInstance( perf_funcs_DOMAIN_ID, perf_funcs_CBENCH_CLASS_NUMBER );
  /* ASSIGN c.phase = 0 */
  ((perf_funcs_CBENCH *)xtUML_detect_empty_handle( c, "CBENCH", "c.phase" ))->phase = 0;
' );
INSERT INTO TE_ABA VALUES ( "00000000-0000-0000-0000-000000000e2d",'S_BRG',"00000000-0000-0000-0000-00000000001a",0,0,1,' void ','','','','','','','','','','perf_funcs_CBENCHMARK_function_void_void','void',0,"00000000-0000-0000-0000-000000000000",'','' );
INSERT INTO TE_ABA VALUES ( "00000000-0000-0000-0000-000000000e2f",'S_BRG',"00000000-0000-0000-0000-00000000001a",0,0,1,' const i_t ',' const i_t p_i ','i_t p_i;
',', p_i','%d',' p_i','','    e->p_i = p_i;','    e->p_i = p_i;','','perf_funcs_CBENCHMARK_function_void_integer','void',0,"00000000-0000-0000-0000-000000000000",'','' );
INSERT INTO TE_ABA VALUES ( "00000000-0000-0000-0000-000000000e31",'S_BRG',"00000000-0000-0000-0000-00000000001a",0,0,1,' const i_t ',' const i_t p_i ','i_t p_i;
',', p_i','%d',' p_i','','    e->p_i = p_i;','    e->p_i = p_i;','','perf_funcs_CBENCHMARK_function_integer_integer','i_t',0,"00000000-0000-0000-0000-000000000000",'','  /* RETURN PARAM.i */
  {i_t xtumlOALrv = p_i;
  return xtumlOALrv;}
' );
INSERT INTO TE_ABA VALUES ( "00000000-0000-0000-0000-000000000e33",'S_BRG',"00000000-0000-0000-0000-00000000001a",0,0,1,' const i_t ',' const i_t p_i ','i_t p_i;
',', p_i','%d',' p_i','','    e->p_i = p_i;','    e->p_i = p_i;','','perf_funcs_CBENCHMARK_read_struct_member','i_t',0,"00000000-0000-0000-0000-000000000000",'','  /* RETURN ( 10 * PARAM.i ) */
  {i_t xtumlOALrv = ( 10 * p_i );
  return xtumlOALrv;}
' );
INSERT INTO TE_ABA VALUES ( "00000000-0000-0000-0000-000000000e35",'S_BRG',"00000000-0000-0000-0000-00000000001a",0,0,1,' const i_t ',' const i_t p_i ','i_t p_i;
',', p_i','%d',' p_i','','    e->p_i = p_i;','    e->p_i = p_i;','','perf_funcs_CBENCHMARK_write_struct_member','i_t',0,"00000000-0000-0000-0000-000000000000",'','  /* RETURN ( 10 * PARAM.i ) */
  {i_t xtumlOALrv = ( 10 * p_i );
  return xtumlOALrv;}
' );
INSERT INTO TE_ABA VALUES ( "00000000-0000-0000-0000-000000000e37",'S_BRG',"00000000-0000-0000-0000-00000000001a",0,0,1,' const i_t, const i_t ',' const i_t p_duration, const i_t p_testnum ','i_t p_duration;
i_t p_testnum;
',', p_duration, p_testnum','%d,%d',' p_duration, p_testnum','','    e->p_duration = p_duration;    e->p_testnum = p_testnum;','    e->p_duration = p_duration;    e->p_testnum = p_testnum;','','perf_funcs_TESTLOOPa_runtest','void',0,"00000000-0000-0000-0000-000000000000",'','' );
INSERT INTO TE_ABA VALUES ( "00000000-0000-0000-0000-000000000e39",'S_BRG',"00000000-0000-0000-0000-00000000001a",0,0,1,' void ','','','','','','','','','','perf_funcs_TESTLOOPa_bridge_void_void','void',0,"00000000-0000-0000-0000-000000000000",'','' );
INSERT INTO TE_ABA VALUES ( "00000000-0000-0000-0000-000000000e3b",'S_BRG',"00000000-0000-0000-0000-00000000001a",0,0,1,' const i_t ',' const i_t p_i ','i_t p_i;
',', p_i','%d',' p_i','','    e->p_i = p_i;','    e->p_i = p_i;','','perf_funcs_TESTLOOPa_bridge_void_integer','void',0,"00000000-0000-0000-0000-000000000000",'','' );
INSERT INTO TE_ABA VALUES ( "00000000-0000-0000-0000-000000000e3d",'S_BRG',"00000000-0000-0000-0000-00000000001a",0,0,1,' const i_t ',' const i_t p_i ','i_t p_i;
',', p_i','%d',' p_i','','    e->p_i = p_i;','    e->p_i = p_i;','','perf_funcs_TESTLOOPa_bridge_integer_integer','i_t',0,"00000000-0000-0000-0000-000000000000",'','  /* RETURN PARAM.i */
  {i_t xtumlOALrv = p_i;
  return xtumlOALrv;}
' );
INSERT INTO TE_ABA VALUES ( "00000000-0000-0000-0000-000000000e45",'SM_ACT',"00000000-0000-0000-0000-00000000001a",0,0,1,' void ','','','','','','','','','','perf_funcs_A_act1','void',0,"00000000-0000-0000-0000-000000000000",'','  perf_funcs_B * b=0;
  /* SELECT one b RELATED BY self->B[R1] */
  b = ( 0 != self ) ? self->B_R1 : 0;
  /* GENERATE B1:e1() TO b */
  { Escher_xtUMLEvent_t * e = Escher_NewxtUMLEvent( b, &perf_funcs_Bevent1c );
    Escher_SendEvent( e );
  }
  /* ASSIGN self.odometer = ( self.odometer + 2 ) */
  ((perf_funcs_A *)xtUML_detect_empty_handle( self, "A", "self.odometer" ))->odometer = ( ((perf_funcs_A *)xtUML_detect_empty_handle( self, "A", "self.odometer" ))->odometer + 2 );
' );
INSERT INTO TE_ABA VALUES ( "00000000-0000-0000-0000-000000000e48",'SM_ACT',"00000000-0000-0000-0000-00000000001a",0,0,1,' void ','','','','','','','','','','perf_funcs_A_act2','void',0,"00000000-0000-0000-0000-000000000000",'','' );
INSERT INTO TE_ABA VALUES ( "00000000-0000-0000-0000-000000000e4d",'O_TFR',"00000000-0000-0000-0000-00000000001a",0,0,1,' const i_t ',' const i_t p_count ','i_t p_count;
',', p_count','%d',' p_count','','    e->p_count = p_count;','    e->p_count = p_count;','','perf_funcs_A_op_generate_ignored_event_to_self','void',0,"00000000-0000-0000-0000-000000000000",'','  i_t i;
  /* ASSIGN i = PARAM.count */
  i = p_count;
  /* WHILE ( 0 < i ) */
  while ( 0 < i ) {
    /* GENERATE A2:e2() TO self */
    { Escher_xtUMLEvent_t * e = Escher_NewxtUMLEvent( self, &perf_funcs_Aevent2c );
      Escher_SendSelfEvent( e );
    }
    /* ASSIGN i = ( i - 1 ) */
    i = ( i - 1 );
  }
' );
INSERT INTO TE_ABA VALUES ( "00000000-0000-0000-0000-000000000e5a",'SM_ACT',"00000000-0000-0000-0000-00000000001a",0,0,1,' void ','','','','','','','','','','perf_funcs_B_act1','void',0,"00000000-0000-0000-0000-000000000000",'','  perf_funcs_A * a=0;
  /* SELECT one a RELATED BY self->A[R1] */
  a = ( 0 != self ) ? self->A_R1 : 0;
  /* GENERATE A1:e() TO a */
  { Escher_xtUMLEvent_t * e = Escher_NewxtUMLEvent( a, &perf_funcs_Aevent1c );
    Escher_SendEvent( e );
  }
' );
INSERT INTO TE_ABA VALUES ( "00000000-0000-0000-0000-000000000e62",'SM_ACT',"00000000-0000-0000-0000-00000000001a",0,0,1,' void ','','','','','','','','','','perf_funcs_BENCHMARK_act1','void',0,"00000000-0000-0000-0000-000000000000",'','  /* ASSIGN self.test_number = ( self.test_number + 1 ) */
  ((perf_funcs_BENCHMARK *)xtUML_detect_empty_handle( self, "BENCHMARK", "self.test_number" ))->test_number = ( ((perf_funcs_BENCHMARK *)xtUML_detect_empty_handle( self, "BENCHMARK", "self.test_number" ))->test_number + 1 );
  /* TESTLOOP::runtest(duration:self.duration, testnum:self.test_number) */
  perf_funcs_TESTLOOP_runtest( ((perf_funcs_BENCHMARK *)xtUML_detect_empty_handle( self, "BENCHMARK", "self.duration" ))->duration, ((perf_funcs_BENCHMARK *)xtUML_detect_empty_handle( self, "BENCHMARK", "self.test_number" ))->test_number );
' );
INSERT INTO TE_ABA VALUES ( "00000000-0000-0000-0000-000000000e65",'SM_ACT',"00000000-0000-0000-0000-00000000001a",0,0,1,' void ','','','','','','','','','','perf_funcs_BENCHMARK_act2','void',0,"00000000-0000-0000-0000-000000000000",'','  Escher_Timer_t t;Escher_xtUMLEvent_t * go;
  /* CREATE EVENT INSTANCE go(  ) TO self */
  go = Escher_NewxtUMLEvent( (void *) self, &perf_funcs_BENCHMARKevent1c );
  /* ASSIGN t = TIM::timer_start(event_inst:go, microseconds:1000) */
  t = TIM_timer_start( (Escher_xtUMLEvent_t *)go, 1000 );
' );
INSERT INTO TE_ABA VALUES ( "00000000-0000-0000-0000-000000000e69",'O_TFR',"00000000-0000-0000-0000-00000000001a",0,0,1,' const i_t, const i_t, const i_t, const i_t ',' const i_t p_count, const i_t p_duration, const i_t p_phase, const i_t p_testnum ','i_t p_count;
i_t p_duration;
i_t p_phase;
i_t p_testnum;
',', p_count, p_duration, p_phase, p_testnum','%d,%d,%d,%d',' p_count, p_duration, p_phase, p_testnum','','    e->p_count = p_count;    e->p_duration = p_duration;    e->p_phase = p_phase;    e->p_testnum = p_testnum;','    e->p_count = p_count;    e->p_duration = p_duration;    e->p_phase = p_phase;    e->p_testnum = p_testnum;','','perf_funcs_BENCHMARK_op_create_instance','bool',0,"00000000-0000-0000-0000-000000000000",'','  i_t iterations;
  /* ASSIGN iterations = 1000 */
  iterations = 1000;
  /* IF ( 1 == PARAM.phase ) */
  if ( 1 == p_phase ) {
  }
  else if ( 2 == p_phase ) {
    i_t i;
    /* ASSIGN i = iterations */
    i = iterations;
    /* WHILE ( 0 < i ) */
    while ( 0 < i ) {
      perf_funcs_A * a;
      /* CREATE OBJECT INSTANCE a OF A */
      a = (perf_funcs_A *) Escher_CreateInstance( perf_funcs_DOMAIN_ID, perf_funcs_A_CLASS_NUMBER );
      /* CREATE OBJECT INSTANCE a OF A */
      a = (perf_funcs_A *) Escher_CreateInstance( perf_funcs_DOMAIN_ID, perf_funcs_A_CLASS_NUMBER );
      /* CREATE OBJECT INSTANCE a OF A */
      a = (perf_funcs_A *) Escher_CreateInstance( perf_funcs_DOMAIN_ID, perf_funcs_A_CLASS_NUMBER );
      /* CREATE OBJECT INSTANCE a OF A */
      a = (perf_funcs_A *) Escher_CreateInstance( perf_funcs_DOMAIN_ID, perf_funcs_A_CLASS_NUMBER );
      /* CREATE OBJECT INSTANCE a OF A */
      a = (perf_funcs_A *) Escher_CreateInstance( perf_funcs_DOMAIN_ID, perf_funcs_A_CLASS_NUMBER );
      /* CREATE OBJECT INSTANCE a OF A */
      a = (perf_funcs_A *) Escher_CreateInstance( perf_funcs_DOMAIN_ID, perf_funcs_A_CLASS_NUMBER );
      /* CREATE OBJECT INSTANCE a OF A */
      a = (perf_funcs_A *) Escher_CreateInstance( perf_funcs_DOMAIN_ID, perf_funcs_A_CLASS_NUMBER );
      /* CREATE OBJECT INSTANCE a OF A */
      a = (perf_funcs_A *) Escher_CreateInstance( perf_funcs_DOMAIN_ID, perf_funcs_A_CLASS_NUMBER );
      /* CREATE OBJECT INSTANCE a OF A */
      a = (perf_funcs_A *) Escher_CreateInstance( perf_funcs_DOMAIN_ID, perf_funcs_A_CLASS_NUMBER );
      /* CREATE OBJECT INSTANCE a OF A */
      a = (perf_funcs_A *) Escher_CreateInstance( perf_funcs_DOMAIN_ID, perf_funcs_A_CLASS_NUMBER );
      /* ASSIGN i = ( i - 1 ) */
      i = ( i - 1 );
    }
  }
  else if ( 3 == p_phase ) {
    bool more;
    /* ASSIGN more = TRUE */
    more = TRUE;
    /* WHILE ( more ) */
    while ( more ) {
      perf_funcs_A * a=0;
      /* SELECT any a FROM INSTANCES OF A */
      a = (perf_funcs_A *) Escher_SetGetAny( &pG_perf_funcs_A_extent.active );
      /* IF ( empty a ) */
      if ( ( 0 == a ) ) {
        /* ASSIGN more = FALSE */
        more = FALSE;
      }
      else {
        /* DELETE OBJECT INSTANCE a */
        if ( 0 == a ) {
          XTUML_EMPTY_HANDLE_TRACE( "A", "Escher_DeleteInstance" );
        }
        Escher_DeleteInstance( (Escher_iHandle_t) a, perf_funcs_DOMAIN_ID, perf_funcs_A_CLASS_NUMBER );
      }
    }
  }
  else if ( 4 == p_phase ) {
    bool more;
    /* ASSIGN more = TRUE */
    more = TRUE;
    /* WHILE ( more ) */
    while ( more ) {
      perf_funcs_A * a=0;
      /* SELECT any a FROM INSTANCES OF A */
      a = (perf_funcs_A *) Escher_SetGetAny( &pG_perf_funcs_A_extent.active );
      /* IF ( empty a ) */
      if ( ( 0 == a ) ) {
        /* ASSIGN more = FALSE */
        more = FALSE;
      }
      else {
        /* DELETE OBJECT INSTANCE a */
        if ( 0 == a ) {
          XTUML_EMPTY_HANDLE_TRACE( "A", "Escher_DeleteInstance" );
        }
        Escher_DeleteInstance( (Escher_iHandle_t) a, perf_funcs_DOMAIN_ID, perf_funcs_A_CLASS_NUMBER );
      }
    }
  }
  else if ( 5 == p_phase ) {
    i_t i;
    /* ASSIGN i = ( ( 10 * iterations ) * PARAM.count ) */
    i = ( ( 10 * iterations ) * p_count );
    /* ::report( count:i, duration:PARAM.duration, message:create instance ) */
    perf_funcs_report( i, p_duration, "create instance" );
  }
  else {
  }
  /* RETURN TRUE */
  {bool xtumlOALrv = TRUE;
  return xtumlOALrv;}
' );
INSERT INTO TE_ABA VALUES ( "00000000-0000-0000-0000-000000000e6b",'O_TFR',"00000000-0000-0000-0000-00000000001a",0,0,1,' const i_t, const i_t, const i_t, const i_t ',' const i_t p_count, const i_t p_duration, const i_t p_phase, const i_t p_testnum ','i_t p_count;
i_t p_duration;
i_t p_phase;
i_t p_testnum;
',', p_count, p_duration, p_phase, p_testnum','%d,%d,%d,%d',' p_count, p_duration, p_phase, p_testnum','','    e->p_count = p_count;    e->p_duration = p_duration;    e->p_phase = p_phase;    e->p_testnum = p_testnum;','    e->p_count = p_count;    e->p_duration = p_duration;    e->p_phase = p_phase;    e->p_testnum = p_testnum;','','perf_funcs_BENCHMARK_op_delete_instance','bool',0,"00000000-0000-0000-0000-000000000000",'','  i_t iterations;
  /* ASSIGN iterations = 10000 */
  iterations = 10000;
  /* IF ( 1 == PARAM.phase ) */
  if ( 1 == p_phase ) {
    i_t i;
    /* ASSIGN i = iterations */
    i = iterations;
    /* WHILE ( 0 < i ) */
    while ( 0 < i ) {
      perf_funcs_A * a;
      /* CREATE OBJECT INSTANCE a OF A */
      a = (perf_funcs_A *) Escher_CreateInstance( perf_funcs_DOMAIN_ID, perf_funcs_A_CLASS_NUMBER );
      /* ASSIGN i = ( i - 1 ) */
      i = ( i - 1 );
    }
  }
  else if ( 2 == p_phase ) {
    bool more;
    /* ASSIGN more = TRUE */
    more = TRUE;
    /* WHILE ( more ) */
    while ( more ) {
      perf_funcs_A * a=0;
      /* SELECT any a FROM INSTANCES OF A */
      a = (perf_funcs_A *) Escher_SetGetAny( &pG_perf_funcs_A_extent.active );
      /* IF ( empty a ) */
      if ( ( 0 == a ) ) {
        /* ASSIGN more = FALSE */
        more = FALSE;
      }
      else {
        /* DELETE OBJECT INSTANCE a */
        if ( 0 == a ) {
          XTUML_EMPTY_HANDLE_TRACE( "A", "Escher_DeleteInstance" );
        }
        Escher_DeleteInstance( (Escher_iHandle_t) a, perf_funcs_DOMAIN_ID, perf_funcs_A_CLASS_NUMBER );
      }
    }
  }
  else if ( 3 == p_phase ) {
    i_t i;
    /* ASSIGN i = iterations */
    i = iterations;
    /* WHILE ( 0 < i ) */
    while ( 0 < i ) {
      perf_funcs_A * a;
      /* CREATE OBJECT INSTANCE a OF A */
      a = (perf_funcs_A *) Escher_CreateInstance( perf_funcs_DOMAIN_ID, perf_funcs_A_CLASS_NUMBER );
      /* ASSIGN i = ( i - 1 ) */
      i = ( i - 1 );
    }
  }
  else if ( 4 == p_phase ) {
    bool more;
    /* ASSIGN more = TRUE */
    more = TRUE;
    /* WHILE ( more ) */
    while ( more ) {
      perf_funcs_A * a=0;
      /* SELECT any a FROM INSTANCES OF A */
      a = (perf_funcs_A *) Escher_SetGetAny( &pG_perf_funcs_A_extent.active );
      /* IF ( empty a ) */
      if ( ( 0 == a ) ) {
        /* ASSIGN more = FALSE */
        more = FALSE;
      }
      else {
        /* DELETE OBJECT INSTANCE a */
        if ( 0 == a ) {
          XTUML_EMPTY_HANDLE_TRACE( "A", "Escher_DeleteInstance" );
        }
        Escher_DeleteInstance( (Escher_iHandle_t) a, perf_funcs_DOMAIN_ID, perf_funcs_A_CLASS_NUMBER );
      }
    }
  }
  else if ( 5 == p_phase ) {
    i_t i;
    /* ASSIGN i = ( iterations * PARAM.count ) */
    i = ( iterations * p_count );
    /* ::report( count:i, duration:PARAM.duration, message:select then delete instance ) */
    perf_funcs_report( i, p_duration, "select then delete instance" );
  }
  else {
  }
  /* RETURN TRUE */
  {bool xtumlOALrv = TRUE;
  return xtumlOALrv;}
' );
INSERT INTO TE_ABA VALUES ( "00000000-0000-0000-0000-000000000e6d",'O_TFR',"00000000-0000-0000-0000-00000000001a",0,0,1,' const i_t, const i_t, const i_t, const i_t ',' const i_t p_count, const i_t p_duration, const i_t p_phase, const i_t p_testnum ','i_t p_count;
i_t p_duration;
i_t p_phase;
i_t p_testnum;
',', p_count, p_duration, p_phase, p_testnum','%d,%d,%d,%d',' p_count, p_duration, p_phase, p_testnum','','    e->p_count = p_count;    e->p_duration = p_duration;    e->p_phase = p_phase;    e->p_testnum = p_testnum;','    e->p_count = p_count;    e->p_duration = p_duration;    e->p_phase = p_phase;    e->p_testnum = p_testnum;','','perf_funcs_BENCHMARK_op_generate_event','bool',0,"00000000-0000-0000-0000-000000000000",'','  i_t iterations;
  /* ASSIGN iterations = 300 */
  iterations = 300;
  /* IF ( 1 == PARAM.phase ) */
  if ( 1 == p_phase ) {
    perf_funcs_A * a;
    /* CREATE OBJECT INSTANCE a OF A */
    a = (perf_funcs_A *) Escher_CreateInstance( perf_funcs_DOMAIN_ID, perf_funcs_A_CLASS_NUMBER );
  }
  else if ( 2 == p_phase ) {
    perf_funcs_A * a=0;
    /* SELECT any a FROM INSTANCES OF A */
    a = (perf_funcs_A *) Escher_SetGetAny( &pG_perf_funcs_A_extent.active );
    /* a.generate_ignored_event_to_self( count:iterations ) */
    perf_funcs_A_op_generate_ignored_event_to_self( a,  iterations );
  }
  else if ( 3 == p_phase ) {
  }
  else if ( 4 == p_phase ) {
    perf_funcs_A * a=0;
    /* SELECT any a FROM INSTANCES OF A */
    a = (perf_funcs_A *) Escher_SetGetAny( &pG_perf_funcs_A_extent.active );
    /* DELETE OBJECT INSTANCE a */
    if ( 0 == a ) {
      XTUML_EMPTY_HANDLE_TRACE( "A", "Escher_DeleteInstance" );
    }
    Escher_DeleteInstance( (Escher_iHandle_t) a, perf_funcs_DOMAIN_ID, perf_funcs_A_CLASS_NUMBER );
  }
  else if ( 5 == p_phase ) {
    i_t i;
    /* ASSIGN i = ( iterations * PARAM.count ) */
    i = ( iterations * p_count );
    /* ::report( count:i, duration:PARAM.duration, message:generate event ) */
    perf_funcs_report( i, p_duration, "generate event" );
  }
  else {
  }
  /* RETURN TRUE */
  {bool xtumlOALrv = TRUE;
  return xtumlOALrv;}
' );
INSERT INTO TE_ABA VALUES ( "00000000-0000-0000-0000-000000000e6f",'O_TFR',"00000000-0000-0000-0000-00000000001a",0,0,1,' const i_t, const i_t, const i_t, const i_t ',' const i_t p_count, const i_t p_duration, const i_t p_phase, const i_t p_testnum ','i_t p_count;
i_t p_duration;
i_t p_phase;
i_t p_testnum;
',', p_count, p_duration, p_phase, p_testnum','%d,%d,%d,%d',' p_count, p_duration, p_phase, p_testnum','','    e->p_count = p_count;    e->p_duration = p_duration;    e->p_phase = p_phase;    e->p_testnum = p_testnum;','    e->p_count = p_count;    e->p_duration = p_duration;    e->p_phase = p_phase;    e->p_testnum = p_testnum;','','perf_funcs_BENCHMARK_op_generate_and_dispatch_event','bool',0,"00000000-0000-0000-0000-000000000000",'','  /* IF ( 1 == PARAM.phase ) */
  if ( 1 == p_phase ) {
    perf_funcs_B * b;perf_funcs_A * a;
    /* CREATE OBJECT INSTANCE a OF A */
    a = (perf_funcs_A *) Escher_CreateInstance( perf_funcs_DOMAIN_ID, perf_funcs_A_CLASS_NUMBER );
    /* ASSIGN a.odometer = 0 */
    ((perf_funcs_A *)xtUML_detect_empty_handle( a, "A", "a.odometer" ))->odometer = 0;
    /* CREATE OBJECT INSTANCE b OF B */
    b = (perf_funcs_B *) Escher_CreateInstance( perf_funcs_DOMAIN_ID, perf_funcs_B_CLASS_NUMBER );
    /* RELATE a TO b ACROSS R1 */
    perf_funcs_A_R1_Link( b, a );
  }
  else if ( 2 == p_phase ) {
    perf_funcs_A * a=0;
    /* SELECT any a FROM INSTANCES OF A */
    a = (perf_funcs_A *) Escher_SetGetAny( &pG_perf_funcs_A_extent.active );
    /* GENERATE A1:e() TO a */
    { Escher_xtUMLEvent_t * e = Escher_NewxtUMLEvent( a, &perf_funcs_Aevent1c );
      Escher_SendEvent( e );
    }
  }
  else if ( 3 == p_phase ) {
    /* RETURN FALSE */
    {bool xtumlOALrv = FALSE;
    return xtumlOALrv;}
  }
  else if ( 4 == p_phase ) {
    perf_funcs_A * a=0;
    /* SELECT any a FROM INSTANCES OF A */
    a = (perf_funcs_A *) Escher_SetGetAny( &pG_perf_funcs_A_extent.active );
    /* GENERATE A3:stop() TO a */
    { Escher_xtUMLEvent_t * e = Escher_NewxtUMLEvent( a, &perf_funcs_Aevent3c );
      Escher_SendEvent( e );
    }
  }
  else if ( 5 == p_phase ) {
    i_t odometer_reading;perf_funcs_A * a=0;
    /* SELECT any a FROM INSTANCES OF A */
    a = (perf_funcs_A *) Escher_SetGetAny( &pG_perf_funcs_A_extent.active );
    /* ASSIGN odometer_reading = ( a.odometer * PARAM.count ) */
    odometer_reading = ( ((perf_funcs_A *)xtUML_detect_empty_handle( a, "A", "a.odometer" ))->odometer * p_count );
    /* ::report( count:odometer_reading, duration:999, message:generate and dispatch event ) */
    perf_funcs_report( odometer_reading, 999, "generate and dispatch event" );
    /* DELETE OBJECT INSTANCE a */
    if ( 0 == a ) {
      XTUML_EMPTY_HANDLE_TRACE( "A", "Escher_DeleteInstance" );
    }
    Escher_DeleteInstance( (Escher_iHandle_t) a, perf_funcs_DOMAIN_ID, perf_funcs_A_CLASS_NUMBER );
  }
  else {
  }
  /* RETURN TRUE */
  {bool xtumlOALrv = TRUE;
  return xtumlOALrv;}
' );
INSERT INTO TE_ABA VALUES ( "00000000-0000-0000-0000-000000000e71",'O_TFR',"00000000-0000-0000-0000-00000000001a",0,0,1,' const i_t, const i_t, const i_t, const i_t ',' const i_t p_count, const i_t p_duration, const i_t p_phase, const i_t p_testnum ','i_t p_count;
i_t p_duration;
i_t p_phase;
i_t p_testnum;
',', p_count, p_duration, p_phase, p_testnum','%d,%d,%d,%d',' p_count, p_duration, p_phase, p_testnum','','    e->p_count = p_count;    e->p_duration = p_duration;    e->p_phase = p_phase;    e->p_testnum = p_testnum;','    e->p_count = p_count;    e->p_duration = p_duration;    e->p_phase = p_phase;    e->p_testnum = p_testnum;','','perf_funcs_BENCHMARK_op_select_one_related','bool',0,"00000000-0000-0000-0000-000000000000",'','  i_t iterations;
  /* ASSIGN iterations = 100 */
  iterations = 100;
  /* IF ( 1 == PARAM.phase ) */
  if ( 1 == p_phase ) {
    perf_funcs_B * b;perf_funcs_A * a;
    /* CREATE OBJECT INSTANCE a OF A */
    a = (perf_funcs_A *) Escher_CreateInstance( perf_funcs_DOMAIN_ID, perf_funcs_A_CLASS_NUMBER );
    /* CREATE OBJECT INSTANCE b OF B */
    b = (perf_funcs_B *) Escher_CreateInstance( perf_funcs_DOMAIN_ID, perf_funcs_B_CLASS_NUMBER );
    /* RELATE a TO b ACROSS R1 */
    perf_funcs_A_R1_Link( b, a );
  }
  else if ( 2 == p_phase ) {
    i_t i;perf_funcs_A * a=0;
    /* SELECT any a FROM INSTANCES OF A */
    a = (perf_funcs_A *) Escher_SetGetAny( &pG_perf_funcs_A_extent.active );
    /* ASSIGN i = iterations */
    i = iterations;
    /* WHILE ( i > 0 ) */
    while ( i > 0 ) {
      perf_funcs_B * b=0;
      /* SELECT one b RELATED BY a->B[R1] */
      b = ( 0 != a ) ? a->B_R1 : 0;
      /* ASSIGN i = ( i - 1 ) */
      i = ( i - 1 );
    }
  }
  else if ( 3 == p_phase ) {
  }
  else if ( 4 == p_phase ) {
    perf_funcs_B * b=0;perf_funcs_A * a=0;
    /* SELECT any a FROM INSTANCES OF A */
    a = (perf_funcs_A *) Escher_SetGetAny( &pG_perf_funcs_A_extent.active );
    /* SELECT any b FROM INSTANCES OF B */
    b = (perf_funcs_B *) Escher_SetGetAny( &pG_perf_funcs_B_extent.active );
    /* IF ( not_empty a and not_empty b ) */
    if ( ( 0 != a ) && ( 0 != b ) ) {
      /* UNRELATE a FROM b ACROSS R1 */
      perf_funcs_A_R1_Unlink( b, a );
      /* DELETE OBJECT INSTANCE a */
      if ( 0 == a ) {
        XTUML_EMPTY_HANDLE_TRACE( "A", "Escher_DeleteInstance" );
      }
      Escher_DeleteInstance( (Escher_iHandle_t) a, perf_funcs_DOMAIN_ID, perf_funcs_A_CLASS_NUMBER );
      /* DELETE OBJECT INSTANCE b */
      if ( 0 == b ) {
        XTUML_EMPTY_HANDLE_TRACE( "B", "Escher_DeleteInstance" );
      }
      Escher_DeleteInstance( (Escher_iHandle_t) b, perf_funcs_DOMAIN_ID, perf_funcs_B_CLASS_NUMBER );
    }
  }
  else if ( 5 == p_phase ) {
    i_t i;
    /* ASSIGN i = ( iterations * PARAM.count ) */
    i = ( iterations * p_count );
    /* ::report( count:i, duration:PARAM.duration, message:select one related ) */
    perf_funcs_report( i, p_duration, "select one related" );
  }
  else {
  }
  /* RETURN TRUE */
  {bool xtumlOALrv = TRUE;
  return xtumlOALrv;}
' );
INSERT INTO TE_ABA VALUES ( "00000000-0000-0000-0000-000000000e73",'O_TFR',"00000000-0000-0000-0000-00000000001a",0,0,1,' const i_t, const i_t, const i_t, const i_t ',' const i_t p_count, const i_t p_duration, const i_t p_phase, const i_t p_testnum ','i_t p_count;
i_t p_duration;
i_t p_phase;
i_t p_testnum;
',', p_count, p_duration, p_phase, p_testnum','%d,%d,%d,%d',' p_count, p_duration, p_phase, p_testnum','','    e->p_count = p_count;    e->p_duration = p_duration;    e->p_phase = p_phase;    e->p_testnum = p_testnum;','    e->p_count = p_count;    e->p_duration = p_duration;    e->p_phase = p_phase;    e->p_testnum = p_testnum;','','perf_funcs_BENCHMARK_op_select_any_from','bool',0,"00000000-0000-0000-0000-000000000000",'','  i_t iterations;
  /* ASSIGN iterations = 10000 */
  iterations = 10000;
  /* IF ( 1 == PARAM.phase ) */
  if ( 1 == p_phase ) {
    perf_funcs_A * a;
    /* CREATE OBJECT INSTANCE a OF A */
    a = (perf_funcs_A *) Escher_CreateInstance( perf_funcs_DOMAIN_ID, perf_funcs_A_CLASS_NUMBER );
  }
  else if ( 2 == p_phase ) {
    i_t i;
    /* ASSIGN i = iterations */
    i = iterations;
    /* WHILE ( i > 0 ) */
    while ( i > 0 ) {
      perf_funcs_A * a9=0;perf_funcs_A * a8=0;perf_funcs_A * a7=0;perf_funcs_A * a6=0;perf_funcs_A * a5=0;perf_funcs_A * a4=0;perf_funcs_A * a3=0;perf_funcs_A * a2=0;perf_funcs_A * a1=0;perf_funcs_A * a0=0;
      /* SELECT any a0 FROM INSTANCES OF A */
      a0 = (perf_funcs_A *) Escher_SetGetAny( &pG_perf_funcs_A_extent.active );
      /* SELECT any a1 FROM INSTANCES OF A */
      a1 = (perf_funcs_A *) Escher_SetGetAny( &pG_perf_funcs_A_extent.active );
      /* SELECT any a2 FROM INSTANCES OF A */
      a2 = (perf_funcs_A *) Escher_SetGetAny( &pG_perf_funcs_A_extent.active );
      /* SELECT any a3 FROM INSTANCES OF A */
      a3 = (perf_funcs_A *) Escher_SetGetAny( &pG_perf_funcs_A_extent.active );
      /* SELECT any a4 FROM INSTANCES OF A */
      a4 = (perf_funcs_A *) Escher_SetGetAny( &pG_perf_funcs_A_extent.active );
      /* SELECT any a5 FROM INSTANCES OF A */
      a5 = (perf_funcs_A *) Escher_SetGetAny( &pG_perf_funcs_A_extent.active );
      /* SELECT any a6 FROM INSTANCES OF A */
      a6 = (perf_funcs_A *) Escher_SetGetAny( &pG_perf_funcs_A_extent.active );
      /* SELECT any a7 FROM INSTANCES OF A */
      a7 = (perf_funcs_A *) Escher_SetGetAny( &pG_perf_funcs_A_extent.active );
      /* SELECT any a8 FROM INSTANCES OF A */
      a8 = (perf_funcs_A *) Escher_SetGetAny( &pG_perf_funcs_A_extent.active );
      /* SELECT any a9 FROM INSTANCES OF A */
      a9 = (perf_funcs_A *) Escher_SetGetAny( &pG_perf_funcs_A_extent.active );
      /* ASSIGN i = ( i - 1 ) */
      i = ( i - 1 );
    }
  }
  else if ( 3 == p_phase ) {
  }
  else if ( 4 == p_phase ) {
    perf_funcs_A * a=0;
    /* SELECT any a FROM INSTANCES OF A */
    a = (perf_funcs_A *) Escher_SetGetAny( &pG_perf_funcs_A_extent.active );
    /* DELETE OBJECT INSTANCE a */
    if ( 0 == a ) {
      XTUML_EMPTY_HANDLE_TRACE( "A", "Escher_DeleteInstance" );
    }
    Escher_DeleteInstance( (Escher_iHandle_t) a, perf_funcs_DOMAIN_ID, perf_funcs_A_CLASS_NUMBER );
  }
  else if ( 5 == p_phase ) {
    i_t i;
    /* ASSIGN i = ( ( 10 * iterations ) * PARAM.count ) */
    i = ( ( 10 * iterations ) * p_count );
    /* ::report( count:i, duration:PARAM.duration, message:select any from instances of ) */
    perf_funcs_report( i, p_duration, "select any from instances of" );
  }
  else {
  }
  /* RETURN TRUE */
  {bool xtumlOALrv = TRUE;
  return xtumlOALrv;}
' );
INSERT INTO TE_ABA VALUES ( "00000000-0000-0000-0000-000000000e75",'O_TFR',"00000000-0000-0000-0000-00000000001a",0,0,1,' const i_t, const i_t, const i_t, const i_t ',' const i_t p_count, const i_t p_duration, const i_t p_phase, const i_t p_testnum ','i_t p_count;
i_t p_duration;
i_t p_phase;
i_t p_testnum;
',', p_count, p_duration, p_phase, p_testnum','%d,%d,%d,%d',' p_count, p_duration, p_phase, p_testnum','','    e->p_count = p_count;    e->p_duration = p_duration;    e->p_phase = p_phase;    e->p_testnum = p_testnum;','    e->p_count = p_count;    e->p_duration = p_duration;    e->p_phase = p_phase;    e->p_testnum = p_testnum;','','perf_funcs_BENCHMARK_op_relate_one','bool',0,"00000000-0000-0000-0000-000000000000",'','  i_t iterations;
  /* ASSIGN iterations = 10000 */
  iterations = 10000;
  /* IF ( 1 == PARAM.phase ) */
  if ( 1 == p_phase ) {
    perf_funcs_B * b;perf_funcs_A * a;
    /* CREATE OBJECT INSTANCE a OF A */
    a = (perf_funcs_A *) Escher_CreateInstance( perf_funcs_DOMAIN_ID, perf_funcs_A_CLASS_NUMBER );
    /* CREATE OBJECT INSTANCE b OF B */
    b = (perf_funcs_B *) Escher_CreateInstance( perf_funcs_DOMAIN_ID, perf_funcs_B_CLASS_NUMBER );
  }
  else if ( 2 == p_phase ) {
    i_t i;perf_funcs_B * b=0;perf_funcs_A * a=0;
    /* SELECT any a FROM INSTANCES OF A */
    a = (perf_funcs_A *) Escher_SetGetAny( &pG_perf_funcs_A_extent.active );
    /* SELECT any b FROM INSTANCES OF B */
    b = (perf_funcs_B *) Escher_SetGetAny( &pG_perf_funcs_B_extent.active );
    /* ASSIGN i = iterations */
    i = iterations;
    /* WHILE ( i > 0 ) */
    while ( i > 0 ) {
      /* RELATE a TO b ACROSS R1 */
      perf_funcs_A_R1_Link( b, a );
      /* RELATE a TO b ACROSS R1 */
      perf_funcs_A_R1_Link( b, a );
      /* RELATE a TO b ACROSS R1 */
      perf_funcs_A_R1_Link( b, a );
      /* RELATE a TO b ACROSS R1 */
      perf_funcs_A_R1_Link( b, a );
      /* RELATE a TO b ACROSS R1 */
      perf_funcs_A_R1_Link( b, a );
      /* RELATE a TO b ACROSS R1 */
      perf_funcs_A_R1_Link( b, a );
      /* RELATE a TO b ACROSS R1 */
      perf_funcs_A_R1_Link( b, a );
      /* RELATE a TO b ACROSS R1 */
      perf_funcs_A_R1_Link( b, a );
      /* RELATE a TO b ACROSS R1 */
      perf_funcs_A_R1_Link( b, a );
      /* RELATE a TO b ACROSS R1 */
      perf_funcs_A_R1_Link( b, a );
      /* ASSIGN i = ( i - 1 ) */
      i = ( i - 1 );
    }
  }
  else if ( 3 == p_phase ) {
  }
  else if ( 4 == p_phase ) {
    perf_funcs_B * b=0;perf_funcs_A * a=0;
    /* SELECT any a FROM INSTANCES OF A */
    a = (perf_funcs_A *) Escher_SetGetAny( &pG_perf_funcs_A_extent.active );
    /* SELECT any b FROM INSTANCES OF B */
    b = (perf_funcs_B *) Escher_SetGetAny( &pG_perf_funcs_B_extent.active );
    /* UNRELATE a FROM b ACROSS R1 */
    perf_funcs_A_R1_Unlink( b, a );
    /* DELETE OBJECT INSTANCE a */
    if ( 0 == a ) {
      XTUML_EMPTY_HANDLE_TRACE( "A", "Escher_DeleteInstance" );
    }
    Escher_DeleteInstance( (Escher_iHandle_t) a, perf_funcs_DOMAIN_ID, perf_funcs_A_CLASS_NUMBER );
    /* DELETE OBJECT INSTANCE b */
    if ( 0 == b ) {
      XTUML_EMPTY_HANDLE_TRACE( "B", "Escher_DeleteInstance" );
    }
    Escher_DeleteInstance( (Escher_iHandle_t) b, perf_funcs_DOMAIN_ID, perf_funcs_B_CLASS_NUMBER );
  }
  else if ( 5 == p_phase ) {
    i_t i;
    /* ASSIGN i = ( ( 10 * iterations ) * PARAM.count ) */
    i = ( ( 10 * iterations ) * p_count );
    /* ::report( count:i, duration:PARAM.duration, message:relate one ) */
    perf_funcs_report( i, p_duration, "relate one" );
  }
  else {
  }
  /* RETURN TRUE */
  {bool xtumlOALrv = TRUE;
  return xtumlOALrv;}
' );
INSERT INTO TE_ABA VALUES ( "00000000-0000-0000-0000-000000000e77",'O_TFR',"00000000-0000-0000-0000-00000000001a",0,0,1,' const i_t, const i_t, const i_t, const i_t ',' const i_t p_count, const i_t p_duration, const i_t p_phase, const i_t p_testnum ','i_t p_count;
i_t p_duration;
i_t p_phase;
i_t p_testnum;
',', p_count, p_duration, p_phase, p_testnum','%d,%d,%d,%d',' p_count, p_duration, p_phase, p_testnum','','    e->p_count = p_count;    e->p_duration = p_duration;    e->p_phase = p_phase;    e->p_testnum = p_testnum;','    e->p_count = p_count;    e->p_duration = p_duration;    e->p_phase = p_phase;    e->p_testnum = p_testnum;','','perf_funcs_BENCHMARK_op_relate_one_to_many','bool',0,"00000000-0000-0000-0000-000000000000",'','  i_t iterations;
  /* ASSIGN iterations = 10000 */
  iterations = 10000;
  /* IF ( 1 == PARAM.phase ) */
  if ( 1 == p_phase ) {
    perf_funcs_D * d;perf_funcs_C * c;perf_funcs_D * d1=0;perf_funcs_C * c1=0;
    /* CREATE OBJECT INSTANCE c OF C */
    c = (perf_funcs_C *) Escher_CreateInstance( perf_funcs_DOMAIN_ID, perf_funcs_C_CLASS_NUMBER );
    /* CREATE OBJECT INSTANCE d OF D */
    d = (perf_funcs_D *) Escher_CreateInstance( perf_funcs_DOMAIN_ID, perf_funcs_D_CLASS_NUMBER );
    /* SELECT one c1 RELATED BY d->C[R2] */
    c1 = ( 0 != d ) ? d->C_R2 : 0;
    /* SELECT any d1 RELATED BY c->D[R2] */
    d1 = ( 0 != c ) ? (perf_funcs_D *) Escher_SetGetAny( &c->D_R2 ) : 0;
  }
  else if ( 2 == p_phase ) {
    i_t i;perf_funcs_D * d=0;perf_funcs_C * c=0;
    /* SELECT any c FROM INSTANCES OF C */
    c = (perf_funcs_C *) Escher_SetGetAny( &pG_perf_funcs_C_extent.active );
    /* SELECT any d FROM INSTANCES OF D */
    d = (perf_funcs_D *) Escher_SetGetAny( &pG_perf_funcs_D_extent.active );
    /* ASSIGN i = iterations */
    i = iterations;
    /* WHILE ( 0 < i ) */
    while ( 0 < i ) {
      /* RELATE c TO d ACROSS R2 */
      perf_funcs_D_R2_Link( c, d );
      /* UNRELATE c FROM d ACROSS R2 */
      perf_funcs_D_R2_Unlink( c, d );
      /* RELATE c TO d ACROSS R2 */
      perf_funcs_D_R2_Link( c, d );
      /* UNRELATE c FROM d ACROSS R2 */
      perf_funcs_D_R2_Unlink( c, d );
      /* RELATE c TO d ACROSS R2 */
      perf_funcs_D_R2_Link( c, d );
      /* UNRELATE c FROM d ACROSS R2 */
      perf_funcs_D_R2_Unlink( c, d );
      /* RELATE c TO d ACROSS R2 */
      perf_funcs_D_R2_Link( c, d );
      /* UNRELATE c FROM d ACROSS R2 */
      perf_funcs_D_R2_Unlink( c, d );
      /* RELATE c TO d ACROSS R2 */
      perf_funcs_D_R2_Link( c, d );
      /* UNRELATE c FROM d ACROSS R2 */
      perf_funcs_D_R2_Unlink( c, d );
      /* RELATE c TO d ACROSS R2 */
      perf_funcs_D_R2_Link( c, d );
      /* UNRELATE c FROM d ACROSS R2 */
      perf_funcs_D_R2_Unlink( c, d );
      /* RELATE c TO d ACROSS R2 */
      perf_funcs_D_R2_Link( c, d );
      /* UNRELATE c FROM d ACROSS R2 */
      perf_funcs_D_R2_Unlink( c, d );
      /* RELATE c TO d ACROSS R2 */
      perf_funcs_D_R2_Link( c, d );
      /* UNRELATE c FROM d ACROSS R2 */
      perf_funcs_D_R2_Unlink( c, d );
      /* RELATE c TO d ACROSS R2 */
      perf_funcs_D_R2_Link( c, d );
      /* UNRELATE c FROM d ACROSS R2 */
      perf_funcs_D_R2_Unlink( c, d );
      /* RELATE c TO d ACROSS R2 */
      perf_funcs_D_R2_Link( c, d );
      /* UNRELATE c FROM d ACROSS R2 */
      perf_funcs_D_R2_Unlink( c, d );
      /* ASSIGN i = ( i - 1 ) */
      i = ( i - 1 );
    }
  }
  else if ( 3 == p_phase ) {
  }
  else if ( 4 == p_phase ) {
    perf_funcs_D * d=0;perf_funcs_C * c=0;
    /* SELECT any c FROM INSTANCES OF C */
    c = (perf_funcs_C *) Escher_SetGetAny( &pG_perf_funcs_C_extent.active );
    /* SELECT any d FROM INSTANCES OF D */
    d = (perf_funcs_D *) Escher_SetGetAny( &pG_perf_funcs_D_extent.active );
    /* UNRELATE c FROM d ACROSS R2 */
    perf_funcs_D_R2_Unlink( c, d );
    /* DELETE OBJECT INSTANCE c */
    if ( 0 == c ) {
      XTUML_EMPTY_HANDLE_TRACE( "C", "Escher_DeleteInstance" );
    }
    Escher_DeleteInstance( (Escher_iHandle_t) c, perf_funcs_DOMAIN_ID, perf_funcs_C_CLASS_NUMBER );
    /* DELETE OBJECT INSTANCE d */
    if ( 0 == d ) {
      XTUML_EMPTY_HANDLE_TRACE( "D", "Escher_DeleteInstance" );
    }
    Escher_DeleteInstance( (Escher_iHandle_t) d, perf_funcs_DOMAIN_ID, perf_funcs_D_CLASS_NUMBER );
  }
  else if ( 5 == p_phase ) {
    i_t i;
    /* ASSIGN i = ( ( 10 * iterations ) * PARAM.count ) */
    i = ( ( 10 * iterations ) * p_count );
    /* ::report( count:i, duration:PARAM.duration, message:relate/unrelate one to many ) */
    perf_funcs_report( i, p_duration, "relate/unrelate one to many" );
  }
  else {
  }
  /* RETURN TRUE */
  {bool xtumlOALrv = TRUE;
  return xtumlOALrv;}
' );
INSERT INTO TE_ABA VALUES ( "00000000-0000-0000-0000-000000000e79",'O_TFR',"00000000-0000-0000-0000-00000000001a",0,0,1,' const i_t, const i_t, const i_t, const i_t ',' const i_t p_count, const i_t p_duration, const i_t p_phase, const i_t p_testnum ','i_t p_count;
i_t p_duration;
i_t p_phase;
i_t p_testnum;
',', p_count, p_duration, p_phase, p_testnum','%d,%d,%d,%d',' p_count, p_duration, p_phase, p_testnum','','    e->p_count = p_count;    e->p_duration = p_duration;    e->p_phase = p_phase;    e->p_testnum = p_testnum;','    e->p_count = p_count;    e->p_duration = p_duration;    e->p_phase = p_phase;    e->p_testnum = p_testnum;','','perf_funcs_BENCHMARK_op_relate_one_using','bool',0,"00000000-0000-0000-0000-000000000000",'','  i_t iterations;
  /* ASSIGN iterations = 10000 */
  iterations = 10000;
  /* IF ( 1 == PARAM.phase ) */
  if ( 1 == p_phase ) {
    perf_funcs_G * g;perf_funcs_F * f;perf_funcs_E * e;
    /* CREATE OBJECT INSTANCE e OF E */
    e = (perf_funcs_E *) Escher_CreateInstance( perf_funcs_DOMAIN_ID, perf_funcs_E_CLASS_NUMBER );
    /* CREATE OBJECT INSTANCE f OF F */
    f = (perf_funcs_F *) Escher_CreateInstance( perf_funcs_DOMAIN_ID, perf_funcs_F_CLASS_NUMBER );
    /* CREATE OBJECT INSTANCE g OF G */
    g = (perf_funcs_G *) Escher_CreateInstance( perf_funcs_DOMAIN_ID, perf_funcs_G_CLASS_NUMBER );
  }
  else if ( 2 == p_phase ) {
    i_t i;perf_funcs_G * g=0;perf_funcs_F * f=0;perf_funcs_E * e=0;
    /* SELECT any e FROM INSTANCES OF E */
    e = (perf_funcs_E *) Escher_SetGetAny( &pG_perf_funcs_E_extent.active );
    /* SELECT any f FROM INSTANCES OF F */
    f = (perf_funcs_F *) Escher_SetGetAny( &pG_perf_funcs_F_extent.active );
    /* SELECT any g FROM INSTANCES OF G */
    g = (perf_funcs_G *) Escher_SetGetAny( &pG_perf_funcs_G_extent.active );
    /* ASSIGN i = iterations */
    i = iterations;
    /* WHILE ( 0 < i ) */
    while ( 0 < i ) {
      /* RELATE e TO f ACROSS R3 USING g */
      perf_funcs_G_R3_Link( e, f, g );
      /* ASSIGN i = ( i - 1 ) */
      i = ( i - 1 );
    }
  }
  else if ( 3 == p_phase ) {
    perf_funcs_E * e=0;perf_funcs_G * g=0;perf_funcs_F * f=0;
    /* SELECT any e FROM INSTANCES OF E */
    e = (perf_funcs_E *) Escher_SetGetAny( &pG_perf_funcs_E_extent.active );
    /* SELECT one f RELATED BY e->F[R3] */
    f = 0;
    {    if ( 0 != e ) {
    perf_funcs_G * G_R3 = e->G_R3;
    if ( 0 != G_R3 ) {
    f = G_R3->F_R3;
}}}
    /* SELECT one g RELATED BY e->G[R3] */
    g = ( 0 != e ) ? e->G_R3 : 0;
    /* UNRELATE e FROM f ACROSS R3 USING g */
    perf_funcs_G_R3_Unlink( e, f, g );
  }
  else if ( 4 == p_phase ) {
    bool more;perf_funcs_E * e=0;
    /* SELECT any e FROM INSTANCES OF E */
    e = (perf_funcs_E *) Escher_SetGetAny( &pG_perf_funcs_E_extent.active );
    /* DELETE OBJECT INSTANCE e */
    if ( 0 == e ) {
      XTUML_EMPTY_HANDLE_TRACE( "E", "Escher_DeleteInstance" );
    }
    Escher_DeleteInstance( (Escher_iHandle_t) e, perf_funcs_DOMAIN_ID, perf_funcs_E_CLASS_NUMBER );
    /* ASSIGN more = TRUE */
    more = TRUE;
    /* WHILE ( more ) */
    while ( more ) {
      perf_funcs_F * f=0;
      /* SELECT any f FROM INSTANCES OF F */
      f = (perf_funcs_F *) Escher_SetGetAny( &pG_perf_funcs_F_extent.active );
      /* IF ( not_empty f ) */
      if ( ( 0 != f ) ) {
        /* DELETE OBJECT INSTANCE f */
        if ( 0 == f ) {
          XTUML_EMPTY_HANDLE_TRACE( "F", "Escher_DeleteInstance" );
        }
        Escher_DeleteInstance( (Escher_iHandle_t) f, perf_funcs_DOMAIN_ID, perf_funcs_F_CLASS_NUMBER );
      }
      else {
        /* ASSIGN more = FALSE */
        more = FALSE;
      }
    }
    /* ASSIGN more = TRUE */
    more = TRUE;
    /* WHILE ( more ) */
    while ( more ) {
      perf_funcs_G * g=0;
      /* SELECT any g FROM INSTANCES OF G */
      g = (perf_funcs_G *) Escher_SetGetAny( &pG_perf_funcs_G_extent.active );
      /* IF ( not_empty g ) */
      if ( ( 0 != g ) ) {
        /* DELETE OBJECT INSTANCE g */
        if ( 0 == g ) {
          XTUML_EMPTY_HANDLE_TRACE( "G", "Escher_DeleteInstance" );
        }
        Escher_DeleteInstance( (Escher_iHandle_t) g, perf_funcs_DOMAIN_ID, perf_funcs_G_CLASS_NUMBER );
      }
      else {
        /* ASSIGN more = FALSE */
        more = FALSE;
      }
    }
  }
  else if ( 5 == p_phase ) {
    i_t i;
    /* ASSIGN i = ( iterations * PARAM.count ) */
    i = ( iterations * p_count );
    /* ::report( count:i, duration:PARAM.duration, message:relate one to many using ) */
    perf_funcs_report( i, p_duration, "relate one to many using" );
  }
  else {
  }
  /* RETURN TRUE */
  {bool xtumlOALrv = TRUE;
  return xtumlOALrv;}
' );
INSERT INTO TE_ABA VALUES ( "00000000-0000-0000-0000-000000000e7b",'O_TFR',"00000000-0000-0000-0000-00000000001a",0,0,1,' const i_t, const i_t, const i_t, const i_t ',' const i_t p_count, const i_t p_duration, const i_t p_phase, const i_t p_testnum ','i_t p_count;
i_t p_duration;
i_t p_phase;
i_t p_testnum;
',', p_count, p_duration, p_phase, p_testnum','%d,%d,%d,%d',' p_count, p_duration, p_phase, p_testnum','','    e->p_count = p_count;    e->p_duration = p_duration;    e->p_phase = p_phase;    e->p_testnum = p_testnum;','    e->p_count = p_count;    e->p_duration = p_duration;    e->p_phase = p_phase;    e->p_testnum = p_testnum;','','perf_funcs_BENCHMARK_op_cardinality_10000','bool',0,"00000000-0000-0000-0000-000000000000",'','  i_t iterations;
  /* ASSIGN iterations = 10000 */
  iterations = 10000;
  /* IF ( 1 == PARAM.phase ) */
  if ( 1 == p_phase ) {
    i_t i;
    /* ASSIGN i = iterations */
    i = iterations;
    /* WHILE ( 0 < i ) */
    while ( 0 < i ) {
      perf_funcs_A * a;
      /* CREATE OBJECT INSTANCE a OF A */
      a = (perf_funcs_A *) Escher_CreateInstance( perf_funcs_DOMAIN_ID, perf_funcs_A_CLASS_NUMBER );
      /* ASSIGN i = ( i - 1 ) */
      i = ( i - 1 );
    }
  }
  else if ( 2 == p_phase ) {
    i_t i;Escher_ObjectSet_s as_space={0}; Escher_ObjectSet_s * as = &as_space;
    /* SELECT many as FROM INSTANCES OF A */
    Escher_CopySet( as, &pG_perf_funcs_A_extent.active );
    /* ASSIGN i = iterations */
    i = iterations;
    /* WHILE ( 0 < i ) */
    while ( 0 < i ) {
      i_t j;
      /* ASSIGN j = cardinality as */
      j = Escher_SetCardinality( as );
      /* ASSIGN i = ( i - 1 ) */
      i = ( i - 1 );
    }
    Escher_ClearSet( as );
  }
  else if ( 3 == p_phase ) {
  }
  else if ( 4 == p_phase ) {
    bool more;
    /* ASSIGN more = TRUE */
    more = TRUE;
    /* WHILE ( more ) */
    while ( more ) {
      perf_funcs_A * a=0;
      /* SELECT any a FROM INSTANCES OF A */
      a = (perf_funcs_A *) Escher_SetGetAny( &pG_perf_funcs_A_extent.active );
      /* IF ( empty a ) */
      if ( ( 0 == a ) ) {
        /* ASSIGN more = FALSE */
        more = FALSE;
      }
      else {
        /* DELETE OBJECT INSTANCE a */
        if ( 0 == a ) {
          XTUML_EMPTY_HANDLE_TRACE( "A", "Escher_DeleteInstance" );
        }
        Escher_DeleteInstance( (Escher_iHandle_t) a, perf_funcs_DOMAIN_ID, perf_funcs_A_CLASS_NUMBER );
      }
    }
  }
  else if ( 5 == p_phase ) {
    i_t i;
    /* ASSIGN i = ( iterations * PARAM.count ) */
    i = ( iterations * p_count );
    /* ::report( count:i, duration:PARAM.duration, message:cardinality 10000 ) */
    perf_funcs_report( i, p_duration, "cardinality 10000" );
  }
  else {
  }
  /* RETURN TRUE */
  {bool xtumlOALrv = TRUE;
  return xtumlOALrv;}
' );
INSERT INTO TE_ABA VALUES ( "00000000-0000-0000-0000-000000000e7d",'O_TFR',"00000000-0000-0000-0000-00000000001a",0,0,1,' const i_t, const i_t, const i_t, const i_t ',' const i_t p_count, const i_t p_duration, const i_t p_phase, const i_t p_testnum ','i_t p_count;
i_t p_duration;
i_t p_phase;
i_t p_testnum;
',', p_count, p_duration, p_phase, p_testnum','%d,%d,%d,%d',' p_count, p_duration, p_phase, p_testnum','','    e->p_count = p_count;    e->p_duration = p_duration;    e->p_phase = p_phase;    e->p_testnum = p_testnum;','    e->p_count = p_count;    e->p_duration = p_duration;    e->p_phase = p_phase;    e->p_testnum = p_testnum;','','perf_funcs_BENCHMARK_op_cardinality_1000','bool',0,"00000000-0000-0000-0000-000000000000",'','  i_t iterations;
  /* ASSIGN iterations = 1000 */
  iterations = 1000;
  /* IF ( 1 == PARAM.phase ) */
  if ( 1 == p_phase ) {
    i_t i;
    /* ASSIGN i = iterations */
    i = iterations;
    /* WHILE ( 0 < i ) */
    while ( 0 < i ) {
      perf_funcs_A * a;
      /* CREATE OBJECT INSTANCE a OF A */
      a = (perf_funcs_A *) Escher_CreateInstance( perf_funcs_DOMAIN_ID, perf_funcs_A_CLASS_NUMBER );
      /* ASSIGN i = ( i - 1 ) */
      i = ( i - 1 );
    }
  }
  else if ( 2 == p_phase ) {
    i_t i;Escher_ObjectSet_s as_space={0}; Escher_ObjectSet_s * as = &as_space;
    /* SELECT many as FROM INSTANCES OF A */
    Escher_CopySet( as, &pG_perf_funcs_A_extent.active );
    /* ASSIGN i = iterations */
    i = iterations;
    /* WHILE ( 0 < i ) */
    while ( 0 < i ) {
      i_t j;
      /* ASSIGN j = cardinality as */
      j = Escher_SetCardinality( as );
      /* ASSIGN i = ( i - 1 ) */
      i = ( i - 1 );
    }
    Escher_ClearSet( as );
  }
  else if ( 3 == p_phase ) {
  }
  else if ( 4 == p_phase ) {
    bool more;
    /* ASSIGN more = TRUE */
    more = TRUE;
    /* WHILE ( more ) */
    while ( more ) {
      perf_funcs_A * a=0;
      /* SELECT any a FROM INSTANCES OF A */
      a = (perf_funcs_A *) Escher_SetGetAny( &pG_perf_funcs_A_extent.active );
      /* IF ( empty a ) */
      if ( ( 0 == a ) ) {
        /* ASSIGN more = FALSE */
        more = FALSE;
      }
      else {
        /* DELETE OBJECT INSTANCE a */
        if ( 0 == a ) {
          XTUML_EMPTY_HANDLE_TRACE( "A", "Escher_DeleteInstance" );
        }
        Escher_DeleteInstance( (Escher_iHandle_t) a, perf_funcs_DOMAIN_ID, perf_funcs_A_CLASS_NUMBER );
      }
    }
  }
  else if ( 5 == p_phase ) {
    i_t i;
    /* ASSIGN i = ( iterations * PARAM.count ) */
    i = ( iterations * p_count );
    /* ::report( count:i, duration:PARAM.duration, message:cardinality 1000 ) */
    perf_funcs_report( i, p_duration, "cardinality 1000" );
  }
  else {
  }
  /* RETURN TRUE */
  {bool xtumlOALrv = TRUE;
  return xtumlOALrv;}
' );
INSERT INTO TE_ABA VALUES ( "00000000-0000-0000-0000-000000000e7f",'O_TFR',"00000000-0000-0000-0000-00000000001a",0,0,1,' const i_t, const i_t, const i_t, const i_t ',' const i_t p_count, const i_t p_duration, const i_t p_phase, const i_t p_testnum ','i_t p_count;
i_t p_duration;
i_t p_phase;
i_t p_testnum;
',', p_count, p_duration, p_phase, p_testnum','%d,%d,%d,%d',' p_count, p_duration, p_phase, p_testnum','','    e->p_count = p_count;    e->p_duration = p_duration;    e->p_phase = p_phase;    e->p_testnum = p_testnum;','    e->p_count = p_count;    e->p_duration = p_duration;    e->p_phase = p_phase;    e->p_testnum = p_testnum;','','perf_funcs_BENCHMARK_op_cardinality_100','bool',0,"00000000-0000-0000-0000-000000000000",'','  i_t iterations;
  /* ASSIGN iterations = 100 */
  iterations = 100;
  /* IF ( 1 == PARAM.phase ) */
  if ( 1 == p_phase ) {
    i_t i;
    /* ASSIGN i = iterations */
    i = iterations;
    /* WHILE ( 0 < i ) */
    while ( 0 < i ) {
      perf_funcs_A * a;
      /* CREATE OBJECT INSTANCE a OF A */
      a = (perf_funcs_A *) Escher_CreateInstance( perf_funcs_DOMAIN_ID, perf_funcs_A_CLASS_NUMBER );
      /* ASSIGN i = ( i - 1 ) */
      i = ( i - 1 );
    }
  }
  else if ( 2 == p_phase ) {
    i_t i;Escher_ObjectSet_s as_space={0}; Escher_ObjectSet_s * as = &as_space;
    /* SELECT many as FROM INSTANCES OF A */
    Escher_CopySet( as, &pG_perf_funcs_A_extent.active );
    /* ASSIGN i = iterations */
    i = iterations;
    /* WHILE ( 0 < i ) */
    while ( 0 < i ) {
      i_t j;
      /* ASSIGN j = cardinality as */
      j = Escher_SetCardinality( as );
      /* ASSIGN i = ( i - 1 ) */
      i = ( i - 1 );
    }
    Escher_ClearSet( as );
  }
  else if ( 3 == p_phase ) {
  }
  else if ( 4 == p_phase ) {
    bool more;
    /* ASSIGN more = TRUE */
    more = TRUE;
    /* WHILE ( more ) */
    while ( more ) {
      perf_funcs_A * a=0;
      /* SELECT any a FROM INSTANCES OF A */
      a = (perf_funcs_A *) Escher_SetGetAny( &pG_perf_funcs_A_extent.active );
      /* IF ( empty a ) */
      if ( ( 0 == a ) ) {
        /* ASSIGN more = FALSE */
        more = FALSE;
      }
      else {
        /* DELETE OBJECT INSTANCE a */
        if ( 0 == a ) {
          XTUML_EMPTY_HANDLE_TRACE( "A", "Escher_DeleteInstance" );
        }
        Escher_DeleteInstance( (Escher_iHandle_t) a, perf_funcs_DOMAIN_ID, perf_funcs_A_CLASS_NUMBER );
      }
    }
  }
  else if ( 5 == p_phase ) {
    i_t i;
    /* ASSIGN i = ( iterations * PARAM.count ) */
    i = ( iterations * p_count );
    /* ::report( count:i, duration:PARAM.duration, message:cardinality 100 ) */
    perf_funcs_report( i, p_duration, "cardinality 100" );
  }
  else {
  }
  /* RETURN TRUE */
  {bool xtumlOALrv = TRUE;
  return xtumlOALrv;}
' );
INSERT INTO TE_ABA VALUES ( "00000000-0000-0000-0000-000000000e81",'O_TFR',"00000000-0000-0000-0000-00000000001a",0,0,1,' const i_t, const i_t, const i_t, const i_t ',' const i_t p_count, const i_t p_duration, const i_t p_phase, const i_t p_testnum ','i_t p_count;
i_t p_duration;
i_t p_phase;
i_t p_testnum;
',', p_count, p_duration, p_phase, p_testnum','%d,%d,%d,%d',' p_count, p_duration, p_phase, p_testnum','','    e->p_count = p_count;    e->p_duration = p_duration;    e->p_phase = p_phase;    e->p_testnum = p_testnum;','    e->p_count = p_count;    e->p_duration = p_duration;    e->p_phase = p_phase;    e->p_testnum = p_testnum;','','perf_funcs_BENCHMARK_op_cardinality_10','bool',0,"00000000-0000-0000-0000-000000000000",'','  i_t iterations;
  /* ASSIGN iterations = 10 */
  iterations = 10;
  /* IF ( 1 == PARAM.phase ) */
  if ( 1 == p_phase ) {
    i_t i;
    /* ASSIGN i = iterations */
    i = iterations;
    /* WHILE ( 0 < i ) */
    while ( 0 < i ) {
      perf_funcs_A * a;
      /* CREATE OBJECT INSTANCE a OF A */
      a = (perf_funcs_A *) Escher_CreateInstance( perf_funcs_DOMAIN_ID, perf_funcs_A_CLASS_NUMBER );
      /* ASSIGN i = ( i - 1 ) */
      i = ( i - 1 );
    }
  }
  else if ( 2 == p_phase ) {
    i_t i;Escher_ObjectSet_s as_space={0}; Escher_ObjectSet_s * as = &as_space;
    /* SELECT many as FROM INSTANCES OF A */
    Escher_CopySet( as, &pG_perf_funcs_A_extent.active );
    /* ASSIGN i = iterations */
    i = iterations;
    /* WHILE ( 0 < i ) */
    while ( 0 < i ) {
      i_t j;
      /* ASSIGN j = cardinality as */
      j = Escher_SetCardinality( as );
      /* ASSIGN i = ( i - 1 ) */
      i = ( i - 1 );
    }
    Escher_ClearSet( as );
  }
  else if ( 3 == p_phase ) {
  }
  else if ( 4 == p_phase ) {
    bool more;
    /* ASSIGN more = TRUE */
    more = TRUE;
    /* WHILE ( more ) */
    while ( more ) {
      perf_funcs_A * a=0;
      /* SELECT any a FROM INSTANCES OF A */
      a = (perf_funcs_A *) Escher_SetGetAny( &pG_perf_funcs_A_extent.active );
      /* IF ( empty a ) */
      if ( ( 0 == a ) ) {
        /* ASSIGN more = FALSE */
        more = FALSE;
      }
      else {
        /* DELETE OBJECT INSTANCE a */
        if ( 0 == a ) {
          XTUML_EMPTY_HANDLE_TRACE( "A", "Escher_DeleteInstance" );
        }
        Escher_DeleteInstance( (Escher_iHandle_t) a, perf_funcs_DOMAIN_ID, perf_funcs_A_CLASS_NUMBER );
      }
    }
  }
  else if ( 5 == p_phase ) {
    i_t i;
    /* ASSIGN i = ( iterations * PARAM.count ) */
    i = ( iterations * p_count );
    /* ::report( count:i, duration:PARAM.duration, message:cardinality 10 ) */
    perf_funcs_report( i, p_duration, "cardinality 10" );
  }
  else {
  }
  /* RETURN TRUE */
  {bool xtumlOALrv = TRUE;
  return xtumlOALrv;}
' );
INSERT INTO TE_ABA VALUES ( "00000000-0000-0000-0000-000000000e83",'O_TFR',"00000000-0000-0000-0000-00000000001a",0,0,1,' const i_t, const i_t, const i_t, const i_t ',' const i_t p_count, const i_t p_duration, const i_t p_phase, const i_t p_testnum ','i_t p_count;
i_t p_duration;
i_t p_phase;
i_t p_testnum;
',', p_count, p_duration, p_phase, p_testnum','%d,%d,%d,%d',' p_count, p_duration, p_phase, p_testnum','','    e->p_count = p_count;    e->p_duration = p_duration;    e->p_phase = p_phase;    e->p_testnum = p_testnum;','    e->p_count = p_count;    e->p_duration = p_duration;    e->p_phase = p_phase;    e->p_testnum = p_testnum;','','perf_funcs_BENCHMARK_op_select_any_where_10000','bool',0,"00000000-0000-0000-0000-000000000000",'','  i_t iterations;
  /* ASSIGN iterations = 10000 */
  iterations = 10000;
  /* IF ( 1 == PARAM.phase ) */
  if ( 1 == p_phase ) {
    i_t i;
    /* ASSIGN i = 10000 */
    i = 10000;
    /* WHILE ( 0 < i ) */
    while ( 0 < i ) {
      perf_funcs_A * a;
      /* CREATE OBJECT INSTANCE a OF A */
      a = (perf_funcs_A *) Escher_CreateInstance( perf_funcs_DOMAIN_ID, perf_funcs_A_CLASS_NUMBER );
      /* ASSIGN a.ID = i */
      ((perf_funcs_A *)xtUML_detect_empty_handle( a, "A", "a.ID" ))->ID = i;
      /* ASSIGN i = ( i - 1 ) */
      i = ( i - 1 );
    }
  }
  else if ( 2 == p_phase ) {
    i_t i;
    /* ASSIGN i = 10000 */
    i = 10000;
    /* WHILE ( i > 0 ) */
    while ( i > 0 ) {
      perf_funcs_A * a=0;
      /* SELECT any a FROM INSTANCES OF A WHERE SELECTED.ID == i */
      a = 0;
      { perf_funcs_A * selected;
        Escher_Iterator_s iteraperf_funcs_A;
        Escher_IteratorReset( &iteraperf_funcs_A, &pG_perf_funcs_A_extent.active );
        while ( (selected = (perf_funcs_A *) Escher_IteratorNext( &iteraperf_funcs_A )) != 0 ) {
          if ( ((perf_funcs_A *)xtUML_detect_empty_handle( selected, "A", "SELECTED.ID" ))->ID == i ) {
            a = selected;
            break;
          }
        }
      }
      /* ASSIGN i = ( i - 1 ) */
      i = ( i - 1 );
    }
  }
  else if ( 3 == p_phase ) {
  }
  else if ( 4 == p_phase ) {
    bool more;
    /* ASSIGN more = TRUE */
    more = TRUE;
    /* WHILE ( more ) */
    while ( more ) {
      perf_funcs_A * a=0;
      /* SELECT any a FROM INSTANCES OF A */
      a = (perf_funcs_A *) Escher_SetGetAny( &pG_perf_funcs_A_extent.active );
      /* IF ( empty a ) */
      if ( ( 0 == a ) ) {
        /* ASSIGN more = FALSE */
        more = FALSE;
      }
      else {
        /* DELETE OBJECT INSTANCE a */
        if ( 0 == a ) {
          XTUML_EMPTY_HANDLE_TRACE( "A", "Escher_DeleteInstance" );
        }
        Escher_DeleteInstance( (Escher_iHandle_t) a, perf_funcs_DOMAIN_ID, perf_funcs_A_CLASS_NUMBER );
      }
    }
  }
  else if ( 5 == p_phase ) {
    i_t i;
    /* ASSIGN i = ( iterations * PARAM.count ) */
    i = ( iterations * p_count );
    /* ::report( count:i, duration:PARAM.duration, message:select any where 10000 ) */
    perf_funcs_report( i, p_duration, "select any where 10000" );
  }
  else {
  }
  /* RETURN TRUE */
  {bool xtumlOALrv = TRUE;
  return xtumlOALrv;}
' );
INSERT INTO TE_ABA VALUES ( "00000000-0000-0000-0000-000000000e85",'O_TFR',"00000000-0000-0000-0000-00000000001a",0,0,1,' const i_t, const i_t, const i_t, const i_t ',' const i_t p_count, const i_t p_duration, const i_t p_phase, const i_t p_testnum ','i_t p_count;
i_t p_duration;
i_t p_phase;
i_t p_testnum;
',', p_count, p_duration, p_phase, p_testnum','%d,%d,%d,%d',' p_count, p_duration, p_phase, p_testnum','','    e->p_count = p_count;    e->p_duration = p_duration;    e->p_phase = p_phase;    e->p_testnum = p_testnum;','    e->p_count = p_count;    e->p_duration = p_duration;    e->p_phase = p_phase;    e->p_testnum = p_testnum;','','perf_funcs_BENCHMARK_op_select_any_where_1000','bool',0,"00000000-0000-0000-0000-000000000000",'','  i_t iterations;
  /* ASSIGN iterations = 5000 */
  iterations = 5000;
  /* IF ( 1 == PARAM.phase ) */
  if ( 1 == p_phase ) {
    i_t i;
    /* ASSIGN i = 100 */
    i = 100;
    /* WHILE ( 0 < i ) */
    while ( 0 < i ) {
      perf_funcs_A * a;
      /* CREATE OBJECT INSTANCE a OF A */
      a = (perf_funcs_A *) Escher_CreateInstance( perf_funcs_DOMAIN_ID, perf_funcs_A_CLASS_NUMBER );
      /* ASSIGN a.ID = i */
      ((perf_funcs_A *)xtUML_detect_empty_handle( a, "A", "a.ID" ))->ID = i;
      /* ASSIGN i = ( i - 1 ) */
      i = ( i - 1 );
    }
  }
  else if ( 2 == p_phase ) {
    i_t j;
    /* ASSIGN j = 5 */
    j = 5;
    /* WHILE ( 0 < j ) */
    while ( 0 < j ) {
      i_t i;
      /* ASSIGN i = 1000 */
      i = 1000;
      /* WHILE ( i > 0 ) */
      while ( i > 0 ) {
        perf_funcs_A * a=0;
        /* SELECT any a FROM INSTANCES OF A WHERE SELECTED.ID == i */
        a = 0;
        { perf_funcs_A * selected;
          Escher_Iterator_s iteraperf_funcs_A;
          Escher_IteratorReset( &iteraperf_funcs_A, &pG_perf_funcs_A_extent.active );
          while ( (selected = (perf_funcs_A *) Escher_IteratorNext( &iteraperf_funcs_A )) != 0 ) {
            if ( ((perf_funcs_A *)xtUML_detect_empty_handle( selected, "A", "SELECTED.ID" ))->ID == i ) {
              a = selected;
              break;
            }
          }
        }
        /* ASSIGN i = ( i - 1 ) */
        i = ( i - 1 );
      }
      /* ASSIGN j = ( j - 1 ) */
      j = ( j - 1 );
    }
  }
  else if ( 3 == p_phase ) {
  }
  else if ( 4 == p_phase ) {
    bool more;
    /* ASSIGN more = TRUE */
    more = TRUE;
    /* WHILE ( more ) */
    while ( more ) {
      perf_funcs_A * a=0;
      /* SELECT any a FROM INSTANCES OF A */
      a = (perf_funcs_A *) Escher_SetGetAny( &pG_perf_funcs_A_extent.active );
      /* IF ( empty a ) */
      if ( ( 0 == a ) ) {
        /* ASSIGN more = FALSE */
        more = FALSE;
      }
      else {
        /* DELETE OBJECT INSTANCE a */
        if ( 0 == a ) {
          XTUML_EMPTY_HANDLE_TRACE( "A", "Escher_DeleteInstance" );
        }
        Escher_DeleteInstance( (Escher_iHandle_t) a, perf_funcs_DOMAIN_ID, perf_funcs_A_CLASS_NUMBER );
      }
    }
  }
  else if ( 5 == p_phase ) {
    i_t i;
    /* ASSIGN i = ( iterations * PARAM.count ) */
    i = ( iterations * p_count );
    /* ::report( count:i, duration:PARAM.duration, message:select any where 1000 ) */
    perf_funcs_report( i, p_duration, "select any where 1000" );
  }
  else {
  }
  /* RETURN TRUE */
  {bool xtumlOALrv = TRUE;
  return xtumlOALrv;}
' );
INSERT INTO TE_ABA VALUES ( "00000000-0000-0000-0000-000000000e87",'O_TFR',"00000000-0000-0000-0000-00000000001a",0,0,1,' const i_t, const i_t, const i_t, const i_t ',' const i_t p_count, const i_t p_duration, const i_t p_phase, const i_t p_testnum ','i_t p_count;
i_t p_duration;
i_t p_phase;
i_t p_testnum;
',', p_count, p_duration, p_phase, p_testnum','%d,%d,%d,%d',' p_count, p_duration, p_phase, p_testnum','','    e->p_count = p_count;    e->p_duration = p_duration;    e->p_phase = p_phase;    e->p_testnum = p_testnum;','    e->p_count = p_count;    e->p_duration = p_duration;    e->p_phase = p_phase;    e->p_testnum = p_testnum;','','perf_funcs_BENCHMARK_op_select_any_where_100','bool',0,"00000000-0000-0000-0000-000000000000",'','  i_t iterations;
  /* ASSIGN iterations = 5000 */
  iterations = 5000;
  /* IF ( 1 == PARAM.phase ) */
  if ( 1 == p_phase ) {
    i_t i;
    /* ASSIGN i = 100 */
    i = 100;
    /* WHILE ( 0 < i ) */
    while ( 0 < i ) {
      perf_funcs_A * a;
      /* CREATE OBJECT INSTANCE a OF A */
      a = (perf_funcs_A *) Escher_CreateInstance( perf_funcs_DOMAIN_ID, perf_funcs_A_CLASS_NUMBER );
      /* ASSIGN a.ID = i */
      ((perf_funcs_A *)xtUML_detect_empty_handle( a, "A", "a.ID" ))->ID = i;
      /* ASSIGN i = ( i - 1 ) */
      i = ( i - 1 );
    }
  }
  else if ( 2 == p_phase ) {
    i_t j;
    /* ASSIGN j = 50 */
    j = 50;
    /* WHILE ( 0 < j ) */
    while ( 0 < j ) {
      i_t i;
      /* ASSIGN i = 100 */
      i = 100;
      /* WHILE ( i > 0 ) */
      while ( i > 0 ) {
        perf_funcs_A * a=0;
        /* SELECT any a FROM INSTANCES OF A WHERE SELECTED.ID == i */
        a = 0;
        { perf_funcs_A * selected;
          Escher_Iterator_s iteraperf_funcs_A;
          Escher_IteratorReset( &iteraperf_funcs_A, &pG_perf_funcs_A_extent.active );
          while ( (selected = (perf_funcs_A *) Escher_IteratorNext( &iteraperf_funcs_A )) != 0 ) {
            if ( ((perf_funcs_A *)xtUML_detect_empty_handle( selected, "A", "SELECTED.ID" ))->ID == i ) {
              a = selected;
              break;
            }
          }
        }
        /* ASSIGN i = ( i - 1 ) */
        i = ( i - 1 );
      }
      /* ASSIGN j = ( j - 1 ) */
      j = ( j - 1 );
    }
  }
  else if ( 3 == p_phase ) {
  }
  else if ( 4 == p_phase ) {
    bool more;
    /* ASSIGN more = TRUE */
    more = TRUE;
    /* WHILE ( more ) */
    while ( more ) {
      perf_funcs_A * a=0;
      /* SELECT any a FROM INSTANCES OF A */
      a = (perf_funcs_A *) Escher_SetGetAny( &pG_perf_funcs_A_extent.active );
      /* IF ( empty a ) */
      if ( ( 0 == a ) ) {
        /* ASSIGN more = FALSE */
        more = FALSE;
      }
      else {
        /* DELETE OBJECT INSTANCE a */
        if ( 0 == a ) {
          XTUML_EMPTY_HANDLE_TRACE( "A", "Escher_DeleteInstance" );
        }
        Escher_DeleteInstance( (Escher_iHandle_t) a, perf_funcs_DOMAIN_ID, perf_funcs_A_CLASS_NUMBER );
      }
    }
  }
  else if ( 5 == p_phase ) {
    i_t i;
    /* ASSIGN i = ( iterations * PARAM.count ) */
    i = ( iterations * p_count );
    /* ::report( count:i, duration:PARAM.duration, message:select any where 100 ) */
    perf_funcs_report( i, p_duration, "select any where 100" );
  }
  else {
  }
  /* RETURN TRUE */
  {bool xtumlOALrv = TRUE;
  return xtumlOALrv;}
' );
INSERT INTO TE_ABA VALUES ( "00000000-0000-0000-0000-000000000e89",'O_TFR',"00000000-0000-0000-0000-00000000001a",0,0,1,' const i_t, const i_t, const i_t, const i_t ',' const i_t p_count, const i_t p_duration, const i_t p_phase, const i_t p_testnum ','i_t p_count;
i_t p_duration;
i_t p_phase;
i_t p_testnum;
',', p_count, p_duration, p_phase, p_testnum','%d,%d,%d,%d',' p_count, p_duration, p_phase, p_testnum','','    e->p_count = p_count;    e->p_duration = p_duration;    e->p_phase = p_phase;    e->p_testnum = p_testnum;','    e->p_count = p_count;    e->p_duration = p_duration;    e->p_phase = p_phase;    e->p_testnum = p_testnum;','','perf_funcs_BENCHMARK_op_select_any_where_10','bool',0,"00000000-0000-0000-0000-000000000000",'','  i_t iterations;
  /* ASSIGN iterations = 5000 */
  iterations = 5000;
  /* IF ( 1 == PARAM.phase ) */
  if ( 1 == p_phase ) {
    i_t i;
    /* ASSIGN i = 10 */
    i = 10;
    /* WHILE ( 0 < i ) */
    while ( 0 < i ) {
      perf_funcs_A * a;
      /* CREATE OBJECT INSTANCE a OF A */
      a = (perf_funcs_A *) Escher_CreateInstance( perf_funcs_DOMAIN_ID, perf_funcs_A_CLASS_NUMBER );
      /* ASSIGN a.ID = i */
      ((perf_funcs_A *)xtUML_detect_empty_handle( a, "A", "a.ID" ))->ID = i;
      /* ASSIGN i = ( i - 1 ) */
      i = ( i - 1 );
    }
  }
  else if ( 2 == p_phase ) {
    i_t j;
    /* ASSIGN j = 500 */
    j = 500;
    /* WHILE ( 0 < j ) */
    while ( 0 < j ) {
      i_t i;
      /* ASSIGN i = 10 */
      i = 10;
      /* WHILE ( i > 0 ) */
      while ( i > 0 ) {
        perf_funcs_A * a=0;
        /* SELECT any a FROM INSTANCES OF A WHERE SELECTED.ID == i */
        a = 0;
        { perf_funcs_A * selected;
          Escher_Iterator_s iteraperf_funcs_A;
          Escher_IteratorReset( &iteraperf_funcs_A, &pG_perf_funcs_A_extent.active );
          while ( (selected = (perf_funcs_A *) Escher_IteratorNext( &iteraperf_funcs_A )) != 0 ) {
            if ( ((perf_funcs_A *)xtUML_detect_empty_handle( selected, "A", "SELECTED.ID" ))->ID == i ) {
              a = selected;
              break;
            }
          }
        }
        /* ASSIGN i = ( i - 1 ) */
        i = ( i - 1 );
      }
      /* ASSIGN j = ( j - 1 ) */
      j = ( j - 1 );
    }
  }
  else if ( 3 == p_phase ) {
  }
  else if ( 4 == p_phase ) {
    bool more;
    /* ASSIGN more = TRUE */
    more = TRUE;
    /* WHILE ( more ) */
    while ( more ) {
      perf_funcs_A * a=0;
      /* SELECT any a FROM INSTANCES OF A */
      a = (perf_funcs_A *) Escher_SetGetAny( &pG_perf_funcs_A_extent.active );
      /* IF ( empty a ) */
      if ( ( 0 == a ) ) {
        /* ASSIGN more = FALSE */
        more = FALSE;
      }
      else {
        /* DELETE OBJECT INSTANCE a */
        if ( 0 == a ) {
          XTUML_EMPTY_HANDLE_TRACE( "A", "Escher_DeleteInstance" );
        }
        Escher_DeleteInstance( (Escher_iHandle_t) a, perf_funcs_DOMAIN_ID, perf_funcs_A_CLASS_NUMBER );
      }
    }
  }
  else if ( 5 == p_phase ) {
    i_t i;
    /* ASSIGN i = ( iterations * PARAM.count ) */
    i = ( iterations * p_count );
    /* ::report( count:i, duration:PARAM.duration, message:select any where 10 ) */
    perf_funcs_report( i, p_duration, "select any where 10" );
  }
  else {
  }
  /* RETURN TRUE */
  {bool xtumlOALrv = TRUE;
  return xtumlOALrv;}
' );
INSERT INTO TE_ABA VALUES ( "00000000-0000-0000-0000-000000000e8b",'O_TFR',"00000000-0000-0000-0000-00000000001a",0,0,1,' const i_t, const i_t, const i_t, const i_t ',' const i_t p_count, const i_t p_duration, const i_t p_phase, const i_t p_testnum ','i_t p_count;
i_t p_duration;
i_t p_phase;
i_t p_testnum;
',', p_count, p_duration, p_phase, p_testnum','%d,%d,%d,%d',' p_count, p_duration, p_phase, p_testnum','','    e->p_count = p_count;    e->p_duration = p_duration;    e->p_phase = p_phase;    e->p_testnum = p_testnum;','    e->p_count = p_count;    e->p_duration = p_duration;    e->p_phase = p_phase;    e->p_testnum = p_testnum;','','perf_funcs_BENCHMARK_op_read_attribute','bool',0,"00000000-0000-0000-0000-000000000000",'','  i_t iterations;
  /* ASSIGN iterations = 10000 */
  iterations = 10000;
  /* IF ( 1 == PARAM.phase ) */
  if ( 1 == p_phase ) {
    perf_funcs_A * a;
    /* CREATE OBJECT INSTANCE a OF A */
    a = (perf_funcs_A *) Escher_CreateInstance( perf_funcs_DOMAIN_ID, perf_funcs_A_CLASS_NUMBER );
  }
  else if ( 2 == p_phase ) {
    i_t i;perf_funcs_A * a=0;
    /* SELECT any a FROM INSTANCES OF A */
    a = (perf_funcs_A *) Escher_SetGetAny( &pG_perf_funcs_A_extent.active );
    /* ASSIGN i = iterations */
    i = iterations;
    /* WHILE ( i > 0 ) */
    while ( i > 0 ) {
      i_t j;
      /* ASSIGN j = a.odometer */
      j = ((perf_funcs_A *)xtUML_detect_empty_handle( a, "A", "a.odometer" ))->odometer;
      /* ASSIGN j = a.odometer */
      j = ((perf_funcs_A *)xtUML_detect_empty_handle( a, "A", "a.odometer" ))->odometer;
      /* ASSIGN j = a.odometer */
      j = ((perf_funcs_A *)xtUML_detect_empty_handle( a, "A", "a.odometer" ))->odometer;
      /* ASSIGN j = a.odometer */
      j = ((perf_funcs_A *)xtUML_detect_empty_handle( a, "A", "a.odometer" ))->odometer;
      /* ASSIGN j = a.odometer */
      j = ((perf_funcs_A *)xtUML_detect_empty_handle( a, "A", "a.odometer" ))->odometer;
      /* ASSIGN j = a.odometer */
      j = ((perf_funcs_A *)xtUML_detect_empty_handle( a, "A", "a.odometer" ))->odometer;
      /* ASSIGN j = a.odometer */
      j = ((perf_funcs_A *)xtUML_detect_empty_handle( a, "A", "a.odometer" ))->odometer;
      /* ASSIGN j = a.odometer */
      j = ((perf_funcs_A *)xtUML_detect_empty_handle( a, "A", "a.odometer" ))->odometer;
      /* ASSIGN j = a.odometer */
      j = ((perf_funcs_A *)xtUML_detect_empty_handle( a, "A", "a.odometer" ))->odometer;
      /* ASSIGN j = a.odometer */
      j = ((perf_funcs_A *)xtUML_detect_empty_handle( a, "A", "a.odometer" ))->odometer;
      /* ASSIGN i = ( i - 1 ) */
      i = ( i - 1 );
    }
  }
  else if ( 3 == p_phase ) {
  }
  else if ( 4 == p_phase ) {
    perf_funcs_A * a=0;
    /* SELECT any a FROM INSTANCES OF A */
    a = (perf_funcs_A *) Escher_SetGetAny( &pG_perf_funcs_A_extent.active );
    /* DELETE OBJECT INSTANCE a */
    if ( 0 == a ) {
      XTUML_EMPTY_HANDLE_TRACE( "A", "Escher_DeleteInstance" );
    }
    Escher_DeleteInstance( (Escher_iHandle_t) a, perf_funcs_DOMAIN_ID, perf_funcs_A_CLASS_NUMBER );
  }
  else if ( 5 == p_phase ) {
    i_t i;
    /* ASSIGN i = ( ( 10 * iterations ) * PARAM.count ) */
    i = ( ( 10 * iterations ) * p_count );
    /* ::report( count:i, duration:PARAM.duration, message:read attribute ) */
    perf_funcs_report( i, p_duration, "read attribute" );
  }
  else {
  }
  /* RETURN TRUE */
  {bool xtumlOALrv = TRUE;
  return xtumlOALrv;}
' );
INSERT INTO TE_ABA VALUES ( "00000000-0000-0000-0000-000000000e8d",'O_TFR',"00000000-0000-0000-0000-00000000001a",0,0,1,' const i_t, const i_t, const i_t, const i_t ',' const i_t p_count, const i_t p_duration, const i_t p_phase, const i_t p_testnum ','i_t p_count;
i_t p_duration;
i_t p_phase;
i_t p_testnum;
',', p_count, p_duration, p_phase, p_testnum','%d,%d,%d,%d',' p_count, p_duration, p_phase, p_testnum','','    e->p_count = p_count;    e->p_duration = p_duration;    e->p_phase = p_phase;    e->p_testnum = p_testnum;','    e->p_count = p_count;    e->p_duration = p_duration;    e->p_phase = p_phase;    e->p_testnum = p_testnum;','','perf_funcs_BENCHMARK_op_write_attribute','bool',0,"00000000-0000-0000-0000-000000000000",'','  i_t iterations;
  /* ASSIGN iterations = 10000 */
  iterations = 10000;
  /* IF ( 1 == PARAM.phase ) */
  if ( 1 == p_phase ) {
    perf_funcs_A * a;
    /* CREATE OBJECT INSTANCE a OF A */
    a = (perf_funcs_A *) Escher_CreateInstance( perf_funcs_DOMAIN_ID, perf_funcs_A_CLASS_NUMBER );
  }
  else if ( 2 == p_phase ) {
    i_t i;perf_funcs_A * a=0;
    /* SELECT any a FROM INSTANCES OF A */
    a = (perf_funcs_A *) Escher_SetGetAny( &pG_perf_funcs_A_extent.active );
    /* ASSIGN i = iterations */
    i = iterations;
    /* WHILE ( i > 0 ) */
    while ( i > 0 ) {
      /* ASSIGN a.odometer = 0 */
      ((perf_funcs_A *)xtUML_detect_empty_handle( a, "A", "a.odometer" ))->odometer = 0;
      /* ASSIGN a.odometer = 0 */
      ((perf_funcs_A *)xtUML_detect_empty_handle( a, "A", "a.odometer" ))->odometer = 0;
      /* ASSIGN a.odometer = 0 */
      ((perf_funcs_A *)xtUML_detect_empty_handle( a, "A", "a.odometer" ))->odometer = 0;
      /* ASSIGN a.odometer = 0 */
      ((perf_funcs_A *)xtUML_detect_empty_handle( a, "A", "a.odometer" ))->odometer = 0;
      /* ASSIGN a.odometer = 0 */
      ((perf_funcs_A *)xtUML_detect_empty_handle( a, "A", "a.odometer" ))->odometer = 0;
      /* ASSIGN a.odometer = 0 */
      ((perf_funcs_A *)xtUML_detect_empty_handle( a, "A", "a.odometer" ))->odometer = 0;
      /* ASSIGN a.odometer = 0 */
      ((perf_funcs_A *)xtUML_detect_empty_handle( a, "A", "a.odometer" ))->odometer = 0;
      /* ASSIGN a.odometer = 0 */
      ((perf_funcs_A *)xtUML_detect_empty_handle( a, "A", "a.odometer" ))->odometer = 0;
      /* ASSIGN a.odometer = 0 */
      ((perf_funcs_A *)xtUML_detect_empty_handle( a, "A", "a.odometer" ))->odometer = 0;
      /* ASSIGN a.odometer = 0 */
      ((perf_funcs_A *)xtUML_detect_empty_handle( a, "A", "a.odometer" ))->odometer = 0;
      /* ASSIGN i = ( i - 1 ) */
      i = ( i - 1 );
    }
  }
  else if ( 3 == p_phase ) {
  }
  else if ( 4 == p_phase ) {
    perf_funcs_A * a=0;
    /* SELECT any a FROM INSTANCES OF A */
    a = (perf_funcs_A *) Escher_SetGetAny( &pG_perf_funcs_A_extent.active );
    /* DELETE OBJECT INSTANCE a */
    if ( 0 == a ) {
      XTUML_EMPTY_HANDLE_TRACE( "A", "Escher_DeleteInstance" );
    }
    Escher_DeleteInstance( (Escher_iHandle_t) a, perf_funcs_DOMAIN_ID, perf_funcs_A_CLASS_NUMBER );
  }
  else if ( 5 == p_phase ) {
    i_t i;
    /* ASSIGN i = ( ( 10 * iterations ) * PARAM.count ) */
    i = ( ( 10 * iterations ) * p_count );
    /* ::report( count:i, duration:PARAM.duration, message:write attribute ) */
    perf_funcs_report( i, p_duration, "write attribute" );
  }
  else {
  }
  /* RETURN TRUE */
  {bool xtumlOALrv = TRUE;
  return xtumlOALrv;}
' );
INSERT INTO TE_ABA VALUES ( "00000000-0000-0000-0000-000000000e8f",'O_TFR',"00000000-0000-0000-0000-00000000001a",0,0,1,' const i_t, const i_t, const i_t, const i_t ',' const i_t p_count, const i_t p_duration, const i_t p_phase, const i_t p_testnum ','i_t p_count;
i_t p_duration;
i_t p_phase;
i_t p_testnum;
',', p_count, p_duration, p_phase, p_testnum','%d,%d,%d,%d',' p_count, p_duration, p_phase, p_testnum','','    e->p_count = p_count;    e->p_duration = p_duration;    e->p_phase = p_phase;    e->p_testnum = p_testnum;','    e->p_count = p_count;    e->p_duration = p_duration;    e->p_phase = p_phase;    e->p_testnum = p_testnum;','','perf_funcs_BENCHMARK_op_bridge_void_void','bool',0,"00000000-0000-0000-0000-000000000000",'','  i_t iterations;
  /* ASSIGN iterations = 10000 */
  iterations = 10000;
  /* IF ( 1 == PARAM.phase ) */
  if ( 1 == p_phase ) {
  }
  else if ( 2 == p_phase ) {
    i_t i;
    /* ASSIGN i = iterations */
    i = iterations;
    /* WHILE ( i > 0 ) */
    while ( i > 0 ) {
      /* TESTLOOP::bridge_void_void() */
      perf_funcs_TESTLOOP_bridge_void_void();
      /* TESTLOOP::bridge_void_void() */
      perf_funcs_TESTLOOP_bridge_void_void();
      /* TESTLOOP::bridge_void_void() */
      perf_funcs_TESTLOOP_bridge_void_void();
      /* TESTLOOP::bridge_void_void() */
      perf_funcs_TESTLOOP_bridge_void_void();
      /* TESTLOOP::bridge_void_void() */
      perf_funcs_TESTLOOP_bridge_void_void();
      /* TESTLOOP::bridge_void_void() */
      perf_funcs_TESTLOOP_bridge_void_void();
      /* TESTLOOP::bridge_void_void() */
      perf_funcs_TESTLOOP_bridge_void_void();
      /* TESTLOOP::bridge_void_void() */
      perf_funcs_TESTLOOP_bridge_void_void();
      /* TESTLOOP::bridge_void_void() */
      perf_funcs_TESTLOOP_bridge_void_void();
      /* TESTLOOP::bridge_void_void() */
      perf_funcs_TESTLOOP_bridge_void_void();
      /* ASSIGN i = ( i - 1 ) */
      i = ( i - 1 );
    }
  }
  else if ( 3 == p_phase ) {
  }
  else if ( 4 == p_phase ) {
  }
  else if ( 5 == p_phase ) {
    i_t i;
    /* ASSIGN i = ( ( 10 * iterations ) * PARAM.count ) */
    i = ( ( 10 * iterations ) * p_count );
    /* ::report( count:i, duration:PARAM.duration, message:bridge void void ) */
    perf_funcs_report( i, p_duration, "bridge void void" );
  }
  else {
  }
  /* RETURN TRUE */
  {bool xtumlOALrv = TRUE;
  return xtumlOALrv;}
' );
INSERT INTO TE_ABA VALUES ( "00000000-0000-0000-0000-000000000e91",'O_TFR',"00000000-0000-0000-0000-00000000001a",0,0,1,' const i_t, const i_t, const i_t, const i_t ',' const i_t p_count, const i_t p_duration, const i_t p_phase, const i_t p_testnum ','i_t p_count;
i_t p_duration;
i_t p_phase;
i_t p_testnum;
',', p_count, p_duration, p_phase, p_testnum','%d,%d,%d,%d',' p_count, p_duration, p_phase, p_testnum','','    e->p_count = p_count;    e->p_duration = p_duration;    e->p_phase = p_phase;    e->p_testnum = p_testnum;','    e->p_count = p_count;    e->p_duration = p_duration;    e->p_phase = p_phase;    e->p_testnum = p_testnum;','','perf_funcs_BENCHMARK_op_bridge_void_integer','bool',0,"00000000-0000-0000-0000-000000000000",'','  i_t iterations;
  /* ASSIGN iterations = 10000 */
  iterations = 10000;
  /* IF ( 1 == PARAM.phase ) */
  if ( 1 == p_phase ) {
  }
  else if ( 2 == p_phase ) {
    i_t i;
    /* ASSIGN i = iterations */
    i = iterations;
    /* WHILE ( i > 0 ) */
    while ( i > 0 ) {
      /* TESTLOOP::bridge_void_integer(i:i) */
      perf_funcs_TESTLOOP_bridge_void_integer( i );
      /* TESTLOOP::bridge_void_integer(i:i) */
      perf_funcs_TESTLOOP_bridge_void_integer( i );
      /* TESTLOOP::bridge_void_integer(i:i) */
      perf_funcs_TESTLOOP_bridge_void_integer( i );
      /* TESTLOOP::bridge_void_integer(i:i) */
      perf_funcs_TESTLOOP_bridge_void_integer( i );
      /* TESTLOOP::bridge_void_integer(i:i) */
      perf_funcs_TESTLOOP_bridge_void_integer( i );
      /* TESTLOOP::bridge_void_integer(i:i) */
      perf_funcs_TESTLOOP_bridge_void_integer( i );
      /* TESTLOOP::bridge_void_integer(i:i) */
      perf_funcs_TESTLOOP_bridge_void_integer( i );
      /* TESTLOOP::bridge_void_integer(i:i) */
      perf_funcs_TESTLOOP_bridge_void_integer( i );
      /* TESTLOOP::bridge_void_integer(i:i) */
      perf_funcs_TESTLOOP_bridge_void_integer( i );
      /* TESTLOOP::bridge_void_integer(i:i) */
      perf_funcs_TESTLOOP_bridge_void_integer( i );
      /* ASSIGN i = ( i - 1 ) */
      i = ( i - 1 );
    }
  }
  else if ( 3 == p_phase ) {
  }
  else if ( 4 == p_phase ) {
  }
  else if ( 5 == p_phase ) {
    i_t i;
    /* ASSIGN i = ( ( 10 * iterations ) * PARAM.count ) */
    i = ( ( 10 * iterations ) * p_count );
    /* ::report( count:i, duration:PARAM.duration, message:bridge void integer ) */
    perf_funcs_report( i, p_duration, "bridge void integer" );
  }
  else {
  }
  /* RETURN TRUE */
  {bool xtumlOALrv = TRUE;
  return xtumlOALrv;}
' );
INSERT INTO TE_ABA VALUES ( "00000000-0000-0000-0000-000000000e93",'O_TFR',"00000000-0000-0000-0000-00000000001a",0,0,1,' const i_t, const i_t, const i_t, const i_t ',' const i_t p_count, const i_t p_duration, const i_t p_phase, const i_t p_testnum ','i_t p_count;
i_t p_duration;
i_t p_phase;
i_t p_testnum;
',', p_count, p_duration, p_phase, p_testnum','%d,%d,%d,%d',' p_count, p_duration, p_phase, p_testnum','','    e->p_count = p_count;    e->p_duration = p_duration;    e->p_phase = p_phase;    e->p_testnum = p_testnum;','    e->p_count = p_count;    e->p_duration = p_duration;    e->p_phase = p_phase;    e->p_testnum = p_testnum;','','perf_funcs_BENCHMARK_op_bridge_integer_integer','bool',0,"00000000-0000-0000-0000-000000000000",'','  i_t j;i_t iterations;
  /* ASSIGN iterations = 10000 */
  iterations = 10000;
  /* ASSIGN j = 0 */
  j = 0;
  /* IF ( 1 == PARAM.phase ) */
  if ( 1 == p_phase ) {
  }
  else if ( 2 == p_phase ) {
    i_t i;
    /* ASSIGN i = iterations */
    i = iterations;
    /* WHILE ( i > 0 ) */
    while ( i > 0 ) {
      /* ASSIGN j = TESTLOOP::bridge_integer_integer(i:i) */
      j = perf_funcs_TESTLOOP_bridge_integer_integer( i );
      /* ASSIGN j = TESTLOOP::bridge_integer_integer(i:i) */
      j = perf_funcs_TESTLOOP_bridge_integer_integer( i );
      /* ASSIGN j = TESTLOOP::bridge_integer_integer(i:i) */
      j = perf_funcs_TESTLOOP_bridge_integer_integer( i );
      /* ASSIGN j = TESTLOOP::bridge_integer_integer(i:i) */
      j = perf_funcs_TESTLOOP_bridge_integer_integer( i );
      /* ASSIGN j = TESTLOOP::bridge_integer_integer(i:i) */
      j = perf_funcs_TESTLOOP_bridge_integer_integer( i );
      /* ASSIGN j = TESTLOOP::bridge_integer_integer(i:i) */
      j = perf_funcs_TESTLOOP_bridge_integer_integer( i );
      /* ASSIGN j = TESTLOOP::bridge_integer_integer(i:i) */
      j = perf_funcs_TESTLOOP_bridge_integer_integer( i );
      /* ASSIGN j = TESTLOOP::bridge_integer_integer(i:i) */
      j = perf_funcs_TESTLOOP_bridge_integer_integer( i );
      /* ASSIGN j = TESTLOOP::bridge_integer_integer(i:i) */
      j = perf_funcs_TESTLOOP_bridge_integer_integer( i );
      /* ASSIGN j = TESTLOOP::bridge_integer_integer(i:i) */
      j = perf_funcs_TESTLOOP_bridge_integer_integer( i );
      /* ASSIGN i = ( i - 1 ) */
      i = ( i - 1 );
    }
  }
  else if ( 3 == p_phase ) {
  }
  else if ( 4 == p_phase ) {
  }
  else if ( 5 == p_phase ) {
    i_t i;
    /* ASSIGN i = ( ( 10 * iterations ) * PARAM.count ) */
    i = ( ( 10 * iterations ) * p_count );
    /* ::report( count:i, duration:PARAM.duration, message:bridge integer integer ) */
    perf_funcs_report( i, p_duration, "bridge integer integer" );
  }
  else {
  }
  /* RETURN TRUE */
  {bool xtumlOALrv = TRUE;
  return xtumlOALrv;}
' );
INSERT INTO TE_ABA VALUES ( "00000000-0000-0000-0000-000000000e95",'O_TFR',"00000000-0000-0000-0000-00000000001a",0,0,1,' const i_t, const i_t, const i_t, const i_t ',' const i_t p_count, const i_t p_duration, const i_t p_phase, const i_t p_testnum ','i_t p_count;
i_t p_duration;
i_t p_phase;
i_t p_testnum;
',', p_count, p_duration, p_phase, p_testnum','%d,%d,%d,%d',' p_count, p_duration, p_phase, p_testnum','','    e->p_count = p_count;    e->p_duration = p_duration;    e->p_phase = p_phase;    e->p_testnum = p_testnum;','    e->p_count = p_count;    e->p_duration = p_duration;    e->p_phase = p_phase;    e->p_testnum = p_testnum;','','perf_funcs_BENCHMARK_op_delete_many','bool',0,"00000000-0000-0000-0000-000000000000",'','  i_t iterations;
  /* ASSIGN iterations = 5000 */
  iterations = 5000;
  /* IF ( 1 == PARAM.phase ) */
  if ( 1 == p_phase ) {
    i_t i;
    /* ASSIGN i = iterations */
    i = iterations;
    /* WHILE ( 0 < i ) */
    while ( 0 < i ) {
      perf_funcs_A * a;
      /* CREATE OBJECT INSTANCE a OF A */
      a = (perf_funcs_A *) Escher_CreateInstance( perf_funcs_DOMAIN_ID, perf_funcs_A_CLASS_NUMBER );
      /* ASSIGN i = ( i - 1 ) */
      i = ( i - 1 );
    }
  }
  else if ( 2 == p_phase ) {
    perf_funcs_A * a=0;Escher_ObjectSet_s as_space={0}; Escher_ObjectSet_s * as = &as_space;
    /* SELECT many as FROM INSTANCES OF A */
    Escher_CopySet( as, &pG_perf_funcs_A_extent.active );
    /* FOR EACH a IN as */
    { Escher_Iterator_s itera;
    perf_funcs_A * iia;
    Escher_IteratorReset( &itera, as );
    while ( (iia = (perf_funcs_A *)Escher_IteratorNext( &itera )) != 0 ) {
      a = iia; {
      /* DELETE OBJECT INSTANCE a */
      if ( 0 == a ) {
        XTUML_EMPTY_HANDLE_TRACE( "A", "Escher_DeleteInstance" );
      }
      Escher_DeleteInstance( (Escher_iHandle_t) a, perf_funcs_DOMAIN_ID, perf_funcs_A_CLASS_NUMBER );
    }}}
    Escher_ClearSet( as );
  }
  else if ( 3 == p_phase ) {
    i_t i;
    /* ASSIGN i = iterations */
    i = iterations;
    /* WHILE ( 0 < i ) */
    while ( 0 < i ) {
      perf_funcs_A * a;
      /* CREATE OBJECT INSTANCE a OF A */
      a = (perf_funcs_A *) Escher_CreateInstance( perf_funcs_DOMAIN_ID, perf_funcs_A_CLASS_NUMBER );
      /* ASSIGN i = ( i - 1 ) */
      i = ( i - 1 );
    }
  }
  else if ( 4 == p_phase ) {
    bool more;
    /* ASSIGN more = TRUE */
    more = TRUE;
    /* WHILE ( more ) */
    while ( more ) {
      perf_funcs_A * a=0;
      /* SELECT any a FROM INSTANCES OF A */
      a = (perf_funcs_A *) Escher_SetGetAny( &pG_perf_funcs_A_extent.active );
      /* IF ( empty a ) */
      if ( ( 0 == a ) ) {
        /* ASSIGN more = FALSE */
        more = FALSE;
      }
      else {
        /* DELETE OBJECT INSTANCE a */
        if ( 0 == a ) {
          XTUML_EMPTY_HANDLE_TRACE( "A", "Escher_DeleteInstance" );
        }
        Escher_DeleteInstance( (Escher_iHandle_t) a, perf_funcs_DOMAIN_ID, perf_funcs_A_CLASS_NUMBER );
      }
    }
  }
  else if ( 5 == p_phase ) {
    i_t i;
    /* ASSIGN i = ( iterations * PARAM.count ) */
    i = ( iterations * p_count );
    /* ::report( count:i, duration:PARAM.duration, message:select many delete 5000 instances ) */
    perf_funcs_report( i, p_duration, "select many delete 5000 instances" );
  }
  else {
  }
  /* RETURN TRUE */
  {bool xtumlOALrv = TRUE;
  return xtumlOALrv;}
' );
INSERT INTO TE_ABA VALUES ( "00000000-0000-0000-0000-000000000e98",'O_TFR',"00000000-0000-0000-0000-00000000001a",0,0,1,' const i_t, const i_t, const i_t, const i_t ',' const i_t p_count, const i_t p_duration, const i_t p_phase, const i_t p_testnum ','i_t p_count;
i_t p_duration;
i_t p_phase;
i_t p_testnum;
',', p_count, p_duration, p_phase, p_testnum','%d,%d,%d,%d',' p_count, p_duration, p_phase, p_testnum','','    e->p_count = p_count;    e->p_duration = p_duration;    e->p_phase = p_phase;    e->p_testnum = p_testnum;','    e->p_count = p_count;    e->p_duration = p_duration;    e->p_phase = p_phase;    e->p_testnum = p_testnum;','','perf_funcs_CBENCH_op_function_void_void','bool',0,"00000000-0000-0000-0000-000000000000",'','  i_t iterations;
  /* ASSIGN iterations = 10000 */
  iterations = 10000;
  /* IF ( 1 == PARAM.phase ) */
  if ( 1 == p_phase ) {
  }
  else if ( 2 == p_phase ) {
    i_t i;
    /* ASSIGN i = iterations */
    i = iterations;
    /* WHILE ( i > 0 ) */
    while ( i > 0 ) {
      /* CBENCHMARK::function_void_void(  ) */
      perf_funcs_CBENCHMARK_function_void_void();
      /* CBENCHMARK::function_void_void(  ) */
      perf_funcs_CBENCHMARK_function_void_void();
      /* CBENCHMARK::function_void_void(  ) */
      perf_funcs_CBENCHMARK_function_void_void();
      /* CBENCHMARK::function_void_void(  ) */
      perf_funcs_CBENCHMARK_function_void_void();
      /* CBENCHMARK::function_void_void(  ) */
      perf_funcs_CBENCHMARK_function_void_void();
      /* CBENCHMARK::function_void_void(  ) */
      perf_funcs_CBENCHMARK_function_void_void();
      /* CBENCHMARK::function_void_void(  ) */
      perf_funcs_CBENCHMARK_function_void_void();
      /* CBENCHMARK::function_void_void(  ) */
      perf_funcs_CBENCHMARK_function_void_void();
      /* CBENCHMARK::function_void_void(  ) */
      perf_funcs_CBENCHMARK_function_void_void();
      /* CBENCHMARK::function_void_void(  ) */
      perf_funcs_CBENCHMARK_function_void_void();
      /* ASSIGN i = ( i - 1 ) */
      i = ( i - 1 );
    }
  }
  else if ( 3 == p_phase ) {
  }
  else if ( 4 == p_phase ) {
  }
  else if ( 5 == p_phase ) {
    i_t i;
    /* ASSIGN i = ( ( 10 * iterations ) * PARAM.count ) */
    i = ( ( 10 * iterations ) * p_count );
    /* ::report( count:i, duration:PARAM.duration, message:C function void void ) */
    perf_funcs_report( i, p_duration, "C function void void" );
  }
  else {
  }
  /* RETURN TRUE */
  {bool xtumlOALrv = TRUE;
  return xtumlOALrv;}
' );
INSERT INTO TE_ABA VALUES ( "00000000-0000-0000-0000-000000000e9a",'O_TFR',"00000000-0000-0000-0000-00000000001a",0,0,1,' const i_t, const i_t, const i_t, const i_t ',' const i_t p_count, const i_t p_duration, const i_t p_phase, const i_t p_testnum ','i_t p_count;
i_t p_duration;
i_t p_phase;
i_t p_testnum;
',', p_count, p_duration, p_phase, p_testnum','%d,%d,%d,%d',' p_count, p_duration, p_phase, p_testnum','','    e->p_count = p_count;    e->p_duration = p_duration;    e->p_phase = p_phase;    e->p_testnum = p_testnum;','    e->p_count = p_count;    e->p_duration = p_duration;    e->p_phase = p_phase;    e->p_testnum = p_testnum;','','perf_funcs_CBENCH_op_function_void_integer','bool',0,"00000000-0000-0000-0000-000000000000",'','  i_t iterations;
  /* ASSIGN iterations = 10000 */
  iterations = 10000;
  /* IF ( 1 == PARAM.phase ) */
  if ( 1 == p_phase ) {
  }
  else if ( 2 == p_phase ) {
    i_t i;
    /* ASSIGN i = iterations */
    i = iterations;
    /* WHILE ( i > 0 ) */
    while ( i > 0 ) {
      /* CBENCHMARK::function_void_integer( i:i ) */
      perf_funcs_CBENCHMARK_function_void_integer( i );
      /* CBENCHMARK::function_void_integer( i:i ) */
      perf_funcs_CBENCHMARK_function_void_integer( i );
      /* CBENCHMARK::function_void_integer( i:i ) */
      perf_funcs_CBENCHMARK_function_void_integer( i );
      /* CBENCHMARK::function_void_integer( i:i ) */
      perf_funcs_CBENCHMARK_function_void_integer( i );
      /* CBENCHMARK::function_void_integer( i:i ) */
      perf_funcs_CBENCHMARK_function_void_integer( i );
      /* CBENCHMARK::function_void_integer( i:i ) */
      perf_funcs_CBENCHMARK_function_void_integer( i );
      /* CBENCHMARK::function_void_integer( i:i ) */
      perf_funcs_CBENCHMARK_function_void_integer( i );
      /* CBENCHMARK::function_void_integer( i:i ) */
      perf_funcs_CBENCHMARK_function_void_integer( i );
      /* CBENCHMARK::function_void_integer( i:i ) */
      perf_funcs_CBENCHMARK_function_void_integer( i );
      /* CBENCHMARK::function_void_integer( i:i ) */
      perf_funcs_CBENCHMARK_function_void_integer( i );
      /* ASSIGN i = ( i - 1 ) */
      i = ( i - 1 );
    }
  }
  else if ( 3 == p_phase ) {
  }
  else if ( 4 == p_phase ) {
  }
  else if ( 5 == p_phase ) {
    i_t i;
    /* ASSIGN i = ( ( 10 * iterations ) * PARAM.count ) */
    i = ( ( 10 * iterations ) * p_count );
    /* ::report( count:i, duration:PARAM.duration, message:C function void integer ) */
    perf_funcs_report( i, p_duration, "C function void integer" );
  }
  else {
  }
  /* RETURN TRUE */
  {bool xtumlOALrv = TRUE;
  return xtumlOALrv;}
' );
INSERT INTO TE_ABA VALUES ( "00000000-0000-0000-0000-000000000e9c",'O_TFR',"00000000-0000-0000-0000-00000000001a",0,0,1,' const i_t, const i_t, const i_t, const i_t ',' const i_t p_count, const i_t p_duration, const i_t p_phase, const i_t p_testnum ','i_t p_count;
i_t p_duration;
i_t p_phase;
i_t p_testnum;
',', p_count, p_duration, p_phase, p_testnum','%d,%d,%d,%d',' p_count, p_duration, p_phase, p_testnum','','    e->p_count = p_count;    e->p_duration = p_duration;    e->p_phase = p_phase;    e->p_testnum = p_testnum;','    e->p_count = p_count;    e->p_duration = p_duration;    e->p_phase = p_phase;    e->p_testnum = p_testnum;','','perf_funcs_CBENCH_op_function_integer_integer','bool',0,"00000000-0000-0000-0000-000000000000",'','  i_t j;i_t iterations;
  /* ASSIGN iterations = 10000 */
  iterations = 10000;
  /* ASSIGN j = 0 */
  j = 0;
  /* IF ( 1 == PARAM.phase ) */
  if ( 1 == p_phase ) {
  }
  else if ( 2 == p_phase ) {
    i_t i;
    /* ASSIGN i = iterations */
    i = iterations;
    /* WHILE ( i > 0 ) */
    while ( i > 0 ) {
      /* ASSIGN j = CBENCHMARK::function_integer_integer(i:i) */
      j = perf_funcs_CBENCHMARK_function_integer_integer( i );
      /* ASSIGN j = CBENCHMARK::function_integer_integer(i:i) */
      j = perf_funcs_CBENCHMARK_function_integer_integer( i );
      /* ASSIGN j = CBENCHMARK::function_integer_integer(i:i) */
      j = perf_funcs_CBENCHMARK_function_integer_integer( i );
      /* ASSIGN j = CBENCHMARK::function_integer_integer(i:i) */
      j = perf_funcs_CBENCHMARK_function_integer_integer( i );
      /* ASSIGN j = CBENCHMARK::function_integer_integer(i:i) */
      j = perf_funcs_CBENCHMARK_function_integer_integer( i );
      /* ASSIGN j = CBENCHMARK::function_integer_integer(i:i) */
      j = perf_funcs_CBENCHMARK_function_integer_integer( i );
      /* ASSIGN j = CBENCHMARK::function_integer_integer(i:i) */
      j = perf_funcs_CBENCHMARK_function_integer_integer( i );
      /* ASSIGN j = CBENCHMARK::function_integer_integer(i:i) */
      j = perf_funcs_CBENCHMARK_function_integer_integer( i );
      /* ASSIGN j = CBENCHMARK::function_integer_integer(i:i) */
      j = perf_funcs_CBENCHMARK_function_integer_integer( i );
      /* ASSIGN j = CBENCHMARK::function_integer_integer(i:i) */
      j = perf_funcs_CBENCHMARK_function_integer_integer( i );
      /* ASSIGN i = ( i - 1 ) */
      i = ( i - 1 );
    }
  }
  else if ( 3 == p_phase ) {
  }
  else if ( 4 == p_phase ) {
  }
  else if ( 5 == p_phase ) {
    i_t i;
    /* ASSIGN i = ( ( 10 * iterations ) * PARAM.count ) */
    i = ( ( 10 * iterations ) * p_count );
    /* ::report( count:i, duration:PARAM.duration, message:C function integer integer ) */
    perf_funcs_report( i, p_duration, "C function integer integer" );
  }
  else {
  }
  /* RETURN TRUE */
  {bool xtumlOALrv = TRUE;
  return xtumlOALrv;}
' );
INSERT INTO TE_ABA VALUES ( "00000000-0000-0000-0000-000000000e9e",'O_TFR',"00000000-0000-0000-0000-00000000001a",0,0,1,' const i_t, const i_t, const i_t, const i_t ',' const i_t p_count, const i_t p_duration, const i_t p_phase, const i_t p_testnum ','i_t p_count;
i_t p_duration;
i_t p_phase;
i_t p_testnum;
',', p_count, p_duration, p_phase, p_testnum','%d,%d,%d,%d',' p_count, p_duration, p_phase, p_testnum','','    e->p_count = p_count;    e->p_duration = p_duration;    e->p_phase = p_phase;    e->p_testnum = p_testnum;','    e->p_count = p_count;    e->p_duration = p_duration;    e->p_phase = p_phase;    e->p_testnum = p_testnum;','','perf_funcs_CBENCH_op_read_struct_member','bool',0,"00000000-0000-0000-0000-000000000000",'','  i_t iterations;
  /* ASSIGN iterations = 10000 */
  iterations = 10000;
  /* IF ( 1 == PARAM.phase ) */
  if ( 1 == p_phase ) {
  }
  else if ( 2 == p_phase ) {
    i_t j;
    /* ASSIGN j = CBENCHMARK::read_struct_member(i:iterations) */
    j = perf_funcs_CBENCHMARK_read_struct_member( iterations );
  }
  else if ( 3 == p_phase ) {
  }
  else if ( 4 == p_phase ) {
  }
  else if ( 5 == p_phase ) {
    i_t i;
    /* ASSIGN i = ( ( 10 * iterations ) * PARAM.count ) */
    i = ( ( 10 * iterations ) * p_count );
    /* ::report( count:i, duration:PARAM.duration, message:C read struct member ) */
    perf_funcs_report( i, p_duration, "C read struct member" );
  }
  else {
  }
  /* RETURN TRUE */
  {bool xtumlOALrv = TRUE;
  return xtumlOALrv;}
' );
INSERT INTO TE_ABA VALUES ( "00000000-0000-0000-0000-000000000ea0",'O_TFR',"00000000-0000-0000-0000-00000000001a",0,0,1,' const i_t, const i_t, const i_t, const i_t ',' const i_t p_count, const i_t p_duration, const i_t p_phase, const i_t p_testnum ','i_t p_count;
i_t p_duration;
i_t p_phase;
i_t p_testnum;
',', p_count, p_duration, p_phase, p_testnum','%d,%d,%d,%d',' p_count, p_duration, p_phase, p_testnum','','    e->p_count = p_count;    e->p_duration = p_duration;    e->p_phase = p_phase;    e->p_testnum = p_testnum;','    e->p_count = p_count;    e->p_duration = p_duration;    e->p_phase = p_phase;    e->p_testnum = p_testnum;','','perf_funcs_CBENCH_op_write_struct_member','bool',0,"00000000-0000-0000-0000-000000000000",'','  i_t j;i_t iterations;
  /* ASSIGN iterations = 10000 */
  iterations = 10000;
  /* ASSIGN j = 0 */
  j = 0;
  /* IF ( 1 == PARAM.phase ) */
  if ( 1 == p_phase ) {
  }
  else if ( 2 == p_phase ) {
    /* ASSIGN j = CBENCHMARK::write_struct_member(i:iterations) */
    j = perf_funcs_CBENCHMARK_write_struct_member( iterations );
  }
  else if ( 3 == p_phase ) {
  }
  else if ( 4 == p_phase ) {
  }
  else if ( 5 == p_phase ) {
    i_t i;
    /* ASSIGN i = ( ( 10 * iterations ) * PARAM.count ) */
    i = ( ( 10 * iterations ) * p_count );
    /* ::report( count:i, duration:PARAM.duration, message:C write struct member ) */
    perf_funcs_report( i, p_duration, "C write struct member" );
  }
  else {
  }
  /* RETURN TRUE */
  {bool xtumlOALrv = TRUE;
  return xtumlOALrv;}
' );
INSERT INTO TE_ABA VALUES ( "00000000-0000-0000-0000-000000000ea2",'S_BRG',"00000000-0000-0000-0000-000000000000",0,0,1,' void ','','','','','','','','','','TIM_current_date','Escher_Date_t',0,"00000000-0000-0000-0000-000000000000",'','' );
INSERT INTO TE_ABA VALUES ( "00000000-0000-0000-0000-000000000ea4",'S_BRG',"00000000-0000-0000-0000-000000000000",0,0,1,' const i_t, const i_t, const i_t, const i_t, const i_t, const i_t ',' const i_t p_day, const i_t p_hour, const i_t p_minute, const i_t p_month, const i_t p_second, const i_t p_year ','i_t p_day;
i_t p_hour;
i_t p_minute;
i_t p_month;
i_t p_second;
i_t p_year;
',', p_day, p_hour, p_minute, p_month, p_second, p_year','%d,%d,%d,%d,%d,%d',' p_day, p_hour, p_minute, p_month, p_second, p_year','','    e->p_day = p_day;    e->p_hour = p_hour;    e->p_minute = p_minute;    e->p_month = p_month;    e->p_second = p_second;    e->p_year = p_year;','    e->p_day = p_day;    e->p_hour = p_hour;    e->p_minute = p_minute;    e->p_month = p_month;    e->p_second = p_second;    e->p_year = p_year;','','TIM_create_date','Escher_Date_t',0,"00000000-0000-0000-0000-000000000000",'','' );
INSERT INTO TE_ABA VALUES ( "00000000-0000-0000-0000-000000000ea6",'S_BRG',"00000000-0000-0000-0000-000000000000",0,0,1,' Escher_Date_t ',' Escher_Date_t p_date ','Escher_Date_t p_date;
',', p_date','%d',' p_date','','    e->p_date = p_date;','    e->p_date = p_date;','','TIM_get_second','i_t',0,"00000000-0000-0000-0000-000000000000",'','' );
INSERT INTO TE_ABA VALUES ( "00000000-0000-0000-0000-000000000ea8",'S_BRG',"00000000-0000-0000-0000-000000000000",0,0,1,' Escher_Date_t ',' Escher_Date_t p_date ','Escher_Date_t p_date;
',', p_date','%d',' p_date','','    e->p_date = p_date;','    e->p_date = p_date;','','TIM_get_minute','i_t',0,"00000000-0000-0000-0000-000000000000",'','' );
INSERT INTO TE_ABA VALUES ( "00000000-0000-0000-0000-000000000eaa",'S_BRG',"00000000-0000-0000-0000-000000000000",0,0,1,' Escher_Date_t ',' Escher_Date_t p_date ','Escher_Date_t p_date;
',', p_date','%d',' p_date','','    e->p_date = p_date;','    e->p_date = p_date;','','TIM_get_hour','i_t',0,"00000000-0000-0000-0000-000000000000",'','' );
INSERT INTO TE_ABA VALUES ( "00000000-0000-0000-0000-000000000eac",'S_BRG',"00000000-0000-0000-0000-000000000000",0,0,1,' Escher_Date_t ',' Escher_Date_t p_date ','Escher_Date_t p_date;
',', p_date','%d',' p_date','','    e->p_date = p_date;','    e->p_date = p_date;','','TIM_get_day','i_t',0,"00000000-0000-0000-0000-000000000000",'','' );
INSERT INTO TE_ABA VALUES ( "00000000-0000-0000-0000-000000000eae",'S_BRG',"00000000-0000-0000-0000-000000000000",0,0,1,' Escher_Date_t ',' Escher_Date_t p_date ','Escher_Date_t p_date;
',', p_date','%d',' p_date','','    e->p_date = p_date;','    e->p_date = p_date;','','TIM_get_month','i_t',0,"00000000-0000-0000-0000-000000000000",'','' );
INSERT INTO TE_ABA VALUES ( "00000000-0000-0000-0000-000000000eb0",'S_BRG',"00000000-0000-0000-0000-000000000000",0,0,1,' Escher_Date_t ',' Escher_Date_t p_date ','Escher_Date_t p_date;
',', p_date','%d',' p_date','','    e->p_date = p_date;','    e->p_date = p_date;','','TIM_get_year','i_t',0,"00000000-0000-0000-0000-000000000000",'','' );
INSERT INTO TE_ABA VALUES ( "00000000-0000-0000-0000-000000000eb2",'S_BRG',"00000000-0000-0000-0000-000000000000",0,0,1,' void ','','','','','','','','','','TIM_current_clock','Escher_TimeStamp_t',0,"00000000-0000-0000-0000-000000000000",'','' );
INSERT INTO TE_ABA VALUES ( "00000000-0000-0000-0000-000000000eb4",'S_BRG',"00000000-0000-0000-0000-000000000000",0,0,1,' Escher_xtUMLEvent_t *, const i_t ',' Escher_xtUMLEvent_t * p_event_inst, const i_t p_microseconds ','Escher_xtUMLEvent_t * p_event_inst;
i_t p_microseconds;
',', p_event_inst, p_microseconds','%p,%d',' p_event_inst, p_microseconds','','    e->p_event_inst = p_event_inst;    e->p_microseconds = p_microseconds;','    e->p_event_inst = p_event_inst;    e->p_microseconds = p_microseconds;','','TIM_timer_start','Escher_Timer_t',0,"00000000-0000-0000-0000-000000000000",'','' );
INSERT INTO TE_ABA VALUES ( "00000000-0000-0000-0000-000000000eb6",'S_BRG',"00000000-0000-0000-0000-000000000000",0,0,1,' Escher_xtUMLEvent_t *, const i_t ',' Escher_xtUMLEvent_t * p_event_inst, const i_t p_microseconds ','Escher_xtUMLEvent_t * p_event_inst;
i_t p_microseconds;
',', p_event_inst, p_microseconds','%p,%d',' p_event_inst, p_microseconds','','    e->p_event_inst = p_event_inst;    e->p_microseconds = p_microseconds;','    e->p_event_inst = p_event_inst;    e->p_microseconds = p_microseconds;','','TIM_timer_start_recurring','Escher_Timer_t',0,"00000000-0000-0000-0000-000000000000",'','' );
INSERT INTO TE_ABA VALUES ( "00000000-0000-0000-0000-000000000eb8",'S_BRG',"00000000-0000-0000-0000-000000000000",0,0,1,' Escher_Timer_t ',' Escher_Timer_t p_timer_inst_ref ','Escher_Timer_t p_timer_inst_ref;
',', p_timer_inst_ref','%d',' p_timer_inst_ref','','    e->p_timer_inst_ref = p_timer_inst_ref;','    e->p_timer_inst_ref = p_timer_inst_ref;','','TIM_timer_remaining_time','i_t',0,"00000000-0000-0000-0000-000000000000",'','' );
INSERT INTO TE_ABA VALUES ( "00000000-0000-0000-0000-000000000eba",'S_BRG',"00000000-0000-0000-0000-000000000000",0,0,1,' const i_t, Escher_Timer_t ',' const i_t p_microseconds, Escher_Timer_t p_timer_inst_ref ','i_t p_microseconds;
Escher_Timer_t p_timer_inst_ref;
',', p_microseconds, p_timer_inst_ref','%d,%d',' p_microseconds, p_timer_inst_ref','','    e->p_microseconds = p_microseconds;    e->p_timer_inst_ref = p_timer_inst_ref;','    e->p_microseconds = p_microseconds;    e->p_timer_inst_ref = p_timer_inst_ref;','','TIM_timer_reset_time','bool',0,"00000000-0000-0000-0000-000000000000",'','' );
INSERT INTO TE_ABA VALUES ( "00000000-0000-0000-0000-000000000ebc",'S_BRG',"00000000-0000-0000-0000-000000000000",0,0,1,' const i_t, Escher_Timer_t ',' const i_t p_microseconds, Escher_Timer_t p_timer_inst_ref ','i_t p_microseconds;
Escher_Timer_t p_timer_inst_ref;
',', p_microseconds, p_timer_inst_ref','%d,%d',' p_microseconds, p_timer_inst_ref','','    e->p_microseconds = p_microseconds;    e->p_timer_inst_ref = p_timer_inst_ref;','    e->p_microseconds = p_microseconds;    e->p_timer_inst_ref = p_timer_inst_ref;','','TIM_timer_add_time','bool',0,"00000000-0000-0000-0000-000000000000",'','' );
INSERT INTO TE_ABA VALUES ( "00000000-0000-0000-0000-000000000ebe",'S_BRG',"00000000-0000-0000-0000-000000000000",0,0,1,' Escher_Timer_t ',' Escher_Timer_t p_timer_inst_ref ','Escher_Timer_t p_timer_inst_ref;
',', p_timer_inst_ref','%d',' p_timer_inst_ref','','    e->p_timer_inst_ref = p_timer_inst_ref;','    e->p_timer_inst_ref = p_timer_inst_ref;','','TIM_timer_cancel','bool',0,"00000000-0000-0000-0000-000000000000",'','' );
INSERT INTO TE_ABA VALUES ( "00000000-0000-0000-0000-000000000ec0",'S_BRG',"00000000-0000-0000-0000-000000000000",0,0,1,' void ','','','','','','','','','','ARCH_shutdown','void',0,"00000000-0000-0000-0000-000000000000",'','' );
INSERT INTO TE_ABA VALUES ( "00000000-0000-0000-0000-000000000ec2",'S_BRG',"00000000-0000-0000-0000-000000000000",0,0,1,' Escher_TimeStamp_t, Escher_TimeStamp_t ',' Escher_TimeStamp_t p_t0, Escher_TimeStamp_t p_t1 ','Escher_TimeStamp_t p_t0;
Escher_TimeStamp_t p_t1;
',', p_t0, p_t1','%d,%d',' p_t0, p_t1','','    e->p_t0 = p_t0;    e->p_t1 = p_t1;','    e->p_t0 = p_t0;    e->p_t1 = p_t1;','','DELTA_timestamp','i_t',0,"00000000-0000-0000-0000-000000000000",'','  Escher_TimeStamp_t delta;
  /* ASSIGN delta = ( PARAM.t1 - PARAM.t0 ) */
  delta = ( p_t1 - p_t0 );
  /* RETURN 0 */
  {i_t xtumlOALrv = 0;
  return xtumlOALrv;}
' );
INSERT INTO TE_C VALUES ( "00000000-0000-0000-0000-00000000001a",'perf_funcs','',0,0,0,1,0,0,1,0,'perf_funcs_classes',40080,10,40000,2,2,0,2,0,0,0,'perf_funcs',1,1,0,1,"00000000-0000-0000-0000-000000000000","00000000-0000-0000-0000-00000000015c","00000000-0000-0000-0000-000000000054","00000000-0000-0000-0000-000000000044",'','','"a","b","benchmark","c","d","e","f","g","C benchmark"',"00000000-0000-0000-0000-000000000037" );
INSERT INTO TE_C VALUES ( "00000000-0000-0000-0000-00000000001c",'perf_testloop','',0,0,0,1,0,0,1,0,'perf_testloop_classes',10,0,10,2,2,0,2,0,0,0,'perf_testloop',1,1,0,1,"00000000-0000-0000-0000-000000000000","00000000-0000-0000-0000-000000000052","00000000-0000-0000-0000-000000000058","00000000-0000-0000-0000-00000000004c",'','','"loop"',"00000000-0000-0000-0000-000000000040" );
INSERT INTO TE_EE VALUES ( 'C Benchmark','perf_funcs_CBENCHMARK','CBENCHMARK','',1,'perf_funcs_CBENCHMARK_bridge','perf_funcs_CBENCHMARK_bridge.h',0,"00000000-0000-0000-0000-00000000001a","00000000-0000-0000-0000-00000000018b","00000000-0000-0000-0000-000000000054","00000000-0000-0000-0000-000000000056" );
INSERT INTO TE_EE VALUES ( 'Test Loop','perf_funcs_TESTLOOPa','TESTLOOPa','',0,'perf_funcs_TESTLOOPa_bridge','perf_funcs_TESTLOOPa_bridge.h',0,"00000000-0000-0000-0000-00000000001a","00000000-0000-0000-0000-000000000178","00000000-0000-0000-0000-000000000056","00000000-0000-0000-0000-000000000000" );
INSERT INTO TE_EE VALUES ( 'Application Under Test','perf_testloop_AUT','AUT','',0,'perf_testloop_AUT_bridge','perf_testloop_AUT_bridge.h',0,"00000000-0000-0000-0000-00000000001c","00000000-0000-0000-0000-000000000071","00000000-0000-0000-0000-000000000058","00000000-0000-0000-0000-000000000000" );
INSERT INTO TE_EE VALUES ( 'Delta','DELTA','DELTA','',1,'DELTA_bridge','DELTA_bridge.h',0,"00000000-0000-0000-0000-000000000000","00000000-0000-0000-0000-000000000034","00000000-0000-0000-0000-00000000005a","00000000-0000-0000-0000-000000000000" );
INSERT INTO TE_EE VALUES ( 'Architecture','ARCH','ARCH','',1,'ARCH_bridge','ARCH_bridge.h',0,"00000000-0000-0000-0000-000000000000","00000000-0000-0000-0000-00000000002f","00000000-0000-0000-0000-00000000005c","00000000-0000-0000-0000-000000000000" );
INSERT INTO TE_EE VALUES ( 'Time','TIM','TIM','The Time external entity provides date, timestamp, and timer related operations.',1,'TIM_bridge','TIM_bridge.h',0,"00000000-0000-0000-0000-000000000000","00000000-0000-0000-0000-000000000003","00000000-0000-0000-0000-00000000005e","00000000-0000-0000-0000-000000000000" );
INSERT INTO TE_DT VALUES ( "00000000-0000-0000-0000-000000000026",'timestamp',11,1,'Escher_TimeStamp_t','mcbench_sys_types.h','CTOR','',0,'mcbench','%d',0,"00000000-0000-0000-0000-000000000000","00000000-0000-0000-0000-00000000001b" );
INSERT INTO TE_DT VALUES ( "00000000-0000-0000-0000-000000000027",'inst_ref<Timer>',12,1,'Escher_Timer_t','mcbench_sys_types.h','0','',0,'mcbench','%d',0,"00000000-0000-0000-0000-000000000000","00000000-0000-0000-0000-00000000001d" );
INSERT INTO TE_DT VALUES ( "00000000-0000-0000-0000-000000000028",'date',11,1,'Escher_Date_t','mcbench_sys_types.h','CTOR','',0,'mcbench','%d',0,"00000000-0000-0000-0000-000000000000","00000000-0000-0000-0000-000000000005" );
INSERT INTO TE_DT VALUES ( "00000000-0000-0000-0000-000000000029",'component_ref',13,0,'','mcbench_sys_types.h','','',0,'mcbench','%x',0,"00000000-0000-0000-0000-000000000000","00000000-0000-0000-0000-000000000ebd" );
INSERT INTO TE_DT VALUES ( "00000000-0000-0000-0000-00000000002a",'inst_ref<Mapping>',12,0,'i_t','mcbench_sys_types.h','0','',0,'mcbench','%d',0,"00000000-0000-0000-0000-000000000000","00000000-0000-0000-0000-000000000ebc" );
INSERT INTO TE_DT VALUES ( "00000000-0000-0000-0000-00000000002b",'inst<Mapping>',11,0,'','mcbench_sys_types.h','','',0,'mcbench','%d',0,"00000000-0000-0000-0000-000000000000","00000000-0000-0000-0000-000000000ebb" );
INSERT INTO TE_DT VALUES ( "00000000-0000-0000-0000-00000000002c",'inst<Event>',10,1,'Escher_xtUMLEvent_t *','mcbench_sys_types.h','0','',0,'mcbench','%p',0,"00000000-0000-0000-0000-000000000000","00000000-0000-0000-0000-000000000020" );
INSERT INTO TE_DT VALUES ( "00000000-0000-0000-0000-00000000002d",'inst_ref_set<Object>',9,0,'Escher_ObjectSet_s *','mcbench_sys_types.h','','',0,'mcbench','%p',0,"00000000-0000-0000-0000-000000000000","00000000-0000-0000-0000-000000000895" );
INSERT INTO TE_DT VALUES ( "00000000-0000-0000-0000-00000000002e",'inst_ref<Object>',8,0,'void *','mcbench_sys_types.h','','',0,'mcbench','%p',0,"00000000-0000-0000-0000-000000000000","00000000-0000-0000-0000-00000000008b" );
INSERT INTO TE_DT VALUES ( "00000000-0000-0000-0000-00000000002f",'same_as<Base_Attribute>',7,0,'','mcbench_sys_types.h','','',0,'mcbench','%p',0,"00000000-0000-0000-0000-000000000000","00000000-0000-0000-0000-000000000e70" );
INSERT INTO TE_DT VALUES ( "00000000-0000-0000-0000-000000000030",'state<State_Model>',6,0,'','mcbench_sys_types.h','','',0,'mcbench','%d',0,"00000000-0000-0000-0000-000000000000","00000000-0000-0000-0000-0000000000bc" );
INSERT INTO TE_DT VALUES ( "00000000-0000-0000-0000-000000000031",'unique_id',5,0,'Escher_UniqueID_t','mcbench_sys_types.h','0','',0,'mcbench','%s',0,"00000000-0000-0000-0000-000000000000","00000000-0000-0000-0000-000000000eba" );
INSERT INTO TE_DT VALUES ( "00000000-0000-0000-0000-000000000032",'string',4,1,'c_t','mcbench_sys_types.h','CTOR','',0,'mcbench','%s',0,"00000000-0000-0000-0000-000000000000","00000000-0000-0000-0000-000000000353" );
INSERT INTO TE_DT VALUES ( "00000000-0000-0000-0000-000000000033",'real',3,0,'r_t','mcbench_sys_types.h','0.0','',0,'mcbench','%f',0,"00000000-0000-0000-0000-000000000000","00000000-0000-0000-0000-000000000eb9" );
INSERT INTO TE_DT VALUES ( "00000000-0000-0000-0000-000000000034",'integer',2,1,'i_t','mcbench_sys_types.h','0','',0,'mcbench','%d',0,"00000000-0000-0000-0000-000000000000","00000000-0000-0000-0000-000000000008" );
INSERT INTO TE_DT VALUES ( "00000000-0000-0000-0000-000000000035",'boolean',1,0,'bool','mcbench_sys_types.h','false','',0,'mcbench','%d',0,"00000000-0000-0000-0000-000000000000","00000000-0000-0000-0000-000000000027" );
INSERT INTO TE_DT VALUES ( "00000000-0000-0000-0000-000000000036",'void',0,0,'void','mcbench_sys_types.h','0','',0,'mcbench','',0,"00000000-0000-0000-0000-000000000000","00000000-0000-0000-0000-000000000031" );
INSERT INTO TE_ACT VALUES ( "00000000-0000-0000-0000-000000000e16",'perf_testloop_LOOP_act1',0,"00000000-0000-0000-0000-0000000000bd","00000000-0000-0000-0000-0000000000c3" );
INSERT INTO TE_ACT VALUES ( "00000000-0000-0000-0000-000000000e19",'perf_testloop_LOOP_act2',0,"00000000-0000-0000-0000-0000000000bd","00000000-0000-0000-0000-0000000000ef" );
INSERT INTO TE_ACT VALUES ( "00000000-0000-0000-0000-000000000e1c",'perf_testloop_LOOP_act3',0,"00000000-0000-0000-0000-0000000000bd","00000000-0000-0000-0000-000000000110" );
INSERT INTO TE_ACT VALUES ( "00000000-0000-0000-0000-000000000e1f",'perf_testloop_LOOP_act4',0,"00000000-0000-0000-0000-0000000000bd","00000000-0000-0000-0000-000000000122" );
INSERT INTO TE_ACT VALUES ( "00000000-0000-0000-0000-000000000e45",'perf_funcs_A_act1',0,"00000000-0000-0000-0000-000000000e93","00000000-0000-0000-0000-000000000e95" );
INSERT INTO TE_ACT VALUES ( "00000000-0000-0000-0000-000000000e48",'perf_funcs_A_act2',0,"00000000-0000-0000-0000-000000000e93","00000000-0000-0000-0000-000000000ea6" );
INSERT INTO TE_ACT VALUES ( "00000000-0000-0000-0000-000000000e5a",'perf_funcs_B_act1',0,"00000000-0000-0000-0000-000000000e5a","00000000-0000-0000-0000-000000000e5d" );
INSERT INTO TE_ACT VALUES ( "00000000-0000-0000-0000-000000000e62",'perf_funcs_BENCHMARK_act1',0,"00000000-0000-0000-0000-000000000e2c","00000000-0000-0000-0000-000000000e2e" );
INSERT INTO TE_ACT VALUES ( "00000000-0000-0000-0000-000000000e65",'perf_funcs_BENCHMARK_act2',0,"00000000-0000-0000-0000-000000000e2c","00000000-0000-0000-0000-000000000e3f" );
INSERT INTO TE_SYNC VALUES ( 'report',0,0,0,1,0,"00000000-0000-0000-0000-000000000e27",'perf_funcs_report','perf_funcs_report','perf_funcs_report_deferred',"00000000-0000-0000-0000-00000000001a","00000000-0000-0000-0000-000000000351","00000000-0000-0000-0000-000000000042","00000000-0000-0000-0000-00000000004a" );
INSERT INTO TE_SYNC VALUES ( 'perftest',0,0,0,1,0,"00000000-0000-0000-0000-000000000e28",'perf_funcs_perftest','perf_funcs_perftest','perf_funcs_perftest_deferred',"00000000-0000-0000-0000-00000000001a","00000000-0000-0000-0000-000000000172","00000000-0000-0000-0000-000000000044","00000000-0000-0000-0000-000000000042" );
INSERT INTO TE_SYNC VALUES ( 'xit',0,0,0,1,0,"00000000-0000-0000-0000-000000000e29",'perf_funcs_xit','perf_funcs_xit','perf_funcs_xit_deferred',"00000000-0000-0000-0000-00000000001a","00000000-0000-0000-0000-0000000001c9","00000000-0000-0000-0000-000000000046","00000000-0000-0000-0000-000000000000" );
INSERT INTO TE_SYNC VALUES ( 'test',0,1,0,1,0,"00000000-0000-0000-0000-000000000e2a",'perf_funcs_test','perf_funcs_test','perf_funcs_test_deferred',"00000000-0000-0000-0000-00000000001a","00000000-0000-0000-0000-0000000001c2","00000000-0000-0000-0000-000000000048","00000000-0000-0000-0000-000000000046" );
INSERT INTO TE_SYNC VALUES ( 'setup',0,1,0,1,0,"00000000-0000-0000-0000-000000000e2b",'perf_funcs_setup','perf_funcs_setup','perf_funcs_setup_deferred',"00000000-0000-0000-0000-00000000001a","00000000-0000-0000-0000-0000000001aa","00000000-0000-0000-0000-00000000004a","00000000-0000-0000-0000-000000000048" );
INSERT INTO TE_SYNC VALUES ( 'bridge_integer_integer',0,0,0,1,0,"00000000-0000-0000-0000-000000000e06",'perf_testloop_bridge_integer_integer','perf_testloop_bridge_integer_integer','perf_testloop_bridge_integer_integer_deferred',"00000000-0000-0000-0000-00000000001c","00000000-0000-0000-0000-000000000094","00000000-0000-0000-0000-00000000004c","00000000-0000-0000-0000-00000000004e" );
INSERT INTO TE_SYNC VALUES ( 'bridge_void_integer',0,0,0,1,0,"00000000-0000-0000-0000-000000000e07",'perf_testloop_bridge_void_integer','perf_testloop_bridge_void_integer','perf_testloop_bridge_void_integer_deferred',"00000000-0000-0000-0000-00000000001c","00000000-0000-0000-0000-000000000090","00000000-0000-0000-0000-00000000004e","00000000-0000-0000-0000-000000000050" );
INSERT INTO TE_SYNC VALUES ( 'bridge_void_void',0,0,0,1,0,"00000000-0000-0000-0000-000000000e08",'perf_testloop_bridge_void_void','perf_testloop_bridge_void_void','perf_testloop_bridge_void_void_deferred',"00000000-0000-0000-0000-00000000001c","00000000-0000-0000-0000-00000000008d","00000000-0000-0000-0000-000000000050","00000000-0000-0000-0000-000000000052" );
INSERT INTO TE_SYNC VALUES ( 'runtest',0,0,0,1,0,"00000000-0000-0000-0000-000000000e09",'perf_testloop_runtest','perf_testloop_runtest','perf_testloop_runtest_deferred',"00000000-0000-0000-0000-00000000001c","00000000-0000-0000-0000-000000000059","00000000-0000-0000-0000-000000000052","00000000-0000-0000-0000-000000000000" );
INSERT INTO TE_TFR VALUES ( 0,1,1,'LOOP','begin_time_measurement','perf_testloop_LOOP_op_begin_time_measurement',"00000000-0000-0000-0000-000000000e24","00000000-0000-0000-0000-00000000009b" );
INSERT INTO TE_TFR VALUES ( 0,1,1,'LOOP','end_time_measurement','perf_testloop_LOOP_op_end_time_measurement',"00000000-0000-0000-0000-000000000e26","00000000-0000-0000-0000-0000000000a9" );
INSERT INTO TE_TFR VALUES ( 0,1,1,'A','generate_ignored_event_to_self','perf_funcs_A_op_generate_ignored_event_to_self',"00000000-0000-0000-0000-000000000e4d","00000000-0000-0000-0000-0000000005ff" );
INSERT INTO TE_TFR VALUES ( 0,1,0,'BENCHMARK','create_instance','perf_funcs_BENCHMARK_op_create_instance',"00000000-0000-0000-0000-000000000e69","00000000-0000-0000-0000-000000000273" );
INSERT INTO TE_TFR VALUES ( 0,1,0,'BENCHMARK','delete_instance','perf_funcs_BENCHMARK_op_delete_instance',"00000000-0000-0000-0000-000000000e6b","00000000-0000-0000-0000-00000000027b" );
INSERT INTO TE_TFR VALUES ( 0,1,0,'BENCHMARK','generate_event','perf_funcs_BENCHMARK_op_generate_event',"00000000-0000-0000-0000-000000000e6d","00000000-0000-0000-0000-00000000034b" );
INSERT INTO TE_TFR VALUES ( 0,1,0,'BENCHMARK','generate_and_dispatch_event','perf_funcs_BENCHMARK_op_generate_and_dispatch_event',"00000000-0000-0000-0000-000000000e6f","00000000-0000-0000-0000-00000000028b" );
INSERT INTO TE_TFR VALUES ( 0,1,0,'BENCHMARK','select_one_related','perf_funcs_BENCHMARK_op_select_one_related',"00000000-0000-0000-0000-000000000e71","00000000-0000-0000-0000-000000000293" );
INSERT INTO TE_TFR VALUES ( 0,1,0,'BENCHMARK','select_any_from','perf_funcs_BENCHMARK_op_select_any_from',"00000000-0000-0000-0000-000000000e73","00000000-0000-0000-0000-00000000029b" );
INSERT INTO TE_TFR VALUES ( 0,1,0,'BENCHMARK','relate_one','perf_funcs_BENCHMARK_op_relate_one',"00000000-0000-0000-0000-000000000e75","00000000-0000-0000-0000-0000000002a3" );
INSERT INTO TE_TFR VALUES ( 0,1,0,'BENCHMARK','relate_one_to_many','perf_funcs_BENCHMARK_op_relate_one_to_many',"00000000-0000-0000-0000-000000000e77","00000000-0000-0000-0000-0000000002ab" );
INSERT INTO TE_TFR VALUES ( 0,1,0,'BENCHMARK','relate_one_using','perf_funcs_BENCHMARK_op_relate_one_using',"00000000-0000-0000-0000-000000000e79","00000000-0000-0000-0000-0000000002b3" );
INSERT INTO TE_TFR VALUES ( 0,1,0,'BENCHMARK','cardinality_10000','perf_funcs_BENCHMARK_op_cardinality_10000',"00000000-0000-0000-0000-000000000e7b","00000000-0000-0000-0000-0000000002bb" );
INSERT INTO TE_TFR VALUES ( 0,1,0,'BENCHMARK','cardinality_1000','perf_funcs_BENCHMARK_op_cardinality_1000',"00000000-0000-0000-0000-000000000e7d","00000000-0000-0000-0000-0000000002c3" );
INSERT INTO TE_TFR VALUES ( 0,1,0,'BENCHMARK','cardinality_100','perf_funcs_BENCHMARK_op_cardinality_100',"00000000-0000-0000-0000-000000000e7f","00000000-0000-0000-0000-0000000002cb" );
INSERT INTO TE_TFR VALUES ( 0,1,0,'BENCHMARK','cardinality_10','perf_funcs_BENCHMARK_op_cardinality_10',"00000000-0000-0000-0000-000000000e81","00000000-0000-0000-0000-0000000002d3" );
INSERT INTO TE_TFR VALUES ( 0,1,0,'BENCHMARK','select_any_where_10000','perf_funcs_BENCHMARK_op_select_any_where_10000',"00000000-0000-0000-0000-000000000e83","00000000-0000-0000-0000-0000000002db" );
INSERT INTO TE_TFR VALUES ( 0,1,0,'BENCHMARK','select_any_where_1000','perf_funcs_BENCHMARK_op_select_any_where_1000',"00000000-0000-0000-0000-000000000e85","00000000-0000-0000-0000-0000000002e3" );
INSERT INTO TE_TFR VALUES ( 0,1,0,'BENCHMARK','select_any_where_100','perf_funcs_BENCHMARK_op_select_any_where_100',"00000000-0000-0000-0000-000000000e87","00000000-0000-0000-0000-0000000002eb" );
INSERT INTO TE_TFR VALUES ( 0,1,0,'BENCHMARK','select_any_where_10','perf_funcs_BENCHMARK_op_select_any_where_10',"00000000-0000-0000-0000-000000000e89","00000000-0000-0000-0000-0000000002f3" );
INSERT INTO TE_TFR VALUES ( 0,1,0,'BENCHMARK','read_attribute','perf_funcs_BENCHMARK_op_read_attribute',"00000000-0000-0000-0000-000000000e8b","00000000-0000-0000-0000-0000000002fb" );
INSERT INTO TE_TFR VALUES ( 0,1,0,'BENCHMARK','write_attribute','perf_funcs_BENCHMARK_op_write_attribute',"00000000-0000-0000-0000-000000000e8d","00000000-0000-0000-0000-000000000303" );
INSERT INTO TE_TFR VALUES ( 0,1,0,'BENCHMARK','bridge_void_void','perf_funcs_BENCHMARK_op_bridge_void_void',"00000000-0000-0000-0000-000000000e8f","00000000-0000-0000-0000-00000000030b" );
INSERT INTO TE_TFR VALUES ( 0,1,0,'BENCHMARK','bridge_void_integer','perf_funcs_BENCHMARK_op_bridge_void_integer',"00000000-0000-0000-0000-000000000e91","00000000-0000-0000-0000-000000000313" );
INSERT INTO TE_TFR VALUES ( 0,1,0,'BENCHMARK','bridge_integer_integer','perf_funcs_BENCHMARK_op_bridge_integer_integer',"00000000-0000-0000-0000-000000000e93","00000000-0000-0000-0000-00000000031b" );
INSERT INTO TE_TFR VALUES ( 0,1,0,'BENCHMARK','delete_many','perf_funcs_BENCHMARK_op_delete_many',"00000000-0000-0000-0000-000000000e95","00000000-0000-0000-0000-000000000283" );
INSERT INTO TE_TFR VALUES ( 0,1,0,'CBENCH','function_void_void','perf_funcs_CBENCH_op_function_void_void',"00000000-0000-0000-0000-000000000e98","00000000-0000-0000-0000-000000000323" );
INSERT INTO TE_TFR VALUES ( 0,1,0,'CBENCH','function_void_integer','perf_funcs_CBENCH_op_function_void_integer',"00000000-0000-0000-0000-000000000e9a","00000000-0000-0000-0000-00000000032b" );
INSERT INTO TE_TFR VALUES ( 0,1,0,'CBENCH','function_integer_integer','perf_funcs_CBENCH_op_function_integer_integer',"00000000-0000-0000-0000-000000000e9c","00000000-0000-0000-0000-000000000333" );
INSERT INTO TE_TFR VALUES ( 0,1,0,'CBENCH','read_struct_member','perf_funcs_CBENCH_op_read_struct_member',"00000000-0000-0000-0000-000000000e9e","00000000-0000-0000-0000-00000000033b" );
INSERT INTO TE_TFR VALUES ( 0,1,0,'CBENCH','write_struct_member','perf_funcs_CBENCH_op_write_struct_member',"00000000-0000-0000-0000-000000000ea0","00000000-0000-0000-0000-000000000343" );
INSERT INTO R_REL VALUES ( "00000000-0000-0000-0000-00000000063a",1,'',"00000000-0000-0000-0000-000000000000" );
INSERT INTO R_REL VALUES ( "00000000-0000-0000-0000-000000000793",2,'',"00000000-0000-0000-0000-000000000000" );
INSERT INTO R_REL VALUES ( "00000000-0000-0000-0000-000000000811",3,'',"00000000-0000-0000-0000-000000000000" );
INSERT INTO TE_BRG VALUES ( 'Application Under Test','AUT','perftest','perf_testloop_AUT_perftest',"00000000-0000-0000-0000-000000000e0b","00000000-0000-0000-0000-000000000072","00000000-0000-0000-0000-000000000071" );
INSERT INTO TE_BRG VALUES ( 'C Benchmark','CBENCHMARK','function_void_void','perf_funcs_CBENCHMARK_function_void_void',"00000000-0000-0000-0000-000000000e2d","00000000-0000-0000-0000-00000000018c","00000000-0000-0000-0000-00000000018b" );
INSERT INTO TE_BRG VALUES ( 'C Benchmark','CBENCHMARK','function_void_integer','perf_funcs_CBENCHMARK_function_void_integer',"00000000-0000-0000-0000-000000000e2f","00000000-0000-0000-0000-00000000018f","00000000-0000-0000-0000-00000000018b" );
INSERT INTO TE_BRG VALUES ( 'C Benchmark','CBENCHMARK','function_integer_integer','perf_funcs_CBENCHMARK_function_integer_integer',"00000000-0000-0000-0000-000000000e31","00000000-0000-0000-0000-000000000193","00000000-0000-0000-0000-00000000018b" );
INSERT INTO TE_BRG VALUES ( 'C Benchmark','CBENCHMARK','read_struct_member','perf_funcs_CBENCHMARK_read_struct_member',"00000000-0000-0000-0000-000000000e33","00000000-0000-0000-0000-000000000199","00000000-0000-0000-0000-00000000018b" );
INSERT INTO TE_BRG VALUES ( 'C Benchmark','CBENCHMARK','write_struct_member','perf_funcs_CBENCHMARK_write_struct_member',"00000000-0000-0000-0000-000000000e35","00000000-0000-0000-0000-0000000001a1","00000000-0000-0000-0000-00000000018b" );
INSERT INTO TE_BRG VALUES ( 'Test Loop','TESTLOOPa','runtest','perf_funcs_TESTLOOPa_runtest',"00000000-0000-0000-0000-000000000e37","00000000-0000-0000-0000-000000000179","00000000-0000-0000-0000-000000000178" );
INSERT INTO TE_BRG VALUES ( 'Test Loop','TESTLOOPa','bridge_void_void','perf_funcs_TESTLOOPa_bridge_void_void',"00000000-0000-0000-0000-000000000e39","00000000-0000-0000-0000-00000000017e","00000000-0000-0000-0000-000000000178" );
INSERT INTO TE_BRG VALUES ( 'Test Loop','TESTLOOPa','bridge_void_integer','perf_funcs_TESTLOOPa_bridge_void_integer',"00000000-0000-0000-0000-000000000e3b","00000000-0000-0000-0000-000000000181","00000000-0000-0000-0000-000000000178" );
INSERT INTO TE_BRG VALUES ( 'Test Loop','TESTLOOPa','bridge_integer_integer','perf_funcs_TESTLOOPa_bridge_integer_integer',"00000000-0000-0000-0000-000000000e3d","00000000-0000-0000-0000-000000000185","00000000-0000-0000-0000-000000000178" );
INSERT INTO TE_BRG VALUES ( 'Time','TIM','current_date','TIM_current_date',"00000000-0000-0000-0000-000000000ea2","00000000-0000-0000-0000-000000000004","00000000-0000-0000-0000-000000000003" );
INSERT INTO TE_BRG VALUES ( 'Time','TIM','create_date','TIM_create_date',"00000000-0000-0000-0000-000000000ea4","00000000-0000-0000-0000-000000000006","00000000-0000-0000-0000-000000000003" );
INSERT INTO TE_BRG VALUES ( 'Time','TIM','get_second','TIM_get_second',"00000000-0000-0000-0000-000000000ea6","00000000-0000-0000-0000-00000000000e","00000000-0000-0000-0000-000000000003" );
INSERT INTO TE_BRG VALUES ( 'Time','TIM','get_minute','TIM_get_minute',"00000000-0000-0000-0000-000000000ea8","00000000-0000-0000-0000-000000000010","00000000-0000-0000-0000-000000000003" );
INSERT INTO TE_BRG VALUES ( 'Time','TIM','get_hour','TIM_get_hour',"00000000-0000-0000-0000-000000000eaa","00000000-0000-0000-0000-000000000012","00000000-0000-0000-0000-000000000003" );
INSERT INTO TE_BRG VALUES ( 'Time','TIM','get_day','TIM_get_day',"00000000-0000-0000-0000-000000000eac","00000000-0000-0000-0000-000000000014","00000000-0000-0000-0000-000000000003" );
INSERT INTO TE_BRG VALUES ( 'Time','TIM','get_month','TIM_get_month',"00000000-0000-0000-0000-000000000eae","00000000-0000-0000-0000-000000000016","00000000-0000-0000-0000-000000000003" );
INSERT INTO TE_BRG VALUES ( 'Time','TIM','get_year','TIM_get_year',"00000000-0000-0000-0000-000000000eb0","00000000-0000-0000-0000-000000000018","00000000-0000-0000-0000-000000000003" );
INSERT INTO TE_BRG VALUES ( 'Time','TIM','current_clock','TIM_current_clock',"00000000-0000-0000-0000-000000000eb2","00000000-0000-0000-0000-00000000001a","00000000-0000-0000-0000-000000000003" );
INSERT INTO TE_BRG VALUES ( 'Time','TIM','timer_start','TIM_timer_start',"00000000-0000-0000-0000-000000000eb4","00000000-0000-0000-0000-00000000001c","00000000-0000-0000-0000-000000000003" );
INSERT INTO TE_BRG VALUES ( 'Time','TIM','timer_start_recurring','TIM_timer_start_recurring',"00000000-0000-0000-0000-000000000eb6","00000000-0000-0000-0000-000000000021","00000000-0000-0000-0000-000000000003" );
INSERT INTO TE_BRG VALUES ( 'Time','TIM','timer_remaining_time','TIM_timer_remaining_time',"00000000-0000-0000-0000-000000000eb8","00000000-0000-0000-0000-000000000024","00000000-0000-0000-0000-000000000003" );
INSERT INTO TE_BRG VALUES ( 'Time','TIM','timer_reset_time','TIM_timer_reset_time',"00000000-0000-0000-0000-000000000eba","00000000-0000-0000-0000-000000000026","00000000-0000-0000-0000-000000000003" );
INSERT INTO TE_BRG VALUES ( 'Time','TIM','timer_add_time','TIM_timer_add_time',"00000000-0000-0000-0000-000000000ebc","00000000-0000-0000-0000-00000000002a","00000000-0000-0000-0000-000000000003" );
INSERT INTO TE_BRG VALUES ( 'Time','TIM','timer_cancel','TIM_timer_cancel',"00000000-0000-0000-0000-000000000ebe","00000000-0000-0000-0000-00000000002d","00000000-0000-0000-0000-000000000003" );
INSERT INTO TE_BRG VALUES ( 'Architecture','ARCH','shutdown','ARCH_shutdown',"00000000-0000-0000-0000-000000000ec0","00000000-0000-0000-0000-000000000030","00000000-0000-0000-0000-00000000002f" );
INSERT INTO TE_BRG VALUES ( 'Delta','DELTA','timestamp','DELTA_timestamp',"00000000-0000-0000-0000-000000000ec2","00000000-0000-0000-0000-000000000035","00000000-0000-0000-0000-000000000034" );
INSERT INTO TE_PARM VALUES ( 'A0xtumlsret','',0,'','',"00000000-0000-0000-0000-00000000005f","00000000-0000-0000-0000-000000000000",'A0xtumlsret',0,"00000000-0000-0000-0000-000000000032",1,"00000000-0000-0000-0000-000000000000",'[ESCHER_SYS_MAX_STRING_LEN]',"00000000-0000-0000-0000-000000000000","00000000-0000-0000-0000-000000000000","00000000-0000-0000-0000-000000000000","00000000-0000-0000-0000-000000000000","00000000-0000-0000-0000-000000000000","00000000-0000-0000-0000-000000000000","00000000-0000-0000-0000-000000000000" );
INSERT INTO TE_PARM VALUES ( 'i','',0,'iterations','i:iterations',"00000000-0000-0000-0000-00000000076c","00000000-0000-0000-0000-000000000000",'p_i',0,"00000000-0000-0000-0000-000000000034",0,"00000000-0000-0000-0000-000000000000",'',"00000000-0000-0000-0000-000000000e35","00000000-0000-0000-0000-000000000000","00000000-0000-0000-0000-000000000000","00000000-0000-0000-0000-000000000000","00000000-0000-0000-0000-000000000000","00000000-0000-0000-0000-000000000000","00000000-0000-0000-0000-0000000001a2" );
INSERT INTO TE_PARM VALUES ( 'i','',0,'iterations','i:iterations',"00000000-0000-0000-0000-00000000076d","00000000-0000-0000-0000-000000000000",'p_i',0,"00000000-0000-0000-0000-000000000034",0,"00000000-0000-0000-0000-000000000000",'',"00000000-0000-0000-0000-000000000e33","00000000-0000-0000-0000-000000000000","00000000-0000-0000-0000-000000000000","00000000-0000-0000-0000-000000000000","00000000-0000-0000-0000-000000000000","00000000-0000-0000-0000-000000000000","00000000-0000-0000-0000-00000000019a" );
INSERT INTO TE_PARM VALUES ( 'i','',0,'i','i:i',"00000000-0000-0000-0000-00000000076e","00000000-0000-0000-0000-000000000000",'p_i',0,"00000000-0000-0000-0000-000000000034",0,"00000000-0000-0000-0000-000000000000",'',"00000000-0000-0000-0000-000000000e31","00000000-0000-0000-0000-000000000000","00000000-0000-0000-0000-000000000000","00000000-0000-0000-0000-000000000000","00000000-0000-0000-0000-000000000000","00000000-0000-0000-0000-000000000000","00000000-0000-0000-0000-000000000194" );
INSERT INTO TE_PARM VALUES ( 'i','',0,'i','i:i',"00000000-0000-0000-0000-00000000076f","00000000-0000-0000-0000-000000000000",'p_i',0,"00000000-0000-0000-0000-000000000034",0,"00000000-0000-0000-0000-000000000000",'',"00000000-0000-0000-0000-000000000e2f","00000000-0000-0000-0000-000000000000","00000000-0000-0000-0000-000000000000","00000000-0000-0000-0000-000000000000","00000000-0000-0000-0000-000000000000","00000000-0000-0000-0000-000000000000","00000000-0000-0000-0000-000000000190" );
INSERT INTO TE_PARM VALUES ( 'i','',0,'','',"00000000-0000-0000-0000-000000000770","00000000-0000-0000-0000-000000000000",'p_i',0,"00000000-0000-0000-0000-000000000034",0,"00000000-0000-0000-0000-000000000000",'',"00000000-0000-0000-0000-000000000e3d","00000000-0000-0000-0000-000000000000","00000000-0000-0000-0000-000000000000","00000000-0000-0000-0000-000000000000","00000000-0000-0000-0000-000000000000","00000000-0000-0000-0000-000000000000","00000000-0000-0000-0000-000000000186" );
INSERT INTO TE_PARM VALUES ( 'i','',0,'','',"00000000-0000-0000-0000-000000000771","00000000-0000-0000-0000-000000000000",'p_i',0,"00000000-0000-0000-0000-000000000034",0,"00000000-0000-0000-0000-000000000000",'',"00000000-0000-0000-0000-000000000e3b","00000000-0000-0000-0000-000000000000","00000000-0000-0000-0000-000000000000","00000000-0000-0000-0000-000000000000","00000000-0000-0000-0000-000000000000","00000000-0000-0000-0000-000000000000","00000000-0000-0000-0000-000000000182" );
INSERT INTO TE_PARM VALUES ( 'duration','',0,'','',"00000000-0000-0000-0000-000000000772","00000000-0000-0000-0000-000000000773",'p_duration',0,"00000000-0000-0000-0000-000000000034",0,"00000000-0000-0000-0000-000000000000",'',"00000000-0000-0000-0000-000000000e37","00000000-0000-0000-0000-000000000000","00000000-0000-0000-0000-000000000000","00000000-0000-0000-0000-000000000000","00000000-0000-0000-0000-000000000000","00000000-0000-0000-0000-000000000000","00000000-0000-0000-0000-00000000017b" );
INSERT INTO TE_PARM VALUES ( 'testnum','',1,'','',"00000000-0000-0000-0000-000000000773","00000000-0000-0000-0000-000000000000",'p_testnum',0,"00000000-0000-0000-0000-000000000034",0,"00000000-0000-0000-0000-000000000000",'',"00000000-0000-0000-0000-000000000e37","00000000-0000-0000-0000-000000000000","00000000-0000-0000-0000-000000000000","00000000-0000-0000-0000-000000000000","00000000-0000-0000-0000-000000000000","00000000-0000-0000-0000-000000000000","00000000-0000-0000-0000-00000000017a" );
INSERT INTO TE_PARM VALUES ( 'duration','',1,'','',"00000000-0000-0000-0000-000000000774","00000000-0000-0000-0000-000000000776",'p_duration',0,"00000000-0000-0000-0000-000000000034",0,"00000000-0000-0000-0000-000000000000",'',"00000000-0000-0000-0000-000000000e0b","00000000-0000-0000-0000-000000000000","00000000-0000-0000-0000-000000000000","00000000-0000-0000-0000-000000000000","00000000-0000-0000-0000-000000000000","00000000-0000-0000-0000-000000000000","00000000-0000-0000-0000-000000000075" );
INSERT INTO TE_PARM VALUES ( 'count','',0,'','',"00000000-0000-0000-0000-000000000775","00000000-0000-0000-0000-000000000774",'p_count',0,"00000000-0000-0000-0000-000000000034",0,"00000000-0000-0000-0000-000000000000",'',"00000000-0000-0000-0000-000000000e0b","00000000-0000-0000-0000-000000000000","00000000-0000-0000-0000-000000000000","00000000-0000-0000-0000-000000000000","00000000-0000-0000-0000-000000000000","00000000-0000-0000-0000-000000000000","00000000-0000-0000-0000-000000000076" );
INSERT INTO TE_PARM VALUES ( 'phase','',2,'','',"00000000-0000-0000-0000-000000000776","00000000-0000-0000-0000-000000000777",'p_phase',0,"00000000-0000-0000-0000-000000000034",0,"00000000-0000-0000-0000-000000000000",'',"00000000-0000-0000-0000-000000000e0b","00000000-0000-0000-0000-000000000000","00000000-0000-0000-0000-000000000000","00000000-0000-0000-0000-000000000000","00000000-0000-0000-0000-000000000000","00000000-0000-0000-0000-000000000000","00000000-0000-0000-0000-000000000074" );
INSERT INTO TE_PARM VALUES ( 'testnum','',3,'','',"00000000-0000-0000-0000-000000000777","00000000-0000-0000-0000-000000000000",'p_testnum',0,"00000000-0000-0000-0000-000000000034",0,"00000000-0000-0000-0000-000000000000",'',"00000000-0000-0000-0000-000000000e0b","00000000-0000-0000-0000-000000000000","00000000-0000-0000-0000-000000000000","00000000-0000-0000-0000-000000000000","00000000-0000-0000-0000-000000000000","00000000-0000-0000-0000-000000000000","00000000-0000-0000-0000-000000000073" );
INSERT INTO TE_PARM VALUES ( 't1','',1,'((perf_testloop_LOOP *)xtUML_detect_empty_handle( self, "LOOP", "self.t0" ))->t0, TIM_current_clock()','t0:self.t0, TIM::current_clock()',"00000000-0000-0000-0000-000000000778","00000000-0000-0000-0000-000000000000",'p_t1',0,"00000000-0000-0000-0000-000000000026",0,"00000000-0000-0000-0000-000000000000",'',"00000000-0000-0000-0000-000000000ec2","00000000-0000-0000-0000-000000000000","00000000-0000-0000-0000-000000000000","00000000-0000-0000-0000-000000000000","00000000-0000-0000-0000-000000000000","00000000-0000-0000-0000-000000000000","00000000-0000-0000-0000-000000000037" );
INSERT INTO TE_PARM VALUES ( 't0','',0,'','',"00000000-0000-0000-0000-000000000779","00000000-0000-0000-0000-000000000778",'p_t0',0,"00000000-0000-0000-0000-000000000026",0,"00000000-0000-0000-0000-000000000000",'',"00000000-0000-0000-0000-000000000ec2","00000000-0000-0000-0000-000000000000","00000000-0000-0000-0000-000000000000","00000000-0000-0000-0000-000000000000","00000000-0000-0000-0000-000000000000","00000000-0000-0000-0000-000000000000","00000000-0000-0000-0000-000000000036" );
INSERT INTO TE_PARM VALUES ( 'timer_inst_ref','',0,'','',"00000000-0000-0000-0000-00000000077a","00000000-0000-0000-0000-000000000000",'p_timer_inst_ref',0,"00000000-0000-0000-0000-000000000027",0,"00000000-0000-0000-0000-000000000000",'',"00000000-0000-0000-0000-000000000ebe","00000000-0000-0000-0000-000000000000","00000000-0000-0000-0000-000000000000","00000000-0000-0000-0000-000000000000","00000000-0000-0000-0000-000000000000","00000000-0000-0000-0000-000000000000","00000000-0000-0000-0000-00000000002e" );
INSERT INTO TE_PARM VALUES ( 'microseconds','',0,'','',"00000000-0000-0000-0000-00000000077b","00000000-0000-0000-0000-00000000077c",'p_microseconds',0,"00000000-0000-0000-0000-000000000034",0,"00000000-0000-0000-0000-000000000000",'',"00000000-0000-0000-0000-000000000ebc","00000000-0000-0000-0000-000000000000","00000000-0000-0000-0000-000000000000","00000000-0000-0000-0000-000000000000","00000000-0000-0000-0000-000000000000","00000000-0000-0000-0000-000000000000","00000000-0000-0000-0000-00000000002c" );
INSERT INTO TE_PARM VALUES ( 'timer_inst_ref','',1,'','',"00000000-0000-0000-0000-00000000077c","00000000-0000-0000-0000-000000000000",'p_timer_inst_ref',0,"00000000-0000-0000-0000-000000000027",0,"00000000-0000-0000-0000-000000000000",'',"00000000-0000-0000-0000-000000000ebc","00000000-0000-0000-0000-000000000000","00000000-0000-0000-0000-000000000000","00000000-0000-0000-0000-000000000000","00000000-0000-0000-0000-000000000000","00000000-0000-0000-0000-000000000000","00000000-0000-0000-0000-00000000002b" );
INSERT INTO TE_PARM VALUES ( 'microseconds','',0,'','',"00000000-0000-0000-0000-00000000077d","00000000-0000-0000-0000-00000000077e",'p_microseconds',0,"00000000-0000-0000-0000-000000000034",0,"00000000-0000-0000-0000-000000000000",'',"00000000-0000-0000-0000-000000000eba","00000000-0000-0000-0000-000000000000","00000000-0000-0000-0000-000000000000","00000000-0000-0000-0000-000000000000","00000000-0000-0000-0000-000000000000","00000000-0000-0000-0000-000000000000","00000000-0000-0000-0000-000000000029" );
INSERT INTO TE_PARM VALUES ( 'timer_inst_ref','',1,'','',"00000000-0000-0000-0000-00000000077e","00000000-0000-0000-0000-000000000000",'p_timer_inst_ref',0,"00000000-0000-0000-0000-000000000027",0,"00000000-0000-0000-0000-000000000000",'',"00000000-0000-0000-0000-000000000eba","00000000-0000-0000-0000-000000000000","00000000-0000-0000-0000-000000000000","00000000-0000-0000-0000-000000000000","00000000-0000-0000-0000-000000000000","00000000-0000-0000-0000-000000000000","00000000-0000-0000-0000-000000000028" );
INSERT INTO TE_PARM VALUES ( 'timer_inst_ref','',0,'','',"00000000-0000-0000-0000-00000000077f","00000000-0000-0000-0000-000000000000",'p_timer_inst_ref',0,"00000000-0000-0000-0000-000000000027",0,"00000000-0000-0000-0000-000000000000",'',"00000000-0000-0000-0000-000000000eb8","00000000-0000-0000-0000-000000000000","00000000-0000-0000-0000-000000000000","00000000-0000-0000-0000-000000000000","00000000-0000-0000-0000-000000000000","00000000-0000-0000-0000-000000000000","00000000-0000-0000-0000-000000000025" );
INSERT INTO TE_PARM VALUES ( 'event_inst','',0,'','',"00000000-0000-0000-0000-000000000780","00000000-0000-0000-0000-000000000781",'p_event_inst',0,"00000000-0000-0000-0000-00000000002c",0,"00000000-0000-0000-0000-000000000000",'',"00000000-0000-0000-0000-000000000eb6","00000000-0000-0000-0000-000000000000","00000000-0000-0000-0000-000000000000","00000000-0000-0000-0000-000000000000","00000000-0000-0000-0000-000000000000","00000000-0000-0000-0000-000000000000","00000000-0000-0000-0000-000000000023" );
INSERT INTO TE_PARM VALUES ( 'microseconds','',1,'','',"00000000-0000-0000-0000-000000000781","00000000-0000-0000-0000-000000000000",'p_microseconds',0,"00000000-0000-0000-0000-000000000034",0,"00000000-0000-0000-0000-000000000000",'',"00000000-0000-0000-0000-000000000eb6","00000000-0000-0000-0000-000000000000","00000000-0000-0000-0000-000000000000","00000000-0000-0000-0000-000000000000","00000000-0000-0000-0000-000000000000","00000000-0000-0000-0000-000000000000","00000000-0000-0000-0000-000000000022" );
INSERT INTO TE_PARM VALUES ( 'event_inst','',0,'(Escher_xtUMLEvent_t *)stop, ( rcvd_evt->p_duration * 1000000 )','event_inst:stop, microseconds:( PARAM.duration * 1000000 )',"00000000-0000-0000-0000-000000000782","00000000-0000-0000-0000-000000000783",'p_event_inst',0,"00000000-0000-0000-0000-00000000002c",0,"00000000-0000-0000-0000-000000000000",'',"00000000-0000-0000-0000-000000000eb4","00000000-0000-0000-0000-000000000000","00000000-0000-0000-0000-000000000000","00000000-0000-0000-0000-000000000000","00000000-0000-0000-0000-000000000000","00000000-0000-0000-0000-000000000000","00000000-0000-0000-0000-00000000001f" );
INSERT INTO TE_PARM VALUES ( 'microseconds','',1,'','',"00000000-0000-0000-0000-000000000783","00000000-0000-0000-0000-000000000000",'p_microseconds',0,"00000000-0000-0000-0000-000000000034",0,"00000000-0000-0000-0000-000000000000",'',"00000000-0000-0000-0000-000000000eb4","00000000-0000-0000-0000-000000000000","00000000-0000-0000-0000-000000000000","00000000-0000-0000-0000-000000000000","00000000-0000-0000-0000-000000000000","00000000-0000-0000-0000-000000000000","00000000-0000-0000-0000-00000000001e" );
INSERT INTO TE_PARM VALUES ( 'date','',0,'','',"00000000-0000-0000-0000-000000000784","00000000-0000-0000-0000-000000000000",'p_date',0,"00000000-0000-0000-0000-000000000028",0,"00000000-0000-0000-0000-000000000000",'',"00000000-0000-0000-0000-000000000eb0","00000000-0000-0000-0000-000000000000","00000000-0000-0000-0000-000000000000","00000000-0000-0000-0000-000000000000","00000000-0000-0000-0000-000000000000","00000000-0000-0000-0000-000000000000","00000000-0000-0000-0000-000000000019" );
INSERT INTO TE_PARM VALUES ( 'date','',0,'','',"00000000-0000-0000-0000-000000000785","00000000-0000-0000-0000-000000000000",'p_date',0,"00000000-0000-0000-0000-000000000028",0,"00000000-0000-0000-0000-000000000000",'',"00000000-0000-0000-0000-000000000eae","00000000-0000-0000-0000-000000000000","00000000-0000-0000-0000-000000000000","00000000-0000-0000-0000-000000000000","00000000-0000-0000-0000-000000000000","00000000-0000-0000-0000-000000000000","00000000-0000-0000-0000-000000000017" );
INSERT INTO TE_PARM VALUES ( 'date','',0,'','',"00000000-0000-0000-0000-000000000786","00000000-0000-0000-0000-000000000000",'p_date',0,"00000000-0000-0000-0000-000000000028",0,"00000000-0000-0000-0000-000000000000",'',"00000000-0000-0000-0000-000000000eac","00000000-0000-0000-0000-000000000000","00000000-0000-0000-0000-000000000000","00000000-0000-0000-0000-000000000000","00000000-0000-0000-0000-000000000000","00000000-0000-0000-0000-000000000000","00000000-0000-0000-0000-000000000015" );
INSERT INTO TE_PARM VALUES ( 'date','',0,'','',"00000000-0000-0000-0000-000000000787","00000000-0000-0000-0000-000000000000",'p_date',0,"00000000-0000-0000-0000-000000000028",0,"00000000-0000-0000-0000-000000000000",'',"00000000-0000-0000-0000-000000000eaa","00000000-0000-0000-0000-000000000000","00000000-0000-0000-0000-000000000000","00000000-0000-0000-0000-000000000000","00000000-0000-0000-0000-000000000000","00000000-0000-0000-0000-000000000000","00000000-0000-0000-0000-000000000013" );
INSERT INTO TE_PARM VALUES ( 'date','',0,'','',"00000000-0000-0000-0000-000000000788","00000000-0000-0000-0000-000000000000",'p_date',0,"00000000-0000-0000-0000-000000000028",0,"00000000-0000-0000-0000-000000000000",'',"00000000-0000-0000-0000-000000000ea8","00000000-0000-0000-0000-000000000000","00000000-0000-0000-0000-000000000000","00000000-0000-0000-0000-000000000000","00000000-0000-0000-0000-000000000000","00000000-0000-0000-0000-000000000000","00000000-0000-0000-0000-000000000011" );
INSERT INTO TE_PARM VALUES ( 'date','',0,'','',"00000000-0000-0000-0000-000000000789","00000000-0000-0000-0000-000000000000",'p_date',0,"00000000-0000-0000-0000-000000000028",0,"00000000-0000-0000-0000-000000000000",'',"00000000-0000-0000-0000-000000000ea6","00000000-0000-0000-0000-000000000000","00000000-0000-0000-0000-000000000000","00000000-0000-0000-0000-000000000000","00000000-0000-0000-0000-000000000000","00000000-0000-0000-0000-000000000000","00000000-0000-0000-0000-00000000000f" );
INSERT INTO TE_PARM VALUES ( 'year','',5,'','',"00000000-0000-0000-0000-00000000078a","00000000-0000-0000-0000-000000000000",'p_year',0,"00000000-0000-0000-0000-000000000034",0,"00000000-0000-0000-0000-000000000000",'',"00000000-0000-0000-0000-000000000ea4","00000000-0000-0000-0000-000000000000","00000000-0000-0000-0000-000000000000","00000000-0000-0000-0000-000000000000","00000000-0000-0000-0000-000000000000","00000000-0000-0000-0000-000000000000","00000000-0000-0000-0000-00000000000d" );
INSERT INTO TE_PARM VALUES ( 'month','',3,'','',"00000000-0000-0000-0000-00000000078b","00000000-0000-0000-0000-00000000078f",'p_month',0,"00000000-0000-0000-0000-000000000034",0,"00000000-0000-0000-0000-000000000000",'',"00000000-0000-0000-0000-000000000ea4","00000000-0000-0000-0000-000000000000","00000000-0000-0000-0000-000000000000","00000000-0000-0000-0000-000000000000","00000000-0000-0000-0000-000000000000","00000000-0000-0000-0000-000000000000","00000000-0000-0000-0000-000000000009" );
INSERT INTO TE_PARM VALUES ( 'day','',0,'','',"00000000-0000-0000-0000-00000000078c","00000000-0000-0000-0000-00000000078d",'p_day',0,"00000000-0000-0000-0000-000000000034",0,"00000000-0000-0000-0000-000000000000",'',"00000000-0000-0000-0000-000000000ea4","00000000-0000-0000-0000-000000000000","00000000-0000-0000-0000-000000000000","00000000-0000-0000-0000-000000000000","00000000-0000-0000-0000-000000000000","00000000-0000-0000-0000-000000000000","00000000-0000-0000-0000-00000000000c" );
INSERT INTO TE_PARM VALUES ( 'hour','',1,'','',"00000000-0000-0000-0000-00000000078d","00000000-0000-0000-0000-00000000078e",'p_hour',0,"00000000-0000-0000-0000-000000000034",0,"00000000-0000-0000-0000-000000000000",'',"00000000-0000-0000-0000-000000000ea4","00000000-0000-0000-0000-000000000000","00000000-0000-0000-0000-000000000000","00000000-0000-0000-0000-000000000000","00000000-0000-0000-0000-000000000000","00000000-0000-0000-0000-000000000000","00000000-0000-0000-0000-00000000000b" );
INSERT INTO TE_PARM VALUES ( 'minute','',2,'','',"00000000-0000-0000-0000-00000000078e","00000000-0000-0000-0000-00000000078b",'p_minute',0,"00000000-0000-0000-0000-000000000034",0,"00000000-0000-0000-0000-000000000000",'',"00000000-0000-0000-0000-000000000ea4","00000000-0000-0000-0000-000000000000","00000000-0000-0000-0000-000000000000","00000000-0000-0000-0000-000000000000","00000000-0000-0000-0000-000000000000","00000000-0000-0000-0000-000000000000","00000000-0000-0000-0000-00000000000a" );
INSERT INTO TE_PARM VALUES ( 'second','',4,'','',"00000000-0000-0000-0000-00000000078f","00000000-0000-0000-0000-00000000078a",'p_second',0,"00000000-0000-0000-0000-000000000034",0,"00000000-0000-0000-0000-000000000000",'',"00000000-0000-0000-0000-000000000ea4","00000000-0000-0000-0000-000000000000","00000000-0000-0000-0000-000000000000","00000000-0000-0000-0000-000000000000","00000000-0000-0000-0000-000000000000","00000000-0000-0000-0000-000000000000","00000000-0000-0000-0000-000000000007" );
INSERT INTO TE_PARM VALUES ( 'count','',0,'iterations','count:iterations',"00000000-0000-0000-0000-000000000790","00000000-0000-0000-0000-000000000000",'p_count',0,"00000000-0000-0000-0000-000000000034",0,"00000000-0000-0000-0000-000000000000",'',"00000000-0000-0000-0000-000000000e4d","00000000-0000-0000-0000-000000000000","00000000-0000-0000-0000-000000000000","00000000-0000-0000-0000-000000000000","00000000-0000-0000-0000-000000000e7a","00000000-0000-0000-0000-000000000000","00000000-0000-0000-0000-000000000000" );
INSERT INTO TE_PARM VALUES ( 'duration','',1,'p_count, p_duration, p_phase, p_testnum','count:PARAM.count, duration:PARAM.duration, phase:PARAM.phase, testnum:PARAM.testnum',"00000000-0000-0000-0000-000000000791","00000000-0000-0000-0000-000000000793",'p_duration',0,"00000000-0000-0000-0000-000000000034",0,"00000000-0000-0000-0000-000000000000",'',"00000000-0000-0000-0000-000000000e95","00000000-0000-0000-0000-000000000000","00000000-0000-0000-0000-000000000000","00000000-0000-0000-0000-000000000000","00000000-0000-0000-0000-000000000dc3","00000000-0000-0000-0000-000000000000","00000000-0000-0000-0000-000000000000" );
INSERT INTO TE_PARM VALUES ( 'count','',0,'','',"00000000-0000-0000-0000-000000000792","00000000-0000-0000-0000-000000000791",'p_count',0,"00000000-0000-0000-0000-000000000034",0,"00000000-0000-0000-0000-000000000000",'',"00000000-0000-0000-0000-000000000e95","00000000-0000-0000-0000-000000000000","00000000-0000-0000-0000-000000000000","00000000-0000-0000-0000-000000000000","00000000-0000-0000-0000-000000000dc4","00000000-0000-0000-0000-000000000000","00000000-0000-0000-0000-000000000000" );
INSERT INTO TE_PARM VALUES ( 'phase','',2,'','',"00000000-0000-0000-0000-000000000793","00000000-0000-0000-0000-000000000794",'p_phase',0,"00000000-0000-0000-0000-000000000034",0,"00000000-0000-0000-0000-000000000000",'',"00000000-0000-0000-0000-000000000e95","00000000-0000-0000-0000-000000000000","00000000-0000-0000-0000-000000000000","00000000-0000-0000-0000-000000000000","00000000-0000-0000-0000-000000000dc2","00000000-0000-0000-0000-000000000000","00000000-0000-0000-0000-000000000000" );
INSERT INTO TE_PARM VALUES ( 'testnum','',3,'','',"00000000-0000-0000-0000-000000000794","00000000-0000-0000-0000-000000000000",'p_testnum',0,"00000000-0000-0000-0000-000000000034",0,"00000000-0000-0000-0000-000000000000",'',"00000000-0000-0000-0000-000000000e95","00000000-0000-0000-0000-000000000000","00000000-0000-0000-0000-000000000000","00000000-0000-0000-0000-000000000000","00000000-0000-0000-0000-000000000dc1","00000000-0000-0000-0000-000000000000","00000000-0000-0000-0000-000000000000" );
INSERT INTO TE_PARM VALUES ( 'duration','',1,'p_count, p_duration, p_phase, p_testnum','count:PARAM.count, duration:PARAM.duration, phase:PARAM.phase, testnum:PARAM.testnum',"00000000-0000-0000-0000-000000000795","00000000-0000-0000-0000-000000000797",'p_duration',0,"00000000-0000-0000-0000-000000000034",0,"00000000-0000-0000-0000-000000000000",'',"00000000-0000-0000-0000-000000000e93","00000000-0000-0000-0000-000000000000","00000000-0000-0000-0000-000000000000","00000000-0000-0000-0000-000000000000","00000000-0000-0000-0000-000000000d56","00000000-0000-0000-0000-000000000000","00000000-0000-0000-0000-000000000000" );
INSERT INTO TE_PARM VALUES ( 'count','',0,'','',"00000000-0000-0000-0000-000000000796","00000000-0000-0000-0000-000000000795",'p_count',0,"00000000-0000-0000-0000-000000000034",0,"00000000-0000-0000-0000-000000000000",'',"00000000-0000-0000-0000-000000000e93","00000000-0000-0000-0000-000000000000","00000000-0000-0000-0000-000000000000","00000000-0000-0000-0000-000000000000","00000000-0000-0000-0000-000000000d57","00000000-0000-0000-0000-000000000000","00000000-0000-0000-0000-000000000000" );
INSERT INTO TE_PARM VALUES ( 'phase','',2,'','',"00000000-0000-0000-0000-000000000797","00000000-0000-0000-0000-000000000798",'p_phase',0,"00000000-0000-0000-0000-000000000034",0,"00000000-0000-0000-0000-000000000000",'',"00000000-0000-0000-0000-000000000e93","00000000-0000-0000-0000-000000000000","00000000-0000-0000-0000-000000000000","00000000-0000-0000-0000-000000000000","00000000-0000-0000-0000-000000000d55","00000000-0000-0000-0000-000000000000","00000000-0000-0000-0000-000000000000" );
INSERT INTO TE_PARM VALUES ( 'testnum','',3,'','',"00000000-0000-0000-0000-000000000798","00000000-0000-0000-0000-000000000000",'p_testnum',0,"00000000-0000-0000-0000-000000000034",0,"00000000-0000-0000-0000-000000000000",'',"00000000-0000-0000-0000-000000000e93","00000000-0000-0000-0000-000000000000","00000000-0000-0000-0000-000000000000","00000000-0000-0000-0000-000000000000","00000000-0000-0000-0000-000000000d54","00000000-0000-0000-0000-000000000000","00000000-0000-0000-0000-000000000000" );
INSERT INTO TE_PARM VALUES ( 'duration','',1,'p_count, p_duration, p_phase, p_testnum','count:PARAM.count, duration:PARAM.duration, phase:PARAM.phase, testnum:PARAM.testnum',"00000000-0000-0000-0000-000000000799","00000000-0000-0000-0000-00000000079b",'p_duration',0,"00000000-0000-0000-0000-000000000034",0,"00000000-0000-0000-0000-000000000000",'',"00000000-0000-0000-0000-000000000e91","00000000-0000-0000-0000-000000000000","00000000-0000-0000-0000-000000000000","00000000-0000-0000-0000-000000000000","00000000-0000-0000-0000-000000000d01","00000000-0000-0000-0000-000000000000","00000000-0000-0000-0000-000000000000" );
INSERT INTO TE_PARM VALUES ( 'count','',0,'','',"00000000-0000-0000-0000-00000000079a","00000000-0000-0000-0000-000000000799",'p_count',0,"00000000-0000-0000-0000-000000000034",0,"00000000-0000-0000-0000-000000000000",'',"00000000-0000-0000-0000-000000000e91","00000000-0000-0000-0000-000000000000","00000000-0000-0000-0000-000000000000","00000000-0000-0000-0000-000000000000","00000000-0000-0000-0000-000000000d02","00000000-0000-0000-0000-000000000000","00000000-0000-0000-0000-000000000000" );
INSERT INTO TE_PARM VALUES ( 'phase','',2,'','',"00000000-0000-0000-0000-00000000079b","00000000-0000-0000-0000-00000000079c",'p_phase',0,"00000000-0000-0000-0000-000000000034",0,"00000000-0000-0000-0000-000000000000",'',"00000000-0000-0000-0000-000000000e91","00000000-0000-0000-0000-000000000000","00000000-0000-0000-0000-000000000000","00000000-0000-0000-0000-000000000000","00000000-0000-0000-0000-000000000d00","00000000-0000-0000-0000-000000000000","00000000-0000-0000-0000-000000000000" );
INSERT INTO TE_PARM VALUES ( 'testnum','',3,'','',"00000000-0000-0000-0000-00000000079c","00000000-0000-0000-0000-000000000000",'p_testnum',0,"00000000-0000-0000-0000-000000000034",0,"00000000-0000-0000-0000-000000000000",'',"00000000-0000-0000-0000-000000000e91","00000000-0000-0000-0000-000000000000","00000000-0000-0000-0000-000000000000","00000000-0000-0000-0000-000000000000","00000000-0000-0000-0000-000000000cff","00000000-0000-0000-0000-000000000000","00000000-0000-0000-0000-000000000000" );
INSERT INTO TE_PARM VALUES ( 'duration','',1,'p_count, p_duration, p_phase, p_testnum','count:PARAM.count, duration:PARAM.duration, phase:PARAM.phase, testnum:PARAM.testnum',"00000000-0000-0000-0000-00000000079d","00000000-0000-0000-0000-00000000079f",'p_duration',0,"00000000-0000-0000-0000-000000000034",0,"00000000-0000-0000-0000-000000000000",'',"00000000-0000-0000-0000-000000000e8f","00000000-0000-0000-0000-000000000000","00000000-0000-0000-0000-000000000000","00000000-0000-0000-0000-000000000000","00000000-0000-0000-0000-000000000cb6","00000000-0000-0000-0000-000000000000","00000000-0000-0000-0000-000000000000" );
INSERT INTO TE_PARM VALUES ( 'count','',0,'','',"00000000-0000-0000-0000-00000000079e","00000000-0000-0000-0000-00000000079d",'p_count',0,"00000000-0000-0000-0000-000000000034",0,"00000000-0000-0000-0000-000000000000",'',"00000000-0000-0000-0000-000000000e8f","00000000-0000-0000-0000-000000000000","00000000-0000-0000-0000-000000000000","00000000-0000-0000-0000-000000000000","00000000-0000-0000-0000-000000000cb7","00000000-0000-0000-0000-000000000000","00000000-0000-0000-0000-000000000000" );
INSERT INTO TE_PARM VALUES ( 'phase','',2,'','',"00000000-0000-0000-0000-00000000079f","00000000-0000-0000-0000-0000000007a0",'p_phase',0,"00000000-0000-0000-0000-000000000034",0,"00000000-0000-0000-0000-000000000000",'',"00000000-0000-0000-0000-000000000e8f","00000000-0000-0000-0000-000000000000","00000000-0000-0000-0000-000000000000","00000000-0000-0000-0000-000000000000","00000000-0000-0000-0000-000000000cb5","00000000-0000-0000-0000-000000000000","00000000-0000-0000-0000-000000000000" );
INSERT INTO TE_PARM VALUES ( 'testnum','',3,'','',"00000000-0000-0000-0000-0000000007a0","00000000-0000-0000-0000-000000000000",'p_testnum',0,"00000000-0000-0000-0000-000000000034",0,"00000000-0000-0000-0000-000000000000",'',"00000000-0000-0000-0000-000000000e8f","00000000-0000-0000-0000-000000000000","00000000-0000-0000-0000-000000000000","00000000-0000-0000-0000-000000000000","00000000-0000-0000-0000-000000000cb4","00000000-0000-0000-0000-000000000000","00000000-0000-0000-0000-000000000000" );
INSERT INTO TE_PARM VALUES ( 'duration','',1,'p_count, p_duration, p_phase, p_testnum','count:PARAM.count, duration:PARAM.duration, phase:PARAM.phase, testnum:PARAM.testnum',"00000000-0000-0000-0000-0000000007a1","00000000-0000-0000-0000-0000000007a3",'p_duration',0,"00000000-0000-0000-0000-000000000034",0,"00000000-0000-0000-0000-000000000000",'',"00000000-0000-0000-0000-000000000e8d","00000000-0000-0000-0000-000000000000","00000000-0000-0000-0000-000000000000","00000000-0000-0000-0000-000000000000","00000000-0000-0000-0000-000000000c46","00000000-0000-0000-0000-000000000000","00000000-0000-0000-0000-000000000000" );
INSERT INTO TE_PARM VALUES ( 'count','',0,'','',"00000000-0000-0000-0000-0000000007a2","00000000-0000-0000-0000-0000000007a1",'p_count',0,"00000000-0000-0000-0000-000000000034",0,"00000000-0000-0000-0000-000000000000",'',"00000000-0000-0000-0000-000000000e8d","00000000-0000-0000-0000-000000000000","00000000-0000-0000-0000-000000000000","00000000-0000-0000-0000-000000000000","00000000-0000-0000-0000-000000000c47","00000000-0000-0000-0000-000000000000","00000000-0000-0000-0000-000000000000" );
INSERT INTO TE_PARM VALUES ( 'phase','',2,'','',"00000000-0000-0000-0000-0000000007a3","00000000-0000-0000-0000-0000000007a4",'p_phase',0,"00000000-0000-0000-0000-000000000034",0,"00000000-0000-0000-0000-000000000000",'',"00000000-0000-0000-0000-000000000e8d","00000000-0000-0000-0000-000000000000","00000000-0000-0000-0000-000000000000","00000000-0000-0000-0000-000000000000","00000000-0000-0000-0000-000000000c45","00000000-0000-0000-0000-000000000000","00000000-0000-0000-0000-000000000000" );
INSERT INTO TE_PARM VALUES ( 'testnum','',3,'','',"00000000-0000-0000-0000-0000000007a4","00000000-0000-0000-0000-000000000000",'p_testnum',0,"00000000-0000-0000-0000-000000000034",0,"00000000-0000-0000-0000-000000000000",'',"00000000-0000-0000-0000-000000000e8d","00000000-0000-0000-0000-000000000000","00000000-0000-0000-0000-000000000000","00000000-0000-0000-0000-000000000000","00000000-0000-0000-0000-000000000c44","00000000-0000-0000-0000-000000000000","00000000-0000-0000-0000-000000000000" );
INSERT INTO TE_PARM VALUES ( 'duration','',1,'p_count, p_duration, p_phase, p_testnum','count:PARAM.count, duration:PARAM.duration, phase:PARAM.phase, testnum:PARAM.testnum',"00000000-0000-0000-0000-0000000007a5","00000000-0000-0000-0000-0000000007a7",'p_duration',0,"00000000-0000-0000-0000-000000000034",0,"00000000-0000-0000-0000-000000000000",'',"00000000-0000-0000-0000-000000000e8b","00000000-0000-0000-0000-000000000000","00000000-0000-0000-0000-000000000000","00000000-0000-0000-0000-000000000000","00000000-0000-0000-0000-000000000bd5","00000000-0000-0000-0000-000000000000","00000000-0000-0000-0000-000000000000" );
INSERT INTO TE_PARM VALUES ( 'count','',0,'','',"00000000-0000-0000-0000-0000000007a6","00000000-0000-0000-0000-0000000007a5",'p_count',0,"00000000-0000-0000-0000-000000000034",0,"00000000-0000-0000-0000-000000000000",'',"00000000-0000-0000-0000-000000000e8b","00000000-0000-0000-0000-000000000000","00000000-0000-0000-0000-000000000000","00000000-0000-0000-0000-000000000000","00000000-0000-0000-0000-000000000bd6","00000000-0000-0000-0000-000000000000","00000000-0000-0000-0000-000000000000" );
INSERT INTO TE_PARM VALUES ( 'phase','',2,'','',"00000000-0000-0000-0000-0000000007a7","00000000-0000-0000-0000-0000000007a8",'p_phase',0,"00000000-0000-0000-0000-000000000034",0,"00000000-0000-0000-0000-000000000000",'',"00000000-0000-0000-0000-000000000e8b","00000000-0000-0000-0000-000000000000","00000000-0000-0000-0000-000000000000","00000000-0000-0000-0000-000000000000","00000000-0000-0000-0000-000000000bd4","00000000-0000-0000-0000-000000000000","00000000-0000-0000-0000-000000000000" );
INSERT INTO TE_PARM VALUES ( 'testnum','',3,'','',"00000000-0000-0000-0000-0000000007a8","00000000-0000-0000-0000-000000000000",'p_testnum',0,"00000000-0000-0000-0000-000000000034",0,"00000000-0000-0000-0000-000000000000",'',"00000000-0000-0000-0000-000000000e8b","00000000-0000-0000-0000-000000000000","00000000-0000-0000-0000-000000000000","00000000-0000-0000-0000-000000000000","00000000-0000-0000-0000-000000000bd3","00000000-0000-0000-0000-000000000000","00000000-0000-0000-0000-000000000000" );
INSERT INTO TE_PARM VALUES ( 'duration','',1,'p_count, p_duration, p_phase, p_testnum','count:PARAM.count, duration:PARAM.duration, phase:PARAM.phase, testnum:PARAM.testnum',"00000000-0000-0000-0000-0000000007a9","00000000-0000-0000-0000-0000000007ab",'p_duration',0,"00000000-0000-0000-0000-000000000034",0,"00000000-0000-0000-0000-000000000000",'',"00000000-0000-0000-0000-000000000e89","00000000-0000-0000-0000-000000000000","00000000-0000-0000-0000-000000000000","00000000-0000-0000-0000-000000000000","00000000-0000-0000-0000-000000000b5b","00000000-0000-0000-0000-000000000000","00000000-0000-0000-0000-000000000000" );
INSERT INTO TE_PARM VALUES ( 'count','',0,'','',"00000000-0000-0000-0000-0000000007aa","00000000-0000-0000-0000-0000000007a9",'p_count',0,"00000000-0000-0000-0000-000000000034",0,"00000000-0000-0000-0000-000000000000",'',"00000000-0000-0000-0000-000000000e89","00000000-0000-0000-0000-000000000000","00000000-0000-0000-0000-000000000000","00000000-0000-0000-0000-000000000000","00000000-0000-0000-0000-000000000b5c","00000000-0000-0000-0000-000000000000","00000000-0000-0000-0000-000000000000" );
INSERT INTO TE_PARM VALUES ( 'phase','',2,'','',"00000000-0000-0000-0000-0000000007ab","00000000-0000-0000-0000-0000000007ac",'p_phase',0,"00000000-0000-0000-0000-000000000034",0,"00000000-0000-0000-0000-000000000000",'',"00000000-0000-0000-0000-000000000e89","00000000-0000-0000-0000-000000000000","00000000-0000-0000-0000-000000000000","00000000-0000-0000-0000-000000000000","00000000-0000-0000-0000-000000000b5a","00000000-0000-0000-0000-000000000000","00000000-0000-0000-0000-000000000000" );
INSERT INTO TE_PARM VALUES ( 'testnum','',3,'','',"00000000-0000-0000-0000-0000000007ac","00000000-0000-0000-0000-000000000000",'p_testnum',0,"00000000-0000-0000-0000-000000000034",0,"00000000-0000-0000-0000-000000000000",'',"00000000-0000-0000-0000-000000000e89","00000000-0000-0000-0000-000000000000","00000000-0000-0000-0000-000000000000","00000000-0000-0000-0000-000000000000","00000000-0000-0000-0000-000000000b59","00000000-0000-0000-0000-000000000000","00000000-0000-0000-0000-000000000000" );
INSERT INTO TE_PARM VALUES ( 'duration','',1,'p_count, p_duration, p_phase, p_testnum','count:PARAM.count, duration:PARAM.duration, phase:PARAM.phase, testnum:PARAM.testnum',"00000000-0000-0000-0000-0000000007ad","00000000-0000-0000-0000-0000000007af",'p_duration',0,"00000000-0000-0000-0000-000000000034",0,"00000000-0000-0000-0000-000000000000",'',"00000000-0000-0000-0000-000000000e87","00000000-0000-0000-0000-000000000000","00000000-0000-0000-0000-000000000000","00000000-0000-0000-0000-000000000000","00000000-0000-0000-0000-000000000ae1","00000000-0000-0000-0000-000000000000","00000000-0000-0000-0000-000000000000" );
INSERT INTO TE_PARM VALUES ( 'count','',0,'','',"00000000-0000-0000-0000-0000000007ae","00000000-0000-0000-0000-0000000007ad",'p_count',0,"00000000-0000-0000-0000-000000000034",0,"00000000-0000-0000-0000-000000000000",'',"00000000-0000-0000-0000-000000000e87","00000000-0000-0000-0000-000000000000","00000000-0000-0000-0000-000000000000","00000000-0000-0000-0000-000000000000","00000000-0000-0000-0000-000000000ae2","00000000-0000-0000-0000-000000000000","00000000-0000-0000-0000-000000000000" );
INSERT INTO TE_PARM VALUES ( 'phase','',2,'','',"00000000-0000-0000-0000-0000000007af","00000000-0000-0000-0000-0000000007b0",'p_phase',0,"00000000-0000-0000-0000-000000000034",0,"00000000-0000-0000-0000-000000000000",'',"00000000-0000-0000-0000-000000000e87","00000000-0000-0000-0000-000000000000","00000000-0000-0000-0000-000000000000","00000000-0000-0000-0000-000000000000","00000000-0000-0000-0000-000000000ae0","00000000-0000-0000-0000-000000000000","00000000-0000-0000-0000-000000000000" );
INSERT INTO TE_PARM VALUES ( 'testnum','',3,'','',"00000000-0000-0000-0000-0000000007b0","00000000-0000-0000-0000-000000000000",'p_testnum',0,"00000000-0000-0000-0000-000000000034",0,"00000000-0000-0000-0000-000000000000",'',"00000000-0000-0000-0000-000000000e87","00000000-0000-0000-0000-000000000000","00000000-0000-0000-0000-000000000000","00000000-0000-0000-0000-000000000000","00000000-0000-0000-0000-000000000adf","00000000-0000-0000-0000-000000000000","00000000-0000-0000-0000-000000000000" );
INSERT INTO TE_PARM VALUES ( 'duration','',1,'p_count, p_duration, p_phase, p_testnum','count:PARAM.count, duration:PARAM.duration, phase:PARAM.phase, testnum:PARAM.testnum',"00000000-0000-0000-0000-0000000007b1","00000000-0000-0000-0000-0000000007b3",'p_duration',0,"00000000-0000-0000-0000-000000000034",0,"00000000-0000-0000-0000-000000000000",'',"00000000-0000-0000-0000-000000000e85","00000000-0000-0000-0000-000000000000","00000000-0000-0000-0000-000000000000","00000000-0000-0000-0000-000000000000","00000000-0000-0000-0000-000000000a67","00000000-0000-0000-0000-000000000000","00000000-0000-0000-0000-000000000000" );
INSERT INTO TE_PARM VALUES ( 'count','',0,'','',"00000000-0000-0000-0000-0000000007b2","00000000-0000-0000-0000-0000000007b1",'p_count',0,"00000000-0000-0000-0000-000000000034",0,"00000000-0000-0000-0000-000000000000",'',"00000000-0000-0000-0000-000000000e85","00000000-0000-0000-0000-000000000000","00000000-0000-0000-0000-000000000000","00000000-0000-0000-0000-000000000000","00000000-0000-0000-0000-000000000a68","00000000-0000-0000-0000-000000000000","00000000-0000-0000-0000-000000000000" );
INSERT INTO TE_PARM VALUES ( 'phase','',2,'','',"00000000-0000-0000-0000-0000000007b3","00000000-0000-0000-0000-0000000007b4",'p_phase',0,"00000000-0000-0000-0000-000000000034",0,"00000000-0000-0000-0000-000000000000",'',"00000000-0000-0000-0000-000000000e85","00000000-0000-0000-0000-000000000000","00000000-0000-0000-0000-000000000000","00000000-0000-0000-0000-000000000000","00000000-0000-0000-0000-000000000a66","00000000-0000-0000-0000-000000000000","00000000-0000-0000-0000-000000000000" );
INSERT INTO TE_PARM VALUES ( 'testnum','',3,'','',"00000000-0000-0000-0000-0000000007b4","00000000-0000-0000-0000-000000000000",'p_testnum',0,"00000000-0000-0000-0000-000000000034",0,"00000000-0000-0000-0000-000000000000",'',"00000000-0000-0000-0000-000000000e85","00000000-0000-0000-0000-000000000000","00000000-0000-0000-0000-000000000000","00000000-0000-0000-0000-000000000000","00000000-0000-0000-0000-000000000a65","00000000-0000-0000-0000-000000000000","00000000-0000-0000-0000-000000000000" );
INSERT INTO TE_PARM VALUES ( 'duration','',1,'p_count, p_duration, p_phase, p_testnum','count:PARAM.count, duration:PARAM.duration, phase:PARAM.phase, testnum:PARAM.testnum',"00000000-0000-0000-0000-0000000007b5","00000000-0000-0000-0000-0000000007b7",'p_duration',0,"00000000-0000-0000-0000-000000000034",0,"00000000-0000-0000-0000-000000000000",'',"00000000-0000-0000-0000-000000000e83","00000000-0000-0000-0000-000000000000","00000000-0000-0000-0000-000000000000","00000000-0000-0000-0000-000000000000","00000000-0000-0000-0000-0000000009fa","00000000-0000-0000-0000-000000000000","00000000-0000-0000-0000-000000000000" );
INSERT INTO TE_PARM VALUES ( 'count','',0,'','',"00000000-0000-0000-0000-0000000007b6","00000000-0000-0000-0000-0000000007b5",'p_count',0,"00000000-0000-0000-0000-000000000034",0,"00000000-0000-0000-0000-000000000000",'',"00000000-0000-0000-0000-000000000e83","00000000-0000-0000-0000-000000000000","00000000-0000-0000-0000-000000000000","00000000-0000-0000-0000-000000000000","00000000-0000-0000-0000-0000000009fb","00000000-0000-0000-0000-000000000000","00000000-0000-0000-0000-000000000000" );
INSERT INTO TE_PARM VALUES ( 'phase','',2,'','',"00000000-0000-0000-0000-0000000007b7","00000000-0000-0000-0000-0000000007b8",'p_phase',0,"00000000-0000-0000-0000-000000000034",0,"00000000-0000-0000-0000-000000000000",'',"00000000-0000-0000-0000-000000000e83","00000000-0000-0000-0000-000000000000","00000000-0000-0000-0000-000000000000","00000000-0000-0000-0000-000000000000","00000000-0000-0000-0000-0000000009f9","00000000-0000-0000-0000-000000000000","00000000-0000-0000-0000-000000000000" );
INSERT INTO TE_PARM VALUES ( 'testnum','',3,'','',"00000000-0000-0000-0000-0000000007b8","00000000-0000-0000-0000-000000000000",'p_testnum',0,"00000000-0000-0000-0000-000000000034",0,"00000000-0000-0000-0000-000000000000",'',"00000000-0000-0000-0000-000000000e83","00000000-0000-0000-0000-000000000000","00000000-0000-0000-0000-000000000000","00000000-0000-0000-0000-000000000000","00000000-0000-0000-0000-0000000009f8","00000000-0000-0000-0000-000000000000","00000000-0000-0000-0000-000000000000" );
INSERT INTO TE_PARM VALUES ( 'duration','',1,'p_count, p_duration, p_phase, p_testnum','count:PARAM.count, duration:PARAM.duration, phase:PARAM.phase, testnum:PARAM.testnum',"00000000-0000-0000-0000-0000000007b9","00000000-0000-0000-0000-0000000007bb",'p_duration',0,"00000000-0000-0000-0000-000000000034",0,"00000000-0000-0000-0000-000000000000",'',"00000000-0000-0000-0000-000000000e81","00000000-0000-0000-0000-000000000000","00000000-0000-0000-0000-000000000000","00000000-0000-0000-0000-000000000000","00000000-0000-0000-0000-000000000991","00000000-0000-0000-0000-000000000000","00000000-0000-0000-0000-000000000000" );
INSERT INTO TE_PARM VALUES ( 'count','',0,'','',"00000000-0000-0000-0000-0000000007ba","00000000-0000-0000-0000-0000000007b9",'p_count',0,"00000000-0000-0000-0000-000000000034",0,"00000000-0000-0000-0000-000000000000",'',"00000000-0000-0000-0000-000000000e81","00000000-0000-0000-0000-000000000000","00000000-0000-0000-0000-000000000000","00000000-0000-0000-0000-000000000000","00000000-0000-0000-0000-000000000992","00000000-0000-0000-0000-000000000000","00000000-0000-0000-0000-000000000000" );
INSERT INTO TE_PARM VALUES ( 'phase','',2,'','',"00000000-0000-0000-0000-0000000007bb","00000000-0000-0000-0000-0000000007bc",'p_phase',0,"00000000-0000-0000-0000-000000000034",0,"00000000-0000-0000-0000-000000000000",'',"00000000-0000-0000-0000-000000000e81","00000000-0000-0000-0000-000000000000","00000000-0000-0000-0000-000000000000","00000000-0000-0000-0000-000000000000","00000000-0000-0000-0000-000000000990","00000000-0000-0000-0000-000000000000","00000000-0000-0000-0000-000000000000" );
INSERT INTO TE_PARM VALUES ( 'testnum','',3,'','',"00000000-0000-0000-0000-0000000007bc","00000000-0000-0000-0000-000000000000",'p_testnum',0,"00000000-0000-0000-0000-000000000034",0,"00000000-0000-0000-0000-000000000000",'',"00000000-0000-0000-0000-000000000e81","00000000-0000-0000-0000-000000000000","00000000-0000-0000-0000-000000000000","00000000-0000-0000-0000-000000000000","00000000-0000-0000-0000-00000000098f","00000000-0000-0000-0000-000000000000","00000000-0000-0000-0000-000000000000" );
INSERT INTO TE_PARM VALUES ( 'duration','',1,'p_count, p_duration, p_phase, p_testnum','count:PARAM.count, duration:PARAM.duration, phase:PARAM.phase, testnum:PARAM.testnum',"00000000-0000-0000-0000-0000000007bd","00000000-0000-0000-0000-0000000007bf",'p_duration',0,"00000000-0000-0000-0000-000000000034",0,"00000000-0000-0000-0000-000000000000",'',"00000000-0000-0000-0000-000000000e7f","00000000-0000-0000-0000-000000000000","00000000-0000-0000-0000-000000000000","00000000-0000-0000-0000-000000000000","00000000-0000-0000-0000-000000000928","00000000-0000-0000-0000-000000000000","00000000-0000-0000-0000-000000000000" );
INSERT INTO TE_PARM VALUES ( 'count','',0,'','',"00000000-0000-0000-0000-0000000007be","00000000-0000-0000-0000-0000000007bd",'p_count',0,"00000000-0000-0000-0000-000000000034",0,"00000000-0000-0000-0000-000000000000",'',"00000000-0000-0000-0000-000000000e7f","00000000-0000-0000-0000-000000000000","00000000-0000-0000-0000-000000000000","00000000-0000-0000-0000-000000000000","00000000-0000-0000-0000-000000000929","00000000-0000-0000-0000-000000000000","00000000-0000-0000-0000-000000000000" );
INSERT INTO TE_PARM VALUES ( 'phase','',2,'','',"00000000-0000-0000-0000-0000000007bf","00000000-0000-0000-0000-0000000007c0",'p_phase',0,"00000000-0000-0000-0000-000000000034",0,"00000000-0000-0000-0000-000000000000",'',"00000000-0000-0000-0000-000000000e7f","00000000-0000-0000-0000-000000000000","00000000-0000-0000-0000-000000000000","00000000-0000-0000-0000-000000000000","00000000-0000-0000-0000-000000000927","00000000-0000-0000-0000-000000000000","00000000-0000-0000-0000-000000000000" );
INSERT INTO TE_PARM VALUES ( 'testnum','',3,'','',"00000000-0000-0000-0000-0000000007c0","00000000-0000-0000-0000-000000000000",'p_testnum',0,"00000000-0000-0000-0000-000000000034",0,"00000000-0000-0000-0000-000000000000",'',"00000000-0000-0000-0000-000000000e7f","00000000-0000-0000-0000-000000000000","00000000-0000-0000-0000-000000000000","00000000-0000-0000-0000-000000000000","00000000-0000-0000-0000-000000000926","00000000-0000-0000-0000-000000000000","00000000-0000-0000-0000-000000000000" );
INSERT INTO TE_PARM VALUES ( 'duration','',1,'p_count, p_duration, p_phase, p_testnum','count:PARAM.count, duration:PARAM.duration, phase:PARAM.phase, testnum:PARAM.testnum',"00000000-0000-0000-0000-0000000007c1","00000000-0000-0000-0000-0000000007c3",'p_duration',0,"00000000-0000-0000-0000-000000000034",0,"00000000-0000-0000-0000-000000000000",'',"00000000-0000-0000-0000-000000000e7d","00000000-0000-0000-0000-000000000000","00000000-0000-0000-0000-000000000000","00000000-0000-0000-0000-000000000000","00000000-0000-0000-0000-0000000008bf","00000000-0000-0000-0000-000000000000","00000000-0000-0000-0000-000000000000" );
INSERT INTO TE_PARM VALUES ( 'count','',0,'','',"00000000-0000-0000-0000-0000000007c2","00000000-0000-0000-0000-0000000007c1",'p_count',0,"00000000-0000-0000-0000-000000000034",0,"00000000-0000-0000-0000-000000000000",'',"00000000-0000-0000-0000-000000000e7d","00000000-0000-0000-0000-000000000000","00000000-0000-0000-0000-000000000000","00000000-0000-0000-0000-000000000000","00000000-0000-0000-0000-0000000008c0","00000000-0000-0000-0000-000000000000","00000000-0000-0000-0000-000000000000" );
INSERT INTO TE_PARM VALUES ( 'phase','',2,'','',"00000000-0000-0000-0000-0000000007c3","00000000-0000-0000-0000-0000000007c4",'p_phase',0,"00000000-0000-0000-0000-000000000034",0,"00000000-0000-0000-0000-000000000000",'',"00000000-0000-0000-0000-000000000e7d","00000000-0000-0000-0000-000000000000","00000000-0000-0000-0000-000000000000","00000000-0000-0000-0000-000000000000","00000000-0000-0000-0000-0000000008be","00000000-0000-0000-0000-000000000000","00000000-0000-0000-0000-000000000000" );
INSERT INTO TE_PARM VALUES ( 'testnum','',3,'','',"00000000-0000-0000-0000-0000000007c4","00000000-0000-0000-0000-000000000000",'p_testnum',0,"00000000-0000-0000-0000-000000000034",0,"00000000-0000-0000-0000-000000000000",'',"00000000-0000-0000-0000-000000000e7d","00000000-0000-0000-0000-000000000000","00000000-0000-0000-0000-000000000000","00000000-0000-0000-0000-000000000000","00000000-0000-0000-0000-0000000008bd","00000000-0000-0000-0000-000000000000","00000000-0000-0000-0000-000000000000" );
INSERT INTO TE_PARM VALUES ( 'duration','',1,'p_count, p_duration, p_phase, p_testnum','count:PARAM.count, duration:PARAM.duration, phase:PARAM.phase, testnum:PARAM.testnum',"00000000-0000-0000-0000-0000000007c5","00000000-0000-0000-0000-0000000007c7",'p_duration',0,"00000000-0000-0000-0000-000000000034",0,"00000000-0000-0000-0000-000000000000",'',"00000000-0000-0000-0000-000000000e7b","00000000-0000-0000-0000-000000000000","00000000-0000-0000-0000-000000000000","00000000-0000-0000-0000-000000000000","00000000-0000-0000-0000-000000000855","00000000-0000-0000-0000-000000000000","00000000-0000-0000-0000-000000000000" );
INSERT INTO TE_PARM VALUES ( 'count','',0,'','',"00000000-0000-0000-0000-0000000007c6","00000000-0000-0000-0000-0000000007c5",'p_count',0,"00000000-0000-0000-0000-000000000034",0,"00000000-0000-0000-0000-000000000000",'',"00000000-0000-0000-0000-000000000e7b","00000000-0000-0000-0000-000000000000","00000000-0000-0000-0000-000000000000","00000000-0000-0000-0000-000000000000","00000000-0000-0000-0000-000000000856","00000000-0000-0000-0000-000000000000","00000000-0000-0000-0000-000000000000" );
INSERT INTO TE_PARM VALUES ( 'phase','',2,'','',"00000000-0000-0000-0000-0000000007c7","00000000-0000-0000-0000-0000000007c8",'p_phase',0,"00000000-0000-0000-0000-000000000034",0,"00000000-0000-0000-0000-000000000000",'',"00000000-0000-0000-0000-000000000e7b","00000000-0000-0000-0000-000000000000","00000000-0000-0000-0000-000000000000","00000000-0000-0000-0000-000000000000","00000000-0000-0000-0000-000000000854","00000000-0000-0000-0000-000000000000","00000000-0000-0000-0000-000000000000" );
INSERT INTO TE_PARM VALUES ( 'testnum','',3,'','',"00000000-0000-0000-0000-0000000007c8","00000000-0000-0000-0000-000000000000",'p_testnum',0,"00000000-0000-0000-0000-000000000034",0,"00000000-0000-0000-0000-000000000000",'',"00000000-0000-0000-0000-000000000e7b","00000000-0000-0000-0000-000000000000","00000000-0000-0000-0000-000000000000","00000000-0000-0000-0000-000000000000","00000000-0000-0000-0000-000000000853","00000000-0000-0000-0000-000000000000","00000000-0000-0000-0000-000000000000" );
INSERT INTO TE_PARM VALUES ( 'duration','',1,'p_count, p_duration, p_phase, p_testnum','count:PARAM.count, duration:PARAM.duration, phase:PARAM.phase, testnum:PARAM.testnum',"00000000-0000-0000-0000-0000000007c9","00000000-0000-0000-0000-0000000007cb",'p_duration',0,"00000000-0000-0000-0000-000000000034",0,"00000000-0000-0000-0000-000000000000",'',"00000000-0000-0000-0000-000000000e79","00000000-0000-0000-0000-000000000000","00000000-0000-0000-0000-000000000000","00000000-0000-0000-0000-000000000000","00000000-0000-0000-0000-0000000007d2","00000000-0000-0000-0000-000000000000","00000000-0000-0000-0000-000000000000" );
INSERT INTO TE_PARM VALUES ( 'count','',0,'','',"00000000-0000-0000-0000-0000000007ca","00000000-0000-0000-0000-0000000007c9",'p_count',0,"00000000-0000-0000-0000-000000000034",0,"00000000-0000-0000-0000-000000000000",'',"00000000-0000-0000-0000-000000000e79","00000000-0000-0000-0000-000000000000","00000000-0000-0000-0000-000000000000","00000000-0000-0000-0000-000000000000","00000000-0000-0000-0000-0000000007d3","00000000-0000-0000-0000-000000000000","00000000-0000-0000-0000-000000000000" );
INSERT INTO TE_PARM VALUES ( 'phase','',2,'','',"00000000-0000-0000-0000-0000000007cb","00000000-0000-0000-0000-0000000007cc",'p_phase',0,"00000000-0000-0000-0000-000000000034",0,"00000000-0000-0000-0000-000000000000",'',"00000000-0000-0000-0000-000000000e79","00000000-0000-0000-0000-000000000000","00000000-0000-0000-0000-000000000000","00000000-0000-0000-0000-000000000000","00000000-0000-0000-0000-0000000007d1","00000000-0000-0000-0000-000000000000","00000000-0000-0000-0000-000000000000" );
INSERT INTO TE_PARM VALUES ( 'testnum','',3,'','',"00000000-0000-0000-0000-0000000007cc","00000000-0000-0000-0000-000000000000",'p_testnum',0,"00000000-0000-0000-0000-000000000034",0,"00000000-0000-0000-0000-000000000000",'',"00000000-0000-0000-0000-000000000e79","00000000-0000-0000-0000-000000000000","00000000-0000-0000-0000-000000000000","00000000-0000-0000-0000-000000000000","00000000-0000-0000-0000-0000000007d0","00000000-0000-0000-0000-000000000000","00000000-0000-0000-0000-000000000000" );
INSERT INTO TE_PARM VALUES ( 'duration','',1,'p_count, p_duration, p_phase, p_testnum','count:PARAM.count, duration:PARAM.duration, phase:PARAM.phase, testnum:PARAM.testnum',"00000000-0000-0000-0000-0000000007cd","00000000-0000-0000-0000-0000000007cf",'p_duration',0,"00000000-0000-0000-0000-000000000034",0,"00000000-0000-0000-0000-000000000000",'',"00000000-0000-0000-0000-000000000e77","00000000-0000-0000-0000-000000000000","00000000-0000-0000-0000-000000000000","00000000-0000-0000-0000-000000000000","00000000-0000-0000-0000-000000000763","00000000-0000-0000-0000-000000000000","00000000-0000-0000-0000-000000000000" );
INSERT INTO TE_PARM VALUES ( 'count','',0,'','',"00000000-0000-0000-0000-0000000007ce","00000000-0000-0000-0000-0000000007cd",'p_count',0,"00000000-0000-0000-0000-000000000034",0,"00000000-0000-0000-0000-000000000000",'',"00000000-0000-0000-0000-000000000e77","00000000-0000-0000-0000-000000000000","00000000-0000-0000-0000-000000000000","00000000-0000-0000-0000-000000000000","00000000-0000-0000-0000-000000000764","00000000-0000-0000-0000-000000000000","00000000-0000-0000-0000-000000000000" );
INSERT INTO TE_PARM VALUES ( 'phase','',2,'','',"00000000-0000-0000-0000-0000000007cf","00000000-0000-0000-0000-0000000007d0",'p_phase',0,"00000000-0000-0000-0000-000000000034",0,"00000000-0000-0000-0000-000000000000",'',"00000000-0000-0000-0000-000000000e77","00000000-0000-0000-0000-000000000000","00000000-0000-0000-0000-000000000000","00000000-0000-0000-0000-000000000000","00000000-0000-0000-0000-000000000762","00000000-0000-0000-0000-000000000000","00000000-0000-0000-0000-000000000000" );
INSERT INTO TE_PARM VALUES ( 'testnum','',3,'','',"00000000-0000-0000-0000-0000000007d0","00000000-0000-0000-0000-000000000000",'p_testnum',0,"00000000-0000-0000-0000-000000000034",0,"00000000-0000-0000-0000-000000000000",'',"00000000-0000-0000-0000-000000000e77","00000000-0000-0000-0000-000000000000","00000000-0000-0000-0000-000000000000","00000000-0000-0000-0000-000000000000","00000000-0000-0000-0000-000000000761","00000000-0000-0000-0000-000000000000","00000000-0000-0000-0000-000000000000" );
INSERT INTO TE_PARM VALUES ( 'duration','',1,'p_count, p_duration, p_phase, p_testnum','count:PARAM.count, duration:PARAM.duration, phase:PARAM.phase, testnum:PARAM.testnum',"00000000-0000-0000-0000-0000000007d1","00000000-0000-0000-0000-0000000007d3",'p_duration',0,"00000000-0000-0000-0000-000000000034",0,"00000000-0000-0000-0000-000000000000",'',"00000000-0000-0000-0000-000000000e75","00000000-0000-0000-0000-000000000000","00000000-0000-0000-0000-000000000000","00000000-0000-0000-0000-000000000000","00000000-0000-0000-0000-000000000709","00000000-0000-0000-0000-000000000000","00000000-0000-0000-0000-000000000000" );
INSERT INTO TE_PARM VALUES ( 'count','',0,'','',"00000000-0000-0000-0000-0000000007d2","00000000-0000-0000-0000-0000000007d1",'p_count',0,"00000000-0000-0000-0000-000000000034",0,"00000000-0000-0000-0000-000000000000",'',"00000000-0000-0000-0000-000000000e75","00000000-0000-0000-0000-000000000000","00000000-0000-0000-0000-000000000000","00000000-0000-0000-0000-000000000000","00000000-0000-0000-0000-00000000070a","00000000-0000-0000-0000-000000000000","00000000-0000-0000-0000-000000000000" );
INSERT INTO TE_PARM VALUES ( 'phase','',2,'','',"00000000-0000-0000-0000-0000000007d3","00000000-0000-0000-0000-0000000007d4",'p_phase',0,"00000000-0000-0000-0000-000000000034",0,"00000000-0000-0000-0000-000000000000",'',"00000000-0000-0000-0000-000000000e75","00000000-0000-0000-0000-000000000000","00000000-0000-0000-0000-000000000000","00000000-0000-0000-0000-000000000000","00000000-0000-0000-0000-000000000708","00000000-0000-0000-0000-000000000000","00000000-0000-0000-0000-000000000000" );
INSERT INTO TE_PARM VALUES ( 'testnum','',3,'','',"00000000-0000-0000-0000-0000000007d4","00000000-0000-0000-0000-000000000000",'p_testnum',0,"00000000-0000-0000-0000-000000000034",0,"00000000-0000-0000-0000-000000000000",'',"00000000-0000-0000-0000-000000000e75","00000000-0000-0000-0000-000000000000","00000000-0000-0000-0000-000000000000","00000000-0000-0000-0000-000000000000","00000000-0000-0000-0000-000000000707","00000000-0000-0000-0000-000000000000","00000000-0000-0000-0000-000000000000" );
INSERT INTO TE_PARM VALUES ( 'duration','',1,'p_count, p_duration, p_phase, p_testnum','count:PARAM.count, duration:PARAM.duration, phase:PARAM.phase, testnum:PARAM.testnum',"00000000-0000-0000-0000-0000000007d5","00000000-0000-0000-0000-0000000007d7",'p_duration',0,"00000000-0000-0000-0000-000000000034",0,"00000000-0000-0000-0000-000000000000",'',"00000000-0000-0000-0000-000000000e73","00000000-0000-0000-0000-000000000000","00000000-0000-0000-0000-000000000000","00000000-0000-0000-0000-000000000000","00000000-0000-0000-0000-0000000006af","00000000-0000-0000-0000-000000000000","00000000-0000-0000-0000-000000000000" );
INSERT INTO TE_PARM VALUES ( 'count','',0,'','',"00000000-0000-0000-0000-0000000007d6","00000000-0000-0000-0000-0000000007d5",'p_count',0,"00000000-0000-0000-0000-000000000034",0,"00000000-0000-0000-0000-000000000000",'',"00000000-0000-0000-0000-000000000e73","00000000-0000-0000-0000-000000000000","00000000-0000-0000-0000-000000000000","00000000-0000-0000-0000-000000000000","00000000-0000-0000-0000-0000000006b0","00000000-0000-0000-0000-000000000000","00000000-0000-0000-0000-000000000000" );
INSERT INTO TE_PARM VALUES ( 'phase','',2,'','',"00000000-0000-0000-0000-0000000007d7","00000000-0000-0000-0000-0000000007d8",'p_phase',0,"00000000-0000-0000-0000-000000000034",0,"00000000-0000-0000-0000-000000000000",'',"00000000-0000-0000-0000-000000000e73","00000000-0000-0000-0000-000000000000","00000000-0000-0000-0000-000000000000","00000000-0000-0000-0000-000000000000","00000000-0000-0000-0000-0000000006ae","00000000-0000-0000-0000-000000000000","00000000-0000-0000-0000-000000000000" );
INSERT INTO TE_PARM VALUES ( 'testnum','',3,'','',"00000000-0000-0000-0000-0000000007d8","00000000-0000-0000-0000-000000000000",'p_testnum',0,"00000000-0000-0000-0000-000000000034",0,"00000000-0000-0000-0000-000000000000",'',"00000000-0000-0000-0000-000000000e73","00000000-0000-0000-0000-000000000000","00000000-0000-0000-0000-000000000000","00000000-0000-0000-0000-000000000000","00000000-0000-0000-0000-0000000006ad","00000000-0000-0000-0000-000000000000","00000000-0000-0000-0000-000000000000" );
INSERT INTO TE_PARM VALUES ( 'duration','',1,'p_count, p_duration, p_phase, p_testnum','count:PARAM.count, duration:PARAM.duration, phase:PARAM.phase, testnum:PARAM.testnum',"00000000-0000-0000-0000-0000000007d9","00000000-0000-0000-0000-0000000007db",'p_duration',0,"00000000-0000-0000-0000-000000000034",0,"00000000-0000-0000-0000-000000000000",'',"00000000-0000-0000-0000-000000000e71","00000000-0000-0000-0000-000000000000","00000000-0000-0000-0000-000000000000","00000000-0000-0000-0000-000000000000","00000000-0000-0000-0000-000000000657","00000000-0000-0000-0000-000000000000","00000000-0000-0000-0000-000000000000" );
INSERT INTO TE_PARM VALUES ( 'count','',0,'','',"00000000-0000-0000-0000-0000000007da","00000000-0000-0000-0000-0000000007d9",'p_count',0,"00000000-0000-0000-0000-000000000034",0,"00000000-0000-0000-0000-000000000000",'',"00000000-0000-0000-0000-000000000e71","00000000-0000-0000-0000-000000000000","00000000-0000-0000-0000-000000000000","00000000-0000-0000-0000-000000000000","00000000-0000-0000-0000-000000000658","00000000-0000-0000-0000-000000000000","00000000-0000-0000-0000-000000000000" );
INSERT INTO TE_PARM VALUES ( 'phase','',2,'','',"00000000-0000-0000-0000-0000000007db","00000000-0000-0000-0000-0000000007dc",'p_phase',0,"00000000-0000-0000-0000-000000000034",0,"00000000-0000-0000-0000-000000000000",'',"00000000-0000-0000-0000-000000000e71","00000000-0000-0000-0000-000000000000","00000000-0000-0000-0000-000000000000","00000000-0000-0000-0000-000000000000","00000000-0000-0000-0000-000000000656","00000000-0000-0000-0000-000000000000","00000000-0000-0000-0000-000000000000" );
INSERT INTO TE_PARM VALUES ( 'testnum','',3,'','',"00000000-0000-0000-0000-0000000007dc","00000000-0000-0000-0000-000000000000",'p_testnum',0,"00000000-0000-0000-0000-000000000034",0,"00000000-0000-0000-0000-000000000000",'',"00000000-0000-0000-0000-000000000e71","00000000-0000-0000-0000-000000000000","00000000-0000-0000-0000-000000000000","00000000-0000-0000-0000-000000000000","00000000-0000-0000-0000-000000000655","00000000-0000-0000-0000-000000000000","00000000-0000-0000-0000-000000000000" );
INSERT INTO TE_PARM VALUES ( 'duration','',1,'p_count, p_duration, p_phase, p_testnum','count:PARAM.count, duration:PARAM.duration, phase:PARAM.phase, testnum:PARAM.testnum',"00000000-0000-0000-0000-0000000007dd","00000000-0000-0000-0000-0000000007df",'p_duration',0,"00000000-0000-0000-0000-000000000034",0,"00000000-0000-0000-0000-000000000000",'',"00000000-0000-0000-0000-000000000e6f","00000000-0000-0000-0000-000000000000","00000000-0000-0000-0000-000000000000","00000000-0000-0000-0000-000000000000","00000000-0000-0000-0000-000000000610","00000000-0000-0000-0000-000000000000","00000000-0000-0000-0000-000000000000" );
INSERT INTO TE_PARM VALUES ( 'count','',0,'','',"00000000-0000-0000-0000-0000000007de","00000000-0000-0000-0000-0000000007dd",'p_count',0,"00000000-0000-0000-0000-000000000034",0,"00000000-0000-0000-0000-000000000000",'',"00000000-0000-0000-0000-000000000e6f","00000000-0000-0000-0000-000000000000","00000000-0000-0000-0000-000000000000","00000000-0000-0000-0000-000000000000","00000000-0000-0000-0000-000000000611","00000000-0000-0000-0000-000000000000","00000000-0000-0000-0000-000000000000" );
INSERT INTO TE_PARM VALUES ( 'phase','',2,'','',"00000000-0000-0000-0000-0000000007df","00000000-0000-0000-0000-0000000007e0",'p_phase',0,"00000000-0000-0000-0000-000000000034",0,"00000000-0000-0000-0000-000000000000",'',"00000000-0000-0000-0000-000000000e6f","00000000-0000-0000-0000-000000000000","00000000-0000-0000-0000-000000000000","00000000-0000-0000-0000-000000000000","00000000-0000-0000-0000-00000000060f","00000000-0000-0000-0000-000000000000","00000000-0000-0000-0000-000000000000" );
INSERT INTO TE_PARM VALUES ( 'testnum','',3,'','',"00000000-0000-0000-0000-0000000007e0","00000000-0000-0000-0000-000000000000",'p_testnum',0,"00000000-0000-0000-0000-000000000034",0,"00000000-0000-0000-0000-000000000000",'',"00000000-0000-0000-0000-000000000e6f","00000000-0000-0000-0000-000000000000","00000000-0000-0000-0000-000000000000","00000000-0000-0000-0000-000000000000","00000000-0000-0000-0000-00000000060e","00000000-0000-0000-0000-000000000000","00000000-0000-0000-0000-000000000000" );
INSERT INTO TE_PARM VALUES ( 'duration','',1,'p_count, p_duration, p_phase, p_testnum','count:PARAM.count, duration:PARAM.duration, phase:PARAM.phase, testnum:PARAM.testnum',"00000000-0000-0000-0000-0000000007e1","00000000-0000-0000-0000-0000000007e3",'p_duration',0,"00000000-0000-0000-0000-000000000034",0,"00000000-0000-0000-0000-000000000000",'',"00000000-0000-0000-0000-000000000e6d","00000000-0000-0000-0000-000000000000","00000000-0000-0000-0000-000000000000","00000000-0000-0000-0000-000000000000","00000000-0000-0000-0000-0000000005d5","00000000-0000-0000-0000-000000000000","00000000-0000-0000-0000-000000000000" );
INSERT INTO TE_PARM VALUES ( 'count','',0,'','',"00000000-0000-0000-0000-0000000007e2","00000000-0000-0000-0000-0000000007e1",'p_count',0,"00000000-0000-0000-0000-000000000034",0,"00000000-0000-0000-0000-000000000000",'',"00000000-0000-0000-0000-000000000e6d","00000000-0000-0000-0000-000000000000","00000000-0000-0000-0000-000000000000","00000000-0000-0000-0000-000000000000","00000000-0000-0000-0000-0000000005d6","00000000-0000-0000-0000-000000000000","00000000-0000-0000-0000-000000000000" );
INSERT INTO TE_PARM VALUES ( 'phase','',2,'','',"00000000-0000-0000-0000-0000000007e3","00000000-0000-0000-0000-0000000007e4",'p_phase',0,"00000000-0000-0000-0000-000000000034",0,"00000000-0000-0000-0000-000000000000",'',"00000000-0000-0000-0000-000000000e6d","00000000-0000-0000-0000-000000000000","00000000-0000-0000-0000-000000000000","00000000-0000-0000-0000-000000000000","00000000-0000-0000-0000-0000000005d4","00000000-0000-0000-0000-000000000000","00000000-0000-0000-0000-000000000000" );
INSERT INTO TE_PARM VALUES ( 'testnum','',3,'','',"00000000-0000-0000-0000-0000000007e4","00000000-0000-0000-0000-000000000000",'p_testnum',0,"00000000-0000-0000-0000-000000000034",0,"00000000-0000-0000-0000-000000000000",'',"00000000-0000-0000-0000-000000000e6d","00000000-0000-0000-0000-000000000000","00000000-0000-0000-0000-000000000000","00000000-0000-0000-0000-000000000000","00000000-0000-0000-0000-0000000005d3","00000000-0000-0000-0000-000000000000","00000000-0000-0000-0000-000000000000" );
INSERT INTO TE_PARM VALUES ( 'duration','',1,'p_count, p_duration, p_phase, p_testnum','count:PARAM.count, duration:PARAM.duration, phase:PARAM.phase, testnum:PARAM.testnum',"00000000-0000-0000-0000-0000000007e5","00000000-0000-0000-0000-0000000007e7",'p_duration',0,"00000000-0000-0000-0000-000000000034",0,"00000000-0000-0000-0000-000000000000",'',"00000000-0000-0000-0000-000000000e6b","00000000-0000-0000-0000-000000000000","00000000-0000-0000-0000-000000000000","00000000-0000-0000-0000-000000000000","00000000-0000-0000-0000-00000000055e","00000000-0000-0000-0000-000000000000","00000000-0000-0000-0000-000000000000" );
INSERT INTO TE_PARM VALUES ( 'count','',0,'','',"00000000-0000-0000-0000-0000000007e6","00000000-0000-0000-0000-0000000007e5",'p_count',0,"00000000-0000-0000-0000-000000000034",0,"00000000-0000-0000-0000-000000000000",'',"00000000-0000-0000-0000-000000000e6b","00000000-0000-0000-0000-000000000000","00000000-0000-0000-0000-000000000000","00000000-0000-0000-0000-000000000000","00000000-0000-0000-0000-00000000055f","00000000-0000-0000-0000-000000000000","00000000-0000-0000-0000-000000000000" );
INSERT INTO TE_PARM VALUES ( 'phase','',2,'','',"00000000-0000-0000-0000-0000000007e7","00000000-0000-0000-0000-0000000007e8",'p_phase',0,"00000000-0000-0000-0000-000000000034",0,"00000000-0000-0000-0000-000000000000",'',"00000000-0000-0000-0000-000000000e6b","00000000-0000-0000-0000-000000000000","00000000-0000-0000-0000-000000000000","00000000-0000-0000-0000-000000000000","00000000-0000-0000-0000-00000000055d","00000000-0000-0000-0000-000000000000","00000000-0000-0000-0000-000000000000" );
INSERT INTO TE_PARM VALUES ( 'testnum','',3,'','',"00000000-0000-0000-0000-0000000007e8","00000000-0000-0000-0000-000000000000",'p_testnum',0,"00000000-0000-0000-0000-000000000034",0,"00000000-0000-0000-0000-000000000000",'',"00000000-0000-0000-0000-000000000e6b","00000000-0000-0000-0000-000000000000","00000000-0000-0000-0000-000000000000","00000000-0000-0000-0000-000000000000","00000000-0000-0000-0000-00000000055c","00000000-0000-0000-0000-000000000000","00000000-0000-0000-0000-000000000000" );
INSERT INTO TE_PARM VALUES ( 'duration','',1,'p_count, p_duration, p_phase, p_testnum','count:PARAM.count, duration:PARAM.duration, phase:PARAM.phase, testnum:PARAM.testnum',"00000000-0000-0000-0000-0000000007e9","00000000-0000-0000-0000-0000000007eb",'p_duration',0,"00000000-0000-0000-0000-000000000034",0,"00000000-0000-0000-0000-000000000000",'',"00000000-0000-0000-0000-000000000e69","00000000-0000-0000-0000-000000000000","00000000-0000-0000-0000-000000000000","00000000-0000-0000-0000-000000000000","00000000-0000-0000-0000-0000000004eb","00000000-0000-0000-0000-000000000000","00000000-0000-0000-0000-000000000000" );
INSERT INTO TE_PARM VALUES ( 'count','',0,'','',"00000000-0000-0000-0000-0000000007ea","00000000-0000-0000-0000-0000000007e9",'p_count',0,"00000000-0000-0000-0000-000000000034",0,"00000000-0000-0000-0000-000000000000",'',"00000000-0000-0000-0000-000000000e69","00000000-0000-0000-0000-000000000000","00000000-0000-0000-0000-000000000000","00000000-0000-0000-0000-000000000000","00000000-0000-0000-0000-0000000004ec","00000000-0000-0000-0000-000000000000","00000000-0000-0000-0000-000000000000" );
INSERT INTO TE_PARM VALUES ( 'phase','',2,'','',"00000000-0000-0000-0000-0000000007eb","00000000-0000-0000-0000-0000000007ec",'p_phase',0,"00000000-0000-0000-0000-000000000034",0,"00000000-0000-0000-0000-000000000000",'',"00000000-0000-0000-0000-000000000e69","00000000-0000-0000-0000-000000000000","00000000-0000-0000-0000-000000000000","00000000-0000-0000-0000-000000000000","00000000-0000-0000-0000-0000000004ea","00000000-0000-0000-0000-000000000000","00000000-0000-0000-0000-000000000000" );
INSERT INTO TE_PARM VALUES ( 'testnum','',3,'','',"00000000-0000-0000-0000-0000000007ec","00000000-0000-0000-0000-000000000000",'p_testnum',0,"00000000-0000-0000-0000-000000000034",0,"00000000-0000-0000-0000-000000000000",'',"00000000-0000-0000-0000-000000000e69","00000000-0000-0000-0000-000000000000","00000000-0000-0000-0000-000000000000","00000000-0000-0000-0000-000000000000","00000000-0000-0000-0000-0000000004e9","00000000-0000-0000-0000-000000000000","00000000-0000-0000-0000-000000000000" );
INSERT INTO TE_PARM VALUES ( 'duration','',1,'p_count, p_duration, p_phase, p_testnum','count:PARAM.count, duration:PARAM.duration, phase:PARAM.phase, testnum:PARAM.testnum',"00000000-0000-0000-0000-0000000007ed","00000000-0000-0000-0000-0000000007ef",'p_duration',0,"00000000-0000-0000-0000-000000000034",0,"00000000-0000-0000-0000-000000000000",'',"00000000-0000-0000-0000-000000000ea0","00000000-0000-0000-0000-000000000000","00000000-0000-0000-0000-000000000000","00000000-0000-0000-0000-000000000000","00000000-0000-0000-0000-0000000004b0","00000000-0000-0000-0000-000000000000","00000000-0000-0000-0000-000000000000" );
INSERT INTO TE_PARM VALUES ( 'count','',0,'','',"00000000-0000-0000-0000-0000000007ee","00000000-0000-0000-0000-0000000007ed",'p_count',0,"00000000-0000-0000-0000-000000000034",0,"00000000-0000-0000-0000-000000000000",'',"00000000-0000-0000-0000-000000000ea0","00000000-0000-0000-0000-000000000000","00000000-0000-0000-0000-000000000000","00000000-0000-0000-0000-000000000000","00000000-0000-0000-0000-0000000004b1","00000000-0000-0000-0000-000000000000","00000000-0000-0000-0000-000000000000" );
INSERT INTO TE_PARM VALUES ( 'phase','',2,'','',"00000000-0000-0000-0000-0000000007ef","00000000-0000-0000-0000-0000000007f0",'p_phase',0,"00000000-0000-0000-0000-000000000034",0,"00000000-0000-0000-0000-000000000000",'',"00000000-0000-0000-0000-000000000ea0","00000000-0000-0000-0000-000000000000","00000000-0000-0000-0000-000000000000","00000000-0000-0000-0000-000000000000","00000000-0000-0000-0000-0000000004af","00000000-0000-0000-0000-000000000000","00000000-0000-0000-0000-000000000000" );
INSERT INTO TE_PARM VALUES ( 'testnum','',3,'','',"00000000-0000-0000-0000-0000000007f0","00000000-0000-0000-0000-000000000000",'p_testnum',0,"00000000-0000-0000-0000-000000000034",0,"00000000-0000-0000-0000-000000000000",'',"00000000-0000-0000-0000-000000000ea0","00000000-0000-0000-0000-000000000000","00000000-0000-0000-0000-000000000000","00000000-0000-0000-0000-000000000000","00000000-0000-0000-0000-0000000004ae","00000000-0000-0000-0000-000000000000","00000000-0000-0000-0000-000000000000" );
INSERT INTO TE_PARM VALUES ( 'duration','',1,'p_count, p_duration, p_phase, p_testnum','count:PARAM.count, duration:PARAM.duration, phase:PARAM.phase, testnum:PARAM.testnum',"00000000-0000-0000-0000-0000000007f1","00000000-0000-0000-0000-0000000007f3",'p_duration',0,"00000000-0000-0000-0000-000000000034",0,"00000000-0000-0000-0000-000000000000",'',"00000000-0000-0000-0000-000000000e9e","00000000-0000-0000-0000-000000000000","00000000-0000-0000-0000-000000000000","00000000-0000-0000-0000-000000000000","00000000-0000-0000-0000-000000000478","00000000-0000-0000-0000-000000000000","00000000-0000-0000-0000-000000000000" );
INSERT INTO TE_PARM VALUES ( 'count','',0,'','',"00000000-0000-0000-0000-0000000007f2","00000000-0000-0000-0000-0000000007f1",'p_count',0,"00000000-0000-0000-0000-000000000034",0,"00000000-0000-0000-0000-000000000000",'',"00000000-0000-0000-0000-000000000e9e","00000000-0000-0000-0000-000000000000","00000000-0000-0000-0000-000000000000","00000000-0000-0000-0000-000000000000","00000000-0000-0000-0000-000000000479","00000000-0000-0000-0000-000000000000","00000000-0000-0000-0000-000000000000" );
INSERT INTO TE_PARM VALUES ( 'phase','',2,'','',"00000000-0000-0000-0000-0000000007f3","00000000-0000-0000-0000-0000000007f4",'p_phase',0,"00000000-0000-0000-0000-000000000034",0,"00000000-0000-0000-0000-000000000000",'',"00000000-0000-0000-0000-000000000e9e","00000000-0000-0000-0000-000000000000","00000000-0000-0000-0000-000000000000","00000000-0000-0000-0000-000000000000","00000000-0000-0000-0000-000000000477","00000000-0000-0000-0000-000000000000","00000000-0000-0000-0000-000000000000" );
INSERT INTO TE_PARM VALUES ( 'testnum','',3,'','',"00000000-0000-0000-0000-0000000007f4","00000000-0000-0000-0000-000000000000",'p_testnum',0,"00000000-0000-0000-0000-000000000034",0,"00000000-0000-0000-0000-000000000000",'',"00000000-0000-0000-0000-000000000e9e","00000000-0000-0000-0000-000000000000","00000000-0000-0000-0000-000000000000","00000000-0000-0000-0000-000000000000","00000000-0000-0000-0000-000000000476","00000000-0000-0000-0000-000000000000","00000000-0000-0000-0000-000000000000" );
INSERT INTO TE_PARM VALUES ( 'duration','',1,'p_count, p_duration, p_phase, p_testnum','count:PARAM.count, duration:PARAM.duration, phase:PARAM.phase, testnum:PARAM.testnum',"00000000-0000-0000-0000-0000000007f5","00000000-0000-0000-0000-0000000007f7",'p_duration',0,"00000000-0000-0000-0000-000000000034",0,"00000000-0000-0000-0000-000000000000",'',"00000000-0000-0000-0000-000000000e9c","00000000-0000-0000-0000-000000000000","00000000-0000-0000-0000-000000000000","00000000-0000-0000-0000-000000000000","00000000-0000-0000-0000-00000000040b","00000000-0000-0000-0000-000000000000","00000000-0000-0000-0000-000000000000" );
INSERT INTO TE_PARM VALUES ( 'count','',0,'','',"00000000-0000-0000-0000-0000000007f6","00000000-0000-0000-0000-0000000007f5",'p_count',0,"00000000-0000-0000-0000-000000000034",0,"00000000-0000-0000-0000-000000000000",'',"00000000-0000-0000-0000-000000000e9c","00000000-0000-0000-0000-000000000000","00000000-0000-0000-0000-000000000000","00000000-0000-0000-0000-000000000000","00000000-0000-0000-0000-00000000040c","00000000-0000-0000-0000-000000000000","00000000-0000-0000-0000-000000000000" );
INSERT INTO TE_PARM VALUES ( 'phase','',2,'','',"00000000-0000-0000-0000-0000000007f7","00000000-0000-0000-0000-0000000007f8",'p_phase',0,"00000000-0000-0000-0000-000000000034",0,"00000000-0000-0000-0000-000000000000",'',"00000000-0000-0000-0000-000000000e9c","00000000-0000-0000-0000-000000000000","00000000-0000-0000-0000-000000000000","00000000-0000-0000-0000-000000000000","00000000-0000-0000-0000-00000000040a","00000000-0000-0000-0000-000000000000","00000000-0000-0000-0000-000000000000" );
INSERT INTO TE_PARM VALUES ( 'testnum','',3,'','',"00000000-0000-0000-0000-0000000007f8","00000000-0000-0000-0000-000000000000",'p_testnum',0,"00000000-0000-0000-0000-000000000034",0,"00000000-0000-0000-0000-000000000000",'',"00000000-0000-0000-0000-000000000e9c","00000000-0000-0000-0000-000000000000","00000000-0000-0000-0000-000000000000","00000000-0000-0000-0000-000000000000","00000000-0000-0000-0000-000000000409","00000000-0000-0000-0000-000000000000","00000000-0000-0000-0000-000000000000" );
INSERT INTO TE_PARM VALUES ( 'duration','',1,'p_count, p_duration, p_phase, p_testnum','count:PARAM.count, duration:PARAM.duration, phase:PARAM.phase, testnum:PARAM.testnum',"00000000-0000-0000-0000-0000000007f9","00000000-0000-0000-0000-0000000007fb",'p_duration',0,"00000000-0000-0000-0000-000000000034",0,"00000000-0000-0000-0000-000000000000",'',"00000000-0000-0000-0000-000000000e9a","00000000-0000-0000-0000-000000000000","00000000-0000-0000-0000-000000000000","00000000-0000-0000-0000-000000000000","00000000-0000-0000-0000-0000000003b6","00000000-0000-0000-0000-000000000000","00000000-0000-0000-0000-000000000000" );
INSERT INTO TE_PARM VALUES ( 'count','',0,'','',"00000000-0000-0000-0000-0000000007fa","00000000-0000-0000-0000-0000000007f9",'p_count',0,"00000000-0000-0000-0000-000000000034",0,"00000000-0000-0000-0000-000000000000",'',"00000000-0000-0000-0000-000000000e9a","00000000-0000-0000-0000-000000000000","00000000-0000-0000-0000-000000000000","00000000-0000-0000-0000-000000000000","00000000-0000-0000-0000-0000000003b7","00000000-0000-0000-0000-000000000000","00000000-0000-0000-0000-000000000000" );
INSERT INTO TE_PARM VALUES ( 'phase','',2,'','',"00000000-0000-0000-0000-0000000007fb","00000000-0000-0000-0000-0000000007fc",'p_phase',0,"00000000-0000-0000-0000-000000000034",0,"00000000-0000-0000-0000-000000000000",'',"00000000-0000-0000-0000-000000000e9a","00000000-0000-0000-0000-000000000000","00000000-0000-0000-0000-000000000000","00000000-0000-0000-0000-000000000000","00000000-0000-0000-0000-0000000003b5","00000000-0000-0000-0000-000000000000","00000000-0000-0000-0000-000000000000" );
INSERT INTO TE_PARM VALUES ( 'testnum','',3,'','',"00000000-0000-0000-0000-0000000007fc","00000000-0000-0000-0000-000000000000",'p_testnum',0,"00000000-0000-0000-0000-000000000034",0,"00000000-0000-0000-0000-000000000000",'',"00000000-0000-0000-0000-000000000e9a","00000000-0000-0000-0000-000000000000","00000000-0000-0000-0000-000000000000","00000000-0000-0000-0000-000000000000","00000000-0000-0000-0000-0000000003b4","00000000-0000-0000-0000-000000000000","00000000-0000-0000-0000-000000000000" );
INSERT INTO TE_PARM VALUES ( 'duration','',1,'p_count, p_duration, p_phase, p_testnum','count:PARAM.count, duration:PARAM.duration, phase:PARAM.phase, testnum:PARAM.testnum',"00000000-0000-0000-0000-0000000007fd","00000000-0000-0000-0000-0000000007ff",'p_duration',0,"00000000-0000-0000-0000-000000000034",0,"00000000-0000-0000-0000-000000000000",'',"00000000-0000-0000-0000-000000000e98","00000000-0000-0000-0000-000000000000","00000000-0000-0000-0000-000000000000","00000000-0000-0000-0000-000000000000","00000000-0000-0000-0000-00000000036b","00000000-0000-0000-0000-000000000000","00000000-0000-0000-0000-000000000000" );
INSERT INTO TE_PARM VALUES ( 'count','',0,'','',"00000000-0000-0000-0000-0000000007fe","00000000-0000-0000-0000-0000000007fd",'p_count',0,"00000000-0000-0000-0000-000000000034",0,"00000000-0000-0000-0000-000000000000",'',"00000000-0000-0000-0000-000000000e98","00000000-0000-0000-0000-000000000000","00000000-0000-0000-0000-000000000000","00000000-0000-0000-0000-000000000000","00000000-0000-0000-0000-00000000036c","00000000-0000-0000-0000-000000000000","00000000-0000-0000-0000-000000000000" );
INSERT INTO TE_PARM VALUES ( 'phase','',2,'','',"00000000-0000-0000-0000-0000000007ff","00000000-0000-0000-0000-000000000800",'p_phase',0,"00000000-0000-0000-0000-000000000034",0,"00000000-0000-0000-0000-000000000000",'',"00000000-0000-0000-0000-000000000e98","00000000-0000-0000-0000-000000000000","00000000-0000-0000-0000-000000000000","00000000-0000-0000-0000-000000000000","00000000-0000-0000-0000-00000000036a","00000000-0000-0000-0000-000000000000","00000000-0000-0000-0000-000000000000" );
INSERT INTO TE_PARM VALUES ( 'testnum','',3,'','',"00000000-0000-0000-0000-000000000800","00000000-0000-0000-0000-000000000000",'p_testnum',0,"00000000-0000-0000-0000-000000000034",0,"00000000-0000-0000-0000-000000000000",'',"00000000-0000-0000-0000-000000000e98","00000000-0000-0000-0000-000000000000","00000000-0000-0000-0000-000000000000","00000000-0000-0000-0000-000000000000","00000000-0000-0000-0000-000000000369","00000000-0000-0000-0000-000000000000","00000000-0000-0000-0000-000000000000" );
INSERT INTO TE_PARM VALUES ( 'duration','',1,'i, p_duration, "C function void void"','count:i, duration:PARAM.duration, message:C function void void',"00000000-0000-0000-0000-000000000801","00000000-0000-0000-0000-000000000803",'p_duration',0,"00000000-0000-0000-0000-000000000034",0,"00000000-0000-0000-0000-000000000000",'',"00000000-0000-0000-0000-000000000e27","00000000-0000-0000-0000-000000000000","00000000-0000-0000-0000-000000000000","00000000-0000-0000-0000-000000000354","00000000-0000-0000-0000-000000000000","00000000-0000-0000-0000-000000000000","00000000-0000-0000-0000-000000000000" );
INSERT INTO TE_PARM VALUES ( 'count','',0,'','',"00000000-0000-0000-0000-000000000802","00000000-0000-0000-0000-000000000801",'p_count',0,"00000000-0000-0000-0000-000000000034",0,"00000000-0000-0000-0000-000000000000",'',"00000000-0000-0000-0000-000000000e27","00000000-0000-0000-0000-000000000000","00000000-0000-0000-0000-000000000000","00000000-0000-0000-0000-000000000355","00000000-0000-0000-0000-000000000000","00000000-0000-0000-0000-000000000000","00000000-0000-0000-0000-000000000000" );
INSERT INTO TE_PARM VALUES ( 'message','',2,'','',"00000000-0000-0000-0000-000000000803","00000000-0000-0000-0000-000000000000",'p_message',0,"00000000-0000-0000-0000-000000000032",1,"00000000-0000-0000-0000-000000000000",'[ESCHER_SYS_MAX_STRING_LEN]',"00000000-0000-0000-0000-000000000e27","00000000-0000-0000-0000-000000000000","00000000-0000-0000-0000-000000000000","00000000-0000-0000-0000-000000000352","00000000-0000-0000-0000-000000000000","00000000-0000-0000-0000-000000000000","00000000-0000-0000-0000-000000000000" );
INSERT INTO TE_PARM VALUES ( 'duration','',1,'','',"00000000-0000-0000-0000-000000000804","00000000-0000-0000-0000-000000000806",'p_duration',0,"00000000-0000-0000-0000-000000000034",0,"00000000-0000-0000-0000-000000000000",'',"00000000-0000-0000-0000-000000000e28","00000000-0000-0000-0000-000000000000","00000000-0000-0000-0000-000000000000","00000000-0000-0000-0000-0000000001cf","00000000-0000-0000-0000-000000000000","00000000-0000-0000-0000-000000000000","00000000-0000-0000-0000-000000000000" );
INSERT INTO TE_PARM VALUES ( 'count','',0,'','',"00000000-0000-0000-0000-000000000805","00000000-0000-0000-0000-000000000804",'p_count',0,"00000000-0000-0000-0000-000000000034",0,"00000000-0000-0000-0000-000000000000",'',"00000000-0000-0000-0000-000000000e28","00000000-0000-0000-0000-000000000000","00000000-0000-0000-0000-000000000000","00000000-0000-0000-0000-0000000001d0","00000000-0000-0000-0000-000000000000","00000000-0000-0000-0000-000000000000","00000000-0000-0000-0000-000000000000" );
INSERT INTO TE_PARM VALUES ( 'phase','',2,'','',"00000000-0000-0000-0000-000000000806","00000000-0000-0000-0000-000000000807",'p_phase',0,"00000000-0000-0000-0000-000000000034",0,"00000000-0000-0000-0000-000000000000",'',"00000000-0000-0000-0000-000000000e28","00000000-0000-0000-0000-000000000000","00000000-0000-0000-0000-000000000000","00000000-0000-0000-0000-0000000001ce","00000000-0000-0000-0000-000000000000","00000000-0000-0000-0000-000000000000","00000000-0000-0000-0000-000000000000" );
INSERT INTO TE_PARM VALUES ( 'testnum','',3,'p_count, p_duration, p_phase, p_testnum','count:PARAM.count, duration:PARAM.duration, phase:PARAM.phase, testnum:PARAM.testnum',"00000000-0000-0000-0000-000000000807","00000000-0000-0000-0000-000000000000",'p_testnum',0,"00000000-0000-0000-0000-000000000034",0,"00000000-0000-0000-0000-000000000000",'',"00000000-0000-0000-0000-000000000e28","00000000-0000-0000-0000-000000000000","00000000-0000-0000-0000-000000000000","00000000-0000-0000-0000-0000000001cd","00000000-0000-0000-0000-000000000000","00000000-0000-0000-0000-000000000000","00000000-0000-0000-0000-000000000000" );
INSERT INTO TE_PARM VALUES ( 'i','',0,'','',"00000000-0000-0000-0000-000000000808","00000000-0000-0000-0000-000000000000",'p_i',0,"00000000-0000-0000-0000-000000000034",0,"00000000-0000-0000-0000-000000000000",'',"00000000-0000-0000-0000-000000000e06","00000000-0000-0000-0000-000000000000","00000000-0000-0000-0000-000000000000","00000000-0000-0000-0000-000000000095","00000000-0000-0000-0000-000000000000","00000000-0000-0000-0000-000000000000","00000000-0000-0000-0000-000000000000" );
INSERT INTO TE_PARM VALUES ( 'i','',0,'','',"00000000-0000-0000-0000-000000000809","00000000-0000-0000-0000-000000000000",'p_i',0,"00000000-0000-0000-0000-000000000034",0,"00000000-0000-0000-0000-000000000000",'',"00000000-0000-0000-0000-000000000e07","00000000-0000-0000-0000-000000000000","00000000-0000-0000-0000-000000000000","00000000-0000-0000-0000-000000000091","00000000-0000-0000-0000-000000000000","00000000-0000-0000-0000-000000000000","00000000-0000-0000-0000-000000000000" );
INSERT INTO TE_PARM VALUES ( 'duration','',0,'','',"00000000-0000-0000-0000-00000000080a","00000000-0000-0000-0000-00000000080b",'p_duration',0,"00000000-0000-0000-0000-000000000034",0,"00000000-0000-0000-0000-000000000000",'',"00000000-0000-0000-0000-000000000e09","00000000-0000-0000-0000-000000000000","00000000-0000-0000-0000-000000000000","00000000-0000-0000-0000-00000000007d","00000000-0000-0000-0000-000000000000","00000000-0000-0000-0000-000000000000","00000000-0000-0000-0000-000000000000" );
INSERT INTO TE_PARM VALUES ( 'testnum','',1,'p_duration, p_testnum','duration:PARAM.duration, testnum:PARAM.testnum',"00000000-0000-0000-0000-00000000080b","00000000-0000-0000-0000-000000000000",'p_testnum',0,"00000000-0000-0000-0000-000000000034",0,"00000000-0000-0000-0000-000000000000",'',"00000000-0000-0000-0000-000000000e09","00000000-0000-0000-0000-000000000000","00000000-0000-0000-0000-000000000000","00000000-0000-0000-0000-00000000007c","00000000-0000-0000-0000-000000000000","00000000-0000-0000-0000-000000000000","00000000-0000-0000-0000-000000000000" );
INSERT INTO TE_PARM VALUES ( 'duration','',0,'','',"00000000-0000-0000-0000-00000000080c","00000000-0000-0000-0000-00000000080d",'p_duration',0,"00000000-0000-0000-0000-000000000034",0,"00000000-0000-0000-0000-000000000000",'',"00000000-0000-0000-0000-000000000000","00000000-0000-0000-0000-0000000000bd","00000000-0000-0000-0000-0000000000bf","00000000-0000-0000-0000-000000000000","00000000-0000-0000-0000-000000000000","00000000-0000-0000-0000-000000000000","00000000-0000-0000-0000-000000000000" );
INSERT INTO TE_PARM VALUES ( 'testnum','',0,'','',"00000000-0000-0000-0000-00000000080d","00000000-0000-0000-0000-000000000000",'p_testnum',0,"00000000-0000-0000-0000-000000000034",0,"00000000-0000-0000-0000-000000000000",'',"00000000-0000-0000-0000-000000000000","00000000-0000-0000-0000-0000000000bd","00000000-0000-0000-0000-0000000000be","00000000-0000-0000-0000-000000000000","00000000-0000-0000-0000-000000000000","00000000-0000-0000-0000-000000000000","00000000-0000-0000-0000-000000000000" );
INSERT INTO TE_PARM VALUES ( 'testnum','',3,'0, 0, 1, ((perf_testloop_LOOP *)xtUML_detect_empty_handle( self, "LOOP", "self.client_test_number" ))->client_test_number','count:0, duration:0, phase:1, testnum:self.client_test_number',"00000000-0000-0000-0000-00000000080e","00000000-0000-0000-0000-000000000000",'p_testnum',0,"00000000-0000-0000-0000-000000000034",0,"00000000-0000-0000-0000-000000000000",'',"00000000-0000-0000-0000-000000000818","00000000-0000-0000-0000-000000000000","00000000-0000-0000-0000-000000000000","00000000-0000-0000-0000-000000000000","00000000-0000-0000-0000-000000000000","00000000-0000-0000-0000-000000000050","00000000-0000-0000-0000-000000000000" );
INSERT INTO TE_PARM VALUES ( 'phase','',2,'','',"00000000-0000-0000-0000-00000000080f","00000000-0000-0000-0000-00000000080e",'p_phase',0,"00000000-0000-0000-0000-000000000034",0,"00000000-0000-0000-0000-000000000000",'',"00000000-0000-0000-0000-000000000818","00000000-0000-0000-0000-000000000000","00000000-0000-0000-0000-000000000000","00000000-0000-0000-0000-000000000000","00000000-0000-0000-0000-000000000000","00000000-0000-0000-0000-00000000004f","00000000-0000-0000-0000-000000000000" );
INSERT INTO TE_PARM VALUES ( 'duration','',1,'','',"00000000-0000-0000-0000-000000000810","00000000-0000-0000-0000-00000000080f",'p_duration',0,"00000000-0000-0000-0000-000000000034",0,"00000000-0000-0000-0000-000000000000",'',"00000000-0000-0000-0000-000000000818","00000000-0000-0000-0000-000000000000","00000000-0000-0000-0000-000000000000","00000000-0000-0000-0000-000000000000","00000000-0000-0000-0000-000000000000","00000000-0000-0000-0000-00000000004e","00000000-0000-0000-0000-000000000000" );
INSERT INTO TE_PARM VALUES ( 'count','',0,'','',"00000000-0000-0000-0000-000000000811","00000000-0000-0000-0000-000000000810",'p_count',0,"00000000-0000-0000-0000-000000000034",0,"00000000-0000-0000-0000-000000000000",'',"00000000-0000-0000-0000-000000000818","00000000-0000-0000-0000-000000000000","00000000-0000-0000-0000-000000000000","00000000-0000-0000-0000-000000000000","00000000-0000-0000-0000-000000000000","00000000-0000-0000-0000-00000000004d","00000000-0000-0000-0000-000000000000" );
INSERT INTO TE_PARM VALUES ( 'i','',0,'i','i:i',"00000000-0000-0000-0000-000000000812","00000000-0000-0000-0000-000000000000",'p_i',0,"00000000-0000-0000-0000-000000000034",0,"00000000-0000-0000-0000-000000000000",'',"00000000-0000-0000-0000-00000000081e","00000000-0000-0000-0000-000000000000","00000000-0000-0000-0000-000000000000","00000000-0000-0000-0000-000000000000","00000000-0000-0000-0000-000000000000","00000000-0000-0000-0000-00000000004a","00000000-0000-0000-0000-000000000000" );
INSERT INTO TE_PARM VALUES ( 'i','',0,'i','i:i',"00000000-0000-0000-0000-000000000813","00000000-0000-0000-0000-000000000000",'p_i',0,"00000000-0000-0000-0000-000000000034",0,"00000000-0000-0000-0000-000000000000",'',"00000000-0000-0000-0000-000000000821","00000000-0000-0000-0000-000000000000","00000000-0000-0000-0000-000000000000","00000000-0000-0000-0000-000000000000","00000000-0000-0000-0000-000000000000","00000000-0000-0000-0000-000000000048","00000000-0000-0000-0000-000000000000" );
INSERT INTO TE_PARM VALUES ( 'testnum','',1,'((perf_funcs_BENCHMARK *)xtUML_detect_empty_handle( self, "BENCHMARK", "self.duration" ))->duration, ((perf_funcs_BENCHMARK *)xtUML_detect_empty_handle( self, "BENCHMARK", "self.test_number" ))->test_number','duration:self.duration, testnum:self.test_number',"00000000-0000-0000-0000-000000000814","00000000-0000-0000-0000-000000000000",'p_testnum',0,"00000000-0000-0000-0000-000000000034",0,"00000000-0000-0000-0000-000000000000",'',"00000000-0000-0000-0000-000000000824","00000000-0000-0000-0000-000000000000","00000000-0000-0000-0000-000000000000","00000000-0000-0000-0000-000000000000","00000000-0000-0000-0000-000000000000","00000000-0000-0000-0000-000000000046","00000000-0000-0000-0000-000000000000" );
INSERT INTO TE_PARM VALUES ( 'duration','',0,'','',"00000000-0000-0000-0000-000000000815","00000000-0000-0000-0000-000000000814",'p_duration',0,"00000000-0000-0000-0000-000000000034",0,"00000000-0000-0000-0000-000000000000",'',"00000000-0000-0000-0000-000000000824","00000000-0000-0000-0000-000000000000","00000000-0000-0000-0000-000000000000","00000000-0000-0000-0000-000000000000","00000000-0000-0000-0000-000000000000","00000000-0000-0000-0000-000000000045","00000000-0000-0000-0000-000000000000" );
INSERT INTO TE_PARM VALUES ( 'count','',0,'','',"00000000-0000-0000-0000-000000000828","00000000-0000-0000-0000-000000000829",'p_count',0,"00000000-0000-0000-0000-000000000034",0,"00000000-0000-0000-0000-000000000000",'',"00000000-0000-0000-0000-000000000827","00000000-0000-0000-0000-000000000000","00000000-0000-0000-0000-000000000000","00000000-0000-0000-0000-000000000000","00000000-0000-0000-0000-000000000000","00000000-0000-0000-0000-000000000000","00000000-0000-0000-0000-000000000000" );
INSERT INTO TE_PARM VALUES ( 'duration','',1,'','',"00000000-0000-0000-0000-000000000829","00000000-0000-0000-0000-00000000082a",'p_duration',0,"00000000-0000-0000-0000-000000000034",0,"00000000-0000-0000-0000-000000000000",'',"00000000-0000-0000-0000-000000000827","00000000-0000-0000-0000-000000000000","00000000-0000-0000-0000-000000000000","00000000-0000-0000-0000-000000000000","00000000-0000-0000-0000-000000000000","00000000-0000-0000-0000-000000000000","00000000-0000-0000-0000-000000000000" );
INSERT INTO TE_PARM VALUES ( 'phase','',2,'','',"00000000-0000-0000-0000-00000000082a","00000000-0000-0000-0000-00000000082b",'p_phase',0,"00000000-0000-0000-0000-000000000034",0,"00000000-0000-0000-0000-000000000000",'',"00000000-0000-0000-0000-000000000827","00000000-0000-0000-0000-000000000000","00000000-0000-0000-0000-000000000000","00000000-0000-0000-0000-000000000000","00000000-0000-0000-0000-000000000000","00000000-0000-0000-0000-000000000000","00000000-0000-0000-0000-000000000000" );
INSERT INTO TE_PARM VALUES ( 'testnum','',3,'','',"00000000-0000-0000-0000-00000000082b","00000000-0000-0000-0000-000000000000",'p_testnum',0,"00000000-0000-0000-0000-000000000034",0,"00000000-0000-0000-0000-000000000000",'',"00000000-0000-0000-0000-000000000827","00000000-0000-0000-0000-000000000000","00000000-0000-0000-0000-000000000000","00000000-0000-0000-0000-000000000000","00000000-0000-0000-0000-000000000000","00000000-0000-0000-0000-000000000000","00000000-0000-0000-0000-000000000000" );
INSERT INTO TE_PARM VALUES ( 'i','',0,'','',"00000000-0000-0000-0000-000000000832","00000000-0000-0000-0000-000000000000",'p_i',0,"00000000-0000-0000-0000-000000000034",0,"00000000-0000-0000-0000-000000000000",'',"00000000-0000-0000-0000-000000000831","00000000-0000-0000-0000-000000000000","00000000-0000-0000-0000-000000000000","00000000-0000-0000-0000-000000000000","00000000-0000-0000-0000-000000000000","00000000-0000-0000-0000-000000000000","00000000-0000-0000-0000-000000000000" );
INSERT INTO TE_PARM VALUES ( 'i','',0,'','',"00000000-0000-0000-0000-000000000836","00000000-0000-0000-0000-000000000000",'p_i',0,"00000000-0000-0000-0000-000000000034",0,"00000000-0000-0000-0000-000000000000",'',"00000000-0000-0000-0000-000000000835","00000000-0000-0000-0000-000000000000","00000000-0000-0000-0000-000000000000","00000000-0000-0000-0000-000000000000","00000000-0000-0000-0000-000000000000","00000000-0000-0000-0000-000000000000","00000000-0000-0000-0000-000000000000" );
INSERT INTO TE_PARM VALUES ( 'duration','',0,'','',"00000000-0000-0000-0000-00000000083a","00000000-0000-0000-0000-00000000083b",'p_duration',0,"00000000-0000-0000-0000-000000000034",0,"00000000-0000-0000-0000-000000000000",'',"00000000-0000-0000-0000-000000000839","00000000-0000-0000-0000-000000000000","00000000-0000-0000-0000-000000000000","00000000-0000-0000-0000-000000000000","00000000-0000-0000-0000-000000000000","00000000-0000-0000-0000-000000000000","00000000-0000-0000-0000-000000000000" );
INSERT INTO TE_PARM VALUES ( 'testnum','',1,'','',"00000000-0000-0000-0000-00000000083b","00000000-0000-0000-0000-000000000000",'p_testnum',0,"00000000-0000-0000-0000-000000000034",0,"00000000-0000-0000-0000-000000000000",'',"00000000-0000-0000-0000-000000000839","00000000-0000-0000-0000-000000000000","00000000-0000-0000-0000-000000000000","00000000-0000-0000-0000-000000000000","00000000-0000-0000-0000-000000000000","00000000-0000-0000-0000-000000000000","00000000-0000-0000-0000-000000000000" );
INSERT INTO TE_WHERE VALUES ( 0,'perf_testloop_LOOP_AnyWhere1',0,"00000000-0000-0000-0000-000000000083" );
INSERT INTO TE_WHERE VALUES ( 0,'perf_testloop_LOOP_AnyWhere2',1,"00000000-0000-0000-0000-000000000083" );
INSERT INTO TE_WHERE VALUES ( 0,'perf_testloop_LOOP_AnyWhere3',2,"00000000-0000-0000-0000-000000000083" );
INSERT INTO TE_WHERE VALUES ( 0,'perf_funcs_A_AnyWhere1',0,"00000000-0000-0000-0000-00000000051c" );
INSERT INTO TE_WHERE VALUES ( 0,'perf_funcs_A_AnyWhere2',1,"00000000-0000-0000-0000-00000000051c" );
INSERT INTO TE_WHERE VALUES ( 0,'perf_funcs_A_AnyWhere3',2,"00000000-0000-0000-0000-00000000051c" );
INSERT INTO TE_WHERE VALUES ( 0,'perf_funcs_G_AnyWhere1',0,"00000000-0000-0000-0000-0000000007ff" );
INSERT INTO TE_WHERE VALUES ( 0,'perf_funcs_G_AnyWhere2',1,"00000000-0000-0000-0000-0000000007ff" );
INSERT INTO TE_WHERE VALUES ( 0,'perf_funcs_G_AnyWhere3',2,"00000000-0000-0000-0000-0000000007ff" );
INSERT INTO TE_WHERE VALUES ( 0,'perf_funcs_F_AnyWhere1',0,"00000000-0000-0000-0000-0000000007fd" );
INSERT INTO TE_WHERE VALUES ( 0,'perf_funcs_F_AnyWhere2',1,"00000000-0000-0000-0000-0000000007fd" );
INSERT INTO TE_WHERE VALUES ( 0,'perf_funcs_F_AnyWhere3',2,"00000000-0000-0000-0000-0000000007fd" );
INSERT INTO TE_WHERE VALUES ( 0,'perf_funcs_E_AnyWhere1',0,"00000000-0000-0000-0000-0000000007fa" );
INSERT INTO TE_WHERE VALUES ( 0,'perf_funcs_E_AnyWhere2',1,"00000000-0000-0000-0000-0000000007fa" );
INSERT INTO TE_WHERE VALUES ( 0,'perf_funcs_E_AnyWhere3',2,"00000000-0000-0000-0000-0000000007fa" );
INSERT INTO TE_WHERE VALUES ( 0,'perf_funcs_D_AnyWhere1',0,"00000000-0000-0000-0000-00000000078e" );
INSERT INTO TE_WHERE VALUES ( 0,'perf_funcs_D_AnyWhere2',1,"00000000-0000-0000-0000-00000000078e" );
INSERT INTO TE_WHERE VALUES ( 0,'perf_funcs_D_AnyWhere3',2,"00000000-0000-0000-0000-00000000078e" );
INSERT INTO TE_WHERE VALUES ( 0,'perf_funcs_C_AnyWhere1',0,"00000000-0000-0000-0000-00000000078b" );
INSERT INTO TE_WHERE VALUES ( 0,'perf_funcs_C_AnyWhere2',1,"00000000-0000-0000-0000-00000000078b" );
INSERT INTO TE_WHERE VALUES ( 0,'perf_funcs_C_AnyWhere3',2,"00000000-0000-0000-0000-00000000078b" );
INSERT INTO TE_WHERE VALUES ( 0,'perf_funcs_B_AnyWhere1',0,"00000000-0000-0000-0000-000000000639" );
INSERT INTO TE_WHERE VALUES ( 0,'perf_funcs_B_AnyWhere2',1,"00000000-0000-0000-0000-000000000639" );
INSERT INTO TE_WHERE VALUES ( 0,'perf_funcs_B_AnyWhere3',2,"00000000-0000-0000-0000-000000000639" );
INSERT INTO TE_WHERE VALUES ( 0,'perf_funcs_BENCHMARK_AnyWhere1',0,"00000000-0000-0000-0000-0000000001b0" );
INSERT INTO TE_WHERE VALUES ( 0,'perf_funcs_BENCHMARK_AnyWhere2',1,"00000000-0000-0000-0000-0000000001b0" );
INSERT INTO TE_WHERE VALUES ( 0,'perf_funcs_BENCHMARK_AnyWhere3',2,"00000000-0000-0000-0000-0000000001b0" );
INSERT INTO TE_WHERE VALUES ( 0,'perf_funcs_CBENCH_AnyWhere1',0,"00000000-0000-0000-0000-0000000001b9" );
INSERT INTO TE_WHERE VALUES ( 0,'perf_funcs_CBENCH_AnyWhere2',1,"00000000-0000-0000-0000-0000000001b9" );
INSERT INTO TE_WHERE VALUES ( 0,'perf_funcs_CBENCH_AnyWhere3',2,"00000000-0000-0000-0000-0000000001b9" );
INSERT INTO TE_ATTR VALUES ( "00000000-0000-0000-0000-000000000e0c",1,1,1,0,0,'','client_test_number','client_test_number','',1,0,"00000000-0000-0000-0000-000000000000",'','perf_testloop_LOOP','i_t',"00000000-0000-0000-0000-000000000000","00000000-0000-0000-0000-0000000000b7","00000000-0000-0000-0000-000000000083" );
INSERT INTO TE_ATTR VALUES ( "00000000-0000-0000-0000-000000000e0d",1,1,1,0,0,'','duration','duration','',1,0,"00000000-0000-0000-0000-000000000000",'','perf_testloop_LOOP','i_t',"00000000-0000-0000-0000-000000000e0c","00000000-0000-0000-0000-0000000000b8","00000000-0000-0000-0000-000000000083" );
INSERT INTO TE_ATTR VALUES ( "00000000-0000-0000-0000-000000000e0e",1,1,1,0,0,'','repetitions','repetitions','',1,0,"00000000-0000-0000-0000-000000000000",'','perf_testloop_LOOP','i_t',"00000000-0000-0000-0000-000000000e0d","00000000-0000-0000-0000-0000000000b9","00000000-0000-0000-0000-000000000083" );
INSERT INTO TE_ATTR VALUES ( "00000000-0000-0000-0000-000000000e0f",1,1,1,0,0,'','measured_run_time','measured_run_time','',1,0,"00000000-0000-0000-0000-000000000000",'','perf_testloop_LOOP','i_t',"00000000-0000-0000-0000-000000000e0e","00000000-0000-0000-0000-0000000000ba","00000000-0000-0000-0000-000000000083" );
INSERT INTO TE_ATTR VALUES ( "00000000-0000-0000-0000-000000000e10",0,0,0,0,0,'','current_state','current_state','',1,0,"00000000-0000-0000-0000-000000000000",'','perf_testloop_LOOP','',"00000000-0000-0000-0000-000000000e0f","00000000-0000-0000-0000-0000000000bb","00000000-0000-0000-0000-000000000083" );
INSERT INTO TE_ATTR VALUES ( "00000000-0000-0000-0000-000000000e11",1,1,1,0,0,'','time_delta','time_delta','',1,0,"00000000-0000-0000-0000-000000000000",'','perf_testloop_LOOP','i_t',"00000000-0000-0000-0000-000000000e10","00000000-0000-0000-0000-0000000000a6","00000000-0000-0000-0000-000000000083" );
INSERT INTO TE_ATTR VALUES ( "00000000-0000-0000-0000-000000000e12",1,1,1,0,0,'','t0','t0','',1,0,"00000000-0000-0000-0000-000000000000",'','perf_testloop_LOOP','Escher_TimeStamp_t',"00000000-0000-0000-0000-000000000e11","00000000-0000-0000-0000-0000000000a8","00000000-0000-0000-0000-000000000083" );
INSERT INTO TE_ATTR VALUES ( "00000000-0000-0000-0000-000000000e3e",1,1,1,0,0,'','ID','ID','',1,0,"00000000-0000-0000-0000-000000000000",'','perf_funcs_A','i_t',"00000000-0000-0000-0000-000000000000","00000000-0000-0000-0000-000000000a31","00000000-0000-0000-0000-00000000051c" );
INSERT INTO TE_ATTR VALUES ( "00000000-0000-0000-0000-000000000e3f",1,1,1,0,0,'','odometer','odometer','',1,0,"00000000-0000-0000-0000-000000000000",'','perf_funcs_A','i_t',"00000000-0000-0000-0000-000000000e3e","00000000-0000-0000-0000-00000000063c","00000000-0000-0000-0000-00000000051c" );
INSERT INTO TE_ATTR VALUES ( "00000000-0000-0000-0000-000000000e40",0,0,0,0,0,'','current_state','current_state','',1,0,"00000000-0000-0000-0000-000000000000",'','perf_funcs_A','',"00000000-0000-0000-0000-000000000e3f","00000000-0000-0000-0000-000000000e8e","00000000-0000-0000-0000-00000000051c" );
INSERT INTO TE_ATTR VALUES ( "00000000-0000-0000-0000-000000000e41",0,0,0,0,0,'','bID','bID','',1,0,"00000000-0000-0000-0000-000000000000",'','perf_funcs_A','i_t',"00000000-0000-0000-0000-000000000e40","00000000-0000-0000-0000-000000000e91","00000000-0000-0000-0000-00000000051c" );
INSERT INTO TE_ATTR VALUES ( "00000000-0000-0000-0000-000000000e4e",1,0,0,0,0,'','eID','eID','',1,0,"00000000-0000-0000-0000-000000000000",'','perf_funcs_G','i_t',"00000000-0000-0000-0000-000000000000","00000000-0000-0000-0000-000000000e75","00000000-0000-0000-0000-0000000007ff" );
INSERT INTO TE_ATTR VALUES ( "00000000-0000-0000-0000-000000000e4f",1,0,0,0,0,'','fID','fID','',1,0,"00000000-0000-0000-0000-000000000000",'','perf_funcs_G','i_t',"00000000-0000-0000-0000-000000000e4e","00000000-0000-0000-0000-000000000e78","00000000-0000-0000-0000-0000000007ff" );
INSERT INTO TE_ATTR VALUES ( "00000000-0000-0000-0000-000000000e50",1,0,0,0,0,'','fID','fID','',1,0,"00000000-0000-0000-0000-000000000000",'','perf_funcs_F','i_t',"00000000-0000-0000-0000-000000000000","00000000-0000-0000-0000-000000000e72","00000000-0000-0000-0000-0000000007fd" );
INSERT INTO TE_ATTR VALUES ( "00000000-0000-0000-0000-000000000e51",1,0,0,0,0,'','eID','eID','',1,0,"00000000-0000-0000-0000-000000000000",'','perf_funcs_E','i_t',"00000000-0000-0000-0000-000000000000","00000000-0000-0000-0000-000000000e71","00000000-0000-0000-0000-0000000007fa" );
INSERT INTO TE_ATTR VALUES ( "00000000-0000-0000-0000-000000000e52",1,0,0,0,0,'','dID','dID','',1,0,"00000000-0000-0000-0000-000000000000",'','perf_funcs_D','i_t',"00000000-0000-0000-0000-000000000000","00000000-0000-0000-0000-000000000e6b","00000000-0000-0000-0000-00000000078e" );
INSERT INTO TE_ATTR VALUES ( "00000000-0000-0000-0000-000000000e53",0,0,0,0,0,'','cID','cID','',1,0,"00000000-0000-0000-0000-000000000000",'','perf_funcs_D','i_t',"00000000-0000-0000-0000-000000000e52","00000000-0000-0000-0000-000000000e6e","00000000-0000-0000-0000-00000000078e" );
INSERT INTO TE_ATTR VALUES ( "00000000-0000-0000-0000-000000000e54",1,0,0,0,0,'','cID','cID','',1,0,"00000000-0000-0000-0000-000000000000",'','perf_funcs_C','i_t',"00000000-0000-0000-0000-000000000000","00000000-0000-0000-0000-000000000e6a","00000000-0000-0000-0000-00000000078b" );
INSERT INTO TE_ATTR VALUES ( "00000000-0000-0000-0000-000000000e55",1,0,0,0,0,'','bID','bID','',1,0,"00000000-0000-0000-0000-000000000000",'','perf_funcs_B','i_t',"00000000-0000-0000-0000-000000000000","00000000-0000-0000-0000-000000000e58","00000000-0000-0000-0000-000000000639" );
INSERT INTO TE_ATTR VALUES ( "00000000-0000-0000-0000-000000000e56",0,0,0,0,0,'','current_state','current_state','',1,0,"00000000-0000-0000-0000-000000000000",'','perf_funcs_B','',"00000000-0000-0000-0000-000000000e55","00000000-0000-0000-0000-000000000e59","00000000-0000-0000-0000-000000000639" );
INSERT INTO TE_ATTR VALUES ( "00000000-0000-0000-0000-000000000e5c",1,1,1,0,0,'','test_number','test_number','',1,0,"00000000-0000-0000-0000-000000000000",'','perf_funcs_BENCHMARK','i_t',"00000000-0000-0000-0000-000000000000","00000000-0000-0000-0000-0000000001bd","00000000-0000-0000-0000-0000000001b0" );
INSERT INTO TE_ATTR VALUES ( "00000000-0000-0000-0000-000000000e5d",1,1,1,0,0,'','duration','duration','',1,0,"00000000-0000-0000-0000-000000000000",'','perf_funcs_BENCHMARK','i_t',"00000000-0000-0000-0000-000000000e5c","00000000-0000-0000-0000-0000000001bf","00000000-0000-0000-0000-0000000001b0" );
INSERT INTO TE_ATTR VALUES ( "00000000-0000-0000-0000-000000000e5e",0,0,0,0,0,'','current_state','current_state','',1,0,"00000000-0000-0000-0000-000000000000",'','perf_funcs_BENCHMARK','',"00000000-0000-0000-0000-000000000e5d","00000000-0000-0000-0000-000000000e2b","00000000-0000-0000-0000-0000000001b0" );
INSERT INTO TE_ATTR VALUES ( "00000000-0000-0000-0000-000000000e96",1,1,1,0,0,'','phase','phase','',1,0,"00000000-0000-0000-0000-000000000000",'','perf_funcs_CBENCH','i_t',"00000000-0000-0000-0000-000000000000","00000000-0000-0000-0000-0000000001c1","00000000-0000-0000-0000-0000000001b9" );
INSERT INTO TE_REL VALUES ( 3,1,1,1,0,0,"00000000-0000-0000-0000-000000000811" );
INSERT INTO TE_REL VALUES ( 2,1,1,1,0,0,"00000000-0000-0000-0000-000000000793" );
INSERT INTO TE_REL VALUES ( 1,1,1,1,0,0,"00000000-0000-0000-0000-00000000063a" );
INSERT INTO TE_EVT VALUES ( "00000000-0000-0000-0000-000000000e20",'go',1,'perf_testloop_LOOPevent1','PERF_TESTLOOP_LOOPEVENT1NUM',0,1,1,0,"00000000-0000-0000-0000-000000000000","00000000-0000-0000-0000-0000000000c0","00000000-0000-0000-0000-000000000e13","00000000-0000-0000-0000-000000000e21" );
INSERT INTO TE_EVT VALUES ( "00000000-0000-0000-0000-000000000e21",'stop',2,'perf_testloop_LOOPevent2','PERF_TESTLOOP_LOOPEVENT2NUM',1,1,1,0,"00000000-0000-0000-0000-000000000000","00000000-0000-0000-0000-0000000000c1","00000000-0000-0000-0000-000000000e13","00000000-0000-0000-0000-000000000e22" );
INSERT INTO TE_EVT VALUES ( "00000000-0000-0000-0000-000000000e22",'begin',5,'perf_testloop_LOOPevent5','PERF_TESTLOOP_LOOPEVENT5NUM',2,1,3,0,"00000000-0000-0000-0000-000000000000","00000000-0000-0000-0000-000000000089","00000000-0000-0000-0000-000000000e13","00000000-0000-0000-0000-000000000000" );
INSERT INTO TE_EVT VALUES ( "00000000-0000-0000-0000-000000000e49",'e',1,'perf_funcs_Aevent1','PERF_FUNCS_AEVENT1NUM',0,1,1,0,"00000000-0000-0000-0000-000000000000","00000000-0000-0000-0000-000000000640","00000000-0000-0000-0000-000000000e42","00000000-0000-0000-0000-000000000e4a" );
INSERT INTO TE_EVT VALUES ( "00000000-0000-0000-0000-000000000e4a",'e2',2,'perf_funcs_Aevent2','PERF_FUNCS_AEVENT2NUM',1,1,1,0,"00000000-0000-0000-0000-000000000000","00000000-0000-0000-0000-000000000e89","00000000-0000-0000-0000-000000000e42","00000000-0000-0000-0000-000000000e4b" );
INSERT INTO TE_EVT VALUES ( "00000000-0000-0000-0000-000000000e4b",'stop',3,'perf_funcs_Aevent3','PERF_FUNCS_AEVENT3NUM',2,1,1,0,"00000000-0000-0000-0000-000000000000","00000000-0000-0000-0000-000000000646","00000000-0000-0000-0000-000000000e42","00000000-0000-0000-0000-000000000000" );
INSERT INTO TE_EVT VALUES ( "00000000-0000-0000-0000-000000000e5b",'e1',1,'perf_funcs_Bevent1','PERF_FUNCS_BEVENT1NUM',0,1,1,0,"00000000-0000-0000-0000-000000000000","00000000-0000-0000-0000-000000000e5b","00000000-0000-0000-0000-000000000e57","00000000-0000-0000-0000-000000000000" );
INSERT INTO TE_EVT VALUES ( "00000000-0000-0000-0000-000000000e66",'go',1,'perf_funcs_BENCHMARKevent1','PERF_FUNCS_BENCHMARKEVENT1NUM',0,1,2,0,"00000000-0000-0000-0000-000000000000","00000000-0000-0000-0000-0000000001c8","00000000-0000-0000-0000-000000000e5f","00000000-0000-0000-0000-000000000e67" );
INSERT INTO TE_EVT VALUES ( "00000000-0000-0000-0000-000000000e67",'stop',2,'perf_funcs_BENCHMARKevent2','PERF_FUNCS_BENCHMARKEVENT2NUM',1,1,1,0,"00000000-0000-0000-0000-000000000000","00000000-0000-0000-0000-00000000026f","00000000-0000-0000-0000-000000000e5f","00000000-0000-0000-0000-000000000000" );
INSERT INTO TE_STATE VALUES ( "00000000-0000-0000-0000-000000000e14",'starting','perf_testloop_LOOP_STATE_1',1,1,0,"00000000-0000-0000-0000-0000000000bd","00000000-0000-0000-0000-0000000000c2","00000000-0000-0000-0000-000000000e17" );
INSERT INTO TE_STATE VALUES ( "00000000-0000-0000-0000-000000000e17",'running','perf_testloop_LOOP_STATE_2',2,2,1,"00000000-0000-0000-0000-0000000000bd","00000000-0000-0000-0000-0000000000ee","00000000-0000-0000-0000-000000000e1a" );
INSERT INTO TE_STATE VALUES ( "00000000-0000-0000-0000-000000000e1a",'unrunning','perf_testloop_LOOP_STATE_3',3,3,2,"00000000-0000-0000-0000-0000000000bd","00000000-0000-0000-0000-00000000010f","00000000-0000-0000-0000-000000000e1d" );
INSERT INTO TE_STATE VALUES ( "00000000-0000-0000-0000-000000000e1d",'done','perf_testloop_LOOP_STATE_4',4,4,3,"00000000-0000-0000-0000-0000000000bd","00000000-0000-0000-0000-000000000121","00000000-0000-0000-0000-000000000000" );
INSERT INTO TE_STATE VALUES ( "00000000-0000-0000-0000-000000000e43",'spinning','perf_funcs_A_STATE_1',1,1,0,"00000000-0000-0000-0000-000000000e93","00000000-0000-0000-0000-000000000e94","00000000-0000-0000-0000-000000000e46" );
INSERT INTO TE_STATE VALUES ( "00000000-0000-0000-0000-000000000e46",'done','perf_funcs_A_STATE_2',2,2,1,"00000000-0000-0000-0000-000000000e93","00000000-0000-0000-0000-000000000ea5","00000000-0000-0000-0000-000000000000" );
INSERT INTO TE_STATE VALUES ( "00000000-0000-0000-0000-000000000e58",'answering','perf_funcs_B_STATE_1',1,1,0,"00000000-0000-0000-0000-000000000e5a","00000000-0000-0000-0000-000000000e5c","00000000-0000-0000-0000-000000000000" );
INSERT INTO TE_STATE VALUES ( "00000000-0000-0000-0000-000000000e60",'running','perf_funcs_BENCHMARK_STATE_1',1,1,0,"00000000-0000-0000-0000-000000000e2c","00000000-0000-0000-0000-000000000e2d","00000000-0000-0000-0000-000000000e63" );
INSERT INTO TE_STATE VALUES ( "00000000-0000-0000-0000-000000000e63",'done','perf_funcs_BENCHMARK_STATE_2',2,2,1,"00000000-0000-0000-0000-000000000e2c","00000000-0000-0000-0000-000000000e3e","00000000-0000-0000-0000-000000000000" );
INSERT INTO R_OIR VALUES ( "00000000-0000-0000-0000-00000000051c","00000000-0000-0000-0000-00000000063a","00000000-0000-0000-0000-000000000e8f","00000000-0000-0000-0000-000000000000" );
INSERT INTO R_OIR VALUES ( "00000000-0000-0000-0000-000000000639","00000000-0000-0000-0000-00000000063a","00000000-0000-0000-0000-000000000e90","00000000-0000-0000-0000-000000000000" );
INSERT INTO R_OIR VALUES ( "00000000-0000-0000-0000-00000000078b","00000000-0000-0000-0000-000000000793","00000000-0000-0000-0000-000000000e6d","00000000-0000-0000-0000-000000000000" );
INSERT INTO R_OIR VALUES ( "00000000-0000-0000-0000-00000000078e","00000000-0000-0000-0000-000000000793","00000000-0000-0000-0000-000000000e6c","00000000-0000-0000-0000-000000000000" );
INSERT INTO R_OIR VALUES ( "00000000-0000-0000-0000-0000000007fa","00000000-0000-0000-0000-000000000811","00000000-0000-0000-0000-000000000e74","00000000-0000-0000-0000-000000000000" );
INSERT INTO R_OIR VALUES ( "00000000-0000-0000-0000-0000000007fd","00000000-0000-0000-0000-000000000811","00000000-0000-0000-0000-000000000e77","00000000-0000-0000-0000-000000000000" );
INSERT INTO R_OIR VALUES ( "00000000-0000-0000-0000-0000000007ff","00000000-0000-0000-0000-000000000811","00000000-0000-0000-0000-000000000e73","00000000-0000-0000-0000-000000000000" );
INSERT INTO TE_PO VALUES ( "00000000-0000-0000-0000-00000000001f",'APP','APP','benchif','','','',0,0,0,0,"00000000-0000-0000-0000-00000000001c","00000000-0000-0000-0000-000000000043","00000000-0000-0000-0000-000000000053","00000000-0000-0000-0000-000000000820" );
INSERT INTO TE_PO VALUES ( "00000000-0000-0000-0000-000000000023",'TESTLOOP','TESTLOOP','benchif','','','',1,0,0,0,"00000000-0000-0000-0000-00000000001a","00000000-0000-0000-0000-000000000043","00000000-0000-0000-0000-00000000015d","00000000-0000-0000-0000-000000000834" );
INSERT INTO TE_SM VALUES ( "00000000-0000-0000-0000-000000000e13",1,'perf_testloop_LOOP_STATE_1','perf_testloop_LOOP_StateEventMatrix','perf_testloop_LOOP_acts','StateAction_t','perf_testloop_LOOP_Events_u','perf_testloop_LOOP_xacts',0,'state_name_strings',4,3,"00000000-0000-0000-0000-0000000000bd",'perf_testloop_LOOP',"00000000-0000-0000-0000-000000000e14","00000000-0000-0000-0000-000000000e20",'"starting","running","unrunning","done"','"go","stop","begin"',0 );
INSERT INTO TE_SM VALUES ( "00000000-0000-0000-0000-000000000e42",1,'perf_funcs_A_STATE_1','perf_funcs_A_StateEventMatrix','perf_funcs_A_acts','StateAction_t','perf_funcs_A_Events_u','perf_funcs_A_xacts',0,'state_name_strings',2,3,"00000000-0000-0000-0000-000000000e93",'perf_funcs_A',"00000000-0000-0000-0000-000000000e43","00000000-0000-0000-0000-000000000e49",'"spinning","done"','"e","e2","stop"',0 );
INSERT INTO TE_SM VALUES ( "00000000-0000-0000-0000-000000000e57",1,'perf_funcs_B_STATE_1','perf_funcs_B_StateEventMatrix','perf_funcs_B_acts','StateAction_t','perf_funcs_B_Events_u','perf_funcs_B_xacts',0,'state_name_strings',1,1,"00000000-0000-0000-0000-000000000e5a",'perf_funcs_B',"00000000-0000-0000-0000-000000000e58","00000000-0000-0000-0000-000000000e5b",'"answering"','"e1"',0 );
INSERT INTO TE_SM VALUES ( "00000000-0000-0000-0000-000000000e5f",1,'perf_funcs_BENCHMARK_STATE_1','perf_funcs_BENCHMARK_StateEventMatrix','perf_funcs_BENCHMARK_acts','StateAction_t','perf_funcs_BENCHMARK_Events_u','perf_funcs_BENCHMARK_xacts',0,'state_name_strings',2,2,"00000000-0000-0000-0000-000000000e2c",'perf_funcs_BENCHMARK',"00000000-0000-0000-0000-000000000e60","00000000-0000-0000-0000-000000000e66",'"running","done"','"go","stop"',0 );
INSERT INTO TE_CLASS VALUES ( "00000000-0000-0000-0000-000000000037",'a',100,'A','','perf_funcs_A','perf_funcs_A_CB',1,0,0,0,0,40000,0,1,0,0,1,0,0,'perf_funcs_A_class','perf_funcs_A_CLASS_NUMBER','perf_funcs_A_CLASS_NUMBER_CB','perf_funcs_A_LinkCentral','perf_funcs_A_Dispatch','','%d,%d,%d,%d',',
    self->ID,
    self->odometer,
    self->current_state,
    self->bID',"00000000-0000-0000-0000-00000000001a","00000000-0000-0000-0000-00000000051c","00000000-0000-0000-0000-00000000003d" );
INSERT INTO TE_CLASS VALUES ( "00000000-0000-0000-0000-000000000038",'g',106,'G','','perf_funcs_G','perf_funcs_G_CB',0,0,0,0,0,10,0,1,0,0,1,0,0,'perf_funcs_G_class','perf_funcs_G_CLASS_NUMBER','perf_funcs_G_CLASS_NUMBER_CB','perf_funcs_G_LinkCentral','','','%d,%d',',
    self->eID,
    self->fID',"00000000-0000-0000-0000-00000000001a","00000000-0000-0000-0000-0000000007ff","00000000-0000-0000-0000-00000000003e" );
INSERT INTO TE_CLASS VALUES ( "00000000-0000-0000-0000-000000000039",'f',105,'F','','perf_funcs_F','perf_funcs_F_CB',0,0,0,0,0,10,0,1,0,0,1,0,0,'perf_funcs_F_class','perf_funcs_F_CLASS_NUMBER','perf_funcs_F_CLASS_NUMBER_CB','perf_funcs_F_LinkCentral','','','%d',',
    self->fID',"00000000-0000-0000-0000-00000000001a","00000000-0000-0000-0000-0000000007fd","00000000-0000-0000-0000-000000000038" );
INSERT INTO TE_CLASS VALUES ( "00000000-0000-0000-0000-00000000003a",'e',104,'E','','perf_funcs_E','perf_funcs_E_CB',0,0,0,0,0,10,0,1,0,0,1,0,0,'perf_funcs_E_class','perf_funcs_E_CLASS_NUMBER','perf_funcs_E_CLASS_NUMBER_CB','perf_funcs_E_LinkCentral','','','%d',',
    self->eID',"00000000-0000-0000-0000-00000000001a","00000000-0000-0000-0000-0000000007fa","00000000-0000-0000-0000-000000000039" );
INSERT INTO TE_CLASS VALUES ( "00000000-0000-0000-0000-00000000003b",'d',103,'D','','perf_funcs_D','perf_funcs_D_CB',0,0,0,0,0,10,0,1,0,0,1,0,0,'perf_funcs_D_class','perf_funcs_D_CLASS_NUMBER','perf_funcs_D_CLASS_NUMBER_CB','perf_funcs_D_LinkCentral','','','%d,%d',',
    self->dID,
    self->cID',"00000000-0000-0000-0000-00000000001a","00000000-0000-0000-0000-00000000078e","00000000-0000-0000-0000-00000000003a" );
INSERT INTO TE_CLASS VALUES ( "00000000-0000-0000-0000-00000000003c",'c',102,'C','','perf_funcs_C','perf_funcs_C_CB',0,0,0,0,0,10,0,1,0,0,1,0,0,'perf_funcs_C_class','perf_funcs_C_CLASS_NUMBER','perf_funcs_C_CLASS_NUMBER_CB','perf_funcs_C_LinkCentral','','','%d',',
    self->cID',"00000000-0000-0000-0000-00000000001a","00000000-0000-0000-0000-00000000078b","00000000-0000-0000-0000-00000000003b" );
INSERT INTO TE_CLASS VALUES ( "00000000-0000-0000-0000-00000000003d",'b',101,'B','','perf_funcs_B','perf_funcs_B_CB',1,0,0,0,0,10,0,1,0,0,1,0,0,'perf_funcs_B_class','perf_funcs_B_CLASS_NUMBER','perf_funcs_B_CLASS_NUMBER_CB','perf_funcs_B_LinkCentral','perf_funcs_B_Dispatch','','%d,%d',',
    self->bID,
    self->current_state',"00000000-0000-0000-0000-00000000001a","00000000-0000-0000-0000-000000000639","00000000-0000-0000-0000-00000000003c" );
INSERT INTO TE_CLASS VALUES ( "00000000-0000-0000-0000-00000000003e",'benchmark',1,'BENCHMARK','','perf_funcs_BENCHMARK','perf_funcs_BENCHMARK_CB',1,0,0,0,0,10,0,1,0,0,1,0,0,'perf_funcs_BENCHMARK_class','perf_funcs_BENCHMARK_CLASS_NUMBER','perf_funcs_BENCHMARK_CLASS_NUMBER_CB','perf_funcs_BENCHMARK_LinkCentral','perf_funcs_BENCHMARK_Dispatch','','%d,%d,%d',',
    self->test_number,
    self->duration,
    self->current_state',"00000000-0000-0000-0000-00000000001a","00000000-0000-0000-0000-0000000001b0","00000000-0000-0000-0000-00000000003f" );
INSERT INTO TE_CLASS VALUES ( "00000000-0000-0000-0000-00000000003f",'C benchmark',2,'CBENCH','','perf_funcs_CBENCH','perf_funcs_CBENCH_CB',0,0,0,0,0,10,0,1,0,0,1,0,0,'perf_funcs_CBENCH_class','perf_funcs_CBENCH_CLASS_NUMBER','perf_funcs_CBENCH_CLASS_NUMBER_CB','perf_funcs_CBENCH_LinkCentral','','','%d',',
    self->phase',"00000000-0000-0000-0000-00000000001a","00000000-0000-0000-0000-0000000001b9","00000000-0000-0000-0000-000000000000" );
INSERT INTO TE_CLASS VALUES ( "00000000-0000-0000-0000-000000000040",'loop',1,'LOOP','','perf_testloop_LOOP','perf_testloop_LOOP_CB',1,0,0,0,0,10,0,1,0,0,1,0,0,'perf_testloop_LOOP_class','perf_testloop_LOOP_CLASS_NUMBER','perf_testloop_LOOP_CLASS_NUMBER_CB','perf_testloop_LOOP_LinkCentral','perf_testloop_LOOP_Dispatch','','%d,%d,%d,%d,%d,%d,%d',',
    self->client_test_number,
    self->duration,
    self->repetitions,
    self->measured_run_time,
    self->current_state,
    self->time_delta,
    self->t0',"00000000-0000-0000-0000-00000000001c","00000000-0000-0000-0000-000000000083","00000000-0000-0000-0000-000000000000" );
INSERT INTO TE_PREFIX VALUES ( 'Escher_','','Escher_','','ESCHER_','Escher_','','','','Escher_','pport_','rport_','channel_' );
INSERT INTO TE_SET VALUES ( 'SYS_MAX_CONTAINERS','Escher_Iterator_s','Escher_SetFactoryInit','Escher_InitSet','Escher_CopySet','Escher_ClearSet','Escher_SetUnion','Escher_SetIntersection','Escher_SetDifference','Escher_SetSymmetricDifference','Escher_SetInsertElement','Escher_SetInsertInstance','Escher_SetInsertBlock','Escher_SetRemoveElement','Escher_SetRemoveInstance','Escher_SetCardinality','Escher_SetContains','Escher_SetEquality','Escher_SetIsEmpty','Escher_SetGetAny','Escher_IteratorReset','Escher_IteratorNext','Escher_ObjectSet_s','Escher_SetElement_s','','' );
INSERT INTO TE_PERSIST VALUES ( 'sys_persist','','ESCHER_PERSIST_INST_CACHE_DEPTH','ESCHER_PERSIST_LINK_CACHE_DEPTH','check_mark_post','','Escher_link_t','','Escher_PersistFactoryInit','Escher_PersistenceCommit','Escher_PersistenceRestore','Escher_PersistDelete','domainnum','Escher_DomainNumber_t','classnum','Escher_ClassNumber_t','index','Escher_InstanceIndex_t','InstanceIdentifier_t','instance_identifier','s1_t','persist_dirty',1,0 );
INSERT INTO R_RTO VALUES ( "00000000-0000-0000-0000-000000000639","00000000-0000-0000-0000-00000000063a","00000000-0000-0000-0000-000000000e90",0 );
INSERT INTO R_RTO VALUES ( "00000000-0000-0000-0000-00000000078b","00000000-0000-0000-0000-000000000793","00000000-0000-0000-0000-000000000e6d",0 );
INSERT INTO R_RTO VALUES ( "00000000-0000-0000-0000-0000000007fa","00000000-0000-0000-0000-000000000811","00000000-0000-0000-0000-000000000e74",0 );
INSERT INTO R_RTO VALUES ( "00000000-0000-0000-0000-0000000007fd","00000000-0000-0000-0000-000000000811","00000000-0000-0000-0000-000000000e77",0 );
INSERT INTO TE_EQ VALUES ( 'EVENT_IS_IGNORED','EVENT_CANT_HAPPEN','Escher_systemxtUMLevents','Escher_xtUML_event_pool','Escher_xtUMLEventConstant_t','Escher_xtUMLEvent_t','mc_event_base','ESCHER_SYS_MAX_XTUML_EVENTS','ESCHER_SYS_MAX_SELF_EVENTS','ESCHER_SYS_MAX_NONSELF_EVENTS','Escher_NewxtUMLEvent','Escher_AllocatextUMLEvent','Escher_DeletextUMLEvent','Escher_ModifyxtUMLEvent','Escher_SendSelfEvent','Escher_SendEvent','Escher_EventSearchAndDestroy','Escher_run_flag','e','' );
INSERT INTO TE_ILB VALUES ( '','ESCHER_SYS_MAX_INTERLEAVED_BRIDGES','ESCHER_SYS_MAX_INTERLEAVED_BRIDGE_DATA','InterleaveBridge','InterleaveBridgeDone','GetILBData','DispatchInterleaveBridge' );
INSERT INTO TE_THREAD VALUES ( 'sys_thread','Escher_thread_create','Escher_mutex_lock','Escher_mutex_unlock','Escher_nonbusy_wait','Escher_nonbusy_wake','Escher_thread_shutdown',0,'POSIX',0,1,'' );
INSERT INTO TE_FILE VALUES ( 'h','c','o','mcbench_sys_main','sys_xtuml','sys_events','sys_nvs','NVS_bridge','sys_sets','mcbench_sys_types','sys_thread','sys_trace','TIM_bridge','sys_user_co','','sys_persist','sys_xtumlload','sysc_interfaces','RegDefs','.','_ch','_ch','_ch','_ch','.','bridge.mark','system.mark','datatype.mark','event.mark','class.mark','domain.mark','sys_functions.arc','mc3020/arc','.' );
INSERT INTO TE_CALLOUT VALUES ( 'sys_user_co','UserInitializationCallout','UserPreOoaInitializationCallout','UserPostOoaInitializationCallout','UserBackgroundProcessingCallout','UserEventCantHappenCallout','UserPreShutdownCallout','UserPostShutdownCallout','UserEventNoInstanceCallout','UserEventFreeListEmptyCallout','UserEmptyHandleDetectedCallout','UserObjectPoolEmptyCallout','UserNodeListEmptyCallout','UserInterleavedBridgeOverflowCallout','UserSelfEventQueueEmptyCallout','UserNonSelfEventQueueEmptyCallout','UserPersistenceErrorCallout' );
INSERT INTO TE_STRING VALUES ( 'Escher_memset','Escher_memmove','Escher_strcpy','Escher_stradd','Escher_strlen','Escher_strcmp','Escher_strget','Escher_itoa','Escher_atoi','ESCHER_SYS_MAX_STRING_LEN','ESCHER_DEBUG_BUFFER_DEPTH','Escher_u128touuid','Escher_uuidtou128' );
INSERT INTO TE_TRACE VALUES ( 'COMP_MSG_START_TRACE','COMP_MSG_END_TRACE','STATE_TXN_START_TRACE','STATE_TXN_END_TRACE','STATE_TXN_IG_TRACE','STATE_TXN_CH_TRACE','OAL_ACTION_TRACE' );
INSERT INTO TE_COPYRIGHT VALUES ( 'your copyright statement can go here (from te_copyright.body)' );
INSERT INTO TE_DMA VALUES ( 'sys_memory','Escher_malloc','Escher_free',0 );
INSERT INTO TE_CONTAINER VALUES ( '' );
INSERT INTO R_RGO VALUES ( "00000000-0000-0000-0000-00000000051c","00000000-0000-0000-0000-00000000063a","00000000-0000-0000-0000-000000000e8f" );
INSERT INTO R_RGO VALUES ( "00000000-0000-0000-0000-00000000078e","00000000-0000-0000-0000-000000000793","00000000-0000-0000-0000-000000000e6c" );
INSERT INTO R_RGO VALUES ( "00000000-0000-0000-0000-0000000007ff","00000000-0000-0000-0000-000000000811","00000000-0000-0000-0000-000000000e73" );
INSERT INTO TE_DLIST VALUES ( '','Escher_SetRemoveDlistNode' );
INSERT INTO TE_SLIST VALUES ( '','Escher_SetRemoveNode' );
INSERT INTO TE_TARGET VALUES ( 'C','#ifdef	__cplusplus
extern	"C"	{
#endif','#ifdef	__cplusplus
}
#endif','main' );
INSERT INTO R_SIMP VALUES ( "00000000-0000-0000-0000-00000000063a" );
INSERT INTO R_SIMP VALUES ( "00000000-0000-0000-0000-000000000793" );
INSERT INTO TE_RELINFO VALUES ( "00000000-0000-0000-0000-000000000000","00000000-0000-0000-0000-000000000000","00000000-0000-0000-0000-000000000000","00000000-0000-0000-0000-000000000000","00000000-0000-0000-0000-000000000000","00000000-0000-0000-0000-000000000000",0,0,'',0,0,0,0 );
INSERT INTO TE_RELSTORE VALUES ( '','','',0,'','self' );
INSERT INTO TE_INSTANCE VALUES ( 'Escher_CreateInstance','Escher_CreatePersistent','Escher_DeleteInstance','Escher_DeletePersistent','self','Escher_GetSelf','Escher_InstanceBase_t','Escher_iHandle_t','Escher_ClassFactoryInit','Escher_Object_s','ESCHER_SYS_MAX_OBJECT_EXTENT','ESCHER_SYS_MAX_ASSOCIATION_EXTENT','ESCHER_SYS_MAX_TRANSIENT_EXTENT','current_state','','Escher_GetDCI','Escher_GetEventDispatcher','Escher_GetThreadAssignment','' );
INSERT INTO TE_TIM VALUES ( 'ESCHER_SYS_MAX_XTUML_TIMERS',1,1,0,'ETimer_t','','' );
INSERT INTO TE_TYPEMAP VALUES ( 'Escher_InstanceIndex_t','u2_t','Escher_ClassSize_t','Escher_size_t','Escher_ClassNumber_t','u2_t','Escher_StateNumber_t','u1_t','Escher_DomainNumber_t','u1_t','Escher_EventNumber_t','u1_t','Escher_EventPriority_t','u1_t','Escher_EventFlags_t','u1_t','Escher_PolyEventRC_t','u1_t','Escher_SEMcell_t','u1_t','','','' );
INSERT INTO TE_EXTENT VALUES ( 'Escher_ObjectSet_s','Escher_Extent_t','active','inactive','','Escher_ClassSize_t','size','Escher_StateNumber_t','initial_state','Escher_SetElement_s*','container','Escher_iHandle_t','pool','Escher_InstanceIndex_t','population','Escher_ClassSize_t','size_no_rel','link_function' );
INSERT INTO TE_PAR VALUES ( 'event_inst',0,'',0,"00000000-0000-0000-0000-000000000e4a","00000000-0000-0000-0000-000000000782" );
INSERT INTO TE_PAR VALUES ( 'microseconds',0,'',1,"00000000-0000-0000-0000-000000000e49","00000000-0000-0000-0000-000000000783" );
INSERT INTO TE_PAR VALUES ( 'duration',0,'',0,"00000000-0000-0000-0000-000000000e3c","00000000-0000-0000-0000-000000000815" );
INSERT INTO TE_PAR VALUES ( 'testnum',0,'',1,"00000000-0000-0000-0000-000000000e3b","00000000-0000-0000-0000-000000000814" );
INSERT INTO TE_PAR VALUES ( 'duration',0,'',1,"00000000-0000-0000-0000-000000000e2a","00000000-0000-0000-0000-000000000801" );
INSERT INTO TE_PAR VALUES ( 'count',0,'',0,"00000000-0000-0000-0000-000000000e29","00000000-0000-0000-0000-000000000802" );
INSERT INTO TE_PAR VALUES ( 'message',0,'',2,"00000000-0000-0000-0000-000000000e28","00000000-0000-0000-0000-000000000803" );
INSERT INTO TE_PAR VALUES ( 'duration',0,'',1,"00000000-0000-0000-0000-000000000dc0","00000000-0000-0000-0000-000000000801" );
INSERT INTO TE_PAR VALUES ( 'count',0,'',0,"00000000-0000-0000-0000-000000000dbf","00000000-0000-0000-0000-000000000802" );
INSERT INTO TE_PAR VALUES ( 'message',0,'',2,"00000000-0000-0000-0000-000000000dbe","00000000-0000-0000-0000-000000000803" );
INSERT INTO TE_PAR VALUES ( 'i',0,'',0,"00000000-0000-0000-0000-000000000db2","00000000-0000-0000-0000-000000000813" );
INSERT INTO TE_PAR VALUES ( 'i',0,'',0,"00000000-0000-0000-0000-000000000db1","00000000-0000-0000-0000-000000000813" );
INSERT INTO TE_PAR VALUES ( 'i',0,'',0,"00000000-0000-0000-0000-000000000db0","00000000-0000-0000-0000-000000000813" );
INSERT INTO TE_PAR VALUES ( 'i',0,'',0,"00000000-0000-0000-0000-000000000daf","00000000-0000-0000-0000-000000000813" );
INSERT INTO TE_PAR VALUES ( 'i',0,'',0,"00000000-0000-0000-0000-000000000dae","00000000-0000-0000-0000-000000000813" );
INSERT INTO TE_PAR VALUES ( 'i',0,'',0,"00000000-0000-0000-0000-000000000dad","00000000-0000-0000-0000-000000000813" );
INSERT INTO TE_PAR VALUES ( 'i',0,'',0,"00000000-0000-0000-0000-000000000dac","00000000-0000-0000-0000-000000000813" );
INSERT INTO TE_PAR VALUES ( 'i',0,'',0,"00000000-0000-0000-0000-000000000dab","00000000-0000-0000-0000-000000000813" );
INSERT INTO TE_PAR VALUES ( 'i',0,'',0,"00000000-0000-0000-0000-000000000daa","00000000-0000-0000-0000-000000000813" );
INSERT INTO TE_PAR VALUES ( 'i',0,'',0,"00000000-0000-0000-0000-000000000da9","00000000-0000-0000-0000-000000000813" );
INSERT INTO TE_PAR VALUES ( 'duration',0,'',1,"00000000-0000-0000-0000-000000000d53","00000000-0000-0000-0000-000000000801" );
INSERT INTO TE_PAR VALUES ( 'count',0,'',0,"00000000-0000-0000-0000-000000000d52","00000000-0000-0000-0000-000000000802" );
INSERT INTO TE_PAR VALUES ( 'message',0,'',2,"00000000-0000-0000-0000-000000000d51","00000000-0000-0000-0000-000000000803" );
INSERT INTO TE_PAR VALUES ( 'i',0,'',0,"00000000-0000-0000-0000-000000000d45","00000000-0000-0000-0000-000000000812" );
INSERT INTO TE_PAR VALUES ( 'i',0,'',0,"00000000-0000-0000-0000-000000000d44","00000000-0000-0000-0000-000000000812" );
INSERT INTO TE_PAR VALUES ( 'i',0,'',0,"00000000-0000-0000-0000-000000000d43","00000000-0000-0000-0000-000000000812" );
INSERT INTO TE_PAR VALUES ( 'i',0,'',0,"00000000-0000-0000-0000-000000000d42","00000000-0000-0000-0000-000000000812" );
INSERT INTO TE_PAR VALUES ( 'i',0,'',0,"00000000-0000-0000-0000-000000000d41","00000000-0000-0000-0000-000000000812" );
INSERT INTO TE_PAR VALUES ( 'i',0,'',0,"00000000-0000-0000-0000-000000000d40","00000000-0000-0000-0000-000000000812" );
INSERT INTO TE_PAR VALUES ( 'i',0,'',0,"00000000-0000-0000-0000-000000000d3f","00000000-0000-0000-0000-000000000812" );
INSERT INTO TE_PAR VALUES ( 'i',0,'',0,"00000000-0000-0000-0000-000000000d3e","00000000-0000-0000-0000-000000000812" );
INSERT INTO TE_PAR VALUES ( 'i',0,'',0,"00000000-0000-0000-0000-000000000d3d","00000000-0000-0000-0000-000000000812" );
INSERT INTO TE_PAR VALUES ( 'i',0,'',0,"00000000-0000-0000-0000-000000000d3c","00000000-0000-0000-0000-000000000812" );
INSERT INTO TE_PAR VALUES ( 'duration',0,'',1,"00000000-0000-0000-0000-000000000cfe","00000000-0000-0000-0000-000000000801" );
INSERT INTO TE_PAR VALUES ( 'count',0,'',0,"00000000-0000-0000-0000-000000000cfd","00000000-0000-0000-0000-000000000802" );
INSERT INTO TE_PAR VALUES ( 'message',0,'',2,"00000000-0000-0000-0000-000000000cfc","00000000-0000-0000-0000-000000000803" );
INSERT INTO TE_PAR VALUES ( 'duration',0,'',1,"00000000-0000-0000-0000-000000000cb3","00000000-0000-0000-0000-000000000801" );
INSERT INTO TE_PAR VALUES ( 'count',0,'',0,"00000000-0000-0000-0000-000000000cb2","00000000-0000-0000-0000-000000000802" );
INSERT INTO TE_PAR VALUES ( 'message',0,'',2,"00000000-0000-0000-0000-000000000cb1","00000000-0000-0000-0000-000000000803" );
INSERT INTO TE_PAR VALUES ( 'duration',0,'',1,"00000000-0000-0000-0000-000000000c43","00000000-0000-0000-0000-000000000801" );
INSERT INTO TE_PAR VALUES ( 'count',0,'',0,"00000000-0000-0000-0000-000000000c42","00000000-0000-0000-0000-000000000802" );
INSERT INTO TE_PAR VALUES ( 'message',0,'',2,"00000000-0000-0000-0000-000000000c41","00000000-0000-0000-0000-000000000803" );
INSERT INTO TE_PAR VALUES ( 'duration',0,'',1,"00000000-0000-0000-0000-000000000bd2","00000000-0000-0000-0000-000000000801" );
INSERT INTO TE_PAR VALUES ( 'count',0,'',0,"00000000-0000-0000-0000-000000000bd1","00000000-0000-0000-0000-000000000802" );
INSERT INTO TE_PAR VALUES ( 'message',0,'',2,"00000000-0000-0000-0000-000000000bd0","00000000-0000-0000-0000-000000000803" );
INSERT INTO TE_PAR VALUES ( 'duration',0,'',1,"00000000-0000-0000-0000-000000000b58","00000000-0000-0000-0000-000000000801" );
INSERT INTO TE_PAR VALUES ( 'count',0,'',0,"00000000-0000-0000-0000-000000000b57","00000000-0000-0000-0000-000000000802" );
INSERT INTO TE_PAR VALUES ( 'message',0,'',2,"00000000-0000-0000-0000-000000000b56","00000000-0000-0000-0000-000000000803" );
INSERT INTO TE_PAR VALUES ( 'duration',0,'',1,"00000000-0000-0000-0000-000000000ade","00000000-0000-0000-0000-000000000801" );
INSERT INTO TE_PAR VALUES ( 'count',0,'',0,"00000000-0000-0000-0000-000000000add","00000000-0000-0000-0000-000000000802" );
INSERT INTO TE_PAR VALUES ( 'message',0,'',2,"00000000-0000-0000-0000-000000000adc","00000000-0000-0000-0000-000000000803" );
INSERT INTO TE_PAR VALUES ( 'duration',0,'',1,"00000000-0000-0000-0000-000000000a64","00000000-0000-0000-0000-000000000801" );
INSERT INTO TE_PAR VALUES ( 'count',0,'',0,"00000000-0000-0000-0000-000000000a63","00000000-0000-0000-0000-000000000802" );
INSERT INTO TE_PAR VALUES ( 'message',0,'',2,"00000000-0000-0000-0000-000000000a62","00000000-0000-0000-0000-000000000803" );
INSERT INTO TE_PAR VALUES ( 'duration',0,'',1,"00000000-0000-0000-0000-0000000009f7","00000000-0000-0000-0000-000000000801" );
INSERT INTO TE_PAR VALUES ( 'count',0,'',0,"00000000-0000-0000-0000-0000000009f6","00000000-0000-0000-0000-000000000802" );
INSERT INTO TE_PAR VALUES ( 'message',0,'',2,"00000000-0000-0000-0000-0000000009f5","00000000-0000-0000-0000-000000000803" );
INSERT INTO TE_PAR VALUES ( 'duration',0,'',1,"00000000-0000-0000-0000-00000000098e","00000000-0000-0000-0000-000000000801" );
INSERT INTO TE_PAR VALUES ( 'count',0,'',0,"00000000-0000-0000-0000-00000000098d","00000000-0000-0000-0000-000000000802" );
INSERT INTO TE_PAR VALUES ( 'message',0,'',2,"00000000-0000-0000-0000-00000000098c","00000000-0000-0000-0000-000000000803" );
INSERT INTO TE_PAR VALUES ( 'duration',0,'',1,"00000000-0000-0000-0000-000000000925","00000000-0000-0000-0000-000000000801" );
INSERT INTO TE_PAR VALUES ( 'count',0,'',0,"00000000-0000-0000-0000-000000000924","00000000-0000-0000-0000-000000000802" );
INSERT INTO TE_PAR VALUES ( 'message',0,'',2,"00000000-0000-0000-0000-000000000923","00000000-0000-0000-0000-000000000803" );
INSERT INTO TE_PAR VALUES ( 'duration',0,'',1,"00000000-0000-0000-0000-0000000008bc","00000000-0000-0000-0000-000000000801" );
INSERT INTO TE_PAR VALUES ( 'count',0,'',0,"00000000-0000-0000-0000-0000000008bb","00000000-0000-0000-0000-000000000802" );
INSERT INTO TE_PAR VALUES ( 'message',0,'',2,"00000000-0000-0000-0000-0000000008ba","00000000-0000-0000-0000-000000000803" );
INSERT INTO TE_PAR VALUES ( 'duration',0,'',1,"00000000-0000-0000-0000-000000000852","00000000-0000-0000-0000-000000000801" );
INSERT INTO TE_PAR VALUES ( 'count',0,'',0,"00000000-0000-0000-0000-000000000851","00000000-0000-0000-0000-000000000802" );
INSERT INTO TE_PAR VALUES ( 'message',0,'',2,"00000000-0000-0000-0000-000000000850","00000000-0000-0000-0000-000000000803" );
INSERT INTO TE_PAR VALUES ( 'duration',0,'',1,"00000000-0000-0000-0000-0000000007cf","00000000-0000-0000-0000-000000000801" );
INSERT INTO TE_PAR VALUES ( 'count',0,'',0,"00000000-0000-0000-0000-0000000007ce","00000000-0000-0000-0000-000000000802" );
INSERT INTO TE_PAR VALUES ( 'message',0,'',2,"00000000-0000-0000-0000-0000000007cd","00000000-0000-0000-0000-000000000803" );
INSERT INTO TE_PAR VALUES ( 'duration',0,'',1,"00000000-0000-0000-0000-000000000760","00000000-0000-0000-0000-000000000801" );
INSERT INTO TE_PAR VALUES ( 'count',0,'',0,"00000000-0000-0000-0000-00000000075f","00000000-0000-0000-0000-000000000802" );
INSERT INTO TE_PAR VALUES ( 'message',0,'',2,"00000000-0000-0000-0000-00000000075e","00000000-0000-0000-0000-000000000803" );
INSERT INTO TE_PAR VALUES ( 'duration',0,'',1,"00000000-0000-0000-0000-000000000706","00000000-0000-0000-0000-000000000801" );
INSERT INTO TE_PAR VALUES ( 'count',0,'',0,"00000000-0000-0000-0000-000000000705","00000000-0000-0000-0000-000000000802" );
INSERT INTO TE_PAR VALUES ( 'message',0,'',2,"00000000-0000-0000-0000-000000000704","00000000-0000-0000-0000-000000000803" );
INSERT INTO TE_PAR VALUES ( 'duration',0,'',1,"00000000-0000-0000-0000-0000000006ac","00000000-0000-0000-0000-000000000801" );
INSERT INTO TE_PAR VALUES ( 'count',0,'',0,"00000000-0000-0000-0000-0000000006ab","00000000-0000-0000-0000-000000000802" );
INSERT INTO TE_PAR VALUES ( 'message',0,'',2,"00000000-0000-0000-0000-0000000006aa","00000000-0000-0000-0000-000000000803" );
INSERT INTO TE_PAR VALUES ( 'duration',0,'',1,"00000000-0000-0000-0000-000000000654","00000000-0000-0000-0000-000000000801" );
INSERT INTO TE_PAR VALUES ( 'count',0,'',0,"00000000-0000-0000-0000-000000000653","00000000-0000-0000-0000-000000000802" );
INSERT INTO TE_PAR VALUES ( 'message',0,'',2,"00000000-0000-0000-0000-000000000652","00000000-0000-0000-0000-000000000803" );
INSERT INTO TE_PAR VALUES ( 'duration',0,'',1,"00000000-0000-0000-0000-00000000060d","00000000-0000-0000-0000-000000000801" );
INSERT INTO TE_PAR VALUES ( 'count',0,'',0,"00000000-0000-0000-0000-00000000060c","00000000-0000-0000-0000-000000000802" );
INSERT INTO TE_PAR VALUES ( 'message',0,'',2,"00000000-0000-0000-0000-00000000060b","00000000-0000-0000-0000-000000000803" );
INSERT INTO TE_PAR VALUES ( 'count',0,'',0,"00000000-0000-0000-0000-000000000600","00000000-0000-0000-0000-000000000790" );
INSERT INTO TE_PAR VALUES ( 'duration',0,'',1,"00000000-0000-0000-0000-0000000005d2","00000000-0000-0000-0000-000000000801" );
INSERT INTO TE_PAR VALUES ( 'count',0,'',0,"00000000-0000-0000-0000-0000000005d1","00000000-0000-0000-0000-000000000802" );
INSERT INTO TE_PAR VALUES ( 'message',0,'',2,"00000000-0000-0000-0000-0000000005d0","00000000-0000-0000-0000-000000000803" );
INSERT INTO TE_PAR VALUES ( 'duration',0,'',1,"00000000-0000-0000-0000-00000000055b","00000000-0000-0000-0000-000000000801" );
INSERT INTO TE_PAR VALUES ( 'count',0,'',0,"00000000-0000-0000-0000-00000000055a","00000000-0000-0000-0000-000000000802" );
INSERT INTO TE_PAR VALUES ( 'message',0,'',2,"00000000-0000-0000-0000-000000000559","00000000-0000-0000-0000-000000000803" );
INSERT INTO TE_PAR VALUES ( 'duration',0,'',1,"00000000-0000-0000-0000-0000000004e8","00000000-0000-0000-0000-000000000801" );
INSERT INTO TE_PAR VALUES ( 'count',0,'',0,"00000000-0000-0000-0000-0000000004e7","00000000-0000-0000-0000-000000000802" );
INSERT INTO TE_PAR VALUES ( 'message',0,'',2,"00000000-0000-0000-0000-0000000004e6","00000000-0000-0000-0000-000000000803" );
INSERT INTO TE_PAR VALUES ( 'i',0,'',0,"00000000-0000-0000-0000-0000000004dc","00000000-0000-0000-0000-00000000076c" );
INSERT INTO TE_PAR VALUES ( 'duration',0,'',1,"00000000-0000-0000-0000-0000000004ad","00000000-0000-0000-0000-000000000801" );
INSERT INTO TE_PAR VALUES ( 'count',0,'',0,"00000000-0000-0000-0000-0000000004ac","00000000-0000-0000-0000-000000000802" );
INSERT INTO TE_PAR VALUES ( 'message',0,'',2,"00000000-0000-0000-0000-0000000004ab","00000000-0000-0000-0000-000000000803" );
INSERT INTO TE_PAR VALUES ( 'i',0,'',0,"00000000-0000-0000-0000-0000000004a1","00000000-0000-0000-0000-00000000076d" );
INSERT INTO TE_PAR VALUES ( 'duration',0,'',1,"00000000-0000-0000-0000-000000000475","00000000-0000-0000-0000-000000000801" );
INSERT INTO TE_PAR VALUES ( 'count',0,'',0,"00000000-0000-0000-0000-000000000474","00000000-0000-0000-0000-000000000802" );
INSERT INTO TE_PAR VALUES ( 'message',0,'',2,"00000000-0000-0000-0000-000000000473","00000000-0000-0000-0000-000000000803" );
INSERT INTO TE_PAR VALUES ( 'i',0,'',0,"00000000-0000-0000-0000-000000000467","00000000-0000-0000-0000-00000000076e" );
INSERT INTO TE_PAR VALUES ( 'i',0,'',0,"00000000-0000-0000-0000-000000000466","00000000-0000-0000-0000-00000000076e" );
INSERT INTO TE_PAR VALUES ( 'i',0,'',0,"00000000-0000-0000-0000-000000000465","00000000-0000-0000-0000-00000000076e" );
INSERT INTO TE_PAR VALUES ( 'i',0,'',0,"00000000-0000-0000-0000-000000000464","00000000-0000-0000-0000-00000000076e" );
INSERT INTO TE_PAR VALUES ( 'i',0,'',0,"00000000-0000-0000-0000-000000000463","00000000-0000-0000-0000-00000000076e" );
INSERT INTO TE_PAR VALUES ( 'i',0,'',0,"00000000-0000-0000-0000-000000000462","00000000-0000-0000-0000-00000000076e" );
INSERT INTO TE_PAR VALUES ( 'i',0,'',0,"00000000-0000-0000-0000-000000000461","00000000-0000-0000-0000-00000000076e" );
INSERT INTO TE_PAR VALUES ( 'i',0,'',0,"00000000-0000-0000-0000-000000000460","00000000-0000-0000-0000-00000000076e" );
INSERT INTO TE_PAR VALUES ( 'i',0,'',0,"00000000-0000-0000-0000-00000000045f","00000000-0000-0000-0000-00000000076e" );
INSERT INTO TE_PAR VALUES ( 'i',0,'',0,"00000000-0000-0000-0000-00000000045e","00000000-0000-0000-0000-00000000076e" );
INSERT INTO TE_PAR VALUES ( 'duration',0,'',1,"00000000-0000-0000-0000-000000000408","00000000-0000-0000-0000-000000000801" );
INSERT INTO TE_PAR VALUES ( 'count',0,'',0,"00000000-0000-0000-0000-000000000407","00000000-0000-0000-0000-000000000802" );
INSERT INTO TE_PAR VALUES ( 'message',0,'',2,"00000000-0000-0000-0000-000000000406","00000000-0000-0000-0000-000000000803" );
INSERT INTO TE_PAR VALUES ( 'i',0,'',0,"00000000-0000-0000-0000-0000000003fa","00000000-0000-0000-0000-00000000076f" );
INSERT INTO TE_PAR VALUES ( 'i',0,'',0,"00000000-0000-0000-0000-0000000003f9","00000000-0000-0000-0000-00000000076f" );
INSERT INTO TE_PAR VALUES ( 'i',0,'',0,"00000000-0000-0000-0000-0000000003f8","00000000-0000-0000-0000-00000000076f" );
INSERT INTO TE_PAR VALUES ( 'i',0,'',0,"00000000-0000-0000-0000-0000000003f7","00000000-0000-0000-0000-00000000076f" );
INSERT INTO TE_PAR VALUES ( 'i',0,'',0,"00000000-0000-0000-0000-0000000003f6","00000000-0000-0000-0000-00000000076f" );
INSERT INTO TE_PAR VALUES ( 'i',0,'',0,"00000000-0000-0000-0000-0000000003f5","00000000-0000-0000-0000-00000000076f" );
INSERT INTO TE_PAR VALUES ( 'i',0,'',0,"00000000-0000-0000-0000-0000000003f4","00000000-0000-0000-0000-00000000076f" );
INSERT INTO TE_PAR VALUES ( 'i',0,'',0,"00000000-0000-0000-0000-0000000003f3","00000000-0000-0000-0000-00000000076f" );
INSERT INTO TE_PAR VALUES ( 'i',0,'',0,"00000000-0000-0000-0000-0000000003f2","00000000-0000-0000-0000-00000000076f" );
INSERT INTO TE_PAR VALUES ( 'i',0,'',0,"00000000-0000-0000-0000-0000000003f1","00000000-0000-0000-0000-00000000076f" );
INSERT INTO TE_PAR VALUES ( 'duration',0,'',1,"00000000-0000-0000-0000-0000000003b3","00000000-0000-0000-0000-000000000801" );
INSERT INTO TE_PAR VALUES ( 'count',0,'',0,"00000000-0000-0000-0000-0000000003b2","00000000-0000-0000-0000-000000000802" );
INSERT INTO TE_PAR VALUES ( 'message',0,'',2,"00000000-0000-0000-0000-0000000003b1","00000000-0000-0000-0000-000000000803" );
INSERT INTO TE_PAR VALUES ( 'duration',0,'',1,"00000000-0000-0000-0000-00000000034f","00000000-0000-0000-0000-0000000007e1" );
INSERT INTO TE_PAR VALUES ( 'count',0,'',0,"00000000-0000-0000-0000-00000000034e","00000000-0000-0000-0000-0000000007e2" );
INSERT INTO TE_PAR VALUES ( 'phase',0,'',2,"00000000-0000-0000-0000-00000000034d","00000000-0000-0000-0000-0000000007e3" );
INSERT INTO TE_PAR VALUES ( 'testnum',0,'',3,"00000000-0000-0000-0000-00000000034c","00000000-0000-0000-0000-0000000007e4" );
INSERT INTO TE_PAR VALUES ( 'duration',0,'',1,"00000000-0000-0000-0000-000000000347","00000000-0000-0000-0000-0000000007ed" );
INSERT INTO TE_PAR VALUES ( 'count',0,'',0,"00000000-0000-0000-0000-000000000346","00000000-0000-0000-0000-0000000007ee" );
INSERT INTO TE_PAR VALUES ( 'phase',0,'',2,"00000000-0000-0000-0000-000000000345","00000000-0000-0000-0000-0000000007ef" );
INSERT INTO TE_PAR VALUES ( 'testnum',0,'',3,"00000000-0000-0000-0000-000000000344","00000000-0000-0000-0000-0000000007f0" );
INSERT INTO TE_PAR VALUES ( 'duration',0,'',1,"00000000-0000-0000-0000-00000000033f","00000000-0000-0000-0000-0000000007f1" );
INSERT INTO TE_PAR VALUES ( 'count',0,'',0,"00000000-0000-0000-0000-00000000033e","00000000-0000-0000-0000-0000000007f2" );
INSERT INTO TE_PAR VALUES ( 'phase',0,'',2,"00000000-0000-0000-0000-00000000033d","00000000-0000-0000-0000-0000000007f3" );
INSERT INTO TE_PAR VALUES ( 'testnum',0,'',3,"00000000-0000-0000-0000-00000000033c","00000000-0000-0000-0000-0000000007f4" );
INSERT INTO TE_PAR VALUES ( 'duration',0,'',1,"00000000-0000-0000-0000-000000000337","00000000-0000-0000-0000-0000000007f5" );
INSERT INTO TE_PAR VALUES ( 'count',0,'',0,"00000000-0000-0000-0000-000000000336","00000000-0000-0000-0000-0000000007f6" );
INSERT INTO TE_PAR VALUES ( 'phase',0,'',2,"00000000-0000-0000-0000-000000000335","00000000-0000-0000-0000-0000000007f7" );
INSERT INTO TE_PAR VALUES ( 'testnum',0,'',3,"00000000-0000-0000-0000-000000000334","00000000-0000-0000-0000-0000000007f8" );
INSERT INTO TE_PAR VALUES ( 'duration',0,'',1,"00000000-0000-0000-0000-00000000032f","00000000-0000-0000-0000-0000000007f9" );
INSERT INTO TE_PAR VALUES ( 'count',0,'',0,"00000000-0000-0000-0000-00000000032e","00000000-0000-0000-0000-0000000007fa" );
INSERT INTO TE_PAR VALUES ( 'phase',0,'',2,"00000000-0000-0000-0000-00000000032d","00000000-0000-0000-0000-0000000007fb" );
INSERT INTO TE_PAR VALUES ( 'testnum',0,'',3,"00000000-0000-0000-0000-00000000032c","00000000-0000-0000-0000-0000000007fc" );
INSERT INTO TE_PAR VALUES ( 'duration',0,'',1,"00000000-0000-0000-0000-000000000327","00000000-0000-0000-0000-0000000007fd" );
INSERT INTO TE_PAR VALUES ( 'count',0,'',0,"00000000-0000-0000-0000-000000000326","00000000-0000-0000-0000-0000000007fe" );
INSERT INTO TE_PAR VALUES ( 'phase',0,'',2,"00000000-0000-0000-0000-000000000325","00000000-0000-0000-0000-0000000007ff" );
INSERT INTO TE_PAR VALUES ( 'testnum',0,'',3,"00000000-0000-0000-0000-000000000324","00000000-0000-0000-0000-000000000800" );
INSERT INTO TE_PAR VALUES ( 'duration',0,'',1,"00000000-0000-0000-0000-00000000031f","00000000-0000-0000-0000-000000000795" );
INSERT INTO TE_PAR VALUES ( 'count',0,'',0,"00000000-0000-0000-0000-00000000031e","00000000-0000-0000-0000-000000000796" );
INSERT INTO TE_PAR VALUES ( 'phase',0,'',2,"00000000-0000-0000-0000-00000000031d","00000000-0000-0000-0000-000000000797" );
INSERT INTO TE_PAR VALUES ( 'testnum',0,'',3,"00000000-0000-0000-0000-00000000031c","00000000-0000-0000-0000-000000000798" );
INSERT INTO TE_PAR VALUES ( 'duration',0,'',1,"00000000-0000-0000-0000-000000000317","00000000-0000-0000-0000-000000000799" );
INSERT INTO TE_PAR VALUES ( 'count',0,'',0,"00000000-0000-0000-0000-000000000316","00000000-0000-0000-0000-00000000079a" );
INSERT INTO TE_PAR VALUES ( 'phase',0,'',2,"00000000-0000-0000-0000-000000000315","00000000-0000-0000-0000-00000000079b" );
INSERT INTO TE_PAR VALUES ( 'testnum',0,'',3,"00000000-0000-0000-0000-000000000314","00000000-0000-0000-0000-00000000079c" );
INSERT INTO TE_PAR VALUES ( 'duration',0,'',1,"00000000-0000-0000-0000-00000000030f","00000000-0000-0000-0000-00000000079d" );
INSERT INTO TE_PAR VALUES ( 'count',0,'',0,"00000000-0000-0000-0000-00000000030e","00000000-0000-0000-0000-00000000079e" );
INSERT INTO TE_PAR VALUES ( 'phase',0,'',2,"00000000-0000-0000-0000-00000000030d","00000000-0000-0000-0000-00000000079f" );
INSERT INTO TE_PAR VALUES ( 'testnum',0,'',3,"00000000-0000-0000-0000-00000000030c","00000000-0000-0000-0000-0000000007a0" );
INSERT INTO TE_PAR VALUES ( 'duration',0,'',1,"00000000-0000-0000-0000-000000000307","00000000-0000-0000-0000-0000000007a1" );
INSERT INTO TE_PAR VALUES ( 'count',0,'',0,"00000000-0000-0000-0000-000000000306","00000000-0000-0000-0000-0000000007a2" );
INSERT INTO TE_PAR VALUES ( 'phase',0,'',2,"00000000-0000-0000-0000-000000000305","00000000-0000-0000-0000-0000000007a3" );
INSERT INTO TE_PAR VALUES ( 'testnum',0,'',3,"00000000-0000-0000-0000-000000000304","00000000-0000-0000-0000-0000000007a4" );
INSERT INTO TE_PAR VALUES ( 'duration',0,'',1,"00000000-0000-0000-0000-0000000002ff","00000000-0000-0000-0000-0000000007a5" );
INSERT INTO TE_PAR VALUES ( 'count',0,'',0,"00000000-0000-0000-0000-0000000002fe","00000000-0000-0000-0000-0000000007a6" );
INSERT INTO TE_PAR VALUES ( 'phase',0,'',2,"00000000-0000-0000-0000-0000000002fd","00000000-0000-0000-0000-0000000007a7" );
INSERT INTO TE_PAR VALUES ( 'testnum',0,'',3,"00000000-0000-0000-0000-0000000002fc","00000000-0000-0000-0000-0000000007a8" );
INSERT INTO TE_PAR VALUES ( 'duration',0,'',1,"00000000-0000-0000-0000-0000000002f7","00000000-0000-0000-0000-0000000007a9" );
INSERT INTO TE_PAR VALUES ( 'count',0,'',0,"00000000-0000-0000-0000-0000000002f6","00000000-0000-0000-0000-0000000007aa" );
INSERT INTO TE_PAR VALUES ( 'phase',0,'',2,"00000000-0000-0000-0000-0000000002f5","00000000-0000-0000-0000-0000000007ab" );
INSERT INTO TE_PAR VALUES ( 'testnum',0,'',3,"00000000-0000-0000-0000-0000000002f4","00000000-0000-0000-0000-0000000007ac" );
INSERT INTO TE_PAR VALUES ( 'duration',0,'',1,"00000000-0000-0000-0000-0000000002ef","00000000-0000-0000-0000-0000000007ad" );
INSERT INTO TE_PAR VALUES ( 'count',0,'',0,"00000000-0000-0000-0000-0000000002ee","00000000-0000-0000-0000-0000000007ae" );
INSERT INTO TE_PAR VALUES ( 'phase',0,'',2,"00000000-0000-0000-0000-0000000002ed","00000000-0000-0000-0000-0000000007af" );
INSERT INTO TE_PAR VALUES ( 'testnum',0,'',3,"00000000-0000-0000-0000-0000000002ec","00000000-0000-0000-0000-0000000007b0" );
INSERT INTO TE_PAR VALUES ( 'duration',0,'',1,"00000000-0000-0000-0000-0000000002e7","00000000-0000-0000-0000-0000000007b1" );
INSERT INTO TE_PAR VALUES ( 'count',0,'',0,"00000000-0000-0000-0000-0000000002e6","00000000-0000-0000-0000-0000000007b2" );
INSERT INTO TE_PAR VALUES ( 'phase',0,'',2,"00000000-0000-0000-0000-0000000002e5","00000000-0000-0000-0000-0000000007b3" );
INSERT INTO TE_PAR VALUES ( 'testnum',0,'',3,"00000000-0000-0000-0000-0000000002e4","00000000-0000-0000-0000-0000000007b4" );
INSERT INTO TE_PAR VALUES ( 'duration',0,'',1,"00000000-0000-0000-0000-0000000002df","00000000-0000-0000-0000-0000000007b5" );
INSERT INTO TE_PAR VALUES ( 'count',0,'',0,"00000000-0000-0000-0000-0000000002de","00000000-0000-0000-0000-0000000007b6" );
INSERT INTO TE_PAR VALUES ( 'phase',0,'',2,"00000000-0000-0000-0000-0000000002dd","00000000-0000-0000-0000-0000000007b7" );
INSERT INTO TE_PAR VALUES ( 'testnum',0,'',3,"00000000-0000-0000-0000-0000000002dc","00000000-0000-0000-0000-0000000007b8" );
INSERT INTO TE_PAR VALUES ( 'duration',0,'',1,"00000000-0000-0000-0000-0000000002d7","00000000-0000-0000-0000-0000000007b9" );
INSERT INTO TE_PAR VALUES ( 'count',0,'',0,"00000000-0000-0000-0000-0000000002d6","00000000-0000-0000-0000-0000000007ba" );
INSERT INTO TE_PAR VALUES ( 'phase',0,'',2,"00000000-0000-0000-0000-0000000002d5","00000000-0000-0000-0000-0000000007bb" );
INSERT INTO TE_PAR VALUES ( 'testnum',0,'',3,"00000000-0000-0000-0000-0000000002d4","00000000-0000-0000-0000-0000000007bc" );
INSERT INTO TE_PAR VALUES ( 'duration',0,'',1,"00000000-0000-0000-0000-0000000002cf","00000000-0000-0000-0000-0000000007bd" );
INSERT INTO TE_PAR VALUES ( 'count',0,'',0,"00000000-0000-0000-0000-0000000002ce","00000000-0000-0000-0000-0000000007be" );
INSERT INTO TE_PAR VALUES ( 'phase',0,'',2,"00000000-0000-0000-0000-0000000002cd","00000000-0000-0000-0000-0000000007bf" );
INSERT INTO TE_PAR VALUES ( 'testnum',0,'',3,"00000000-0000-0000-0000-0000000002cc","00000000-0000-0000-0000-0000000007c0" );
INSERT INTO TE_PAR VALUES ( 'duration',0,'',1,"00000000-0000-0000-0000-0000000002c7","00000000-0000-0000-0000-0000000007c1" );
INSERT INTO TE_PAR VALUES ( 'count',0,'',0,"00000000-0000-0000-0000-0000000002c6","00000000-0000-0000-0000-0000000007c2" );
INSERT INTO TE_PAR VALUES ( 'phase',0,'',2,"00000000-0000-0000-0000-0000000002c5","00000000-0000-0000-0000-0000000007c3" );
INSERT INTO TE_PAR VALUES ( 'testnum',0,'',3,"00000000-0000-0000-0000-0000000002c4","00000000-0000-0000-0000-0000000007c4" );
INSERT INTO TE_PAR VALUES ( 'duration',0,'',1,"00000000-0000-0000-0000-0000000002bf","00000000-0000-0000-0000-0000000007c5" );
INSERT INTO TE_PAR VALUES ( 'count',0,'',0,"00000000-0000-0000-0000-0000000002be","00000000-0000-0000-0000-0000000007c6" );
INSERT INTO TE_PAR VALUES ( 'phase',0,'',2,"00000000-0000-0000-0000-0000000002bd","00000000-0000-0000-0000-0000000007c7" );
INSERT INTO TE_PAR VALUES ( 'testnum',0,'',3,"00000000-0000-0000-0000-0000000002bc","00000000-0000-0000-0000-0000000007c8" );
INSERT INTO TE_PAR VALUES ( 'duration',0,'',1,"00000000-0000-0000-0000-0000000002b7","00000000-0000-0000-0000-0000000007c9" );
INSERT INTO TE_PAR VALUES ( 'count',0,'',0,"00000000-0000-0000-0000-0000000002b6","00000000-0000-0000-0000-0000000007ca" );
INSERT INTO TE_PAR VALUES ( 'phase',0,'',2,"00000000-0000-0000-0000-0000000002b5","00000000-0000-0000-0000-0000000007cb" );
INSERT INTO TE_PAR VALUES ( 'testnum',0,'',3,"00000000-0000-0000-0000-0000000002b4","00000000-0000-0000-0000-0000000007cc" );
INSERT INTO TE_PAR VALUES ( 'duration',0,'',1,"00000000-0000-0000-0000-0000000002af","00000000-0000-0000-0000-0000000007cd" );
INSERT INTO TE_PAR VALUES ( 'count',0,'',0,"00000000-0000-0000-0000-0000000002ae","00000000-0000-0000-0000-0000000007ce" );
INSERT INTO TE_PAR VALUES ( 'phase',0,'',2,"00000000-0000-0000-0000-0000000002ad","00000000-0000-0000-0000-0000000007cf" );
INSERT INTO TE_PAR VALUES ( 'testnum',0,'',3,"00000000-0000-0000-0000-0000000002ac","00000000-0000-0000-0000-0000000007d0" );
INSERT INTO TE_PAR VALUES ( 'duration',0,'',1,"00000000-0000-0000-0000-0000000002a7","00000000-0000-0000-0000-0000000007d1" );
INSERT INTO TE_PAR VALUES ( 'count',0,'',0,"00000000-0000-0000-0000-0000000002a6","00000000-0000-0000-0000-0000000007d2" );
INSERT INTO TE_PAR VALUES ( 'phase',0,'',2,"00000000-0000-0000-0000-0000000002a5","00000000-0000-0000-0000-0000000007d3" );
INSERT INTO TE_PAR VALUES ( 'testnum',0,'',3,"00000000-0000-0000-0000-0000000002a4","00000000-0000-0000-0000-0000000007d4" );
INSERT INTO TE_PAR VALUES ( 'duration',0,'',1,"00000000-0000-0000-0000-00000000029f","00000000-0000-0000-0000-0000000007d5" );
INSERT INTO TE_PAR VALUES ( 'count',0,'',0,"00000000-0000-0000-0000-00000000029e","00000000-0000-0000-0000-0000000007d6" );
INSERT INTO TE_PAR VALUES ( 'phase',0,'',2,"00000000-0000-0000-0000-00000000029d","00000000-0000-0000-0000-0000000007d7" );
INSERT INTO TE_PAR VALUES ( 'testnum',0,'',3,"00000000-0000-0000-0000-00000000029c","00000000-0000-0000-0000-0000000007d8" );
INSERT INTO TE_PAR VALUES ( 'duration',0,'',1,"00000000-0000-0000-0000-000000000297","00000000-0000-0000-0000-0000000007d9" );
INSERT INTO TE_PAR VALUES ( 'count',0,'',0,"00000000-0000-0000-0000-000000000296","00000000-0000-0000-0000-0000000007da" );
INSERT INTO TE_PAR VALUES ( 'phase',0,'',2,"00000000-0000-0000-0000-000000000295","00000000-0000-0000-0000-0000000007db" );
INSERT INTO TE_PAR VALUES ( 'testnum',0,'',3,"00000000-0000-0000-0000-000000000294","00000000-0000-0000-0000-0000000007dc" );
INSERT INTO TE_PAR VALUES ( 'duration',0,'',1,"00000000-0000-0000-0000-00000000028f","00000000-0000-0000-0000-0000000007dd" );
INSERT INTO TE_PAR VALUES ( 'count',0,'',0,"00000000-0000-0000-0000-00000000028e","00000000-0000-0000-0000-0000000007de" );
INSERT INTO TE_PAR VALUES ( 'phase',0,'',2,"00000000-0000-0000-0000-00000000028d","00000000-0000-0000-0000-0000000007df" );
INSERT INTO TE_PAR VALUES ( 'testnum',0,'',3,"00000000-0000-0000-0000-00000000028c","00000000-0000-0000-0000-0000000007e0" );
INSERT INTO TE_PAR VALUES ( 'duration',0,'',1,"00000000-0000-0000-0000-000000000287","00000000-0000-0000-0000-000000000791" );
INSERT INTO TE_PAR VALUES ( 'count',0,'',0,"00000000-0000-0000-0000-000000000286","00000000-0000-0000-0000-000000000792" );
INSERT INTO TE_PAR VALUES ( 'phase',0,'',2,"00000000-0000-0000-0000-000000000285","00000000-0000-0000-0000-000000000793" );
INSERT INTO TE_PAR VALUES ( 'testnum',0,'',3,"00000000-0000-0000-0000-000000000284","00000000-0000-0000-0000-000000000794" );
INSERT INTO TE_PAR VALUES ( 'duration',0,'',1,"00000000-0000-0000-0000-00000000027f","00000000-0000-0000-0000-0000000007e5" );
INSERT INTO TE_PAR VALUES ( 'count',0,'',0,"00000000-0000-0000-0000-00000000027e","00000000-0000-0000-0000-0000000007e6" );
INSERT INTO TE_PAR VALUES ( 'phase',0,'',2,"00000000-0000-0000-0000-00000000027d","00000000-0000-0000-0000-0000000007e7" );
INSERT INTO TE_PAR VALUES ( 'testnum',0,'',3,"00000000-0000-0000-0000-00000000027c","00000000-0000-0000-0000-0000000007e8" );
INSERT INTO TE_PAR VALUES ( 'duration',0,'',1,"00000000-0000-0000-0000-000000000277","00000000-0000-0000-0000-0000000007e9" );
INSERT INTO TE_PAR VALUES ( 'count',0,'',0,"00000000-0000-0000-0000-000000000276","00000000-0000-0000-0000-0000000007ea" );
INSERT INTO TE_PAR VALUES ( 'phase',0,'',2,"00000000-0000-0000-0000-000000000275","00000000-0000-0000-0000-0000000007eb" );
INSERT INTO TE_PAR VALUES ( 'testnum',0,'',3,"00000000-0000-0000-0000-000000000274","00000000-0000-0000-0000-0000000007ec" );
INSERT INTO TE_PAR VALUES ( 'testnum',0,'',3,"00000000-0000-0000-0000-000000000176","00000000-0000-0000-0000-000000000807" );
INSERT INTO TE_PAR VALUES ( 'phase',0,'',2,"00000000-0000-0000-0000-000000000175","00000000-0000-0000-0000-000000000806" );
INSERT INTO TE_PAR VALUES ( 'duration',0,'',1,"00000000-0000-0000-0000-000000000174","00000000-0000-0000-0000-000000000804" );
INSERT INTO TE_PAR VALUES ( 'count',0,'',0,"00000000-0000-0000-0000-000000000173","00000000-0000-0000-0000-000000000805" );
INSERT INTO TE_PAR VALUES ( 'duration',0,'',1,"00000000-0000-0000-0000-000000000143","00000000-0000-0000-0000-000000000810" );
INSERT INTO TE_PAR VALUES ( 'count',0,'',0,"00000000-0000-0000-0000-000000000142","00000000-0000-0000-0000-000000000811" );
INSERT INTO TE_PAR VALUES ( 'phase',0,'',2,"00000000-0000-0000-0000-000000000141","00000000-0000-0000-0000-00000000080f" );
INSERT INTO TE_PAR VALUES ( 'testnum',0,'',3,"00000000-0000-0000-0000-000000000140","00000000-0000-0000-0000-00000000080e" );
INSERT INTO TE_PAR VALUES ( 'duration',0,'',1,"00000000-0000-0000-0000-00000000013d","00000000-0000-0000-0000-000000000810" );
INSERT INTO TE_PAR VALUES ( 'count',0,'',0,"00000000-0000-0000-0000-00000000013b","00000000-0000-0000-0000-000000000811" );
INSERT INTO TE_PAR VALUES ( 'phase',0,'',2,"00000000-0000-0000-0000-00000000013a","00000000-0000-0000-0000-00000000080f" );
INSERT INTO TE_PAR VALUES ( 'testnum',0,'',3,"00000000-0000-0000-0000-000000000139","00000000-0000-0000-0000-00000000080e" );
INSERT INTO TE_PAR VALUES ( 'duration',0,'',1,"00000000-0000-0000-0000-000000000137","00000000-0000-0000-0000-000000000810" );
INSERT INTO TE_PAR VALUES ( 'count',0,'',0,"00000000-0000-0000-0000-000000000136","00000000-0000-0000-0000-000000000811" );
INSERT INTO TE_PAR VALUES ( 'phase',0,'',2,"00000000-0000-0000-0000-000000000135","00000000-0000-0000-0000-00000000080f" );
INSERT INTO TE_PAR VALUES ( 'testnum',0,'',3,"00000000-0000-0000-0000-000000000134","00000000-0000-0000-0000-00000000080e" );
INSERT INTO TE_PAR VALUES ( 'duration',0,'',1,"00000000-0000-0000-0000-00000000011b","00000000-0000-0000-0000-000000000810" );
INSERT INTO TE_PAR VALUES ( 'count',0,'',0,"00000000-0000-0000-0000-00000000011a","00000000-0000-0000-0000-000000000811" );
INSERT INTO TE_PAR VALUES ( 'phase',0,'',2,"00000000-0000-0000-0000-000000000119","00000000-0000-0000-0000-00000000080f" );
INSERT INTO TE_PAR VALUES ( 'testnum',0,'',3,"00000000-0000-0000-0000-000000000118","00000000-0000-0000-0000-00000000080e" );
INSERT INTO TE_PAR VALUES ( 'duration',0,'',1,"00000000-0000-0000-0000-000000000106","00000000-0000-0000-0000-000000000810" );
INSERT INTO TE_PAR VALUES ( 'count',0,'',0,"00000000-0000-0000-0000-000000000105","00000000-0000-0000-0000-000000000811" );
INSERT INTO TE_PAR VALUES ( 'phase',0,'',2,"00000000-0000-0000-0000-000000000104","00000000-0000-0000-0000-00000000080f" );
INSERT INTO TE_PAR VALUES ( 'testnum',0,'',3,"00000000-0000-0000-0000-000000000103","00000000-0000-0000-0000-00000000080e" );
INSERT INTO TE_PAR VALUES ( 'event_inst',0,'',0,"00000000-0000-0000-0000-0000000000ed","00000000-0000-0000-0000-000000000782" );
INSERT INTO TE_PAR VALUES ( 'microseconds',0,'',1,"00000000-0000-0000-0000-0000000000eb","00000000-0000-0000-0000-000000000783" );
INSERT INTO TE_PAR VALUES ( 'duration',0,'',1,"00000000-0000-0000-0000-0000000000e8","00000000-0000-0000-0000-000000000810" );
INSERT INTO TE_PAR VALUES ( 'count',0,'',0,"00000000-0000-0000-0000-0000000000e7","00000000-0000-0000-0000-000000000811" );
INSERT INTO TE_PAR VALUES ( 'phase',0,'',2,"00000000-0000-0000-0000-0000000000e6","00000000-0000-0000-0000-00000000080f" );
INSERT INTO TE_PAR VALUES ( 'testnum',0,'',3,"00000000-0000-0000-0000-0000000000e5","00000000-0000-0000-0000-00000000080e" );
INSERT INTO TE_PAR VALUES ( 't1',0,'',1,"00000000-0000-0000-0000-0000000000b5","00000000-0000-0000-0000-000000000778" );
INSERT INTO TE_PAR VALUES ( 't0',0,'',0,"00000000-0000-0000-0000-0000000000b4","00000000-0000-0000-0000-000000000779" );
INSERT INTO TE_PAR VALUES ( 'testnum',0,'',0,"00000000-0000-0000-0000-000000000088","00000000-0000-0000-0000-000000000000" );
INSERT INTO TE_PAR VALUES ( 'duration',0,'',0,"00000000-0000-0000-0000-000000000087","00000000-0000-0000-0000-000000000000" );
INSERT INTO TE_PAR VALUES ( 'testnum',0,'',1,"00000000-0000-0000-0000-00000000005b","00000000-0000-0000-0000-00000000080b" );
INSERT INTO TE_PAR VALUES ( 'duration',0,'',0,"00000000-0000-0000-0000-00000000005a","00000000-0000-0000-0000-00000000080a" );
INSERT INTO TE_MACT VALUES ( "00000000-0000-0000-0000-000000000818","00000000-0000-0000-0000-000000000817",'perf_testloop_APP_perftest','','perf_testloop_APP_perftest','perf_testloop','count:0, duration:0, phase:1, testnum:self.client_test_number','APP','benchif','perftest',0,0,'SPR_RO',0,0,3,"00000000-0000-0000-0000-000000000000","00000000-0000-0000-0000-000000000000","00000000-0000-0000-0000-00000000006b","00000000-0000-0000-0000-000000000000","00000000-0000-0000-0000-00000000001c","00000000-0000-0000-0000-00000000001f","00000000-0000-0000-0000-000000000000","00000000-0000-0000-0000-000000000823" );
INSERT INTO TE_MACT VALUES ( "00000000-0000-0000-0000-00000000081b","00000000-0000-0000-0000-00000000081a",'perf_testloop_APP_bridge_void_void','','perf_testloop_APP_bridge_void_void','perf_testloop','','APP','benchif','bridge_void_void',1,0,'SPR_RO',0,0,2,"00000000-0000-0000-0000-000000000000","00000000-0000-0000-0000-000000000000","00000000-0000-0000-0000-000000000068","00000000-0000-0000-0000-000000000000","00000000-0000-0000-0000-00000000001c","00000000-0000-0000-0000-00000000001f","00000000-0000-0000-0000-000000000000","00000000-0000-0000-0000-000000000817" );
INSERT INTO TE_MACT VALUES ( "00000000-0000-0000-0000-00000000081e","00000000-0000-0000-0000-00000000081d",'perf_testloop_APP_bridge_void_integer','','perf_testloop_APP_bridge_void_integer','perf_testloop','','APP','benchif','bridge_void_integer',1,0,'SPR_RO',0,0,1,"00000000-0000-0000-0000-000000000000","00000000-0000-0000-0000-000000000000","00000000-0000-0000-0000-000000000061","00000000-0000-0000-0000-000000000000","00000000-0000-0000-0000-00000000001c","00000000-0000-0000-0000-00000000001f","00000000-0000-0000-0000-000000000000","00000000-0000-0000-0000-00000000081a" );
INSERT INTO TE_MACT VALUES ( "00000000-0000-0000-0000-000000000821","00000000-0000-0000-0000-000000000820",'perf_testloop_APP_bridge_integer_integer','','perf_testloop_APP_bridge_integer_integer','perf_testloop','','APP','benchif','bridge_integer_integer',1,0,'SPR_RO',0,0,0,"00000000-0000-0000-0000-000000000000","00000000-0000-0000-0000-000000000000","00000000-0000-0000-0000-00000000005c","00000000-0000-0000-0000-000000000000","00000000-0000-0000-0000-00000000001c","00000000-0000-0000-0000-00000000001f","00000000-0000-0000-0000-000000000000","00000000-0000-0000-0000-00000000081d" );
INSERT INTO TE_MACT VALUES ( "00000000-0000-0000-0000-000000000824","00000000-0000-0000-0000-000000000823",'perf_testloop_APP_runtest','','perf_testloop_APP_runtest','perf_testloop','','APP','benchif','runtest',1,0,'SPR_RO',0,0,4,"00000000-0000-0000-0000-000000000000","00000000-0000-0000-0000-000000000000","00000000-0000-0000-0000-000000000055","00000000-0000-0000-0000-000000000000","00000000-0000-0000-0000-00000000001c","00000000-0000-0000-0000-00000000001f","00000000-0000-0000-0000-000000000000","00000000-0000-0000-0000-000000000000" );
INSERT INTO TE_MACT VALUES ( "00000000-0000-0000-0000-000000000827","00000000-0000-0000-0000-000000000826",'perf_funcs_TESTLOOP_perftest','','perf_funcs_TESTLOOP_perftest','perf_funcs','','TESTLOOP','benchif','perftest',0,1,'SPR_PO',0,0,3,"00000000-0000-0000-0000-00000000016d","00000000-0000-0000-0000-000000000000","00000000-0000-0000-0000-000000000000","00000000-0000-0000-0000-000000000000","00000000-0000-0000-0000-00000000001a","00000000-0000-0000-0000-000000000023","00000000-0000-0000-0000-000000000000","00000000-0000-0000-0000-000000000838" );
INSERT INTO TE_MACT VALUES ( "00000000-0000-0000-0000-00000000082e","00000000-0000-0000-0000-00000000082d",'perf_funcs_TESTLOOP_bridge_void_void','','perf_funcs_TESTLOOP_bridge_void_void','perf_funcs','','TESTLOOP','benchif','bridge_void_void',1,1,'SPR_PO',0,0,2,"00000000-0000-0000-0000-00000000016a","00000000-0000-0000-0000-000000000000","00000000-0000-0000-0000-000000000000","00000000-0000-0000-0000-000000000000","00000000-0000-0000-0000-00000000001a","00000000-0000-0000-0000-000000000023","00000000-0000-0000-0000-000000000000","00000000-0000-0000-0000-000000000826" );
INSERT INTO TE_MACT VALUES ( "00000000-0000-0000-0000-000000000831","00000000-0000-0000-0000-000000000830",'perf_funcs_TESTLOOP_bridge_void_integer','','perf_funcs_TESTLOOP_bridge_void_integer','perf_funcs','i:i','TESTLOOP','benchif','bridge_void_integer',1,1,'SPR_PO',0,0,1,"00000000-0000-0000-0000-000000000167","00000000-0000-0000-0000-000000000000","00000000-0000-0000-0000-000000000000","00000000-0000-0000-0000-000000000000","00000000-0000-0000-0000-00000000001a","00000000-0000-0000-0000-000000000023","00000000-0000-0000-0000-000000000000","00000000-0000-0000-0000-00000000082d" );
INSERT INTO TE_MACT VALUES ( "00000000-0000-0000-0000-000000000835","00000000-0000-0000-0000-000000000834",'perf_funcs_TESTLOOP_bridge_integer_integer','','perf_funcs_TESTLOOP_bridge_integer_integer','perf_funcs','i:i','TESTLOOP','benchif','bridge_integer_integer',1,1,'SPR_PO',0,0,0,"00000000-0000-0000-0000-000000000162","00000000-0000-0000-0000-000000000000","00000000-0000-0000-0000-000000000000","00000000-0000-0000-0000-000000000000","00000000-0000-0000-0000-00000000001a","00000000-0000-0000-0000-000000000023","00000000-0000-0000-0000-000000000000","00000000-0000-0000-0000-000000000830" );
INSERT INTO TE_MACT VALUES ( "00000000-0000-0000-0000-000000000839","00000000-0000-0000-0000-000000000838",'perf_funcs_TESTLOOP_runtest','','perf_funcs_TESTLOOP_runtest','perf_funcs','duration:self.duration, testnum:self.test_number','TESTLOOP','benchif','runtest',1,1,'SPR_PO',0,0,4,"00000000-0000-0000-0000-00000000015f","00000000-0000-0000-0000-000000000000","00000000-0000-0000-0000-000000000000","00000000-0000-0000-0000-000000000000","00000000-0000-0000-0000-00000000001a","00000000-0000-0000-0000-000000000023","00000000-0000-0000-0000-000000000000","00000000-0000-0000-0000-000000000000" );
INSERT INTO R_PART VALUES ( "00000000-0000-0000-0000-000000000639","00000000-0000-0000-0000-00000000063a","00000000-0000-0000-0000-000000000e90",0,1,'' );
INSERT INTO R_PART VALUES ( "00000000-0000-0000-0000-00000000078b","00000000-0000-0000-0000-000000000793","00000000-0000-0000-0000-000000000e6d",0,1,'' );
INSERT INTO TE_IIR VALUES ( "00000000-0000-0000-0000-000000000020",'perf_testloop','APP','benchif',0,'','',"00000000-0000-0000-0000-000000000000","00000000-0000-0000-0000-000000000054","00000000-0000-0000-0000-00000000001f","00000000-0000-0000-0000-000000000024" );
INSERT INTO TE_IIR VALUES ( "00000000-0000-0000-0000-000000000021",'','APP','benchif',0,'','',"00000000-0000-0000-0000-000000000eb8","00000000-0000-0000-0000-000000000000","00000000-0000-0000-0000-00000000001f","00000000-0000-0000-0000-000000000025" );
INSERT INTO TE_IIR VALUES ( "00000000-0000-0000-0000-000000000024",'perf_funcs','TESTLOOP','benchif',0,'','',"00000000-0000-0000-0000-000000000000","00000000-0000-0000-0000-00000000015e","00000000-0000-0000-0000-000000000023","00000000-0000-0000-0000-000000000000" );
INSERT INTO TE_IIR VALUES ( "00000000-0000-0000-0000-000000000025",'','TESTLOOP','benchif',0,'','',"00000000-0000-0000-0000-000000000eb4","00000000-0000-0000-0000-000000000000","00000000-0000-0000-0000-000000000023","00000000-0000-0000-0000-000000000000" );
INSERT INTO TE_DCI VALUES ( "00000000-0000-0000-0000-00000000001c",'perf_testloop_CLASS_NUMBERS','perf_testloop_CLASS_U','perf_testloop_task_numbers','perf_testloop_TASK_NUMBERS','perf_testloop_MAX_CLASS_NUMBERS','perf_testloop_STATE_MODELS','perf_testloop_CLASS_INFO_INIT','perf_testloop_class_info' );
INSERT INTO TE_DCI VALUES ( "00000000-0000-0000-0000-00000000001a",'perf_funcs_CLASS_NUMBERS','perf_funcs_CLASS_U','perf_funcs_task_numbers','perf_funcs_TASK_NUMBERS','perf_funcs_MAX_CLASS_NUMBERS','perf_funcs_STATE_MODELS','perf_funcs_CLASS_INFO_INIT','perf_funcs_class_info' );
INSERT INTO TE_CIA VALUES ( 'domain_class_info','Escher_Extent_t','active_count','domain_class_count','Escher_ClassNumber_t' );
INSERT INTO R_FORM VALUES ( "00000000-0000-0000-0000-00000000051c","00000000-0000-0000-0000-00000000063a","00000000-0000-0000-0000-000000000e8f",0,1,'' );
INSERT INTO R_FORM VALUES ( "00000000-0000-0000-0000-00000000078e","00000000-0000-0000-0000-000000000793","00000000-0000-0000-0000-000000000e6c",1,1,'' );
INSERT INTO R_ASSOC VALUES ( "00000000-0000-0000-0000-000000000811" );
INSERT INTO R_AONE VALUES ( "00000000-0000-0000-0000-0000000007fa","00000000-0000-0000-0000-000000000811","00000000-0000-0000-0000-000000000e74",0,1,'' );
INSERT INTO TE_BLK VALUES ( "00000000-0000-0000-0000-000000000eb0","00000000-0000-0000-0000-000000000000",'','',1,'  ',"00000000-0000-0000-0000-000000000000" );
INSERT INTO TE_BLK VALUES ( "00000000-0000-0000-0000-000000000eac","00000000-0000-0000-0000-000000000000",'','',1,'  ',"00000000-0000-0000-0000-000000000000" );
INSERT INTO TE_BLK VALUES ( "00000000-0000-0000-0000-000000000ea8","00000000-0000-0000-0000-000000000000",'','',1,'  ',"00000000-0000-0000-0000-000000000e48" );
INSERT INTO TE_BLK VALUES ( "00000000-0000-0000-0000-000000000e97","00000000-0000-0000-0000-000000000e98",'perf_funcs_B * b=0;','',1,'  ',"00000000-0000-0000-0000-000000000e45" );
INSERT INTO TE_BLK VALUES ( "00000000-0000-0000-0000-000000000e82","00000000-0000-0000-0000-000000000e87",'','',2,'    ',"00000000-0000-0000-0000-000000000000" );
INSERT INTO TE_BLK VALUES ( "00000000-0000-0000-0000-000000000e7c","00000000-0000-0000-0000-000000000e7d",'i_t i;','',1,'  ',"00000000-0000-0000-0000-000000000e4d" );
INSERT INTO TE_BLK VALUES ( "00000000-0000-0000-0000-000000000e69","00000000-0000-0000-0000-000000000000",'','',1,'  ',"00000000-0000-0000-0000-000000000000" );
INSERT INTO TE_BLK VALUES ( "00000000-0000-0000-0000-000000000e5f","00000000-0000-0000-0000-000000000e60",'perf_funcs_A * a=0;','',1,'  ',"00000000-0000-0000-0000-000000000e5a" );
INSERT INTO TE_BLK VALUES ( "00000000-0000-0000-0000-000000000e56","00000000-0000-0000-0000-000000000000",'','',1,'  ',"00000000-0000-0000-0000-000000000000" );
INSERT INTO TE_BLK VALUES ( "00000000-0000-0000-0000-000000000e52","00000000-0000-0000-0000-000000000000",'','',1,'  ',"00000000-0000-0000-0000-000000000000" );
INSERT INTO TE_BLK VALUES ( "00000000-0000-0000-0000-000000000e4e","00000000-0000-0000-0000-000000000000",'','',1,'  ',"00000000-0000-0000-0000-000000000000" );
INSERT INTO TE_BLK VALUES ( "00000000-0000-0000-0000-000000000e41","00000000-0000-0000-0000-000000000e42",'Escher_Timer_t t;Escher_xtUMLEvent_t * go;','',1,'  ',"00000000-0000-0000-0000-000000000e65" );
INSERT INTO TE_BLK VALUES ( "00000000-0000-0000-0000-000000000e30","00000000-0000-0000-0000-000000000e31",'','',1,'  ',"00000000-0000-0000-0000-000000000e62" );
INSERT INTO TE_BLK VALUES ( "00000000-0000-0000-0000-000000000ddb","00000000-0000-0000-0000-000000000000",'','',2,'    ',"00000000-0000-0000-0000-000000000000" );
INSERT INTO TE_BLK VALUES ( "00000000-0000-0000-0000-000000000dd8","00000000-0000-0000-0000-000000000e21",'i_t i;','',2,'    ',"00000000-0000-0000-0000-000000000000" );
INSERT INTO TE_BLK VALUES ( "00000000-0000-0000-0000-000000000e1b","00000000-0000-0000-0000-000000000e20",'','',4,'        ',"00000000-0000-0000-0000-000000000000" );
INSERT INTO TE_BLK VALUES ( "00000000-0000-0000-0000-000000000e18","00000000-0000-0000-0000-000000000e1d",'','',4,'        ',"00000000-0000-0000-0000-000000000000" );
INSERT INTO TE_BLK VALUES ( "00000000-0000-0000-0000-000000000e13","00000000-0000-0000-0000-000000000e15",'perf_funcs_A * a=0;','',3,'      ',"00000000-0000-0000-0000-000000000000" );
INSERT INTO TE_BLK VALUES ( "00000000-0000-0000-0000-000000000dd5","00000000-0000-0000-0000-000000000e0e",'bool more;','',2,'    ',"00000000-0000-0000-0000-000000000000" );
INSERT INTO TE_BLK VALUES ( "00000000-0000-0000-0000-000000000e03","00000000-0000-0000-0000-000000000e07",'perf_funcs_A * a;','',3,'      ',"00000000-0000-0000-0000-000000000000" );
INSERT INTO TE_BLK VALUES ( "00000000-0000-0000-0000-000000000dd2","00000000-0000-0000-0000-000000000dfe",'i_t i;','',2,'    ',"00000000-0000-0000-0000-000000000000" );
INSERT INTO TE_BLK VALUES ( "00000000-0000-0000-0000-000000000dfb","00000000-0000-0000-0000-000000000dfd",'','',3,'      ',"00000000-0000-0000-0000-000000000000" );
INSERT INTO TE_BLK VALUES ( "00000000-0000-0000-0000-000000000dcf","00000000-0000-0000-0000-000000000df8",'perf_funcs_A * a=0;Escher_ObjectSet_s as_space={0}; Escher_ObjectSet_s * as = &as_space;','Escher_ClearSet( as );',2,'    ',"00000000-0000-0000-0000-000000000000" );
INSERT INTO TE_BLK VALUES ( "00000000-0000-0000-0000-000000000ded","00000000-0000-0000-0000-000000000df1",'perf_funcs_A * a;','',3,'      ',"00000000-0000-0000-0000-000000000000" );
INSERT INTO TE_BLK VALUES ( "00000000-0000-0000-0000-000000000dcc","00000000-0000-0000-0000-000000000de8",'i_t i;','',2,'    ',"00000000-0000-0000-0000-000000000000" );
INSERT INTO TE_BLK VALUES ( "00000000-0000-0000-0000-000000000dc6","00000000-0000-0000-0000-000000000dc7",'i_t iterations;','',1,'  ',"00000000-0000-0000-0000-000000000e95" );
INSERT INTO TE_BLK VALUES ( "00000000-0000-0000-0000-000000000d71","00000000-0000-0000-0000-000000000000",'','',2,'    ',"00000000-0000-0000-0000-000000000000" );
INSERT INTO TE_BLK VALUES ( "00000000-0000-0000-0000-000000000d6e","00000000-0000-0000-0000-000000000db5",'i_t i;','',2,'    ',"00000000-0000-0000-0000-000000000000" );
INSERT INTO TE_BLK VALUES ( "00000000-0000-0000-0000-000000000d6b","00000000-0000-0000-0000-000000000000",'','',2,'    ',"00000000-0000-0000-0000-000000000000" );
INSERT INTO TE_BLK VALUES ( "00000000-0000-0000-0000-000000000d68","00000000-0000-0000-0000-000000000000",'','',2,'    ',"00000000-0000-0000-0000-000000000000" );
INSERT INTO TE_BLK VALUES ( "00000000-0000-0000-0000-000000000d84","00000000-0000-0000-0000-000000000d88",'','',3,'      ',"00000000-0000-0000-0000-000000000000" );
INSERT INTO TE_BLK VALUES ( "00000000-0000-0000-0000-000000000d65","00000000-0000-0000-0000-000000000d7f",'i_t i;','',2,'    ',"00000000-0000-0000-0000-000000000000" );
INSERT INTO TE_BLK VALUES ( "00000000-0000-0000-0000-000000000d62","00000000-0000-0000-0000-000000000000",'','',2,'    ',"00000000-0000-0000-0000-000000000000" );
INSERT INTO TE_BLK VALUES ( "00000000-0000-0000-0000-000000000d59","00000000-0000-0000-0000-000000000d5a",'i_t j;i_t iterations;','',1,'  ',"00000000-0000-0000-0000-000000000e93" );
INSERT INTO TE_BLK VALUES ( "00000000-0000-0000-0000-000000000d19","00000000-0000-0000-0000-000000000000",'','',2,'    ',"00000000-0000-0000-0000-000000000000" );
INSERT INTO TE_BLK VALUES ( "00000000-0000-0000-0000-000000000d16","00000000-0000-0000-0000-000000000d48",'i_t i;','',2,'    ',"00000000-0000-0000-0000-000000000000" );
INSERT INTO TE_BLK VALUES ( "00000000-0000-0000-0000-000000000d13","00000000-0000-0000-0000-000000000000",'','',2,'    ',"00000000-0000-0000-0000-000000000000" );
INSERT INTO TE_BLK VALUES ( "00000000-0000-0000-0000-000000000d10","00000000-0000-0000-0000-000000000000",'','',2,'    ',"00000000-0000-0000-0000-000000000000" );
INSERT INTO TE_BLK VALUES ( "00000000-0000-0000-0000-000000000d2b","00000000-0000-0000-0000-000000000d2f",'','',3,'      ',"00000000-0000-0000-0000-000000000000" );
INSERT INTO TE_BLK VALUES ( "00000000-0000-0000-0000-000000000d0d","00000000-0000-0000-0000-000000000d26",'i_t i;','',2,'    ',"00000000-0000-0000-0000-000000000000" );
INSERT INTO TE_BLK VALUES ( "00000000-0000-0000-0000-000000000d0a","00000000-0000-0000-0000-000000000000",'','',2,'    ',"00000000-0000-0000-0000-000000000000" );
INSERT INTO TE_BLK VALUES ( "00000000-0000-0000-0000-000000000d04","00000000-0000-0000-0000-000000000d05",'i_t iterations;','',1,'  ',"00000000-0000-0000-0000-000000000e91" );
INSERT INTO TE_BLK VALUES ( "00000000-0000-0000-0000-000000000cce","00000000-0000-0000-0000-000000000000",'','',2,'    ',"00000000-0000-0000-0000-000000000000" );
INSERT INTO TE_BLK VALUES ( "00000000-0000-0000-0000-000000000ccb","00000000-0000-0000-0000-000000000cf3",'i_t i;','',2,'    ',"00000000-0000-0000-0000-000000000000" );
INSERT INTO TE_BLK VALUES ( "00000000-0000-0000-0000-000000000cc8","00000000-0000-0000-0000-000000000000",'','',2,'    ',"00000000-0000-0000-0000-000000000000" );
INSERT INTO TE_BLK VALUES ( "00000000-0000-0000-0000-000000000cc5","00000000-0000-0000-0000-000000000000",'','',2,'    ',"00000000-0000-0000-0000-000000000000" );
INSERT INTO TE_BLK VALUES ( "00000000-0000-0000-0000-000000000ce0","00000000-0000-0000-0000-000000000ce4",'','',3,'      ',"00000000-0000-0000-0000-000000000000" );
INSERT INTO TE_BLK VALUES ( "00000000-0000-0000-0000-000000000cc2","00000000-0000-0000-0000-000000000cdb",'i_t i;','',2,'    ',"00000000-0000-0000-0000-000000000000" );
INSERT INTO TE_BLK VALUES ( "00000000-0000-0000-0000-000000000cbf","00000000-0000-0000-0000-000000000000",'','',2,'    ',"00000000-0000-0000-0000-000000000000" );
INSERT INTO TE_BLK VALUES ( "00000000-0000-0000-0000-000000000cb9","00000000-0000-0000-0000-000000000cba",'i_t iterations;','',1,'  ',"00000000-0000-0000-0000-000000000e8f" );
INSERT INTO TE_BLK VALUES ( "00000000-0000-0000-0000-000000000c5e","00000000-0000-0000-0000-000000000000",'','',2,'    ',"00000000-0000-0000-0000-000000000000" );
INSERT INTO TE_BLK VALUES ( "00000000-0000-0000-0000-000000000c5b","00000000-0000-0000-0000-000000000ca8",'i_t i;','',2,'    ',"00000000-0000-0000-0000-000000000000" );
INSERT INTO TE_BLK VALUES ( "00000000-0000-0000-0000-000000000c58","00000000-0000-0000-0000-000000000ca5",'perf_funcs_A * a=0;','',2,'    ',"00000000-0000-0000-0000-000000000000" );
INSERT INTO TE_BLK VALUES ( "00000000-0000-0000-0000-000000000c55","00000000-0000-0000-0000-000000000000",'','',2,'    ',"00000000-0000-0000-0000-000000000000" );
INSERT INTO TE_BLK VALUES ( "00000000-0000-0000-0000-000000000c74","00000000-0000-0000-0000-000000000c78",'','',3,'      ',"00000000-0000-0000-0000-000000000000" );
INSERT INTO TE_BLK VALUES ( "00000000-0000-0000-0000-000000000c52","00000000-0000-0000-0000-000000000c6d",'i_t i;perf_funcs_A * a=0;','',2,'    ',"00000000-0000-0000-0000-000000000000" );
INSERT INTO TE_BLK VALUES ( "00000000-0000-0000-0000-000000000c4f","00000000-0000-0000-0000-000000000c6b",'perf_funcs_A * a;','',2,'    ',"00000000-0000-0000-0000-000000000000" );
INSERT INTO TE_BLK VALUES ( "00000000-0000-0000-0000-000000000c49","00000000-0000-0000-0000-000000000c4a",'i_t iterations;','',1,'  ',"00000000-0000-0000-0000-000000000e8d" );
INSERT INTO TE_BLK VALUES ( "00000000-0000-0000-0000-000000000bed","00000000-0000-0000-0000-000000000000",'','',2,'    ',"00000000-0000-0000-0000-000000000000" );
INSERT INTO TE_BLK VALUES ( "00000000-0000-0000-0000-000000000bea","00000000-0000-0000-0000-000000000c38",'i_t i;','',2,'    ',"00000000-0000-0000-0000-000000000000" );
INSERT INTO TE_BLK VALUES ( "00000000-0000-0000-0000-000000000be7","00000000-0000-0000-0000-000000000c35",'perf_funcs_A * a=0;','',2,'    ',"00000000-0000-0000-0000-000000000000" );
INSERT INTO TE_BLK VALUES ( "00000000-0000-0000-0000-000000000be4","00000000-0000-0000-0000-000000000000",'','',2,'    ',"00000000-0000-0000-0000-000000000000" );
INSERT INTO TE_BLK VALUES ( "00000000-0000-0000-0000-000000000c03","00000000-0000-0000-0000-000000000c07",'i_t j;','',3,'      ',"00000000-0000-0000-0000-000000000000" );
INSERT INTO TE_BLK VALUES ( "00000000-0000-0000-0000-000000000be1","00000000-0000-0000-0000-000000000bfc",'i_t i;perf_funcs_A * a=0;','',2,'    ',"00000000-0000-0000-0000-000000000000" );
INSERT INTO TE_BLK VALUES ( "00000000-0000-0000-0000-000000000bde","00000000-0000-0000-0000-000000000bfa",'perf_funcs_A * a;','',2,'    ',"00000000-0000-0000-0000-000000000000" );
INSERT INTO TE_BLK VALUES ( "00000000-0000-0000-0000-000000000bd8","00000000-0000-0000-0000-000000000bd9",'i_t iterations;','',1,'  ',"00000000-0000-0000-0000-000000000e8b" );
INSERT INTO TE_BLK VALUES ( "00000000-0000-0000-0000-000000000b73","00000000-0000-0000-0000-000000000000",'','',2,'    ',"00000000-0000-0000-0000-000000000000" );
INSERT INTO TE_BLK VALUES ( "00000000-0000-0000-0000-000000000b70","00000000-0000-0000-0000-000000000bc9",'i_t i;','',2,'    ',"00000000-0000-0000-0000-000000000000" );
INSERT INTO TE_BLK VALUES ( "00000000-0000-0000-0000-000000000bc3","00000000-0000-0000-0000-000000000bc8",'','',4,'        ',"00000000-0000-0000-0000-000000000000" );
INSERT INTO TE_BLK VALUES ( "00000000-0000-0000-0000-000000000bc0","00000000-0000-0000-0000-000000000bc5",'','',4,'        ',"00000000-0000-0000-0000-000000000000" );
INSERT INTO TE_BLK VALUES ( "00000000-0000-0000-0000-000000000bbb","00000000-0000-0000-0000-000000000bbd",'perf_funcs_A * a=0;','',3,'      ',"00000000-0000-0000-0000-000000000000" );
INSERT INTO TE_BLK VALUES ( "00000000-0000-0000-0000-000000000b6d","00000000-0000-0000-0000-000000000bb6",'bool more;','',2,'    ',"00000000-0000-0000-0000-000000000000" );
INSERT INTO TE_BLK VALUES ( "00000000-0000-0000-0000-000000000b6a","00000000-0000-0000-0000-000000000000",'','',2,'    ',"00000000-0000-0000-0000-000000000000" );
INSERT INTO TE_BLK VALUES ( "00000000-0000-0000-0000-000000000ba3","00000000-0000-0000-0000-000000000bab",'perf_funcs_A * a=0;','',4,'        ',"00000000-0000-0000-0000-000000000000" );
INSERT INTO TE_BLK VALUES ( "00000000-0000-0000-0000-000000000b99","00000000-0000-0000-0000-000000000b9d",'i_t i;','',3,'      ',"00000000-0000-0000-0000-000000000000" );
INSERT INTO TE_BLK VALUES ( "00000000-0000-0000-0000-000000000b67","00000000-0000-0000-0000-000000000b94",'i_t j;','',2,'    ',"00000000-0000-0000-0000-000000000000" );
INSERT INTO TE_BLK VALUES ( "00000000-0000-0000-0000-000000000b85","00000000-0000-0000-0000-000000000b89",'perf_funcs_A * a;','',3,'      ',"00000000-0000-0000-0000-000000000000" );
INSERT INTO TE_BLK VALUES ( "00000000-0000-0000-0000-000000000b64","00000000-0000-0000-0000-000000000b80",'i_t i;','',2,'    ',"00000000-0000-0000-0000-000000000000" );
INSERT INTO TE_BLK VALUES ( "00000000-0000-0000-0000-000000000b5e","00000000-0000-0000-0000-000000000b5f",'i_t iterations;','',1,'  ',"00000000-0000-0000-0000-000000000e89" );
INSERT INTO TE_BLK VALUES ( "00000000-0000-0000-0000-000000000af9","00000000-0000-0000-0000-000000000000",'','',2,'    ',"00000000-0000-0000-0000-000000000000" );
INSERT INTO TE_BLK VALUES ( "00000000-0000-0000-0000-000000000af6","00000000-0000-0000-0000-000000000b4f",'i_t i;','',2,'    ',"00000000-0000-0000-0000-000000000000" );
INSERT INTO TE_BLK VALUES ( "00000000-0000-0000-0000-000000000b49","00000000-0000-0000-0000-000000000b4e",'','',4,'        ',"00000000-0000-0000-0000-000000000000" );
INSERT INTO TE_BLK VALUES ( "00000000-0000-0000-0000-000000000b46","00000000-0000-0000-0000-000000000b4b",'','',4,'        ',"00000000-0000-0000-0000-000000000000" );
INSERT INTO TE_BLK VALUES ( "00000000-0000-0000-0000-000000000b41","00000000-0000-0000-0000-000000000b43",'perf_funcs_A * a=0;','',3,'      ',"00000000-0000-0000-0000-000000000000" );
INSERT INTO TE_BLK VALUES ( "00000000-0000-0000-0000-000000000af3","00000000-0000-0000-0000-000000000b3c",'bool more;','',2,'    ',"00000000-0000-0000-0000-000000000000" );
INSERT INTO TE_BLK VALUES ( "00000000-0000-0000-0000-000000000af0","00000000-0000-0000-0000-000000000000",'','',2,'    ',"00000000-0000-0000-0000-000000000000" );
INSERT INTO TE_BLK VALUES ( "00000000-0000-0000-0000-000000000b29","00000000-0000-0000-0000-000000000b31",'perf_funcs_A * a=0;','',4,'        ',"00000000-0000-0000-0000-000000000000" );
INSERT INTO TE_BLK VALUES ( "00000000-0000-0000-0000-000000000b1f","00000000-0000-0000-0000-000000000b23",'i_t i;','',3,'      ',"00000000-0000-0000-0000-000000000000" );
INSERT INTO TE_BLK VALUES ( "00000000-0000-0000-0000-000000000aed","00000000-0000-0000-0000-000000000b1a",'i_t j;','',2,'    ',"00000000-0000-0000-0000-000000000000" );
INSERT INTO TE_BLK VALUES ( "00000000-0000-0000-0000-000000000b0b","00000000-0000-0000-0000-000000000b0f",'perf_funcs_A * a;','',3,'      ',"00000000-0000-0000-0000-000000000000" );
INSERT INTO TE_BLK VALUES ( "00000000-0000-0000-0000-000000000aea","00000000-0000-0000-0000-000000000b06",'i_t i;','',2,'    ',"00000000-0000-0000-0000-000000000000" );
INSERT INTO TE_BLK VALUES ( "00000000-0000-0000-0000-000000000ae4","00000000-0000-0000-0000-000000000ae5",'i_t iterations;','',1,'  ',"00000000-0000-0000-0000-000000000e87" );
INSERT INTO TE_BLK VALUES ( "00000000-0000-0000-0000-000000000a7f","00000000-0000-0000-0000-000000000000",'','',2,'    ',"00000000-0000-0000-0000-000000000000" );
INSERT INTO TE_BLK VALUES ( "00000000-0000-0000-0000-000000000a7c","00000000-0000-0000-0000-000000000ad5",'i_t i;','',2,'    ',"00000000-0000-0000-0000-000000000000" );
INSERT INTO TE_BLK VALUES ( "00000000-0000-0000-0000-000000000acf","00000000-0000-0000-0000-000000000ad4",'','',4,'        ',"00000000-0000-0000-0000-000000000000" );
INSERT INTO TE_BLK VALUES ( "00000000-0000-0000-0000-000000000acc","00000000-0000-0000-0000-000000000ad1",'','',4,'        ',"00000000-0000-0000-0000-000000000000" );
INSERT INTO TE_BLK VALUES ( "00000000-0000-0000-0000-000000000ac7","00000000-0000-0000-0000-000000000ac9",'perf_funcs_A * a=0;','',3,'      ',"00000000-0000-0000-0000-000000000000" );
INSERT INTO TE_BLK VALUES ( "00000000-0000-0000-0000-000000000a79","00000000-0000-0000-0000-000000000ac2",'bool more;','',2,'    ',"00000000-0000-0000-0000-000000000000" );
INSERT INTO TE_BLK VALUES ( "00000000-0000-0000-0000-000000000a76","00000000-0000-0000-0000-000000000000",'','',2,'    ',"00000000-0000-0000-0000-000000000000" );
INSERT INTO TE_BLK VALUES ( "00000000-0000-0000-0000-000000000aaf","00000000-0000-0000-0000-000000000ab7",'perf_funcs_A * a=0;','',4,'        ',"00000000-0000-0000-0000-000000000000" );
INSERT INTO TE_BLK VALUES ( "00000000-0000-0000-0000-000000000aa5","00000000-0000-0000-0000-000000000aa9",'i_t i;','',3,'      ',"00000000-0000-0000-0000-000000000000" );
INSERT INTO TE_BLK VALUES ( "00000000-0000-0000-0000-000000000a73","00000000-0000-0000-0000-000000000aa0",'i_t j;','',2,'    ',"00000000-0000-0000-0000-000000000000" );
INSERT INTO TE_BLK VALUES ( "00000000-0000-0000-0000-000000000a91","00000000-0000-0000-0000-000000000a95",'perf_funcs_A * a;','',3,'      ',"00000000-0000-0000-0000-000000000000" );
INSERT INTO TE_BLK VALUES ( "00000000-0000-0000-0000-000000000a70","00000000-0000-0000-0000-000000000a8c",'i_t i;','',2,'    ',"00000000-0000-0000-0000-000000000000" );
INSERT INTO TE_BLK VALUES ( "00000000-0000-0000-0000-000000000a6a","00000000-0000-0000-0000-000000000a6b",'i_t iterations;','',1,'  ',"00000000-0000-0000-0000-000000000e85" );
INSERT INTO TE_BLK VALUES ( "00000000-0000-0000-0000-000000000a12","00000000-0000-0000-0000-000000000000",'','',2,'    ',"00000000-0000-0000-0000-000000000000" );
INSERT INTO TE_BLK VALUES ( "00000000-0000-0000-0000-000000000a0f","00000000-0000-0000-0000-000000000a5b",'i_t i;','',2,'    ',"00000000-0000-0000-0000-000000000000" );
INSERT INTO TE_BLK VALUES ( "00000000-0000-0000-0000-000000000a55","00000000-0000-0000-0000-000000000a5a",'','',4,'        ',"00000000-0000-0000-0000-000000000000" );
INSERT INTO TE_BLK VALUES ( "00000000-0000-0000-0000-000000000a52","00000000-0000-0000-0000-000000000a57",'','',4,'        ',"00000000-0000-0000-0000-000000000000" );
INSERT INTO TE_BLK VALUES ( "00000000-0000-0000-0000-000000000a4d","00000000-0000-0000-0000-000000000a4f",'perf_funcs_A * a=0;','',3,'      ',"00000000-0000-0000-0000-000000000000" );
INSERT INTO TE_BLK VALUES ( "00000000-0000-0000-0000-000000000a0c","00000000-0000-0000-0000-000000000a48",'bool more;','',2,'    ',"00000000-0000-0000-0000-000000000000" );
INSERT INTO TE_BLK VALUES ( "00000000-0000-0000-0000-000000000a09","00000000-0000-0000-0000-000000000000",'','',2,'    ',"00000000-0000-0000-0000-000000000000" );
INSERT INTO TE_BLK VALUES ( "00000000-0000-0000-0000-000000000a39","00000000-0000-0000-0000-000000000a3d",'perf_funcs_A * a=0;','',3,'      ',"00000000-0000-0000-0000-000000000000" );
INSERT INTO TE_BLK VALUES ( "00000000-0000-0000-0000-000000000a06","00000000-0000-0000-0000-000000000a34",'i_t i;','',2,'    ',"00000000-0000-0000-0000-000000000000" );
INSERT INTO TE_BLK VALUES ( "00000000-0000-0000-0000-000000000a24","00000000-0000-0000-0000-000000000a28",'perf_funcs_A * a;','',3,'      ',"00000000-0000-0000-0000-000000000000" );
INSERT INTO TE_BLK VALUES ( "00000000-0000-0000-0000-000000000a03","00000000-0000-0000-0000-000000000a1f",'i_t i;','',2,'    ',"00000000-0000-0000-0000-000000000000" );
INSERT INTO TE_BLK VALUES ( "00000000-0000-0000-0000-0000000009fd","00000000-0000-0000-0000-0000000009fe",'i_t iterations;','',1,'  ',"00000000-0000-0000-0000-000000000e83" );
INSERT INTO TE_BLK VALUES ( "00000000-0000-0000-0000-0000000009a9","00000000-0000-0000-0000-000000000000",'','',2,'    ',"00000000-0000-0000-0000-000000000000" );
INSERT INTO TE_BLK VALUES ( "00000000-0000-0000-0000-0000000009a6","00000000-0000-0000-0000-0000000009ee",'i_t i;','',2,'    ',"00000000-0000-0000-0000-000000000000" );
INSERT INTO TE_BLK VALUES ( "00000000-0000-0000-0000-0000000009e8","00000000-0000-0000-0000-0000000009ed",'','',4,'        ',"00000000-0000-0000-0000-000000000000" );
INSERT INTO TE_BLK VALUES ( "00000000-0000-0000-0000-0000000009e5","00000000-0000-0000-0000-0000000009ea",'','',4,'        ',"00000000-0000-0000-0000-000000000000" );
INSERT INTO TE_BLK VALUES ( "00000000-0000-0000-0000-0000000009e0","00000000-0000-0000-0000-0000000009e2",'perf_funcs_A * a=0;','',3,'      ',"00000000-0000-0000-0000-000000000000" );
INSERT INTO TE_BLK VALUES ( "00000000-0000-0000-0000-0000000009a3","00000000-0000-0000-0000-0000000009db",'bool more;','',2,'    ',"00000000-0000-0000-0000-000000000000" );
INSERT INTO TE_BLK VALUES ( "00000000-0000-0000-0000-0000000009a0","00000000-0000-0000-0000-000000000000",'','',2,'    ',"00000000-0000-0000-0000-000000000000" );
INSERT INTO TE_BLK VALUES ( "00000000-0000-0000-0000-0000000009cd","00000000-0000-0000-0000-0000000009d1",'i_t j;','',3,'      ',"00000000-0000-0000-0000-000000000000" );
INSERT INTO TE_BLK VALUES ( "00000000-0000-0000-0000-00000000099d","00000000-0000-0000-0000-0000000009c6",'i_t i;Escher_ObjectSet_s as_space={0}; Escher_ObjectSet_s * as = &as_space;','Escher_ClearSet( as );',2,'    ',"00000000-0000-0000-0000-000000000000" );
INSERT INTO TE_BLK VALUES ( "00000000-0000-0000-0000-0000000009bb","00000000-0000-0000-0000-0000000009bf",'perf_funcs_A * a;','',3,'      ',"00000000-0000-0000-0000-000000000000" );
INSERT INTO TE_BLK VALUES ( "00000000-0000-0000-0000-00000000099a","00000000-0000-0000-0000-0000000009b6",'i_t i;','',2,'    ',"00000000-0000-0000-0000-000000000000" );
INSERT INTO TE_BLK VALUES ( "00000000-0000-0000-0000-000000000994","00000000-0000-0000-0000-000000000995",'i_t iterations;','',1,'  ',"00000000-0000-0000-0000-000000000e81" );
INSERT INTO TE_BLK VALUES ( "00000000-0000-0000-0000-000000000940","00000000-0000-0000-0000-000000000000",'','',2,'    ',"00000000-0000-0000-0000-000000000000" );
INSERT INTO TE_BLK VALUES ( "00000000-0000-0000-0000-00000000093d","00000000-0000-0000-0000-000000000985",'i_t i;','',2,'    ',"00000000-0000-0000-0000-000000000000" );
INSERT INTO TE_BLK VALUES ( "00000000-0000-0000-0000-00000000097f","00000000-0000-0000-0000-000000000984",'','',4,'        ',"00000000-0000-0000-0000-000000000000" );
INSERT INTO TE_BLK VALUES ( "00000000-0000-0000-0000-00000000097c","00000000-0000-0000-0000-000000000981",'','',4,'        ',"00000000-0000-0000-0000-000000000000" );
INSERT INTO TE_BLK VALUES ( "00000000-0000-0000-0000-000000000977","00000000-0000-0000-0000-000000000979",'perf_funcs_A * a=0;','',3,'      ',"00000000-0000-0000-0000-000000000000" );
INSERT INTO TE_BLK VALUES ( "00000000-0000-0000-0000-00000000093a","00000000-0000-0000-0000-000000000972",'bool more;','',2,'    ',"00000000-0000-0000-0000-000000000000" );
INSERT INTO TE_BLK VALUES ( "00000000-0000-0000-0000-000000000937","00000000-0000-0000-0000-000000000000",'','',2,'    ',"00000000-0000-0000-0000-000000000000" );
INSERT INTO TE_BLK VALUES ( "00000000-0000-0000-0000-000000000964","00000000-0000-0000-0000-000000000968",'i_t j;','',3,'      ',"00000000-0000-0000-0000-000000000000" );
INSERT INTO TE_BLK VALUES ( "00000000-0000-0000-0000-000000000934","00000000-0000-0000-0000-00000000095d",'i_t i;Escher_ObjectSet_s as_space={0}; Escher_ObjectSet_s * as = &as_space;','Escher_ClearSet( as );',2,'    ',"00000000-0000-0000-0000-000000000000" );
INSERT INTO TE_BLK VALUES ( "00000000-0000-0000-0000-000000000952","00000000-0000-0000-0000-000000000956",'perf_funcs_A * a;','',3,'      ',"00000000-0000-0000-0000-000000000000" );
INSERT INTO TE_BLK VALUES ( "00000000-0000-0000-0000-000000000931","00000000-0000-0000-0000-00000000094d",'i_t i;','',2,'    ',"00000000-0000-0000-0000-000000000000" );
INSERT INTO TE_BLK VALUES ( "00000000-0000-0000-0000-00000000092b","00000000-0000-0000-0000-00000000092c",'i_t iterations;','',1,'  ',"00000000-0000-0000-0000-000000000e7f" );
INSERT INTO TE_BLK VALUES ( "00000000-0000-0000-0000-0000000008d7","00000000-0000-0000-0000-000000000000",'','',2,'    ',"00000000-0000-0000-0000-000000000000" );
INSERT INTO TE_BLK VALUES ( "00000000-0000-0000-0000-0000000008d4","00000000-0000-0000-0000-00000000091c",'i_t i;','',2,'    ',"00000000-0000-0000-0000-000000000000" );
INSERT INTO TE_BLK VALUES ( "00000000-0000-0000-0000-000000000916","00000000-0000-0000-0000-00000000091b",'','',4,'        ',"00000000-0000-0000-0000-000000000000" );
INSERT INTO TE_BLK VALUES ( "00000000-0000-0000-0000-000000000913","00000000-0000-0000-0000-000000000918",'','',4,'        ',"00000000-0000-0000-0000-000000000000" );
INSERT INTO TE_BLK VALUES ( "00000000-0000-0000-0000-00000000090e","00000000-0000-0000-0000-000000000910",'perf_funcs_A * a=0;','',3,'      ',"00000000-0000-0000-0000-000000000000" );
INSERT INTO TE_BLK VALUES ( "00000000-0000-0000-0000-0000000008d1","00000000-0000-0000-0000-000000000909",'bool more;','',2,'    ',"00000000-0000-0000-0000-000000000000" );
INSERT INTO TE_BLK VALUES ( "00000000-0000-0000-0000-0000000008ce","00000000-0000-0000-0000-000000000000",'','',2,'    ',"00000000-0000-0000-0000-000000000000" );
INSERT INTO TE_BLK VALUES ( "00000000-0000-0000-0000-0000000008fb","00000000-0000-0000-0000-0000000008ff",'i_t j;','',3,'      ',"00000000-0000-0000-0000-000000000000" );
INSERT INTO TE_BLK VALUES ( "00000000-0000-0000-0000-0000000008cb","00000000-0000-0000-0000-0000000008f4",'i_t i;Escher_ObjectSet_s as_space={0}; Escher_ObjectSet_s * as = &as_space;','Escher_ClearSet( as );',2,'    ',"00000000-0000-0000-0000-000000000000" );
INSERT INTO TE_BLK VALUES ( "00000000-0000-0000-0000-0000000008e9","00000000-0000-0000-0000-0000000008ed",'perf_funcs_A * a;','',3,'      ',"00000000-0000-0000-0000-000000000000" );
INSERT INTO TE_BLK VALUES ( "00000000-0000-0000-0000-0000000008c8","00000000-0000-0000-0000-0000000008e4",'i_t i;','',2,'    ',"00000000-0000-0000-0000-000000000000" );
INSERT INTO TE_BLK VALUES ( "00000000-0000-0000-0000-0000000008c2","00000000-0000-0000-0000-0000000008c3",'i_t iterations;','',1,'  ',"00000000-0000-0000-0000-000000000e7d" );
INSERT INTO TE_BLK VALUES ( "00000000-0000-0000-0000-00000000086d","00000000-0000-0000-0000-000000000000",'','',2,'    ',"00000000-0000-0000-0000-000000000000" );
INSERT INTO TE_BLK VALUES ( "00000000-0000-0000-0000-00000000086a","00000000-0000-0000-0000-0000000008b3",'i_t i;','',2,'    ',"00000000-0000-0000-0000-000000000000" );
INSERT INTO TE_BLK VALUES ( "00000000-0000-0000-0000-0000000008ad","00000000-0000-0000-0000-0000000008b2",'','',4,'        ',"00000000-0000-0000-0000-000000000000" );
INSERT INTO TE_BLK VALUES ( "00000000-0000-0000-0000-0000000008aa","00000000-0000-0000-0000-0000000008af",'','',4,'        ',"00000000-0000-0000-0000-000000000000" );
INSERT INTO TE_BLK VALUES ( "00000000-0000-0000-0000-0000000008a5","00000000-0000-0000-0000-0000000008a7",'perf_funcs_A * a=0;','',3,'      ',"00000000-0000-0000-0000-000000000000" );
INSERT INTO TE_BLK VALUES ( "00000000-0000-0000-0000-000000000867","00000000-0000-0000-0000-0000000008a0",'bool more;','',2,'    ',"00000000-0000-0000-0000-000000000000" );
INSERT INTO TE_BLK VALUES ( "00000000-0000-0000-0000-000000000864","00000000-0000-0000-0000-000000000000",'','',2,'    ',"00000000-0000-0000-0000-000000000000" );
INSERT INTO TE_BLK VALUES ( "00000000-0000-0000-0000-000000000891","00000000-0000-0000-0000-000000000896",'i_t j;','',3,'      ',"00000000-0000-0000-0000-000000000000" );
INSERT INTO TE_BLK VALUES ( "00000000-0000-0000-0000-000000000861","00000000-0000-0000-0000-00000000088a",'i_t i;Escher_ObjectSet_s as_space={0}; Escher_ObjectSet_s * as = &as_space;','Escher_ClearSet( as );',2,'    ',"00000000-0000-0000-0000-000000000000" );
INSERT INTO TE_BLK VALUES ( "00000000-0000-0000-0000-00000000087f","00000000-0000-0000-0000-000000000883",'perf_funcs_A * a;','',3,'      ',"00000000-0000-0000-0000-000000000000" );
INSERT INTO TE_BLK VALUES ( "00000000-0000-0000-0000-00000000085e","00000000-0000-0000-0000-00000000087a",'i_t i;','',2,'    ',"00000000-0000-0000-0000-000000000000" );
INSERT INTO TE_BLK VALUES ( "00000000-0000-0000-0000-000000000858","00000000-0000-0000-0000-000000000859",'i_t iterations;','',1,'  ',"00000000-0000-0000-0000-000000000e7b" );
INSERT INTO TE_BLK VALUES ( "00000000-0000-0000-0000-0000000007ea","00000000-0000-0000-0000-000000000000",'','',2,'    ',"00000000-0000-0000-0000-000000000000" );
INSERT INTO TE_BLK VALUES ( "00000000-0000-0000-0000-0000000007e7","00000000-0000-0000-0000-000000000849",'i_t i;','',2,'    ',"00000000-0000-0000-0000-000000000000" );
INSERT INTO TE_BLK VALUES ( "00000000-0000-0000-0000-000000000843","00000000-0000-0000-0000-000000000846",'','',4,'        ',"00000000-0000-0000-0000-000000000000" );
INSERT INTO TE_BLK VALUES ( "00000000-0000-0000-0000-000000000840","00000000-0000-0000-0000-000000000845",'','',4,'        ',"00000000-0000-0000-0000-000000000000" );
INSERT INTO TE_BLK VALUES ( "00000000-0000-0000-0000-00000000082f","00000000-0000-0000-0000-00000000083d",'perf_funcs_G * g=0;','',3,'      ',"00000000-0000-0000-0000-000000000000" );
INSERT INTO TE_BLK VALUES ( "00000000-0000-0000-0000-000000000837","00000000-0000-0000-0000-00000000083a",'','',4,'        ',"00000000-0000-0000-0000-000000000000" );
INSERT INTO TE_BLK VALUES ( "00000000-0000-0000-0000-000000000834","00000000-0000-0000-0000-000000000839",'','',4,'        ',"00000000-0000-0000-0000-000000000000" );
INSERT INTO TE_BLK VALUES ( "00000000-0000-0000-0000-00000000082a","00000000-0000-0000-0000-000000000831",'perf_funcs_F * f=0;','',3,'      ',"00000000-0000-0000-0000-000000000000" );
INSERT INTO TE_BLK VALUES ( "00000000-0000-0000-0000-0000000007e4","00000000-0000-0000-0000-000000000821",'bool more;perf_funcs_E * e=0;','',2,'    ',"00000000-0000-0000-0000-000000000000" );
INSERT INTO TE_BLK VALUES ( "00000000-0000-0000-0000-0000000007e1","00000000-0000-0000-0000-000000000816",'perf_funcs_E * e=0;perf_funcs_G * g=0;perf_funcs_F * f=0;','',2,'    ',"00000000-0000-0000-0000-000000000000" );
INSERT INTO TE_BLK VALUES ( "00000000-0000-0000-0000-00000000080b","00000000-0000-0000-0000-00000000080f",'','',3,'      ',"00000000-0000-0000-0000-000000000000" );
INSERT INTO TE_BLK VALUES ( "00000000-0000-0000-0000-0000000007de","00000000-0000-0000-0000-000000000800",'i_t i;perf_funcs_G * g=0;perf_funcs_F * f=0;perf_funcs_E * e=0;','',2,'    ',"00000000-0000-0000-0000-000000000000" );
INSERT INTO TE_BLK VALUES ( "00000000-0000-0000-0000-0000000007db","00000000-0000-0000-0000-0000000007f7",'perf_funcs_G * g;perf_funcs_F * f;perf_funcs_E * e;','',2,'    ',"00000000-0000-0000-0000-000000000000" );
INSERT INTO TE_BLK VALUES ( "00000000-0000-0000-0000-0000000007d5","00000000-0000-0000-0000-0000000007d6",'i_t iterations;','',1,'  ',"00000000-0000-0000-0000-000000000e79" );
INSERT INTO TE_BLK VALUES ( "00000000-0000-0000-0000-00000000077b","00000000-0000-0000-0000-000000000000",'','',2,'    ',"00000000-0000-0000-0000-000000000000" );
INSERT INTO TE_BLK VALUES ( "00000000-0000-0000-0000-000000000778","00000000-0000-0000-0000-0000000007c4",'i_t i;','',2,'    ',"00000000-0000-0000-0000-000000000000" );
INSERT INTO TE_BLK VALUES ( "00000000-0000-0000-0000-000000000775","00000000-0000-0000-0000-0000000007bd",'perf_funcs_D * d=0;perf_funcs_C * c=0;','',2,'    ',"00000000-0000-0000-0000-000000000000" );
INSERT INTO TE_BLK VALUES ( "00000000-0000-0000-0000-000000000772","00000000-0000-0000-0000-000000000000",'','',2,'    ',"00000000-0000-0000-0000-000000000000" );
INSERT INTO TE_BLK VALUES ( "00000000-0000-0000-0000-0000000007a0","00000000-0000-0000-0000-0000000007a4",'','',3,'      ',"00000000-0000-0000-0000-000000000000" );
INSERT INTO TE_BLK VALUES ( "00000000-0000-0000-0000-00000000076f","00000000-0000-0000-0000-000000000797",'i_t i;perf_funcs_D * d=0;perf_funcs_C * c=0;','',2,'    ',"00000000-0000-0000-0000-000000000000" );
INSERT INTO TE_BLK VALUES ( "00000000-0000-0000-0000-00000000076c","00000000-0000-0000-0000-000000000788",'perf_funcs_D * d;perf_funcs_C * c;perf_funcs_D * d1=0;perf_funcs_C * c1=0;','',2,'    ',"00000000-0000-0000-0000-000000000000" );
INSERT INTO TE_BLK VALUES ( "00000000-0000-0000-0000-000000000766","00000000-0000-0000-0000-000000000767",'i_t iterations;','',1,'  ',"00000000-0000-0000-0000-000000000e77" );
INSERT INTO TE_BLK VALUES ( "00000000-0000-0000-0000-000000000721","00000000-0000-0000-0000-000000000000",'','',2,'    ',"00000000-0000-0000-0000-000000000000" );
INSERT INTO TE_BLK VALUES ( "00000000-0000-0000-0000-00000000071e","00000000-0000-0000-0000-000000000755",'i_t i;','',2,'    ',"00000000-0000-0000-0000-000000000000" );
INSERT INTO TE_BLK VALUES ( "00000000-0000-0000-0000-00000000071b","00000000-0000-0000-0000-00000000074e",'perf_funcs_B * b=0;perf_funcs_A * a=0;','',2,'    ',"00000000-0000-0000-0000-000000000000" );
INSERT INTO TE_BLK VALUES ( "00000000-0000-0000-0000-000000000718","00000000-0000-0000-0000-000000000000",'','',2,'    ',"00000000-0000-0000-0000-000000000000" );
INSERT INTO TE_BLK VALUES ( "00000000-0000-0000-0000-00000000073b","00000000-0000-0000-0000-00000000073f",'','',3,'      ',"00000000-0000-0000-0000-000000000000" );
INSERT INTO TE_BLK VALUES ( "00000000-0000-0000-0000-000000000715","00000000-0000-0000-0000-000000000732",'i_t i;perf_funcs_B * b=0;perf_funcs_A * a=0;','',2,'    ',"00000000-0000-0000-0000-000000000000" );
INSERT INTO TE_BLK VALUES ( "00000000-0000-0000-0000-000000000712","00000000-0000-0000-0000-00000000072e",'perf_funcs_B * b;perf_funcs_A * a;','',2,'    ',"00000000-0000-0000-0000-000000000000" );
INSERT INTO TE_BLK VALUES ( "00000000-0000-0000-0000-00000000070c","00000000-0000-0000-0000-00000000070d",'i_t iterations;','',1,'  ',"00000000-0000-0000-0000-000000000e75" );
INSERT INTO TE_BLK VALUES ( "00000000-0000-0000-0000-0000000006c7","00000000-0000-0000-0000-000000000000",'','',2,'    ',"00000000-0000-0000-0000-000000000000" );
INSERT INTO TE_BLK VALUES ( "00000000-0000-0000-0000-0000000006c4","00000000-0000-0000-0000-0000000006fb",'i_t i;','',2,'    ',"00000000-0000-0000-0000-000000000000" );
INSERT INTO TE_BLK VALUES ( "00000000-0000-0000-0000-0000000006c1","00000000-0000-0000-0000-0000000006f8",'perf_funcs_A * a=0;','',2,'    ',"00000000-0000-0000-0000-000000000000" );
INSERT INTO TE_BLK VALUES ( "00000000-0000-0000-0000-0000000006be","00000000-0000-0000-0000-000000000000",'','',2,'    ',"00000000-0000-0000-0000-000000000000" );
INSERT INTO TE_BLK VALUES ( "00000000-0000-0000-0000-0000000006db","00000000-0000-0000-0000-0000000006df",'perf_funcs_A * a9=0;perf_funcs_A * a8=0;perf_funcs_A * a7=0;perf_funcs_A * a6=0;perf_funcs_A * a5=0;perf_funcs_A * a4=0;perf_funcs_A * a3=0;perf_funcs_A * a2=0;perf_funcs_A * a1=0;perf_funcs_A * a0=0;','',3,'      ',"00000000-0000-0000-0000-000000000000" );
INSERT INTO TE_BLK VALUES ( "00000000-0000-0000-0000-0000000006bb","00000000-0000-0000-0000-0000000006d6",'i_t i;','',2,'    ',"00000000-0000-0000-0000-000000000000" );
INSERT INTO TE_BLK VALUES ( "00000000-0000-0000-0000-0000000006b8","00000000-0000-0000-0000-0000000006d4",'perf_funcs_A * a;','',2,'    ',"00000000-0000-0000-0000-000000000000" );
INSERT INTO TE_BLK VALUES ( "00000000-0000-0000-0000-0000000006b2","00000000-0000-0000-0000-0000000006b3",'i_t iterations;','',1,'  ',"00000000-0000-0000-0000-000000000e73" );
INSERT INTO TE_BLK VALUES ( "00000000-0000-0000-0000-00000000066f","00000000-0000-0000-0000-000000000000",'','',2,'    ',"00000000-0000-0000-0000-000000000000" );
INSERT INTO TE_BLK VALUES ( "00000000-0000-0000-0000-00000000066c","00000000-0000-0000-0000-0000000006a3",'i_t i;','',2,'    ',"00000000-0000-0000-0000-000000000000" );
INSERT INTO TE_BLK VALUES ( "00000000-0000-0000-0000-00000000069a","00000000-0000-0000-0000-0000000006a0",'','',3,'      ',"00000000-0000-0000-0000-000000000000" );
INSERT INTO TE_BLK VALUES ( "00000000-0000-0000-0000-000000000669","00000000-0000-0000-0000-000000000695",'perf_funcs_B * b=0;perf_funcs_A * a=0;','',2,'    ',"00000000-0000-0000-0000-000000000000" );
INSERT INTO TE_BLK VALUES ( "00000000-0000-0000-0000-000000000666","00000000-0000-0000-0000-000000000000",'','',2,'    ',"00000000-0000-0000-0000-000000000000" );
INSERT INTO TE_BLK VALUES ( "00000000-0000-0000-0000-000000000688","00000000-0000-0000-0000-00000000068c",'perf_funcs_B * b=0;','',3,'      ',"00000000-0000-0000-0000-000000000000" );
INSERT INTO TE_BLK VALUES ( "00000000-0000-0000-0000-000000000663","00000000-0000-0000-0000-000000000681",'i_t i;perf_funcs_A * a=0;','',2,'    ',"00000000-0000-0000-0000-000000000000" );
INSERT INTO TE_BLK VALUES ( "00000000-0000-0000-0000-000000000660","00000000-0000-0000-0000-00000000067c",'perf_funcs_B * b;perf_funcs_A * a;','',2,'    ',"00000000-0000-0000-0000-000000000000" );
INSERT INTO TE_BLK VALUES ( "00000000-0000-0000-0000-00000000065a","00000000-0000-0000-0000-00000000065b",'i_t iterations;','',1,'  ',"00000000-0000-0000-0000-000000000e71" );
INSERT INTO TE_BLK VALUES ( "00000000-0000-0000-0000-000000000625","00000000-0000-0000-0000-000000000000",'','',2,'    ',"00000000-0000-0000-0000-000000000000" );
INSERT INTO TE_BLK VALUES ( "00000000-0000-0000-0000-000000000622","00000000-0000-0000-0000-000000000647",'i_t odometer_reading;perf_funcs_A * a=0;','',2,'    ',"00000000-0000-0000-0000-000000000000" );
INSERT INTO TE_BLK VALUES ( "00000000-0000-0000-0000-00000000061f","00000000-0000-0000-0000-000000000643",'perf_funcs_A * a=0;','',2,'    ',"00000000-0000-0000-0000-000000000000" );
INSERT INTO TE_BLK VALUES ( "00000000-0000-0000-0000-00000000061c","00000000-0000-0000-0000-000000000641",'','',2,'    ',"00000000-0000-0000-0000-000000000000" );
INSERT INTO TE_BLK VALUES ( "00000000-0000-0000-0000-000000000619","00000000-0000-0000-0000-00000000063d",'perf_funcs_A * a=0;','',2,'    ',"00000000-0000-0000-0000-000000000000" );
INSERT INTO TE_BLK VALUES ( "00000000-0000-0000-0000-000000000616","00000000-0000-0000-0000-000000000631",'perf_funcs_B * b;perf_funcs_A * a;','',2,'    ',"00000000-0000-0000-0000-000000000000" );
INSERT INTO TE_BLK VALUES ( "00000000-0000-0000-0000-000000000613","00000000-0000-0000-0000-000000000614",'','',1,'  ',"00000000-0000-0000-0000-000000000e6f" );
INSERT INTO TE_BLK VALUES ( "00000000-0000-0000-0000-0000000005ed","00000000-0000-0000-0000-000000000000",'','',2,'    ',"00000000-0000-0000-0000-000000000000" );
INSERT INTO TE_BLK VALUES ( "00000000-0000-0000-0000-0000000005ea","00000000-0000-0000-0000-000000000604",'i_t i;','',2,'    ',"00000000-0000-0000-0000-000000000000" );
INSERT INTO TE_BLK VALUES ( "00000000-0000-0000-0000-0000000005e7","00000000-0000-0000-0000-000000000601",'perf_funcs_A * a=0;','',2,'    ',"00000000-0000-0000-0000-000000000000" );
INSERT INTO TE_BLK VALUES ( "00000000-0000-0000-0000-0000000005e4","00000000-0000-0000-0000-000000000000",'','',2,'    ',"00000000-0000-0000-0000-000000000000" );
INSERT INTO TE_BLK VALUES ( "00000000-0000-0000-0000-0000000005e1","00000000-0000-0000-0000-0000000005fc",'perf_funcs_A * a=0;','',2,'    ',"00000000-0000-0000-0000-000000000000" );
INSERT INTO TE_BLK VALUES ( "00000000-0000-0000-0000-0000000005de","00000000-0000-0000-0000-0000000005fa",'perf_funcs_A * a;','',2,'    ',"00000000-0000-0000-0000-000000000000" );
INSERT INTO TE_BLK VALUES ( "00000000-0000-0000-0000-0000000005d8","00000000-0000-0000-0000-0000000005d9",'i_t iterations;','',1,'  ',"00000000-0000-0000-0000-000000000e6d" );
INSERT INTO TE_BLK VALUES ( "00000000-0000-0000-0000-000000000576","00000000-0000-0000-0000-000000000000",'','',2,'    ',"00000000-0000-0000-0000-000000000000" );
INSERT INTO TE_BLK VALUES ( "00000000-0000-0000-0000-000000000573","00000000-0000-0000-0000-0000000005c9",'i_t i;','',2,'    ',"00000000-0000-0000-0000-000000000000" );
INSERT INTO TE_BLK VALUES ( "00000000-0000-0000-0000-0000000005c3","00000000-0000-0000-0000-0000000005c8",'','',4,'        ',"00000000-0000-0000-0000-000000000000" );
INSERT INTO TE_BLK VALUES ( "00000000-0000-0000-0000-0000000005c0","00000000-0000-0000-0000-0000000005c5",'','',4,'        ',"00000000-0000-0000-0000-000000000000" );
INSERT INTO TE_BLK VALUES ( "00000000-0000-0000-0000-0000000005bb","00000000-0000-0000-0000-0000000005bd",'perf_funcs_A * a=0;','',3,'      ',"00000000-0000-0000-0000-000000000000" );
INSERT INTO TE_BLK VALUES ( "00000000-0000-0000-0000-000000000570","00000000-0000-0000-0000-0000000005b6",'bool more;','',2,'    ',"00000000-0000-0000-0000-000000000000" );
INSERT INTO TE_BLK VALUES ( "00000000-0000-0000-0000-0000000005ab","00000000-0000-0000-0000-0000000005af",'perf_funcs_A * a;','',3,'      ',"00000000-0000-0000-0000-000000000000" );
INSERT INTO TE_BLK VALUES ( "00000000-0000-0000-0000-00000000056d","00000000-0000-0000-0000-0000000005a6",'i_t i;','',2,'    ',"00000000-0000-0000-0000-000000000000" );
INSERT INTO TE_BLK VALUES ( "00000000-0000-0000-0000-0000000005a0","00000000-0000-0000-0000-0000000005a5",'','',4,'        ',"00000000-0000-0000-0000-000000000000" );
INSERT INTO TE_BLK VALUES ( "00000000-0000-0000-0000-00000000059d","00000000-0000-0000-0000-0000000005a2",'','',4,'        ',"00000000-0000-0000-0000-000000000000" );
INSERT INTO TE_BLK VALUES ( "00000000-0000-0000-0000-000000000598","00000000-0000-0000-0000-00000000059a",'perf_funcs_A * a=0;','',3,'      ',"00000000-0000-0000-0000-000000000000" );
INSERT INTO TE_BLK VALUES ( "00000000-0000-0000-0000-00000000056a","00000000-0000-0000-0000-000000000593",'bool more;','',2,'    ',"00000000-0000-0000-0000-000000000000" );
INSERT INTO TE_BLK VALUES ( "00000000-0000-0000-0000-000000000588","00000000-0000-0000-0000-00000000058c",'perf_funcs_A * a;','',3,'      ',"00000000-0000-0000-0000-000000000000" );
INSERT INTO TE_BLK VALUES ( "00000000-0000-0000-0000-000000000567","00000000-0000-0000-0000-000000000583",'i_t i;','',2,'    ',"00000000-0000-0000-0000-000000000000" );
INSERT INTO TE_BLK VALUES ( "00000000-0000-0000-0000-000000000561","00000000-0000-0000-0000-000000000562",'i_t iterations;','',1,'  ',"00000000-0000-0000-0000-000000000e6b" );
INSERT INTO TE_BLK VALUES ( "00000000-0000-0000-0000-000000000503","00000000-0000-0000-0000-000000000000",'','',2,'    ',"00000000-0000-0000-0000-000000000000" );
INSERT INTO TE_BLK VALUES ( "00000000-0000-0000-0000-000000000500","00000000-0000-0000-0000-000000000550",'i_t i;','',2,'    ',"00000000-0000-0000-0000-000000000000" );
INSERT INTO TE_BLK VALUES ( "00000000-0000-0000-0000-00000000054a","00000000-0000-0000-0000-00000000054f",'','',4,'        ',"00000000-0000-0000-0000-000000000000" );
INSERT INTO TE_BLK VALUES ( "00000000-0000-0000-0000-000000000547","00000000-0000-0000-0000-00000000054c",'','',4,'        ',"00000000-0000-0000-0000-000000000000" );
INSERT INTO TE_BLK VALUES ( "00000000-0000-0000-0000-000000000542","00000000-0000-0000-0000-000000000544",'perf_funcs_A * a=0;','',3,'      ',"00000000-0000-0000-0000-000000000000" );
INSERT INTO TE_BLK VALUES ( "00000000-0000-0000-0000-0000000004fd","00000000-0000-0000-0000-00000000053d",'bool more;','',2,'    ',"00000000-0000-0000-0000-000000000000" );
INSERT INTO TE_BLK VALUES ( "00000000-0000-0000-0000-000000000537","00000000-0000-0000-0000-00000000053c",'','',4,'        ',"00000000-0000-0000-0000-000000000000" );
INSERT INTO TE_BLK VALUES ( "00000000-0000-0000-0000-000000000534","00000000-0000-0000-0000-000000000539",'','',4,'        ',"00000000-0000-0000-0000-000000000000" );
INSERT INTO TE_BLK VALUES ( "00000000-0000-0000-0000-00000000052f","00000000-0000-0000-0000-000000000531",'perf_funcs_A * a=0;','',3,'      ',"00000000-0000-0000-0000-000000000000" );
INSERT INTO TE_BLK VALUES ( "00000000-0000-0000-0000-0000000004fa","00000000-0000-0000-0000-00000000052a",'bool more;','',2,'    ',"00000000-0000-0000-0000-000000000000" );
INSERT INTO TE_BLK VALUES ( "00000000-0000-0000-0000-000000000515","00000000-0000-0000-0000-000000000519",'perf_funcs_A * a;','',3,'      ',"00000000-0000-0000-0000-000000000000" );
INSERT INTO TE_BLK VALUES ( "00000000-0000-0000-0000-0000000004f7","00000000-0000-0000-0000-000000000510",'i_t i;','',2,'    ',"00000000-0000-0000-0000-000000000000" );
INSERT INTO TE_BLK VALUES ( "00000000-0000-0000-0000-0000000004f4","00000000-0000-0000-0000-000000000000",'','',2,'    ',"00000000-0000-0000-0000-000000000000" );
INSERT INTO TE_BLK VALUES ( "00000000-0000-0000-0000-0000000004ee","00000000-0000-0000-0000-0000000004ef",'i_t iterations;','',1,'  ',"00000000-0000-0000-0000-000000000e69" );
INSERT INTO TE_BLK VALUES ( "00000000-0000-0000-0000-0000000004cb","00000000-0000-0000-0000-000000000000",'','',2,'    ',"00000000-0000-0000-0000-000000000000" );
INSERT INTO TE_BLK VALUES ( "00000000-0000-0000-0000-0000000004c8","00000000-0000-0000-0000-0000000004dd",'i_t i;','',2,'    ',"00000000-0000-0000-0000-000000000000" );
INSERT INTO TE_BLK VALUES ( "00000000-0000-0000-0000-0000000004c5","00000000-0000-0000-0000-000000000000",'','',2,'    ',"00000000-0000-0000-0000-000000000000" );
INSERT INTO TE_BLK VALUES ( "00000000-0000-0000-0000-0000000004c2","00000000-0000-0000-0000-000000000000",'','',2,'    ',"00000000-0000-0000-0000-000000000000" );
INSERT INTO TE_BLK VALUES ( "00000000-0000-0000-0000-0000000004bf","00000000-0000-0000-0000-0000000004d9",'','',2,'    ',"00000000-0000-0000-0000-000000000000" );
INSERT INTO TE_BLK VALUES ( "00000000-0000-0000-0000-0000000004bc","00000000-0000-0000-0000-000000000000",'','',2,'    ',"00000000-0000-0000-0000-000000000000" );
INSERT INTO TE_BLK VALUES ( "00000000-0000-0000-0000-0000000004b3","00000000-0000-0000-0000-0000000004b4",'i_t j;i_t iterations;','',1,'  ',"00000000-0000-0000-0000-000000000ea0" );
INSERT INTO TE_BLK VALUES ( "00000000-0000-0000-0000-000000000490","00000000-0000-0000-0000-000000000000",'','',2,'    ',"00000000-0000-0000-0000-000000000000" );
INSERT INTO TE_BLK VALUES ( "00000000-0000-0000-0000-00000000048d","00000000-0000-0000-0000-0000000004a2",'i_t i;','',2,'    ',"00000000-0000-0000-0000-000000000000" );
INSERT INTO TE_BLK VALUES ( "00000000-0000-0000-0000-00000000048a","00000000-0000-0000-0000-000000000000",'','',2,'    ',"00000000-0000-0000-0000-000000000000" );
INSERT INTO TE_BLK VALUES ( "00000000-0000-0000-0000-000000000487","00000000-0000-0000-0000-000000000000",'','',2,'    ',"00000000-0000-0000-0000-000000000000" );
INSERT INTO TE_BLK VALUES ( "00000000-0000-0000-0000-000000000484","00000000-0000-0000-0000-00000000049d",'i_t j;','',2,'    ',"00000000-0000-0000-0000-000000000000" );
INSERT INTO TE_BLK VALUES ( "00000000-0000-0000-0000-000000000481","00000000-0000-0000-0000-000000000000",'','',2,'    ',"00000000-0000-0000-0000-000000000000" );
INSERT INTO TE_BLK VALUES ( "00000000-0000-0000-0000-00000000047b","00000000-0000-0000-0000-00000000047c",'i_t iterations;','',1,'  ',"00000000-0000-0000-0000-000000000e9e" );
INSERT INTO TE_BLK VALUES ( "00000000-0000-0000-0000-000000000426","00000000-0000-0000-0000-000000000000",'','',2,'    ',"00000000-0000-0000-0000-000000000000" );
INSERT INTO TE_BLK VALUES ( "00000000-0000-0000-0000-000000000423","00000000-0000-0000-0000-00000000046a",'i_t i;','',2,'    ',"00000000-0000-0000-0000-000000000000" );
INSERT INTO TE_BLK VALUES ( "00000000-0000-0000-0000-000000000420","00000000-0000-0000-0000-000000000000",'','',2,'    ',"00000000-0000-0000-0000-000000000000" );
INSERT INTO TE_BLK VALUES ( "00000000-0000-0000-0000-00000000041d","00000000-0000-0000-0000-000000000000",'','',2,'    ',"00000000-0000-0000-0000-000000000000" );
INSERT INTO TE_BLK VALUES ( "00000000-0000-0000-0000-000000000439","00000000-0000-0000-0000-00000000043d",'','',3,'      ',"00000000-0000-0000-0000-000000000000" );
INSERT INTO TE_BLK VALUES ( "00000000-0000-0000-0000-00000000041a","00000000-0000-0000-0000-000000000434",'i_t i;','',2,'    ',"00000000-0000-0000-0000-000000000000" );
INSERT INTO TE_BLK VALUES ( "00000000-0000-0000-0000-000000000417","00000000-0000-0000-0000-000000000000",'','',2,'    ',"00000000-0000-0000-0000-000000000000" );
INSERT INTO TE_BLK VALUES ( "00000000-0000-0000-0000-00000000040e","00000000-0000-0000-0000-00000000040f",'i_t j;i_t iterations;','',1,'  ',"00000000-0000-0000-0000-000000000e9c" );
INSERT INTO TE_BLK VALUES ( "00000000-0000-0000-0000-0000000003ce","00000000-0000-0000-0000-000000000000",'','',2,'    ',"00000000-0000-0000-0000-000000000000" );
INSERT INTO TE_BLK VALUES ( "00000000-0000-0000-0000-0000000003cb","00000000-0000-0000-0000-0000000003fd",'i_t i;','',2,'    ',"00000000-0000-0000-0000-000000000000" );
INSERT INTO TE_BLK VALUES ( "00000000-0000-0000-0000-0000000003c8","00000000-0000-0000-0000-000000000000",'','',2,'    ',"00000000-0000-0000-0000-000000000000" );
INSERT INTO TE_BLK VALUES ( "00000000-0000-0000-0000-0000000003c5","00000000-0000-0000-0000-000000000000",'','',2,'    ',"00000000-0000-0000-0000-000000000000" );
INSERT INTO TE_BLK VALUES ( "00000000-0000-0000-0000-0000000003e0","00000000-0000-0000-0000-0000000003e4",'','',3,'      ',"00000000-0000-0000-0000-000000000000" );
INSERT INTO TE_BLK VALUES ( "00000000-0000-0000-0000-0000000003c2","00000000-0000-0000-0000-0000000003db",'i_t i;','',2,'    ',"00000000-0000-0000-0000-000000000000" );
INSERT INTO TE_BLK VALUES ( "00000000-0000-0000-0000-0000000003bf","00000000-0000-0000-0000-000000000000",'','',2,'    ',"00000000-0000-0000-0000-000000000000" );
INSERT INTO TE_BLK VALUES ( "00000000-0000-0000-0000-0000000003b9","00000000-0000-0000-0000-0000000003ba",'i_t iterations;','',1,'  ',"00000000-0000-0000-0000-000000000e9a" );
INSERT INTO TE_BLK VALUES ( "00000000-0000-0000-0000-000000000383","00000000-0000-0000-0000-000000000000",'','',2,'    ',"00000000-0000-0000-0000-000000000000" );
INSERT INTO TE_BLK VALUES ( "00000000-0000-0000-0000-000000000380","00000000-0000-0000-0000-0000000003a8",'i_t i;','',2,'    ',"00000000-0000-0000-0000-000000000000" );
INSERT INTO TE_BLK VALUES ( "00000000-0000-0000-0000-00000000037d","00000000-0000-0000-0000-000000000000",'','',2,'    ',"00000000-0000-0000-0000-000000000000" );
INSERT INTO TE_BLK VALUES ( "00000000-0000-0000-0000-00000000037a","00000000-0000-0000-0000-000000000000",'','',2,'    ',"00000000-0000-0000-0000-000000000000" );
INSERT INTO TE_BLK VALUES ( "00000000-0000-0000-0000-000000000395","00000000-0000-0000-0000-000000000399",'','',3,'      ',"00000000-0000-0000-0000-000000000000" );
INSERT INTO TE_BLK VALUES ( "00000000-0000-0000-0000-000000000377","00000000-0000-0000-0000-000000000390",'i_t i;','',2,'    ',"00000000-0000-0000-0000-000000000000" );
INSERT INTO TE_BLK VALUES ( "00000000-0000-0000-0000-000000000374","00000000-0000-0000-0000-000000000000",'','',2,'    ',"00000000-0000-0000-0000-000000000000" );
INSERT INTO TE_BLK VALUES ( "00000000-0000-0000-0000-00000000036e","00000000-0000-0000-0000-00000000036f",'i_t iterations;','',1,'  ',"00000000-0000-0000-0000-000000000e98" );
INSERT INTO TE_BLK VALUES ( "00000000-0000-0000-0000-000000000357","00000000-0000-0000-0000-000000000358",'c_t s[ESCHER_SYS_MAX_STRING_LEN];i_t duration;i_t count;c_t message[ESCHER_SYS_MAX_STRING_LEN];','',1,'  ',"00000000-0000-0000-0000-000000000e27" );
INSERT INTO TE_BLK VALUES ( "00000000-0000-0000-0000-00000000022f","00000000-0000-0000-0000-000000000350",'','',2,'    ',"00000000-0000-0000-0000-000000000000" );
INSERT INTO TE_BLK VALUES ( "00000000-0000-0000-0000-00000000022c","00000000-0000-0000-0000-000000000348",'','',2,'    ',"00000000-0000-0000-0000-000000000000" );
INSERT INTO TE_BLK VALUES ( "00000000-0000-0000-0000-000000000229","00000000-0000-0000-0000-000000000340",'','',2,'    ',"00000000-0000-0000-0000-000000000000" );
INSERT INTO TE_BLK VALUES ( "00000000-0000-0000-0000-000000000226","00000000-0000-0000-0000-000000000338",'','',2,'    ',"00000000-0000-0000-0000-000000000000" );
INSERT INTO TE_BLK VALUES ( "00000000-0000-0000-0000-000000000223","00000000-0000-0000-0000-000000000330",'','',2,'    ',"00000000-0000-0000-0000-000000000000" );
INSERT INTO TE_BLK VALUES ( "00000000-0000-0000-0000-000000000220","00000000-0000-0000-0000-000000000328",'','',2,'    ',"00000000-0000-0000-0000-000000000000" );
INSERT INTO TE_BLK VALUES ( "00000000-0000-0000-0000-00000000021d","00000000-0000-0000-0000-000000000320",'','',2,'    ',"00000000-0000-0000-0000-000000000000" );
INSERT INTO TE_BLK VALUES ( "00000000-0000-0000-0000-00000000021a","00000000-0000-0000-0000-000000000318",'','',2,'    ',"00000000-0000-0000-0000-000000000000" );
INSERT INTO TE_BLK VALUES ( "00000000-0000-0000-0000-000000000217","00000000-0000-0000-0000-000000000310",'','',2,'    ',"00000000-0000-0000-0000-000000000000" );
INSERT INTO TE_BLK VALUES ( "00000000-0000-0000-0000-000000000214","00000000-0000-0000-0000-000000000308",'','',2,'    ',"00000000-0000-0000-0000-000000000000" );
INSERT INTO TE_BLK VALUES ( "00000000-0000-0000-0000-000000000211","00000000-0000-0000-0000-000000000300",'','',2,'    ',"00000000-0000-0000-0000-000000000000" );
INSERT INTO TE_BLK VALUES ( "00000000-0000-0000-0000-00000000020e","00000000-0000-0000-0000-0000000002f8",'','',2,'    ',"00000000-0000-0000-0000-000000000000" );
INSERT INTO TE_BLK VALUES ( "00000000-0000-0000-0000-00000000020b","00000000-0000-0000-0000-0000000002f0",'','',2,'    ',"00000000-0000-0000-0000-000000000000" );
INSERT INTO TE_BLK VALUES ( "00000000-0000-0000-0000-000000000208","00000000-0000-0000-0000-0000000002e8",'','',2,'    ',"00000000-0000-0000-0000-000000000000" );
INSERT INTO TE_BLK VALUES ( "00000000-0000-0000-0000-000000000205","00000000-0000-0000-0000-0000000002e0",'','',2,'    ',"00000000-0000-0000-0000-000000000000" );
INSERT INTO TE_BLK VALUES ( "00000000-0000-0000-0000-000000000202","00000000-0000-0000-0000-0000000002d8",'','',2,'    ',"00000000-0000-0000-0000-000000000000" );
INSERT INTO TE_BLK VALUES ( "00000000-0000-0000-0000-0000000001ff","00000000-0000-0000-0000-0000000002d0",'','',2,'    ',"00000000-0000-0000-0000-000000000000" );
INSERT INTO TE_BLK VALUES ( "00000000-0000-0000-0000-0000000001fc","00000000-0000-0000-0000-0000000002c8",'','',2,'    ',"00000000-0000-0000-0000-000000000000" );
INSERT INTO TE_BLK VALUES ( "00000000-0000-0000-0000-0000000001f9","00000000-0000-0000-0000-0000000002c0",'','',2,'    ',"00000000-0000-0000-0000-000000000000" );
INSERT INTO TE_BLK VALUES ( "00000000-0000-0000-0000-0000000001f6","00000000-0000-0000-0000-0000000002b8",'','',2,'    ',"00000000-0000-0000-0000-000000000000" );
INSERT INTO TE_BLK VALUES ( "00000000-0000-0000-0000-0000000001f3","00000000-0000-0000-0000-0000000002b0",'','',2,'    ',"00000000-0000-0000-0000-000000000000" );
INSERT INTO TE_BLK VALUES ( "00000000-0000-0000-0000-0000000001f0","00000000-0000-0000-0000-0000000002a8",'','',2,'    ',"00000000-0000-0000-0000-000000000000" );
INSERT INTO TE_BLK VALUES ( "00000000-0000-0000-0000-0000000001ed","00000000-0000-0000-0000-0000000002a0",'','',2,'    ',"00000000-0000-0000-0000-000000000000" );
INSERT INTO TE_BLK VALUES ( "00000000-0000-0000-0000-0000000001ea","00000000-0000-0000-0000-000000000298",'','',2,'    ',"00000000-0000-0000-0000-000000000000" );
INSERT INTO TE_BLK VALUES ( "00000000-0000-0000-0000-0000000001e7","00000000-0000-0000-0000-000000000290",'','',2,'    ',"00000000-0000-0000-0000-000000000000" );
INSERT INTO TE_BLK VALUES ( "00000000-0000-0000-0000-0000000001e4","00000000-0000-0000-0000-000000000288",'','',2,'    ',"00000000-0000-0000-0000-000000000000" );
INSERT INTO TE_BLK VALUES ( "00000000-0000-0000-0000-0000000001e1","00000000-0000-0000-0000-000000000280",'','',2,'    ',"00000000-0000-0000-0000-000000000000" );
INSERT INTO TE_BLK VALUES ( "00000000-0000-0000-0000-0000000001de","00000000-0000-0000-0000-000000000278",'','',2,'    ',"00000000-0000-0000-0000-000000000000" );
INSERT INTO TE_BLK VALUES ( "00000000-0000-0000-0000-0000000001db","00000000-0000-0000-0000-000000000270",'','',2,'    ',"00000000-0000-0000-0000-000000000000" );
INSERT INTO TE_BLK VALUES ( "00000000-0000-0000-0000-0000000001d8","00000000-0000-0000-0000-00000000026c",'perf_funcs_BENCHMARK * benchmark=0;','',2,'    ',"00000000-0000-0000-0000-000000000000" );
INSERT INTO TE_BLK VALUES ( "00000000-0000-0000-0000-0000000001d2","00000000-0000-0000-0000-0000000001d3",'bool testloop;','',1,'  ',"00000000-0000-0000-0000-000000000e28" );
INSERT INTO TE_BLK VALUES ( "00000000-0000-0000-0000-0000000001cb","00000000-0000-0000-0000-0000000001cc",'','',1,'  ',"00000000-0000-0000-0000-000000000e29" );
INSERT INTO TE_BLK VALUES ( "00000000-0000-0000-0000-0000000001c4","00000000-0000-0000-0000-0000000001c5",'perf_funcs_BENCHMARK * benchmark=0;','',1,'  ',"00000000-0000-0000-0000-000000000e2a" );
INSERT INTO TE_BLK VALUES ( "00000000-0000-0000-0000-0000000001ac","00000000-0000-0000-0000-0000000001ad",'perf_funcs_CBENCH * c;perf_funcs_BENCHMARK * benchmark;','',1,'  ',"00000000-0000-0000-0000-000000000e2b" );
INSERT INTO TE_BLK VALUES ( "00000000-0000-0000-0000-0000000001a4","00000000-0000-0000-0000-0000000001a5",'','',1,'  ',"00000000-0000-0000-0000-000000000e35" );
INSERT INTO TE_BLK VALUES ( "00000000-0000-0000-0000-00000000019c","00000000-0000-0000-0000-00000000019d",'','',1,'  ',"00000000-0000-0000-0000-000000000e33" );
INSERT INTO TE_BLK VALUES ( "00000000-0000-0000-0000-000000000196","00000000-0000-0000-0000-000000000197",'','',1,'  ',"00000000-0000-0000-0000-000000000e31" );
INSERT INTO TE_BLK VALUES ( "00000000-0000-0000-0000-000000000192","00000000-0000-0000-0000-000000000000",'','',1,'  ',"00000000-0000-0000-0000-000000000e2f" );
INSERT INTO TE_BLK VALUES ( "00000000-0000-0000-0000-00000000018e","00000000-0000-0000-0000-000000000000",'','',1,'  ',"00000000-0000-0000-0000-000000000e2d" );
INSERT INTO TE_BLK VALUES ( "00000000-0000-0000-0000-000000000188","00000000-0000-0000-0000-000000000189",'','',1,'  ',"00000000-0000-0000-0000-000000000e3d" );
INSERT INTO TE_BLK VALUES ( "00000000-0000-0000-0000-000000000184","00000000-0000-0000-0000-000000000000",'','',1,'  ',"00000000-0000-0000-0000-000000000e3b" );
INSERT INTO TE_BLK VALUES ( "00000000-0000-0000-0000-000000000180","00000000-0000-0000-0000-000000000000",'','',1,'  ',"00000000-0000-0000-0000-000000000e39" );
INSERT INTO TE_BLK VALUES ( "00000000-0000-0000-0000-00000000017d","00000000-0000-0000-0000-000000000000",'','',1,'  ',"00000000-0000-0000-0000-000000000e37" );
INSERT INTO TE_BLK VALUES ( "00000000-0000-0000-0000-00000000016f","00000000-0000-0000-0000-000000000170",'','',1,'  ',"00000000-0000-0000-0000-000000000827" );
INSERT INTO TE_BLK VALUES ( "00000000-0000-0000-0000-00000000016c","00000000-0000-0000-0000-000000000000",'','',1,'  ',"00000000-0000-0000-0000-00000000082e" );
INSERT INTO TE_BLK VALUES ( "00000000-0000-0000-0000-000000000169","00000000-0000-0000-0000-000000000000",'','',1,'  ',"00000000-0000-0000-0000-000000000831" );
INSERT INTO TE_BLK VALUES ( "00000000-0000-0000-0000-000000000164","00000000-0000-0000-0000-000000000165",'','',1,'  ',"00000000-0000-0000-0000-000000000835" );
INSERT INTO TE_BLK VALUES ( "00000000-0000-0000-0000-000000000161","00000000-0000-0000-0000-000000000000",'','',1,'  ',"00000000-0000-0000-0000-000000000839" );
INSERT INTO TE_BLK VALUES ( "00000000-0000-0000-0000-00000000015b","00000000-0000-0000-0000-000000000000",'','',1,'  ',"00000000-0000-0000-0000-000000000000" );
INSERT INTO TE_BLK VALUES ( "00000000-0000-0000-0000-000000000157","00000000-0000-0000-0000-000000000000",'','',1,'  ',"00000000-0000-0000-0000-000000000000" );
INSERT INTO TE_BLK VALUES ( "00000000-0000-0000-0000-000000000153","00000000-0000-0000-0000-000000000000",'','',1,'  ',"00000000-0000-0000-0000-000000000000" );
INSERT INTO TE_BLK VALUES ( "00000000-0000-0000-0000-00000000014f","00000000-0000-0000-0000-000000000000",'','',1,'  ',"00000000-0000-0000-0000-000000000000" );
INSERT INTO TE_BLK VALUES ( "00000000-0000-0000-0000-00000000014b","00000000-0000-0000-0000-000000000000",'','',1,'  ',"00000000-0000-0000-0000-000000000000" );
INSERT INTO TE_BLK VALUES ( "00000000-0000-0000-0000-000000000147","00000000-0000-0000-0000-000000000000",'','',1,'  ',"00000000-0000-0000-0000-000000000000" );
INSERT INTO TE_BLK VALUES ( "00000000-0000-0000-0000-000000000124","00000000-0000-0000-0000-000000000125",'bool b;','',1,'  ',"00000000-0000-0000-0000-000000000e1f" );
INSERT INTO TE_BLK VALUES ( "00000000-0000-0000-0000-000000000114","00000000-0000-0000-0000-00000000011c",'perf_testloop_LOOP * loop;','',2,'    ',"00000000-0000-0000-0000-000000000000" );
INSERT INTO TE_BLK VALUES ( "00000000-0000-0000-0000-000000000112","00000000-0000-0000-0000-000000000113",'','',1,'  ',"00000000-0000-0000-0000-000000000e1c" );
INSERT INTO TE_BLK VALUES ( "00000000-0000-0000-0000-0000000000f1","00000000-0000-0000-0000-0000000000f2",'bool b;','',1,'  ',"00000000-0000-0000-0000-000000000e19" );
INSERT INTO TE_BLK VALUES ( "00000000-0000-0000-0000-0000000000c5","00000000-0000-0000-0000-0000000000c6",'Escher_Timer_t t;bool b;Escher_xtUMLEvent_t * stop;','',1,'  ',"00000000-0000-0000-0000-000000000e16" );
INSERT INTO TE_BLK VALUES ( "00000000-0000-0000-0000-0000000000ab","00000000-0000-0000-0000-0000000000ac",'','',1,'  ',"00000000-0000-0000-0000-000000000e26" );
INSERT INTO TE_BLK VALUES ( "00000000-0000-0000-0000-00000000009d","00000000-0000-0000-0000-00000000009e",'','',1,'  ',"00000000-0000-0000-0000-000000000e24" );
INSERT INTO TE_BLK VALUES ( "00000000-0000-0000-0000-000000000097","00000000-0000-0000-0000-000000000098",'','',1,'  ',"00000000-0000-0000-0000-000000000e06" );
INSERT INTO TE_BLK VALUES ( "00000000-0000-0000-0000-000000000093","00000000-0000-0000-0000-000000000000",'','',1,'  ',"00000000-0000-0000-0000-000000000e07" );
INSERT INTO TE_BLK VALUES ( "00000000-0000-0000-0000-00000000008f","00000000-0000-0000-0000-000000000000",'','',1,'  ',"00000000-0000-0000-0000-000000000e08" );
INSERT INTO TE_BLK VALUES ( "00000000-0000-0000-0000-000000000085","00000000-0000-0000-0000-00000000008c",'','',2,'    ',"00000000-0000-0000-0000-000000000000" );
INSERT INTO TE_BLK VALUES ( "00000000-0000-0000-0000-00000000007f","00000000-0000-0000-0000-000000000080",'perf_testloop_LOOP * loop=0;','',1,'  ',"00000000-0000-0000-0000-000000000e09" );
INSERT INTO TE_BLK VALUES ( "00000000-0000-0000-0000-000000000078","00000000-0000-0000-0000-000000000079",'','',1,'  ',"00000000-0000-0000-0000-000000000e0b" );
INSERT INTO TE_BLK VALUES ( "00000000-0000-0000-0000-00000000006d","00000000-0000-0000-0000-00000000006e",'','',1,'  ',"00000000-0000-0000-0000-000000000818" );
INSERT INTO TE_BLK VALUES ( "00000000-0000-0000-0000-00000000006a","00000000-0000-0000-0000-000000000000",'','',1,'  ',"00000000-0000-0000-0000-00000000081b" );
INSERT INTO TE_BLK VALUES ( "00000000-0000-0000-0000-000000000063","00000000-0000-0000-0000-000000000064",'i_t i;','',1,'  ',"00000000-0000-0000-0000-00000000081e" );
INSERT INTO TE_BLK VALUES ( "00000000-0000-0000-0000-00000000005e","00000000-0000-0000-0000-00000000005f",'','',1,'  ',"00000000-0000-0000-0000-000000000821" );
INSERT INTO TE_BLK VALUES ( "00000000-0000-0000-0000-000000000057","00000000-0000-0000-0000-000000000058",'','',1,'  ',"00000000-0000-0000-0000-000000000824" );
INSERT INTO TE_BLK VALUES ( "00000000-0000-0000-0000-000000000039","00000000-0000-0000-0000-00000000003a",'Escher_TimeStamp_t delta;','',1,'  ',"00000000-0000-0000-0000-000000000ec2" );
INSERT INTO TE_BLK VALUES ( "00000000-0000-0000-0000-000000000033","00000000-0000-0000-0000-000000000000",'','',1,'  ',"00000000-0000-0000-0000-000000000ec0" );
INSERT INTO TE_LNK VALUES ( "00000000-0000-0000-0000-000000000d0c",0,'',1,'->B[R1]','',"00000000-0000-0000-0000-000000000000","00000000-0000-0000-0000-000000000e9c",'B_R1','iB_R1','self','perf_funcs_B',1,1,'part' );
INSERT INTO TE_LNK VALUES ( "00000000-0000-0000-0000-000000000d0d",0,'',1,'->A[R1]','',"00000000-0000-0000-0000-000000000000","00000000-0000-0000-0000-000000000e64",'A_R1','iA_R1','self','perf_funcs_A',1,1,'form' );
INSERT INTO TE_LNK VALUES ( "00000000-0000-0000-0000-000000000d0e",0,'',3,'->G[R3]','',"00000000-0000-0000-0000-000000000000","00000000-0000-0000-0000-000000000820",'G_R3','iG_R3','e','perf_funcs_G',1,1,'assr' );
INSERT INTO TE_LNK VALUES ( "00000000-0000-0000-0000-000000000d0f",0,'',3,'->F[R3]','',"00000000-0000-0000-0000-000000000000","00000000-0000-0000-0000-00000000081c",'F_R3','iF_R3','G_R3','perf_funcs_F',0,1,'aoth' );
INSERT INTO TE_LNK VALUES ( "00000000-0000-0000-0000-000000000d10",1,'',2,'->D[R2]','',"00000000-0000-0000-0000-000000000000","00000000-0000-0000-0000-000000000796",'D_R2','iD_R2','c','perf_funcs_D',1,1,'form' );
INSERT INTO TE_LNK VALUES ( "00000000-0000-0000-0000-000000000d11",0,'',2,'->C[R2]','',"00000000-0000-0000-0000-000000000000","00000000-0000-0000-0000-000000000792",'C_R2','iC_R2','d','perf_funcs_C',1,1,'part' );
INSERT INTO TE_LNK VALUES ( "00000000-0000-0000-0000-000000000d12",0,'',1,'->B[R1]','',"00000000-0000-0000-0000-000000000000","00000000-0000-0000-0000-000000000690",'B_R1','iB_R1','a','perf_funcs_B',1,1,'part' );
INSERT INTO TE_LNK VALUES ( "00000000-0000-0000-0000-000000000ec7",0,'',3,'','',"00000000-0000-0000-0000-000000000d0f","00000000-0000-0000-0000-000000000000",'G_R3','iG_R3','e','perf_funcs_G',1,0,'assr' );
INSERT INTO TE_ASSIGN VALUES ( 1,0,'','Escher_TimeStamp_t delta',11,'delta','( p_t1 - p_t0 )',"00000000-0000-0000-0000-000000000001",0 );
INSERT INTO TE_BRIDGE VALUES ( '','',"00000000-0000-0000-0000-000000000017" );
INSERT INTO TE_CREATE_EVENT VALUES ( "00000000-0000-0000-0000-000000000000",0,'','','','','','',"00000000-0000-0000-0000-000000000008" );
INSERT INTO TE_CREATE_INSTANCE VALUES ( "00000000-0000-0000-0000-000000000000",0,'','',"00000000-0000-0000-0000-000000000002" );
INSERT INTO R_AOTH VALUES ( "00000000-0000-0000-0000-0000000007fd","00000000-0000-0000-0000-000000000811","00000000-0000-0000-0000-000000000e77",0,1,'' );
INSERT INTO TE_DELETE_INSTANCE VALUES ( "00000000-0000-0000-0000-000000000000",'',0,"00000000-0000-0000-0000-000000000007" );
INSERT INTO TE_ELIF VALUES ( '',"00000000-0000-0000-0000-000000000006" );
INSERT INTO TE_EVENT_PARAMETERS VALUES ( '','','','',"00000000-0000-0000-0000-000000000010" );
INSERT INTO TE_FOR VALUES ( 1,'perf_funcs_A','a','as',"00000000-0000-0000-0000-000000000003" );
INSERT INTO TE_FUNCTION VALUES ( '','',"00000000-0000-0000-0000-000000000018" );
INSERT INTO TE_GENERATE VALUES ( "00000000-0000-0000-0000-000000000000",0,'','','','',"00000000-0000-0000-0000-000000000011" );
INSERT INTO TE_GENERATE_CREATOR_EVENT VALUES ( "00000000-0000-0000-0000-000000000000",0,'','','','',"00000000-0000-0000-0000-000000000012" );
INSERT INTO TE_GENERATE_PRECREATED_EVENT VALUES ( 0,'',"00000000-0000-0000-0000-00000000000f" );
INSERT INTO TE_GENERATE_TO_CLASS VALUES ( "00000000-0000-0000-0000-000000000000",0,'','','','',"00000000-0000-0000-0000-000000000013" );
INSERT INTO R_ASSR VALUES ( "00000000-0000-0000-0000-0000000007ff","00000000-0000-0000-0000-000000000811","00000000-0000-0000-0000-000000000e73",0 );
INSERT INTO TE_IF VALUES ( '',"00000000-0000-0000-0000-000000000004" );
INSERT INTO TE_IOP VALUES ( '','',"00000000-0000-0000-0000-000000000015" );
INSERT INTO TE_OPERATION VALUES ( 0,'','','',"00000000-0000-0000-0000-000000000016" );
INSERT INTO TE_RELATE VALUES ( "00000000-0000-0000-0000-000000000000","00000000-0000-0000-0000-000000000000","00000000-0000-0000-0000-000000000000",0,0,'','','',"00000000-0000-0000-0000-000000000009" );
INSERT INTO TE_RELATE_USING VALUES ( "00000000-0000-0000-0000-000000000000","00000000-0000-0000-0000-000000000000","00000000-0000-0000-0000-000000000000","00000000-0000-0000-0000-000000000000",0,0,'','','','','','',"00000000-0000-0000-0000-00000000000a" );
INSERT INTO TE_RETURN VALUES ( '','','',"00000000-0000-0000-0000-000000000019" );
INSERT INTO TE_SELECT VALUES ( "00000000-0000-0000-0000-000000000000",1,'perf_testloop_LOOP','loop','','any','loop',"00000000-0000-0000-0000-00000000000d" );
INSERT INTO TE_SELECT_RELATED VALUES ( "00000000-0000-0000-0000-000000000e98","00000000-0000-0000-0000-000000000d0c","00000000-0000-0000-0000-000000000e9b","00000000-0000-0000-0000-000000000000","00000000-0000-0000-0000-000000000ea0","00000000-0000-0000-0000-000000000000",0,'','','one',1,'b','b',0,'self','self','perf_funcs_A' );
INSERT INTO TE_SELECT_RELATED VALUES ( "00000000-0000-0000-0000-000000000e60","00000000-0000-0000-0000-000000000d0d","00000000-0000-0000-0000-000000000e63","00000000-0000-0000-0000-000000000000","00000000-0000-0000-0000-000000000e65","00000000-0000-0000-0000-000000000000",0,'','','one',1,'a','a',0,'self','self','perf_funcs_B' );
INSERT INTO TE_SELECT_RELATED VALUES ( "00000000-0000-0000-0000-000000000819","00000000-0000-0000-0000-000000000d0e","00000000-0000-0000-0000-00000000081f","00000000-0000-0000-0000-000000000000","00000000-0000-0000-0000-000000000818","00000000-0000-0000-0000-000000000000",0,'','','one',1,'g','g',0,'e','e','perf_funcs_E' );
INSERT INTO TE_SELECT_RELATED VALUES ( "00000000-0000-0000-0000-000000000817","00000000-0000-0000-0000-000000000ec7","00000000-0000-0000-0000-00000000081b","00000000-0000-0000-0000-000000000000","00000000-0000-0000-0000-000000000818","00000000-0000-0000-0000-000000000000",0,'','','one',1,'f','f',0,'e','e','perf_funcs_E' );
INSERT INTO TE_SELECT_RELATED VALUES ( "00000000-0000-0000-0000-00000000078f","00000000-0000-0000-0000-000000000d10","00000000-0000-0000-0000-000000000795","00000000-0000-0000-0000-000000000000","00000000-0000-0000-0000-00000000078a","00000000-0000-0000-0000-000000000000",0,'','','any',1,'d1','d1',0,'c','c','perf_funcs_C' );
INSERT INTO TE_SELECT_RELATED VALUES ( "00000000-0000-0000-0000-00000000078c","00000000-0000-0000-0000-000000000d11","00000000-0000-0000-0000-000000000791","00000000-0000-0000-0000-000000000000","00000000-0000-0000-0000-00000000078d","00000000-0000-0000-0000-000000000000",0,'','','one',1,'c1','c1',0,'d','d','perf_funcs_D' );
INSERT INTO TE_SELECT_RELATED VALUES ( "00000000-0000-0000-0000-00000000068c","00000000-0000-0000-0000-000000000d12","00000000-0000-0000-0000-00000000068f","00000000-0000-0000-0000-000000000000","00000000-0000-0000-0000-000000000683","00000000-0000-0000-0000-000000000000",0,'','','one',1,'b','b',0,'a','a','perf_funcs_A' );
INSERT INTO TE_SELECT_WHERE VALUES ( "00000000-0000-0000-0000-000000000000",1,'perf_funcs_A','a','','any','a','selected','((perf_funcs_A *)xtUML_detect_empty_handle( selected, "A", "SELECTED.ID" ))->ID == i',0,0,"00000000-0000-0000-0000-00000000000e" );
INSERT INTO TE_SGN VALUES ( "00000000-0000-0000-0000-000000000000",0,'','','','',"00000000-0000-0000-0000-000000000014" );
INSERT INTO TE_UNRELATE VALUES ( "00000000-0000-0000-0000-000000000000","00000000-0000-0000-0000-000000000000","00000000-0000-0000-0000-000000000000",0,0,'','','',"00000000-0000-0000-0000-00000000000b" );
INSERT INTO TE_UNRELATE_USING VALUES ( "00000000-0000-0000-0000-000000000000","00000000-0000-0000-0000-000000000000","00000000-0000-0000-0000-000000000000","00000000-0000-0000-0000-000000000000",0,0,'','','','','','',"00000000-0000-0000-0000-00000000000c" );
INSERT INTO TE_WHILE VALUES ( '',"00000000-0000-0000-0000-000000000005" );
INSERT INTO TM_SYSTAG VALUES ( 32,0,0,0,64000,0,0,0,20,128,128,0,0,'sc_interface',0,0,0,0,0 );
INSERT INTO TM_BUILD VALUES ( 'system','system_sys','system_top' );
INSERT INTO S_EE VALUES ( "00000000-0000-0000-0000-000000000003",'Time','The Time external entity provides date, timestamp, and timer related operations.','TIM',"00000000-0000-0000-0000-000000000000",'','Time',1 );
INSERT INTO S_EE VALUES ( "00000000-0000-0000-0000-00000000002f",'Architecture','','ARCH',"00000000-0000-0000-0000-000000000000",'','Architecture',1 );
INSERT INTO S_EE VALUES ( "00000000-0000-0000-0000-000000000034",'Delta','','DELTA',"00000000-0000-0000-0000-000000000000",'','Delta',1 );
INSERT INTO S_EE VALUES ( "00000000-0000-0000-0000-000000000071",'Application Under Test','','AUT',"00000000-0000-0000-0000-000000000000",'','Application Under Test',0 );
INSERT INTO S_EE VALUES ( "00000000-0000-0000-0000-000000000178",'Test Loop','','TESTLOOPa',"00000000-0000-0000-0000-000000000000",'','Test Loop',0 );
INSERT INTO S_EE VALUES ( "00000000-0000-0000-0000-00000000018b",'C Benchmark','','CBENCHMARK',"00000000-0000-0000-0000-000000000000",'','C Benchmark',0 );
INSERT INTO C_C VALUES ( "00000000-0000-0000-0000-000000000052","00000000-0000-0000-0000-000000000000","00000000-0000-0000-0000-000000000000",'perf_testloop','',0,"00000000-0000-0000-0000-000000000000",0,'' );
INSERT INTO C_C VALUES ( "00000000-0000-0000-0000-00000000015c","00000000-0000-0000-0000-000000000000","00000000-0000-0000-0000-000000000000",'perf_funcs','',0,"00000000-0000-0000-0000-000000000000",0,'' );
INSERT INTO C_I VALUES ( "00000000-0000-0000-0000-000000000043","00000000-0000-0000-0000-000000000000",'benchif','' );
INSERT INTO C_P VALUES ( "00000000-0000-0000-0000-00000000015e",'benchif','Unnamed Interface','','perf_funcs::TESTLOOP::benchif' );
INSERT INTO C_R VALUES ( "00000000-0000-0000-0000-000000000054",'benchif','','Unnamed Interface','perf_testloop::APP::benchif' );
INSERT INTO C_EP VALUES ( "00000000-0000-0000-0000-000000000044","00000000-0000-0000-0000-000000000043",-1,'runtest','' );
INSERT INTO C_EP VALUES ( "00000000-0000-0000-0000-000000000047","00000000-0000-0000-0000-000000000043",-1,'bridge_integer_integer','' );
INSERT INTO C_EP VALUES ( "00000000-0000-0000-0000-000000000049","00000000-0000-0000-0000-000000000043",-1,'bridge_void_integer','' );
INSERT INTO C_EP VALUES ( "00000000-0000-0000-0000-00000000004b","00000000-0000-0000-0000-000000000043",-1,'bridge_void_void','' );
INSERT INTO C_EP VALUES ( "00000000-0000-0000-0000-00000000004c","00000000-0000-0000-0000-000000000043",-1,'perftest','' );
INSERT INTO C_IO VALUES ( "00000000-0000-0000-0000-000000000044","00000000-0000-0000-0000-000000000031",'runtest','',1,'',"00000000-0000-0000-0000-000000000000" );
INSERT INTO C_IO VALUES ( "00000000-0000-0000-0000-000000000047","00000000-0000-0000-0000-000000000008",'bridge_integer_integer','',1,'',"00000000-0000-0000-0000-000000000044" );
INSERT INTO C_IO VALUES ( "00000000-0000-0000-0000-000000000049","00000000-0000-0000-0000-000000000031",'bridge_void_integer','',1,'',"00000000-0000-0000-0000-000000000047" );
INSERT INTO C_IO VALUES ( "00000000-0000-0000-0000-00000000004b","00000000-0000-0000-0000-000000000031",'bridge_void_void','',1,'',"00000000-0000-0000-0000-000000000049" );
INSERT INTO C_IO VALUES ( "00000000-0000-0000-0000-00000000004c","00000000-0000-0000-0000-000000000027",'perftest','',0,'',"00000000-0000-0000-0000-00000000004b" );
INSERT INTO C_SF VALUES ( "00000000-0000-0000-0000-000000000eb5","00000000-0000-0000-0000-000000000054","00000000-0000-0000-0000-00000000015e",'','perf_funcs::TESTLOOP::benchif -o)- perf_testloop::APP::benchif' );
INSERT INTO C_PP VALUES ( "00000000-0000-0000-0000-000000000045","00000000-0000-0000-0000-000000000044","00000000-0000-0000-0000-000000000008",'duration','',0,'',"00000000-0000-0000-0000-000000000000" );
INSERT INTO C_PP VALUES ( "00000000-0000-0000-0000-000000000046","00000000-0000-0000-0000-000000000044","00000000-0000-0000-0000-000000000008",'testnum','',0,'',"00000000-0000-0000-0000-000000000045" );
INSERT INTO C_PP VALUES ( "00000000-0000-0000-0000-000000000048","00000000-0000-0000-0000-000000000047","00000000-0000-0000-0000-000000000008",'i','',0,'',"00000000-0000-0000-0000-000000000000" );
INSERT INTO C_PP VALUES ( "00000000-0000-0000-0000-00000000004a","00000000-0000-0000-0000-000000000049","00000000-0000-0000-0000-000000000008",'i','',0,'',"00000000-0000-0000-0000-000000000000" );
INSERT INTO C_PP VALUES ( "00000000-0000-0000-0000-00000000004d","00000000-0000-0000-0000-00000000004c","00000000-0000-0000-0000-000000000008",'count','',0,'',"00000000-0000-0000-0000-000000000000" );
INSERT INTO C_PP VALUES ( "00000000-0000-0000-0000-00000000004e","00000000-0000-0000-0000-00000000004c","00000000-0000-0000-0000-000000000008",'duration','',0,'',"00000000-0000-0000-0000-00000000004d" );
INSERT INTO C_PP VALUES ( "00000000-0000-0000-0000-00000000004f","00000000-0000-0000-0000-00000000004c","00000000-0000-0000-0000-000000000008",'phase','',0,'',"00000000-0000-0000-0000-00000000004e" );
INSERT INTO C_PP VALUES ( "00000000-0000-0000-0000-000000000050","00000000-0000-0000-0000-00000000004c","00000000-0000-0000-0000-000000000008",'testnum','',0,'',"00000000-0000-0000-0000-00000000004f" );
INSERT INTO C_IR VALUES ( "00000000-0000-0000-0000-000000000054","00000000-0000-0000-0000-000000000043","00000000-0000-0000-0000-000000000000","00000000-0000-0000-0000-000000000053" );
INSERT INTO C_IR VALUES ( "00000000-0000-0000-0000-00000000015e","00000000-0000-0000-0000-000000000043","00000000-0000-0000-0000-000000000000","00000000-0000-0000-0000-00000000015d" );
INSERT INTO C_PO VALUES ( "00000000-0000-0000-0000-000000000053","00000000-0000-0000-0000-000000000052",'APP',0,0 );
INSERT INTO C_PO VALUES ( "00000000-0000-0000-0000-00000000015d","00000000-0000-0000-0000-00000000015c",'TESTLOOP',0,0 );
INSERT INTO SPR_REP VALUES ( "00000000-0000-0000-0000-000000000055","00000000-0000-0000-0000-000000000044","00000000-0000-0000-0000-000000000054" );
INSERT INTO SPR_REP VALUES ( "00000000-0000-0000-0000-00000000005c","00000000-0000-0000-0000-000000000047","00000000-0000-0000-0000-000000000054" );
INSERT INTO SPR_REP VALUES ( "00000000-0000-0000-0000-000000000061","00000000-0000-0000-0000-000000000049","00000000-0000-0000-0000-000000000054" );
INSERT INTO SPR_REP VALUES ( "00000000-0000-0000-0000-000000000068","00000000-0000-0000-0000-00000000004b","00000000-0000-0000-0000-000000000054" );
INSERT INTO SPR_REP VALUES ( "00000000-0000-0000-0000-00000000006b","00000000-0000-0000-0000-00000000004c","00000000-0000-0000-0000-000000000054" );
INSERT INTO SPR_PEP VALUES ( "00000000-0000-0000-0000-00000000015f","00000000-0000-0000-0000-000000000044","00000000-0000-0000-0000-00000000015e" );
INSERT INTO SPR_PEP VALUES ( "00000000-0000-0000-0000-000000000162","00000000-0000-0000-0000-000000000047","00000000-0000-0000-0000-00000000015e" );
INSERT INTO SPR_PEP VALUES ( "00000000-0000-0000-0000-000000000167","00000000-0000-0000-0000-000000000049","00000000-0000-0000-0000-00000000015e" );
INSERT INTO SPR_PEP VALUES ( "00000000-0000-0000-0000-00000000016a","00000000-0000-0000-0000-00000000004b","00000000-0000-0000-0000-00000000015e" );
INSERT INTO SPR_PEP VALUES ( "00000000-0000-0000-0000-00000000016d","00000000-0000-0000-0000-00000000004c","00000000-0000-0000-0000-00000000015e" );
INSERT INTO SPR_RO VALUES ( "00000000-0000-0000-0000-000000000055",'runtest','','::runtest( duration:param.duration, testnum:param.testnum );',1,0 );
INSERT INTO SPR_RO VALUES ( "00000000-0000-0000-0000-00000000005c",'bridge_integer_integer','','return param.i;',1,0 );
INSERT INTO SPR_RO VALUES ( "00000000-0000-0000-0000-000000000061",'bridge_void_integer','','i = param.i;',1,0 );
INSERT INTO SPR_RO VALUES ( "00000000-0000-0000-0000-000000000068",'bridge_void_void','','//',1,0 );
INSERT INTO SPR_RO VALUES ( "00000000-0000-0000-0000-00000000006b",'perftest','','return true;',1,0 );
INSERT INTO SPR_PO VALUES ( "00000000-0000-0000-0000-00000000015f",'runtest','','',1,0 );
INSERT INTO SPR_PO VALUES ( "00000000-0000-0000-0000-000000000162",'bridge_integer_integer','','return param.i;',1,0 );
INSERT INTO SPR_PO VALUES ( "00000000-0000-0000-0000-000000000167",'bridge_void_integer','','',1,0 );
INSERT INTO SPR_PO VALUES ( "00000000-0000-0000-0000-00000000016a",'bridge_void_void','','',1,0 );
INSERT INTO SPR_PO VALUES ( "00000000-0000-0000-0000-00000000016d",'perftest','','return ::perftest(
  count:param.count,
  duration:param.duration,
  phase:param.phase,
  testnum:param.testnum );
  ',1,0 );
INSERT INTO CL_IPINS VALUES ( "00000000-0000-0000-0000-000000000eb5","00000000-0000-0000-0000-000000000eb4" );
INSERT INTO CL_IP VALUES ( "00000000-0000-0000-0000-000000000eb4",'benchif','' );
INSERT INTO CL_IR VALUES ( "00000000-0000-0000-0000-000000000eb8","00000000-0000-0000-0000-000000000eb5",'benchif','' );
INSERT INTO CL_IIR VALUES ( "00000000-0000-0000-0000-000000000eb4","00000000-0000-0000-0000-00000000015e","00000000-0000-0000-0000-000000000eb3","00000000-0000-0000-0000-000000000000",'benchif','' );
INSERT INTO CL_IIR VALUES ( "00000000-0000-0000-0000-000000000eb8","00000000-0000-0000-0000-000000000054","00000000-0000-0000-0000-000000000eb7","00000000-0000-0000-0000-000000000000",'benchif','' );
INSERT INTO CL_IC VALUES ( "00000000-0000-0000-0000-000000000eb2","00000000-0000-0000-0000-00000000015c","00000000-0000-0000-0000-000000000000","00000000-0000-0000-0000-000000000000",0,'','mcbench::library::perf_funcs','' );
INSERT INTO CL_IC VALUES ( "00000000-0000-0000-0000-000000000eb6","00000000-0000-0000-0000-000000000052","00000000-0000-0000-0000-000000000000","00000000-0000-0000-0000-000000000000",0,'','mcbench::library::perf_testloop','' );
INSERT INTO CL_POR VALUES ( "00000000-0000-0000-0000-000000000eb2","00000000-0000-0000-0000-00000000015d",'TESTLOOP',"00000000-0000-0000-0000-000000000eb3" );
INSERT INTO CL_POR VALUES ( "00000000-0000-0000-0000-000000000eb6","00000000-0000-0000-0000-000000000053",'APP',"00000000-0000-0000-0000-000000000eb7" );
INSERT INTO SM_SM VALUES ( "00000000-0000-0000-0000-0000000000bd",'',0 );
INSERT INTO SM_SM VALUES ( "00000000-0000-0000-0000-000000000e2c",'',0 );
INSERT INTO SM_SM VALUES ( "00000000-0000-0000-0000-000000000e5a",'',0 );
INSERT INTO SM_SM VALUES ( "00000000-0000-0000-0000-000000000e93",'',0 );
INSERT INTO SM_STATE VALUES ( "00000000-0000-0000-0000-0000000000c2","00000000-0000-0000-0000-0000000000bd","00000000-0000-0000-0000-000000000000",'starting',1,0 );
INSERT INTO SM_STATE VALUES ( "00000000-0000-0000-0000-0000000000ee","00000000-0000-0000-0000-0000000000bd","00000000-0000-0000-0000-000000000000",'running',2,0 );
INSERT INTO SM_STATE VALUES ( "00000000-0000-0000-0000-00000000010f","00000000-0000-0000-0000-0000000000bd","00000000-0000-0000-0000-000000000000",'unrunning',3,0 );
INSERT INTO SM_STATE VALUES ( "00000000-0000-0000-0000-000000000121","00000000-0000-0000-0000-0000000000bd","00000000-0000-0000-0000-000000000000",'done',4,0 );
INSERT INTO SM_STATE VALUES ( "00000000-0000-0000-0000-000000000e2d","00000000-0000-0000-0000-000000000e2c","00000000-0000-0000-0000-000000000000",'running',1,0 );
INSERT INTO SM_STATE VALUES ( "00000000-0000-0000-0000-000000000e3e","00000000-0000-0000-0000-000000000e2c","00000000-0000-0000-0000-000000000000",'done',2,0 );
INSERT INTO SM_STATE VALUES ( "00000000-0000-0000-0000-000000000e5c","00000000-0000-0000-0000-000000000e5a","00000000-0000-0000-0000-000000000000",'answering',1,0 );
INSERT INTO SM_STATE VALUES ( "00000000-0000-0000-0000-000000000e94","00000000-0000-0000-0000-000000000e93","00000000-0000-0000-0000-000000000000",'spinning',1,0 );
INSERT INTO SM_STATE VALUES ( "00000000-0000-0000-0000-000000000ea5","00000000-0000-0000-0000-000000000e93","00000000-0000-0000-0000-000000000000",'done',2,0 );
INSERT INTO SM_EVT VALUES ( "00000000-0000-0000-0000-0000000000c0","00000000-0000-0000-0000-0000000000bd","00000000-0000-0000-0000-000000000000",1,'go',0,'','LOOP1','' );
INSERT INTO SM_EVT VALUES ( "00000000-0000-0000-0000-0000000000c1","00000000-0000-0000-0000-0000000000bd","00000000-0000-0000-0000-000000000000",2,'stop',0,'','LOOP2','' );
INSERT INTO SM_EVT VALUES ( "00000000-0000-0000-0000-000000000089","00000000-0000-0000-0000-0000000000bd","00000000-0000-0000-0000-000000000000",5,'begin',0,'','LOOP5','' );
INSERT INTO SM_EVT VALUES ( "00000000-0000-0000-0000-0000000001c8","00000000-0000-0000-0000-000000000e2c","00000000-0000-0000-0000-000000000000",1,'go',0,'','BENCHMARK1','' );
INSERT INTO SM_EVT VALUES ( "00000000-0000-0000-0000-00000000026f","00000000-0000-0000-0000-000000000e2c","00000000-0000-0000-0000-000000000000",2,'stop',0,'','BENCHMARK2','' );
INSERT INTO SM_EVT VALUES ( "00000000-0000-0000-0000-000000000e5b","00000000-0000-0000-0000-000000000e5a","00000000-0000-0000-0000-000000000000",1,'e1',0,'','B1','' );
INSERT INTO SM_EVT VALUES ( "00000000-0000-0000-0000-000000000640","00000000-0000-0000-0000-000000000e93","00000000-0000-0000-0000-000000000000",1,'e',0,'','A1','' );
INSERT INTO SM_EVT VALUES ( "00000000-0000-0000-0000-000000000e89","00000000-0000-0000-0000-000000000e93","00000000-0000-0000-0000-000000000000",2,'e2',0,'','A2','' );
INSERT INTO SM_EVT VALUES ( "00000000-0000-0000-0000-000000000646","00000000-0000-0000-0000-000000000e93","00000000-0000-0000-0000-000000000000",3,'stop',0,'','A3','' );
INSERT INTO SM_SEME VALUES ( "00000000-0000-0000-0000-0000000000c2","00000000-0000-0000-0000-0000000000c0","00000000-0000-0000-0000-0000000000bd","00000000-0000-0000-0000-000000000000" );
INSERT INTO SM_SEME VALUES ( "00000000-0000-0000-0000-0000000000c2","00000000-0000-0000-0000-0000000000c1","00000000-0000-0000-0000-0000000000bd","00000000-0000-0000-0000-000000000000" );
INSERT INTO SM_SEME VALUES ( "00000000-0000-0000-0000-0000000000c2","00000000-0000-0000-0000-000000000089","00000000-0000-0000-0000-0000000000bd","00000000-0000-0000-0000-000000000000" );
INSERT INTO SM_SEME VALUES ( "00000000-0000-0000-0000-0000000000ee","00000000-0000-0000-0000-0000000000c0","00000000-0000-0000-0000-0000000000bd","00000000-0000-0000-0000-000000000000" );
INSERT INTO SM_SEME VALUES ( "00000000-0000-0000-0000-0000000000ee","00000000-0000-0000-0000-0000000000c1","00000000-0000-0000-0000-0000000000bd","00000000-0000-0000-0000-000000000000" );
INSERT INTO SM_SEME VALUES ( "00000000-0000-0000-0000-0000000000ee","00000000-0000-0000-0000-000000000089","00000000-0000-0000-0000-0000000000bd","00000000-0000-0000-0000-000000000000" );
INSERT INTO SM_SEME VALUES ( "00000000-0000-0000-0000-00000000010f","00000000-0000-0000-0000-0000000000c0","00000000-0000-0000-0000-0000000000bd","00000000-0000-0000-0000-000000000000" );
INSERT INTO SM_SEME VALUES ( "00000000-0000-0000-0000-00000000010f","00000000-0000-0000-0000-0000000000c1","00000000-0000-0000-0000-0000000000bd","00000000-0000-0000-0000-000000000000" );
INSERT INTO SM_SEME VALUES ( "00000000-0000-0000-0000-00000000010f","00000000-0000-0000-0000-000000000089","00000000-0000-0000-0000-0000000000bd","00000000-0000-0000-0000-000000000000" );
INSERT INTO SM_SEME VALUES ( "00000000-0000-0000-0000-000000000121","00000000-0000-0000-0000-0000000000c0","00000000-0000-0000-0000-0000000000bd","00000000-0000-0000-0000-000000000000" );
INSERT INTO SM_SEME VALUES ( "00000000-0000-0000-0000-000000000121","00000000-0000-0000-0000-0000000000c1","00000000-0000-0000-0000-0000000000bd","00000000-0000-0000-0000-000000000000" );
INSERT INTO SM_SEME VALUES ( "00000000-0000-0000-0000-000000000121","00000000-0000-0000-0000-000000000089","00000000-0000-0000-0000-0000000000bd","00000000-0000-0000-0000-000000000000" );
INSERT INTO SM_SEME VALUES ( "00000000-0000-0000-0000-000000000e2d","00000000-0000-0000-0000-0000000001c8","00000000-0000-0000-0000-000000000e2c","00000000-0000-0000-0000-000000000000" );
INSERT INTO SM_SEME VALUES ( "00000000-0000-0000-0000-000000000e2d","00000000-0000-0000-0000-00000000026f","00000000-0000-0000-0000-000000000e2c","00000000-0000-0000-0000-000000000000" );
INSERT INTO SM_SEME VALUES ( "00000000-0000-0000-0000-000000000e3e","00000000-0000-0000-0000-0000000001c8","00000000-0000-0000-0000-000000000e2c","00000000-0000-0000-0000-000000000000" );
INSERT INTO SM_SEME VALUES ( "00000000-0000-0000-0000-000000000e3e","00000000-0000-0000-0000-00000000026f","00000000-0000-0000-0000-000000000e2c","00000000-0000-0000-0000-000000000000" );
INSERT INTO SM_SEME VALUES ( "00000000-0000-0000-0000-000000000e5c","00000000-0000-0000-0000-000000000e5b","00000000-0000-0000-0000-000000000e5a","00000000-0000-0000-0000-000000000000" );
INSERT INTO SM_SEME VALUES ( "00000000-0000-0000-0000-000000000e94","00000000-0000-0000-0000-000000000640","00000000-0000-0000-0000-000000000e93","00000000-0000-0000-0000-000000000000" );
INSERT INTO SM_SEME VALUES ( "00000000-0000-0000-0000-000000000e94","00000000-0000-0000-0000-000000000e89","00000000-0000-0000-0000-000000000e93","00000000-0000-0000-0000-000000000000" );
INSERT INTO SM_SEME VALUES ( "00000000-0000-0000-0000-000000000e94","00000000-0000-0000-0000-000000000646","00000000-0000-0000-0000-000000000e93","00000000-0000-0000-0000-000000000000" );
INSERT INTO SM_SEME VALUES ( "00000000-0000-0000-0000-000000000ea5","00000000-0000-0000-0000-000000000640","00000000-0000-0000-0000-000000000e93","00000000-0000-0000-0000-000000000000" );
INSERT INTO SM_SEME VALUES ( "00000000-0000-0000-0000-000000000ea5","00000000-0000-0000-0000-000000000e89","00000000-0000-0000-0000-000000000e93","00000000-0000-0000-0000-000000000000" );
INSERT INTO SM_SEME VALUES ( "00000000-0000-0000-0000-000000000ea5","00000000-0000-0000-0000-000000000646","00000000-0000-0000-0000-000000000e93","00000000-0000-0000-0000-000000000000" );
INSERT INTO SM_NSTXN VALUES ( "00000000-0000-0000-0000-000000000144","00000000-0000-0000-0000-0000000000bd","00000000-0000-0000-0000-0000000000c2","00000000-0000-0000-0000-0000000000c0","00000000-0000-0000-0000-000000000000" );
INSERT INTO SM_NSTXN VALUES ( "00000000-0000-0000-0000-000000000148","00000000-0000-0000-0000-0000000000bd","00000000-0000-0000-0000-0000000000ee","00000000-0000-0000-0000-0000000000c0","00000000-0000-0000-0000-000000000000" );
INSERT INTO SM_NSTXN VALUES ( "00000000-0000-0000-0000-00000000014c","00000000-0000-0000-0000-0000000000bd","00000000-0000-0000-0000-00000000010f","00000000-0000-0000-0000-0000000000c0","00000000-0000-0000-0000-000000000000" );
INSERT INTO SM_NSTXN VALUES ( "00000000-0000-0000-0000-000000000150","00000000-0000-0000-0000-0000000000bd","00000000-0000-0000-0000-00000000010f","00000000-0000-0000-0000-0000000000c1","00000000-0000-0000-0000-000000000000" );
INSERT INTO SM_NSTXN VALUES ( "00000000-0000-0000-0000-000000000154","00000000-0000-0000-0000-0000000000bd","00000000-0000-0000-0000-000000000121","00000000-0000-0000-0000-000000000089","00000000-0000-0000-0000-000000000000" );
INSERT INTO SM_NSTXN VALUES ( "00000000-0000-0000-0000-000000000158","00000000-0000-0000-0000-0000000000bd","00000000-0000-0000-0000-0000000000c2","00000000-0000-0000-0000-000000000089","00000000-0000-0000-0000-000000000000" );
INSERT INTO SM_NSTXN VALUES ( "00000000-0000-0000-0000-000000000e4b","00000000-0000-0000-0000-000000000e2c","00000000-0000-0000-0000-000000000e2d","00000000-0000-0000-0000-0000000001c8","00000000-0000-0000-0000-000000000000" );
INSERT INTO SM_NSTXN VALUES ( "00000000-0000-0000-0000-000000000e4f","00000000-0000-0000-0000-000000000e2c","00000000-0000-0000-0000-000000000e2d","00000000-0000-0000-0000-00000000026f","00000000-0000-0000-0000-000000000000" );
INSERT INTO SM_NSTXN VALUES ( "00000000-0000-0000-0000-000000000e53","00000000-0000-0000-0000-000000000e2c","00000000-0000-0000-0000-000000000e3e","00000000-0000-0000-0000-0000000001c8","00000000-0000-0000-0000-000000000000" );
INSERT INTO SM_NSTXN VALUES ( "00000000-0000-0000-0000-000000000e66","00000000-0000-0000-0000-000000000e5a","00000000-0000-0000-0000-000000000e5c","00000000-0000-0000-0000-000000000e5b","00000000-0000-0000-0000-000000000000" );
INSERT INTO SM_NSTXN VALUES ( "00000000-0000-0000-0000-000000000ea9","00000000-0000-0000-0000-000000000e93","00000000-0000-0000-0000-000000000e94","00000000-0000-0000-0000-000000000640","00000000-0000-0000-0000-000000000000" );
INSERT INTO SM_NSTXN VALUES ( "00000000-0000-0000-0000-000000000ead","00000000-0000-0000-0000-000000000e93","00000000-0000-0000-0000-000000000e94","00000000-0000-0000-0000-000000000646","00000000-0000-0000-0000-000000000000" );
INSERT INTO SM_EIGN VALUES ( "00000000-0000-0000-0000-0000000000c2","00000000-0000-0000-0000-0000000000c1","00000000-0000-0000-0000-0000000000bd","00000000-0000-0000-0000-000000000000",'' );
INSERT INTO SM_EIGN VALUES ( "00000000-0000-0000-0000-0000000000ee","00000000-0000-0000-0000-0000000000c1","00000000-0000-0000-0000-0000000000bd","00000000-0000-0000-0000-000000000000",'' );
INSERT INTO SM_EIGN VALUES ( "00000000-0000-0000-0000-000000000121","00000000-0000-0000-0000-0000000000c0","00000000-0000-0000-0000-0000000000bd","00000000-0000-0000-0000-000000000000",'' );
INSERT INTO SM_EIGN VALUES ( "00000000-0000-0000-0000-000000000e94","00000000-0000-0000-0000-000000000e89","00000000-0000-0000-0000-000000000e93","00000000-0000-0000-0000-000000000000",'' );
INSERT INTO SM_CH VALUES ( "00000000-0000-0000-0000-0000000000ee","00000000-0000-0000-0000-000000000089","00000000-0000-0000-0000-0000000000bd","00000000-0000-0000-0000-000000000000",'' );
INSERT INTO SM_CH VALUES ( "00000000-0000-0000-0000-00000000010f","00000000-0000-0000-0000-000000000089","00000000-0000-0000-0000-0000000000bd","00000000-0000-0000-0000-000000000000",'' );
INSERT INTO SM_CH VALUES ( "00000000-0000-0000-0000-000000000121","00000000-0000-0000-0000-0000000000c1","00000000-0000-0000-0000-0000000000bd","00000000-0000-0000-0000-000000000000",'' );
INSERT INTO SM_CH VALUES ( "00000000-0000-0000-0000-000000000e3e","00000000-0000-0000-0000-00000000026f","00000000-0000-0000-0000-000000000e2c","00000000-0000-0000-0000-000000000000",'' );
INSERT INTO SM_CH VALUES ( "00000000-0000-0000-0000-000000000ea5","00000000-0000-0000-0000-000000000640","00000000-0000-0000-0000-000000000e93","00000000-0000-0000-0000-000000000000",'' );
INSERT INTO SM_CH VALUES ( "00000000-0000-0000-0000-000000000ea5","00000000-0000-0000-0000-000000000e89","00000000-0000-0000-0000-000000000e93","00000000-0000-0000-0000-000000000000",'' );
INSERT INTO SM_CH VALUES ( "00000000-0000-0000-0000-000000000ea5","00000000-0000-0000-0000-000000000646","00000000-0000-0000-0000-000000000e93","00000000-0000-0000-0000-000000000000",'' );
INSERT INTO SM_TXN VALUES ( "00000000-0000-0000-0000-000000000144","00000000-0000-0000-0000-0000000000bd","00000000-0000-0000-0000-0000000000ee","00000000-0000-0000-0000-000000000000" );
INSERT INTO SM_TXN VALUES ( "00000000-0000-0000-0000-000000000148","00000000-0000-0000-0000-0000000000bd","00000000-0000-0000-0000-00000000010f","00000000-0000-0000-0000-000000000000" );
INSERT INTO SM_TXN VALUES ( "00000000-0000-0000-0000-00000000014c","00000000-0000-0000-0000-0000000000bd","00000000-0000-0000-0000-0000000000ee","00000000-0000-0000-0000-000000000000" );
INSERT INTO SM_TXN VALUES ( "00000000-0000-0000-0000-000000000150","00000000-0000-0000-0000-0000000000bd","00000000-0000-0000-0000-000000000121","00000000-0000-0000-0000-000000000000" );
INSERT INTO SM_TXN VALUES ( "00000000-0000-0000-0000-000000000154","00000000-0000-0000-0000-0000000000bd","00000000-0000-0000-0000-0000000000c2","00000000-0000-0000-0000-000000000000" );
INSERT INTO SM_TXN VALUES ( "00000000-0000-0000-0000-000000000158","00000000-0000-0000-0000-0000000000bd","00000000-0000-0000-0000-0000000000c2","00000000-0000-0000-0000-000000000000" );
INSERT INTO SM_TXN VALUES ( "00000000-0000-0000-0000-000000000e4b","00000000-0000-0000-0000-000000000e2c","00000000-0000-0000-0000-000000000e2d","00000000-0000-0000-0000-000000000000" );
INSERT INTO SM_TXN VALUES ( "00000000-0000-0000-0000-000000000e4f","00000000-0000-0000-0000-000000000e2c","00000000-0000-0000-0000-000000000e3e","00000000-0000-0000-0000-000000000000" );
INSERT INTO SM_TXN VALUES ( "00000000-0000-0000-0000-000000000e53","00000000-0000-0000-0000-000000000e2c","00000000-0000-0000-0000-000000000e2d","00000000-0000-0000-0000-000000000000" );
INSERT INTO SM_TXN VALUES ( "00000000-0000-0000-0000-000000000e66","00000000-0000-0000-0000-000000000e5a","00000000-0000-0000-0000-000000000e5c","00000000-0000-0000-0000-000000000000" );
INSERT INTO SM_TXN VALUES ( "00000000-0000-0000-0000-000000000ea9","00000000-0000-0000-0000-000000000e93","00000000-0000-0000-0000-000000000e94","00000000-0000-0000-0000-000000000000" );
INSERT INTO SM_TXN VALUES ( "00000000-0000-0000-0000-000000000ead","00000000-0000-0000-0000-000000000e93","00000000-0000-0000-0000-000000000ea5","00000000-0000-0000-0000-000000000000" );
INSERT INTO SM_MOORE VALUES ( "00000000-0000-0000-0000-0000000000bd" );
INSERT INTO SM_MOORE VALUES ( "00000000-0000-0000-0000-000000000e2c" );
INSERT INTO SM_MOORE VALUES ( "00000000-0000-0000-0000-000000000e5a" );
INSERT INTO SM_MOORE VALUES ( "00000000-0000-0000-0000-000000000e93" );
INSERT INTO SM_MOAH VALUES ( "00000000-0000-0000-0000-0000000000c3","00000000-0000-0000-0000-0000000000bd","00000000-0000-0000-0000-0000000000c2" );
INSERT INTO SM_MOAH VALUES ( "00000000-0000-0000-0000-0000000000ef","00000000-0000-0000-0000-0000000000bd","00000000-0000-0000-0000-0000000000ee" );
INSERT INTO SM_MOAH VALUES ( "00000000-0000-0000-0000-000000000110","00000000-0000-0000-0000-0000000000bd","00000000-0000-0000-0000-00000000010f" );
INSERT INTO SM_MOAH VALUES ( "00000000-0000-0000-0000-000000000122","00000000-0000-0000-0000-0000000000bd","00000000-0000-0000-0000-000000000121" );
INSERT INTO SM_MOAH VALUES ( "00000000-0000-0000-0000-000000000e2e","00000000-0000-0000-0000-000000000e2c","00000000-0000-0000-0000-000000000e2d" );
INSERT INTO SM_MOAH VALUES ( "00000000-0000-0000-0000-000000000e3f","00000000-0000-0000-0000-000000000e2c","00000000-0000-0000-0000-000000000e3e" );
INSERT INTO SM_MOAH VALUES ( "00000000-0000-0000-0000-000000000e5d","00000000-0000-0000-0000-000000000e5a","00000000-0000-0000-0000-000000000e5c" );
INSERT INTO SM_MOAH VALUES ( "00000000-0000-0000-0000-000000000e95","00000000-0000-0000-0000-000000000e93","00000000-0000-0000-0000-000000000e94" );
INSERT INTO SM_MOAH VALUES ( "00000000-0000-0000-0000-000000000ea6","00000000-0000-0000-0000-000000000e93","00000000-0000-0000-0000-000000000ea5" );
INSERT INTO SM_AH VALUES ( "00000000-0000-0000-0000-0000000000c3","00000000-0000-0000-0000-0000000000bd" );
INSERT INTO SM_AH VALUES ( "00000000-0000-0000-0000-0000000000ef","00000000-0000-0000-0000-0000000000bd" );
INSERT INTO SM_AH VALUES ( "00000000-0000-0000-0000-000000000110","00000000-0000-0000-0000-0000000000bd" );
INSERT INTO SM_AH VALUES ( "00000000-0000-0000-0000-000000000122","00000000-0000-0000-0000-0000000000bd" );
INSERT INTO SM_AH VALUES ( "00000000-0000-0000-0000-000000000145","00000000-0000-0000-0000-0000000000bd" );
INSERT INTO SM_AH VALUES ( "00000000-0000-0000-0000-000000000149","00000000-0000-0000-0000-0000000000bd" );
INSERT INTO SM_AH VALUES ( "00000000-0000-0000-0000-00000000014d","00000000-0000-0000-0000-0000000000bd" );
INSERT INTO SM_AH VALUES ( "00000000-0000-0000-0000-000000000151","00000000-0000-0000-0000-0000000000bd" );
INSERT INTO SM_AH VALUES ( "00000000-0000-0000-0000-000000000155","00000000-0000-0000-0000-0000000000bd" );
INSERT INTO SM_AH VALUES ( "00000000-0000-0000-0000-000000000159","00000000-0000-0000-0000-0000000000bd" );
INSERT INTO SM_AH VALUES ( "00000000-0000-0000-0000-000000000e2e","00000000-0000-0000-0000-000000000e2c" );
INSERT INTO SM_AH VALUES ( "00000000-0000-0000-0000-000000000e3f","00000000-0000-0000-0000-000000000e2c" );
INSERT INTO SM_AH VALUES ( "00000000-0000-0000-0000-000000000e4c","00000000-0000-0000-0000-000000000e2c" );
INSERT INTO SM_AH VALUES ( "00000000-0000-0000-0000-000000000e50","00000000-0000-0000-0000-000000000e2c" );
INSERT INTO SM_AH VALUES ( "00000000-0000-0000-0000-000000000e54","00000000-0000-0000-0000-000000000e2c" );
INSERT INTO SM_AH VALUES ( "00000000-0000-0000-0000-000000000e5d","00000000-0000-0000-0000-000000000e5a" );
INSERT INTO SM_AH VALUES ( "00000000-0000-0000-0000-000000000e67","00000000-0000-0000-0000-000000000e5a" );
INSERT INTO SM_AH VALUES ( "00000000-0000-0000-0000-000000000e95","00000000-0000-0000-0000-000000000e93" );
INSERT INTO SM_AH VALUES ( "00000000-0000-0000-0000-000000000ea6","00000000-0000-0000-0000-000000000e93" );
INSERT INTO SM_AH VALUES ( "00000000-0000-0000-0000-000000000eaa","00000000-0000-0000-0000-000000000e93" );
INSERT INTO SM_AH VALUES ( "00000000-0000-0000-0000-000000000eae","00000000-0000-0000-0000-000000000e93" );
INSERT INTO SM_ACT VALUES ( "00000000-0000-0000-0000-0000000000c3","00000000-0000-0000-0000-0000000000bd",1,'self.repetitions = 0;
self.measured_run_time = 0;
self.duration = 0;
self.client_test_number = param.testnum;

b = APP::perftest(
  testnum:self.client_test_number,
  phase:1,
  count:0,
  duration:0 );
  
generate LOOP1:go() to self;
create event instance stop of LOOP2:stop() to self;
t = TIM::timer_start( microseconds:param.duration * 1000000, event_inst:stop );

b = b; // Keep C compiler happy.','',0 );
INSERT INTO SM_ACT VALUES ( "00000000-0000-0000-0000-0000000000ef","00000000-0000-0000-0000-0000000000bd",1,'self.begin_time_measurement();

b = APP::perftest(
  testnum:self.client_test_number,
  phase:2,
  count:0,
  duration:0 );
  
self.measured_run_time = self.measured_run_time
  + self.end_time_measurement();
  
self.repetitions = self.repetitions + 1;
generate LOOP1:go() to self;

b = b; // Keep C compiler happy.','',0 );
INSERT INTO SM_ACT VALUES ( "00000000-0000-0000-0000-000000000110","00000000-0000-0000-0000-0000000000bd",1,'// Run the unrun phase.  If true is returned, then
// generate the event to keep looping.
if ( APP::perftest(
  testnum:self.client_test_number,
  phase:3,
  count:0,
  duration:0 ) )

  // Generate event as non-self so timer can pop.
  loop = self;
  generate LOOP1:go() to loop;
end if;','',0 );
INSERT INTO SM_ACT VALUES ( "00000000-0000-0000-0000-000000000122","00000000-0000-0000-0000-0000000000bd",1,'b = APP::perftest(
  testnum:self.client_test_number,
  phase:4, count:0, duration:0 );
b = APP::perftest(
  testnum:self.client_test_number,
  phase:5,
  count:self.repetitions,
  duration:self.measured_run_time );
b = APP::perftest(
  testnum:self.client_test_number,
  phase:6, count:0, duration:0 );

b = b; // Keep C compiler happy.
','',0 );
INSERT INTO SM_ACT VALUES ( "00000000-0000-0000-0000-000000000145","00000000-0000-0000-0000-0000000000bd",1,'','',0 );
INSERT INTO SM_ACT VALUES ( "00000000-0000-0000-0000-000000000149","00000000-0000-0000-0000-0000000000bd",1,'','',0 );
INSERT INTO SM_ACT VALUES ( "00000000-0000-0000-0000-00000000014d","00000000-0000-0000-0000-0000000000bd",1,'','',0 );
INSERT INTO SM_ACT VALUES ( "00000000-0000-0000-0000-000000000151","00000000-0000-0000-0000-0000000000bd",1,'','',0 );
INSERT INTO SM_ACT VALUES ( "00000000-0000-0000-0000-000000000155","00000000-0000-0000-0000-0000000000bd",1,'','',0 );
INSERT INTO SM_ACT VALUES ( "00000000-0000-0000-0000-000000000159","00000000-0000-0000-0000-0000000000bd",1,'','',0 );
INSERT INTO SM_ACT VALUES ( "00000000-0000-0000-0000-000000000e2e","00000000-0000-0000-0000-000000000e2c",1,'self.test_number = self.test_number + 1;
TESTLOOP::runtest( testnum:self.test_number, duration:self.duration );','',0 );
INSERT INTO SM_ACT VALUES ( "00000000-0000-0000-0000-000000000e3f","00000000-0000-0000-0000-000000000e2c",1,'create event instance go of BENCHMARK1:go() to self;
t = TIM::timer_start( microseconds:1000, event_inst:go );','',0 );
INSERT INTO SM_ACT VALUES ( "00000000-0000-0000-0000-000000000e4c","00000000-0000-0000-0000-000000000e2c",1,'','',0 );
INSERT INTO SM_ACT VALUES ( "00000000-0000-0000-0000-000000000e50","00000000-0000-0000-0000-000000000e2c",1,'','',0 );
INSERT INTO SM_ACT VALUES ( "00000000-0000-0000-0000-000000000e54","00000000-0000-0000-0000-000000000e2c",1,'','',0 );
INSERT INTO SM_ACT VALUES ( "00000000-0000-0000-0000-000000000e5d","00000000-0000-0000-0000-000000000e5a",1,'select one a related by self->A[R1];
generate A1:e() to a;','',0 );
INSERT INTO SM_ACT VALUES ( "00000000-0000-0000-0000-000000000e67","00000000-0000-0000-0000-000000000e5a",1,'','',0 );
INSERT INTO SM_ACT VALUES ( "00000000-0000-0000-0000-000000000e95","00000000-0000-0000-0000-000000000e93",1,'select one b related by self->B[R1];
generate B1:e1() to b;
self.odometer = self.odometer + 2;','',0 );
INSERT INTO SM_ACT VALUES ( "00000000-0000-0000-0000-000000000ea6","00000000-0000-0000-0000-000000000e93",1,'','',0 );
INSERT INTO SM_ACT VALUES ( "00000000-0000-0000-0000-000000000eaa","00000000-0000-0000-0000-000000000e93",1,'','',0 );
INSERT INTO SM_ACT VALUES ( "00000000-0000-0000-0000-000000000eae","00000000-0000-0000-0000-000000000e93",1,'','',0 );
INSERT INTO SM_EVTDI VALUES ( "00000000-0000-0000-0000-0000000000be","00000000-0000-0000-0000-0000000000bd",'testnum','',"00000000-0000-0000-0000-000000000008",'',"00000000-0000-0000-0000-000000000089","00000000-0000-0000-0000-0000000000bf" );
INSERT INTO SM_EVTDI VALUES ( "00000000-0000-0000-0000-0000000000bf","00000000-0000-0000-0000-0000000000bd",'duration','',"00000000-0000-0000-0000-000000000008",'',"00000000-0000-0000-0000-000000000089","00000000-0000-0000-0000-000000000000" );
INSERT INTO SM_ISM VALUES ( "00000000-0000-0000-0000-0000000000bd","00000000-0000-0000-0000-000000000083" );
INSERT INTO SM_ISM VALUES ( "00000000-0000-0000-0000-000000000e2c","00000000-0000-0000-0000-0000000001b0" );
INSERT INTO SM_ISM VALUES ( "00000000-0000-0000-0000-000000000e5a","00000000-0000-0000-0000-000000000639" );
INSERT INTO SM_ISM VALUES ( "00000000-0000-0000-0000-000000000e93","00000000-0000-0000-0000-00000000051c" );
INSERT INTO SM_SEVT VALUES ( "00000000-0000-0000-0000-0000000000c0","00000000-0000-0000-0000-0000000000bd","00000000-0000-0000-0000-000000000000" );
INSERT INTO SM_SEVT VALUES ( "00000000-0000-0000-0000-0000000000c1","00000000-0000-0000-0000-0000000000bd","00000000-0000-0000-0000-000000000000" );
INSERT INTO SM_SEVT VALUES ( "00000000-0000-0000-0000-000000000089","00000000-0000-0000-0000-0000000000bd","00000000-0000-0000-0000-000000000000" );
INSERT INTO SM_SEVT VALUES ( "00000000-0000-0000-0000-0000000001c8","00000000-0000-0000-0000-000000000e2c","00000000-0000-0000-0000-000000000000" );
INSERT INTO SM_SEVT VALUES ( "00000000-0000-0000-0000-00000000026f","00000000-0000-0000-0000-000000000e2c","00000000-0000-0000-0000-000000000000" );
INSERT INTO SM_SEVT VALUES ( "00000000-0000-0000-0000-000000000e5b","00000000-0000-0000-0000-000000000e5a","00000000-0000-0000-0000-000000000000" );
INSERT INTO SM_SEVT VALUES ( "00000000-0000-0000-0000-000000000640","00000000-0000-0000-0000-000000000e93","00000000-0000-0000-0000-000000000000" );
INSERT INTO SM_SEVT VALUES ( "00000000-0000-0000-0000-000000000e89","00000000-0000-0000-0000-000000000e93","00000000-0000-0000-0000-000000000000" );
INSERT INTO SM_SEVT VALUES ( "00000000-0000-0000-0000-000000000646","00000000-0000-0000-0000-000000000e93","00000000-0000-0000-0000-000000000000" );
INSERT INTO SM_LEVT VALUES ( "00000000-0000-0000-0000-0000000000c0","00000000-0000-0000-0000-0000000000bd","00000000-0000-0000-0000-000000000000" );
INSERT INTO SM_LEVT VALUES ( "00000000-0000-0000-0000-0000000000c1","00000000-0000-0000-0000-0000000000bd","00000000-0000-0000-0000-000000000000" );
INSERT INTO SM_LEVT VALUES ( "00000000-0000-0000-0000-000000000089","00000000-0000-0000-0000-0000000000bd","00000000-0000-0000-0000-000000000000" );
INSERT INTO SM_LEVT VALUES ( "00000000-0000-0000-0000-0000000001c8","00000000-0000-0000-0000-000000000e2c","00000000-0000-0000-0000-000000000000" );
INSERT INTO SM_LEVT VALUES ( "00000000-0000-0000-0000-00000000026f","00000000-0000-0000-0000-000000000e2c","00000000-0000-0000-0000-000000000000" );
INSERT INTO SM_LEVT VALUES ( "00000000-0000-0000-0000-000000000e5b","00000000-0000-0000-0000-000000000e5a","00000000-0000-0000-0000-000000000000" );
INSERT INTO SM_LEVT VALUES ( "00000000-0000-0000-0000-000000000640","00000000-0000-0000-0000-000000000e93","00000000-0000-0000-0000-000000000000" );
INSERT INTO SM_LEVT VALUES ( "00000000-0000-0000-0000-000000000e89","00000000-0000-0000-0000-000000000e93","00000000-0000-0000-0000-000000000000" );
INSERT INTO SM_LEVT VALUES ( "00000000-0000-0000-0000-000000000646","00000000-0000-0000-0000-000000000e93","00000000-0000-0000-0000-000000000000" );
INSERT INTO SM_TAH VALUES ( "00000000-0000-0000-0000-000000000145","00000000-0000-0000-0000-0000000000bd","00000000-0000-0000-0000-000000000144" );
INSERT INTO SM_TAH VALUES ( "00000000-0000-0000-0000-000000000149","00000000-0000-0000-0000-0000000000bd","00000000-0000-0000-0000-000000000148" );
INSERT INTO SM_TAH VALUES ( "00000000-0000-0000-0000-00000000014d","00000000-0000-0000-0000-0000000000bd","00000000-0000-0000-0000-00000000014c" );
INSERT INTO SM_TAH VALUES ( "00000000-0000-0000-0000-000000000151","00000000-0000-0000-0000-0000000000bd","00000000-0000-0000-0000-000000000150" );
INSERT INTO SM_TAH VALUES ( "00000000-0000-0000-0000-000000000155","00000000-0000-0000-0000-0000000000bd","00000000-0000-0000-0000-000000000154" );
INSERT INTO SM_TAH VALUES ( "00000000-0000-0000-0000-000000000159","00000000-0000-0000-0000-0000000000bd","00000000-0000-0000-0000-000000000158" );
INSERT INTO SM_TAH VALUES ( "00000000-0000-0000-0000-000000000e4c","00000000-0000-0000-0000-000000000e2c","00000000-0000-0000-0000-000000000e4b" );
INSERT INTO SM_TAH VALUES ( "00000000-0000-0000-0000-000000000e50","00000000-0000-0000-0000-000000000e2c","00000000-0000-0000-0000-000000000e4f" );
INSERT INTO SM_TAH VALUES ( "00000000-0000-0000-0000-000000000e54","00000000-0000-0000-0000-000000000e2c","00000000-0000-0000-0000-000000000e53" );
INSERT INTO SM_TAH VALUES ( "00000000-0000-0000-0000-000000000e67","00000000-0000-0000-0000-000000000e5a","00000000-0000-0000-0000-000000000e66" );
INSERT INTO SM_TAH VALUES ( "00000000-0000-0000-0000-000000000eaa","00000000-0000-0000-0000-000000000e93","00000000-0000-0000-0000-000000000ea9" );
INSERT INTO SM_TAH VALUES ( "00000000-0000-0000-0000-000000000eae","00000000-0000-0000-0000-000000000e93","00000000-0000-0000-0000-000000000ead" );
INSERT INTO E_CEI VALUES ( "00000000-0000-0000-0000-0000000000d6","00000000-0000-0000-0000-0000000000d7" );
INSERT INTO E_CEI VALUES ( "00000000-0000-0000-0000-000000000e42","00000000-0000-0000-0000-000000000e45" );
INSERT INTO E_GEN VALUES ( "00000000-0000-0000-0000-000000000084","00000000-0000-0000-0000-000000000082" );
INSERT INTO E_GEN VALUES ( "00000000-0000-0000-0000-0000000000d3","00000000-0000-0000-0000-0000000000d7" );
INSERT INTO E_GEN VALUES ( "00000000-0000-0000-0000-0000000000fb","00000000-0000-0000-0000-0000000000f4" );
INSERT INTO E_GEN VALUES ( "00000000-0000-0000-0000-00000000011d","00000000-0000-0000-0000-000000000120" );
INSERT INTO E_GEN VALUES ( "00000000-0000-0000-0000-0000000001c6","00000000-0000-0000-0000-0000000001c7" );
INSERT INTO E_GEN VALUES ( "00000000-0000-0000-0000-00000000026d","00000000-0000-0000-0000-00000000026e" );
INSERT INTO E_GEN VALUES ( "00000000-0000-0000-0000-00000000063e","00000000-0000-0000-0000-00000000063f" );
INSERT INTO E_GEN VALUES ( "00000000-0000-0000-0000-000000000644","00000000-0000-0000-0000-000000000645" );
INSERT INTO E_GEN VALUES ( "00000000-0000-0000-0000-000000000e61","00000000-0000-0000-0000-000000000e62" );
INSERT INTO E_GEN VALUES ( "00000000-0000-0000-0000-000000000e87","00000000-0000-0000-0000-000000000e86" );
INSERT INTO E_GEN VALUES ( "00000000-0000-0000-0000-000000000e99","00000000-0000-0000-0000-000000000e9a" );
INSERT INTO E_ESS VALUES ( "00000000-0000-0000-0000-000000000084",1,0,5,10,5,16,1,35,6,3,7,3 );
INSERT INTO E_ESS VALUES ( "00000000-0000-0000-0000-0000000000d3",1,0,12,10,12,16,6,5,0,0,0,0 );
INSERT INTO E_ESS VALUES ( "00000000-0000-0000-0000-0000000000d6",1,0,13,31,13,37,6,5,0,0,0,0 );
INSERT INTO E_ESS VALUES ( "00000000-0000-0000-0000-0000000000fb",1,0,13,10,13,16,3,5,0,0,0,0 );
INSERT INTO E_ESS VALUES ( "00000000-0000-0000-0000-00000000011d",1,0,11,12,11,18,0,0,0,0,0,0 );
INSERT INTO E_ESS VALUES ( "00000000-0000-0000-0000-0000000001c6",1,0,2,10,2,21,1,40,0,0,0,0 );
INSERT INTO E_ESS VALUES ( "00000000-0000-0000-0000-00000000026d",1,0,5,12,5,23,4,42,0,0,0,0 );
INSERT INTO E_ESS VALUES ( "00000000-0000-0000-0000-00000000063e",1,0,11,12,11,15,10,34,0,0,0,0 );
INSERT INTO E_ESS VALUES ( "00000000-0000-0000-0000-000000000644",1,0,21,12,21,15,20,34,0,0,0,0 );
INSERT INTO E_ESS VALUES ( "00000000-0000-0000-0000-000000000e42",1,0,1,29,1,40,0,0,0,0,0,0 );
INSERT INTO E_ESS VALUES ( "00000000-0000-0000-0000-000000000e61",1,0,2,10,2,13,1,31,0,0,0,0 );
INSERT INTO E_ESS VALUES ( "00000000-0000-0000-0000-000000000e87",1,0,4,12,4,15,0,0,0,0,0,0 );
INSERT INTO E_ESS VALUES ( "00000000-0000-0000-0000-000000000e99",1,0,2,10,2,13,1,31,0,0,0,0 );
INSERT INTO E_CES VALUES ( "00000000-0000-0000-0000-0000000000d6",1,"00000000-0000-0000-0000-0000000000d9" );
INSERT INTO E_CES VALUES ( "00000000-0000-0000-0000-000000000e42",1,"00000000-0000-0000-0000-000000000e44" );
INSERT INTO E_GES VALUES ( "00000000-0000-0000-0000-000000000084" );
INSERT INTO E_GES VALUES ( "00000000-0000-0000-0000-0000000000d3" );
INSERT INTO E_GES VALUES ( "00000000-0000-0000-0000-0000000000fb" );
INSERT INTO E_GES VALUES ( "00000000-0000-0000-0000-00000000011d" );
INSERT INTO E_GES VALUES ( "00000000-0000-0000-0000-0000000001c6" );
INSERT INTO E_GES VALUES ( "00000000-0000-0000-0000-00000000026d" );
INSERT INTO E_GES VALUES ( "00000000-0000-0000-0000-00000000063e" );
INSERT INTO E_GES VALUES ( "00000000-0000-0000-0000-000000000644" );
INSERT INTO E_GES VALUES ( "00000000-0000-0000-0000-000000000e61" );
INSERT INTO E_GES VALUES ( "00000000-0000-0000-0000-000000000e87" );
INSERT INTO E_GES VALUES ( "00000000-0000-0000-0000-000000000e99" );
INSERT INTO E_CSME VALUES ( "00000000-0000-0000-0000-0000000000d6","00000000-0000-0000-0000-0000000000c1" );
INSERT INTO E_CSME VALUES ( "00000000-0000-0000-0000-000000000e42","00000000-0000-0000-0000-0000000001c8" );
INSERT INTO E_GSME VALUES ( "00000000-0000-0000-0000-000000000084","00000000-0000-0000-0000-000000000089" );
INSERT INTO E_GSME VALUES ( "00000000-0000-0000-0000-0000000000d3","00000000-0000-0000-0000-0000000000c0" );
INSERT INTO E_GSME VALUES ( "00000000-0000-0000-0000-0000000000fb","00000000-0000-0000-0000-0000000000c0" );
INSERT INTO E_GSME VALUES ( "00000000-0000-0000-0000-00000000011d","00000000-0000-0000-0000-0000000000c0" );
INSERT INTO E_GSME VALUES ( "00000000-0000-0000-0000-0000000001c6","00000000-0000-0000-0000-0000000001c8" );
INSERT INTO E_GSME VALUES ( "00000000-0000-0000-0000-00000000026d","00000000-0000-0000-0000-00000000026f" );
INSERT INTO E_GSME VALUES ( "00000000-0000-0000-0000-00000000063e","00000000-0000-0000-0000-000000000640" );
INSERT INTO E_GSME VALUES ( "00000000-0000-0000-0000-000000000644","00000000-0000-0000-0000-000000000646" );
INSERT INTO E_GSME VALUES ( "00000000-0000-0000-0000-000000000e61","00000000-0000-0000-0000-000000000640" );
INSERT INTO E_GSME VALUES ( "00000000-0000-0000-0000-000000000e87","00000000-0000-0000-0000-000000000e89" );
INSERT INTO E_GSME VALUES ( "00000000-0000-0000-0000-000000000e99","00000000-0000-0000-0000-000000000e5b" );
INSERT INTO PE_PE VALUES ( "00000000-0000-0000-0000-000000000003",1,"00000000-0000-0000-0000-000000000002","00000000-0000-0000-0000-000000000000",5 );
INSERT INTO PE_PE VALUES ( "00000000-0000-0000-0000-00000000002f",1,"00000000-0000-0000-0000-000000000002","00000000-0000-0000-0000-000000000000",5 );
INSERT INTO PE_PE VALUES ( "00000000-0000-0000-0000-000000000034",1,"00000000-0000-0000-0000-000000000002","00000000-0000-0000-0000-000000000000",5 );
INSERT INTO PE_PE VALUES ( "00000000-0000-0000-0000-000000000043",1,"00000000-0000-0000-0000-000000000042","00000000-0000-0000-0000-000000000000",6 );
INSERT INTO PE_PE VALUES ( "00000000-0000-0000-0000-000000000052",1,"00000000-0000-0000-0000-000000000051","00000000-0000-0000-0000-000000000000",2 );
INSERT INTO PE_PE VALUES ( "00000000-0000-0000-0000-000000000070",1,"00000000-0000-0000-0000-000000000000","00000000-0000-0000-0000-000000000052",7 );
INSERT INTO PE_PE VALUES ( "00000000-0000-0000-0000-000000000071",1,"00000000-0000-0000-0000-000000000070","00000000-0000-0000-0000-000000000000",5 );
INSERT INTO PE_PE VALUES ( "00000000-0000-0000-0000-00000000007b",1,"00000000-0000-0000-0000-000000000000","00000000-0000-0000-0000-000000000052",7 );
INSERT INTO PE_PE VALUES ( "00000000-0000-0000-0000-000000000059",1,"00000000-0000-0000-0000-00000000007b","00000000-0000-0000-0000-000000000000",1 );
INSERT INTO PE_PE VALUES ( "00000000-0000-0000-0000-00000000008d",1,"00000000-0000-0000-0000-00000000007b","00000000-0000-0000-0000-000000000000",1 );
INSERT INTO PE_PE VALUES ( "00000000-0000-0000-0000-000000000090",1,"00000000-0000-0000-0000-00000000007b","00000000-0000-0000-0000-000000000000",1 );
INSERT INTO PE_PE VALUES ( "00000000-0000-0000-0000-000000000094",1,"00000000-0000-0000-0000-00000000007b","00000000-0000-0000-0000-000000000000",1 );
INSERT INTO PE_PE VALUES ( "00000000-0000-0000-0000-00000000009a",1,"00000000-0000-0000-0000-000000000000","00000000-0000-0000-0000-000000000052",7 );
INSERT INTO PE_PE VALUES ( "00000000-0000-0000-0000-000000000083",1,"00000000-0000-0000-0000-00000000009a","00000000-0000-0000-0000-000000000000",4 );
INSERT INTO PE_PE VALUES ( "00000000-0000-0000-0000-00000000015c",1,"00000000-0000-0000-0000-000000000051","00000000-0000-0000-0000-000000000000",2 );
INSERT INTO PE_PE VALUES ( "00000000-0000-0000-0000-000000000177",1,"00000000-0000-0000-0000-000000000000","00000000-0000-0000-0000-00000000015c",7 );
INSERT INTO PE_PE VALUES ( "00000000-0000-0000-0000-000000000178",1,"00000000-0000-0000-0000-000000000177","00000000-0000-0000-0000-000000000000",5 );
INSERT INTO PE_PE VALUES ( "00000000-0000-0000-0000-00000000018b",1,"00000000-0000-0000-0000-000000000177","00000000-0000-0000-0000-000000000000",5 );
INSERT INTO PE_PE VALUES ( "00000000-0000-0000-0000-0000000001a9",1,"00000000-0000-0000-0000-000000000000","00000000-0000-0000-0000-00000000015c",7 );
INSERT INTO PE_PE VALUES ( "00000000-0000-0000-0000-0000000001aa",1,"00000000-0000-0000-0000-0000000001a9","00000000-0000-0000-0000-000000000000",1 );
INSERT INTO PE_PE VALUES ( "00000000-0000-0000-0000-0000000001c2",1,"00000000-0000-0000-0000-0000000001a9","00000000-0000-0000-0000-000000000000",1 );
INSERT INTO PE_PE VALUES ( "00000000-0000-0000-0000-0000000001c9",1,"00000000-0000-0000-0000-0000000001a9","00000000-0000-0000-0000-000000000000",1 );
INSERT INTO PE_PE VALUES ( "00000000-0000-0000-0000-000000000172",1,"00000000-0000-0000-0000-0000000001a9","00000000-0000-0000-0000-000000000000",1 );
INSERT INTO PE_PE VALUES ( "00000000-0000-0000-0000-000000000351",1,"00000000-0000-0000-0000-0000000001a9","00000000-0000-0000-0000-000000000000",1 );
INSERT INTO PE_PE VALUES ( "00000000-0000-0000-0000-000000000368",1,"00000000-0000-0000-0000-000000000000","00000000-0000-0000-0000-00000000015c",7 );
INSERT INTO PE_PE VALUES ( "00000000-0000-0000-0000-0000000001b9",1,"00000000-0000-0000-0000-000000000368","00000000-0000-0000-0000-000000000000",4 );
INSERT INTO PE_PE VALUES ( "00000000-0000-0000-0000-0000000001b0",1,"00000000-0000-0000-0000-000000000368","00000000-0000-0000-0000-000000000000",4 );
INSERT INTO PE_PE VALUES ( "00000000-0000-0000-0000-000000000e57",1,"00000000-0000-0000-0000-000000000000","00000000-0000-0000-0000-00000000015c",7 );
INSERT INTO PE_PE VALUES ( "00000000-0000-0000-0000-000000000639",1,"00000000-0000-0000-0000-000000000e57","00000000-0000-0000-0000-000000000000",4 );
INSERT INTO PE_PE VALUES ( "00000000-0000-0000-0000-00000000078b",1,"00000000-0000-0000-0000-000000000e57","00000000-0000-0000-0000-000000000000",4 );
INSERT INTO PE_PE VALUES ( "00000000-0000-0000-0000-00000000078e",1,"00000000-0000-0000-0000-000000000e57","00000000-0000-0000-0000-000000000000",4 );
INSERT INTO PE_PE VALUES ( "00000000-0000-0000-0000-0000000007fa",1,"00000000-0000-0000-0000-000000000e57","00000000-0000-0000-0000-000000000000",4 );
INSERT INTO PE_PE VALUES ( "00000000-0000-0000-0000-0000000007fd",1,"00000000-0000-0000-0000-000000000e57","00000000-0000-0000-0000-000000000000",4 );
INSERT INTO PE_PE VALUES ( "00000000-0000-0000-0000-0000000007ff",1,"00000000-0000-0000-0000-000000000e57","00000000-0000-0000-0000-000000000000",4 );
INSERT INTO PE_PE VALUES ( "00000000-0000-0000-0000-00000000051c",1,"00000000-0000-0000-0000-000000000e57","00000000-0000-0000-0000-000000000000",4 );
INSERT INTO PE_PE VALUES ( "00000000-0000-0000-0000-00000000063a",1,"00000000-0000-0000-0000-000000000e57","00000000-0000-0000-0000-000000000000",9 );
INSERT INTO PE_PE VALUES ( "00000000-0000-0000-0000-000000000793",1,"00000000-0000-0000-0000-000000000e57","00000000-0000-0000-0000-000000000000",9 );
INSERT INTO PE_PE VALUES ( "00000000-0000-0000-0000-000000000811",1,"00000000-0000-0000-0000-000000000e57","00000000-0000-0000-0000-000000000000",9 );
INSERT INTO PE_PE VALUES ( "00000000-0000-0000-0000-000000000eb2",1,"00000000-0000-0000-0000-000000000eb1","00000000-0000-0000-0000-000000000000",21 );
INSERT INTO PE_PE VALUES ( "00000000-0000-0000-0000-000000000eb6",1,"00000000-0000-0000-0000-000000000eb1","00000000-0000-0000-0000-000000000000",21 );
INSERT INTO PE_PE VALUES ( "00000000-0000-0000-0000-000000000eb5",1,"00000000-0000-0000-0000-000000000eb1","00000000-0000-0000-0000-000000000000",22 );
INSERT INTO PE_PE VALUES ( "00000000-0000-0000-0000-000000000031",1,"00000000-0000-0000-0000-000000000000","00000000-0000-0000-0000-000000000000",3 );
INSERT INTO PE_PE VALUES ( "00000000-0000-0000-0000-000000000027",1,"00000000-0000-0000-0000-000000000000","00000000-0000-0000-0000-000000000000",3 );
INSERT INTO PE_PE VALUES ( "00000000-0000-0000-0000-000000000008",1,"00000000-0000-0000-0000-000000000000","00000000-0000-0000-0000-000000000000",3 );
INSERT INTO PE_PE VALUES ( "00000000-0000-0000-0000-000000000eb9",1,"00000000-0000-0000-0000-000000000000","00000000-0000-0000-0000-000000000000",3 );
INSERT INTO PE_PE VALUES ( "00000000-0000-0000-0000-000000000353",1,"00000000-0000-0000-0000-000000000000","00000000-0000-0000-0000-000000000000",3 );
INSERT INTO PE_PE VALUES ( "00000000-0000-0000-0000-000000000eba",1,"00000000-0000-0000-0000-000000000000","00000000-0000-0000-0000-000000000000",3 );
INSERT INTO PE_PE VALUES ( "00000000-0000-0000-0000-0000000000bc",1,"00000000-0000-0000-0000-000000000000","00000000-0000-0000-0000-000000000000",3 );
INSERT INTO PE_PE VALUES ( "00000000-0000-0000-0000-000000000e70",1,"00000000-0000-0000-0000-000000000000","00000000-0000-0000-0000-000000000000",3 );
INSERT INTO PE_PE VALUES ( "00000000-0000-0000-0000-00000000008b",1,"00000000-0000-0000-0000-000000000000","00000000-0000-0000-0000-000000000000",3 );
INSERT INTO PE_PE VALUES ( "00000000-0000-0000-0000-000000000895",1,"00000000-0000-0000-0000-000000000000","00000000-0000-0000-0000-000000000000",3 );
INSERT INTO PE_PE VALUES ( "00000000-0000-0000-0000-000000000020",1,"00000000-0000-0000-0000-000000000000","00000000-0000-0000-0000-000000000000",3 );
INSERT INTO PE_PE VALUES ( "00000000-0000-0000-0000-000000000ebb",1,"00000000-0000-0000-0000-000000000000","00000000-0000-0000-0000-000000000000",3 );
INSERT INTO PE_PE VALUES ( "00000000-0000-0000-0000-000000000ebc",1,"00000000-0000-0000-0000-000000000000","00000000-0000-0000-0000-000000000000",3 );
INSERT INTO PE_PE VALUES ( "00000000-0000-0000-0000-000000000ebd",1,"00000000-0000-0000-0000-000000000000","00000000-0000-0000-0000-000000000000",3 );
INSERT INTO PE_PE VALUES ( "00000000-0000-0000-0000-000000000005",1,"00000000-0000-0000-0000-000000000000","00000000-0000-0000-0000-000000000000",3 );
INSERT INTO PE_PE VALUES ( "00000000-0000-0000-0000-00000000001d",1,"00000000-0000-0000-0000-000000000000","00000000-0000-0000-0000-000000000000",3 );
INSERT INTO PE_PE VALUES ( "00000000-0000-0000-0000-00000000001b",1,"00000000-0000-0000-0000-000000000000","00000000-0000-0000-0000-000000000000",3 );
INSERT INTO S_DT VALUES ( "00000000-0000-0000-0000-000000000031","00000000-0000-0000-0000-000000000000",'void','','' );
INSERT INTO S_DT VALUES ( "00000000-0000-0000-0000-000000000027","00000000-0000-0000-0000-000000000000",'boolean','','' );
INSERT INTO S_DT VALUES ( "00000000-0000-0000-0000-000000000008","00000000-0000-0000-0000-000000000000",'integer','','' );
INSERT INTO S_DT VALUES ( "00000000-0000-0000-0000-000000000eb9","00000000-0000-0000-0000-000000000000",'real','','' );
INSERT INTO S_DT VALUES ( "00000000-0000-0000-0000-000000000353","00000000-0000-0000-0000-000000000000",'string','','' );
INSERT INTO S_DT VALUES ( "00000000-0000-0000-0000-000000000eba","00000000-0000-0000-0000-000000000000",'unique_id','','' );
INSERT INTO S_DT VALUES ( "00000000-0000-0000-0000-0000000000bc","00000000-0000-0000-0000-000000000000",'state<State_Model>','','' );
INSERT INTO S_DT VALUES ( "00000000-0000-0000-0000-000000000e70","00000000-0000-0000-0000-000000000000",'same_as<Base_Attribute>','','' );
INSERT INTO S_DT VALUES ( "00000000-0000-0000-0000-00000000008b","00000000-0000-0000-0000-000000000000",'inst_ref<Object>','','' );
INSERT INTO S_DT VALUES ( "00000000-0000-0000-0000-000000000895","00000000-0000-0000-0000-000000000000",'inst_ref_set<Object>','','' );
INSERT INTO S_DT VALUES ( "00000000-0000-0000-0000-000000000020","00000000-0000-0000-0000-000000000000",'inst<Event>','','' );
INSERT INTO S_DT VALUES ( "00000000-0000-0000-0000-000000000ebb","00000000-0000-0000-0000-000000000000",'inst<Mapping>','','' );
INSERT INTO S_DT VALUES ( "00000000-0000-0000-0000-000000000ebc","00000000-0000-0000-0000-000000000000",'inst_ref<Mapping>','','' );
INSERT INTO S_DT VALUES ( "00000000-0000-0000-0000-000000000ebd","00000000-0000-0000-0000-000000000000",'component_ref','','' );
INSERT INTO S_DT VALUES ( "00000000-0000-0000-0000-000000000005","00000000-0000-0000-0000-000000000000",'date','','' );
INSERT INTO S_DT VALUES ( "00000000-0000-0000-0000-00000000001d","00000000-0000-0000-0000-000000000000",'inst_ref<Timer>','','' );
INSERT INTO S_DT VALUES ( "00000000-0000-0000-0000-00000000001b","00000000-0000-0000-0000-000000000000",'timestamp','','' );
