-- root-types-contained: SystemModel_c,PackageableElement_c,DataType_c,CoreDataType_c,UserDataType_c
-- BP 7.1 content: StreamData syschar: 3 persistence-version: 7.1.6

INSERT INTO S_SYS
	VALUES ("a93a74b1-e5fb-4904-9380-a73e9e1ef78e",
	'calc',
	1);
INSERT INTO EP_PKG
	VALUES ("13e09107-1bbc-45f6-add4-f553454d5291",
	"a93a74b1-e5fb-4904-9380-a73e9e1ef78e",
	"a93a74b1-e5fb-4904-9380-a73e9e1ef78e",
	'calc',
	'masl_domain',
	0);
INSERT INTO PE_PE
	VALUES ("5e58c29c-2fe2-4b3b-8a11-d7bfd9e25731",
	1,
	"13e09107-1bbc-45f6-add4-f553454d5291",
	"00000000-0000-0000-0000-000000000000",
	7);
INSERT INTO EP_PKG
	VALUES ("5e58c29c-2fe2-4b3b-8a11-d7bfd9e25731",
	"00000000-0000-0000-0000-000000000000",
	"a93a74b1-e5fb-4904-9380-a73e9e1ef78e",
	'Shared',
	'',
	0);
INSERT INTO PE_PE
	VALUES ("df8f6d35-1b12-4773-9002-36c313c07570",
	1,
	"5e58c29c-2fe2-4b3b-8a11-d7bfd9e25731",
	"00000000-0000-0000-0000-000000000000",
	6);
INSERT INTO C_I
	VALUES ("df8f6d35-1b12-4773-9002-36c313c07570",
	"00000000-0000-0000-0000-000000000000",
	'calc',
	'');
INSERT INTO C_EP
	VALUES ("b4a0eaed-7cf6-4574-8a9d-67f2ea22bf74",
	"df8f6d35-1b12-4773-9002-36c313c07570",
	-1,
	'key',
	'');
INSERT INTO C_IO
	VALUES ("b4a0eaed-7cf6-4574-8a9d-67f2ea22bf74",
	"ba5eda7a-def5-0000-0000-000000000000",
	'key',
	'',
	0,
	'',
	"00000000-0000-0000-0000-000000000000");
INSERT INTO C_PP
	VALUES ("b5696aa9-7e13-4248-8418-9025767c4b37",
	"b4a0eaed-7cf6-4574-8a9d-67f2ea22bf74",
	"ba5eda7a-def5-0000-0000-000000000002",
	'code',
	'',
	0,
	'',
	"00000000-0000-0000-0000-000000000000");
INSERT INTO C_EP
	VALUES ("f3a7fadc-7f48-43e8-adb6-7ffd7e30f1c7",
	"df8f6d35-1b12-4773-9002-36c313c07570",
	-1,
	'clear',
	'');
INSERT INTO C_IO
	VALUES ("f3a7fadc-7f48-43e8-adb6-7ffd7e30f1c7",
	"ba5eda7a-def5-0000-0000-000000000000",
	'clear',
	'',
	0,
	'',
	"b4a0eaed-7cf6-4574-8a9d-67f2ea22bf74");
INSERT INTO PE_PE
	VALUES ("f82fee28-6ee8-4077-b95d-3f2854b31098",
	1,
	"5e58c29c-2fe2-4b3b-8a11-d7bfd9e25731",
	"00000000-0000-0000-0000-000000000000",
	6);
INSERT INTO C_I
	VALUES ("f82fee28-6ee8-4077-b95d-3f2854b31098",
	"00000000-0000-0000-0000-000000000000",
	'disp',
	'');
INSERT INTO C_EP
	VALUES ("b682f9e5-c575-468d-b70a-5c99eef071be",
	"f82fee28-6ee8-4077-b95d-3f2854b31098",
	-1,
	'result',
	'');
INSERT INTO C_IO
	VALUES ("b682f9e5-c575-468d-b70a-5c99eef071be",
	"ba5eda7a-def5-0000-0000-000000000000",
	'result',
	'',
	0,
	'',
	"00000000-0000-0000-0000-000000000000");
INSERT INTO C_PP
	VALUES ("1dc7a663-5389-4486-845d-13239c236171",
	"b682f9e5-c575-468d-b70a-5c99eef071be",
	"ba5eda7a-def5-0000-0000-000000000003",
	'value',
	'',
	0,
	'',
	"00000000-0000-0000-0000-000000000000");
INSERT INTO C_EP
	VALUES ("2350539a-0c9f-433d-8739-a6d76fd28112",
	"f82fee28-6ee8-4077-b95d-3f2854b31098",
	-1,
	'error',
	'');
INSERT INTO C_IO
	VALUES ("2350539a-0c9f-433d-8739-a6d76fd28112",
	"ba5eda7a-def5-0000-0000-000000000000",
	'error',
	'',
	0,
	'',
	"b682f9e5-c575-468d-b70a-5c99eef071be");
INSERT INTO C_PP
	VALUES ("4969ba71-79c4-4656-94a3-61c8c0cc6cd1",
	"2350539a-0c9f-433d-8739-a6d76fd28112",
	"ba5eda7a-def5-0000-0000-000000000004",
	'message',
	'',
	0,
	'',
	"00000000-0000-0000-0000-000000000000");
INSERT INTO PE_PE
	VALUES ("42219497-c263-4a0d-bf71-ddece006db36",
	1,
	"5e58c29c-2fe2-4b3b-8a11-d7bfd9e25731",
	"00000000-0000-0000-0000-000000000000",
	3);
INSERT INTO S_DT
	VALUES ("42219497-c263-4a0d-bf71-ddece006db36",
	"00000000-0000-0000-0000-000000000000",
	'sequence of integer',
	'',
	'');
INSERT INTO S_UDT
	VALUES ("42219497-c263-4a0d-bf71-ddece006db36",
	"ba5eda7a-def5-0000-0000-000000000002",
	0,
	'');
INSERT INTO PE_PE
	VALUES ("fab900b3-09cc-4006-aeb9-c39b078e7835",
	1,
	"13e09107-1bbc-45f6-add4-f553454d5291",
	"00000000-0000-0000-0000-000000000000",
	2);
INSERT INTO C_C
	VALUES ("fab900b3-09cc-4006-aeb9-c39b078e7835",
	"00000000-0000-0000-0000-000000000000",
	"00000000-0000-0000-0000-000000000000",
	'calc',
	'',
	0,
	"00000000-0000-0000-0000-000000000000",
	0,
	'');
INSERT INTO C_PO
	VALUES ("829f5dc7-3345-4fb6-ab2d-52c4914100e4",
	"fab900b3-09cc-4006-aeb9-c39b078e7835",
	'calc',
	0,
	0);
INSERT INTO C_IR
	VALUES ("8b7897d9-4a75-47a7-b3f3-eee995fec8e0",
	"df8f6d35-1b12-4773-9002-36c313c07570",
	"00000000-0000-0000-0000-000000000000",
	"829f5dc7-3345-4fb6-ab2d-52c4914100e4");
INSERT INTO C_P
	VALUES ("8b7897d9-4a75-47a7-b3f3-eee995fec8e0",
	'calc',
	'Unnamed Interface',
	'',
	'calc::calc::calc');
INSERT INTO SPR_PEP
	VALUES ("5c1747ab-2911-4576-95a6-9cfcab302c9c",
	"b4a0eaed-7cf6-4574-8a9d-67f2ea22bf74",
	"8b7897d9-4a75-47a7-b3f3-eee995fec8e0");
INSERT INTO SPR_PO
	VALUES ("5c1747ab-2911-4576-95a6-9cfcab302c9c",
	'key',
	'',
	'',
	3,
	5);
INSERT INTO SPR_PEP
	VALUES ("fef0cff7-c262-41ca-a5f7-f3e664cde751",
	"f3a7fadc-7f48-43e8-adb6-7ffd7e30f1c7",
	"8b7897d9-4a75-47a7-b3f3-eee995fec8e0");
INSERT INTO SPR_PO
	VALUES ("fef0cff7-c262-41ca-a5f7-f3e664cde751",
	'clear',
	'',
	'begin
  null;
end service;',
	3,
	1);
INSERT INTO C_PO
	VALUES ("e62fd45b-8230-42ea-8487-158b0f845712",
	"fab900b3-09cc-4006-aeb9-c39b078e7835",
	'disp',
	0,
	0);
INSERT INTO C_IR
	VALUES ("97b24a14-19a9-4fa1-94c6-74c3550434c0",
	"f82fee28-6ee8-4077-b95d-3f2854b31098",
	"00000000-0000-0000-0000-000000000000",
	"e62fd45b-8230-42ea-8487-158b0f845712");
INSERT INTO C_R
	VALUES ("97b24a14-19a9-4fa1-94c6-74c3550434c0",
	'disp',
	'',
	'Unnamed Interface',
	'calc::disp::disp');
INSERT INTO SPR_REP
	VALUES ("d38c6430-b273-4d39-bb38-83b088b77f6e",
	"b682f9e5-c575-468d-b70a-5c99eef071be",
	"97b24a14-19a9-4fa1-94c6-74c3550434c0");
INSERT INTO SPR_RO
	VALUES ("d38c6430-b273-4d39-bb38-83b088b77f6e",
	'result',
	'',
	'begin
  null;
end service;',
	3,
	1);
INSERT INTO SPR_REP
	VALUES ("4595fe2c-ad45-47c2-902a-d4b7cb229547",
	"2350539a-0c9f-433d-8739-a6d76fd28112",
	"97b24a14-19a9-4fa1-94c6-74c3550434c0");
INSERT INTO SPR_RO
	VALUES ("4595fe2c-ad45-47c2-902a-d4b7cb229547",
	'error',
	'',
	'begin
  null;
end service;',
	3,
	1);
INSERT INTO PE_PE
	VALUES ("731ef03a-a326-4908-a711-2fa03c98bb40",
	1,
	"00000000-0000-0000-0000-000000000000",
	"fab900b3-09cc-4006-aeb9-c39b078e7835",
	7);
INSERT INTO EP_PKG
	VALUES ("731ef03a-a326-4908-a711-2fa03c98bb40",
	"00000000-0000-0000-0000-000000000000",
	"a93a74b1-e5fb-4904-9380-a73e9e1ef78e",
	'functions',
	'',
	0);
INSERT INTO PE_PE
	VALUES ("72d44079-9894-418f-87e1-2ba1a2bce6a9",
	1,
	"731ef03a-a326-4908-a711-2fa03c98bb40",
	"00000000-0000-0000-0000-000000000000",
	1);
INSERT INTO S_SYNC
	VALUES ("72d44079-9894-418f-87e1-2ba1a2bce6a9",
	"00000000-0000-0000-0000-000000000000",
	'key',
	'',
	'begin
  if ( 0 <= code and code <= 15 ) then
    // Create the calculator instance population on the first call
    if ( null = find_one Calculator() ) then
      ( create unique Calculator() ).init();
    end if;
    // generate the key press to the display
    generate Display.keypress( code ) to ( find_one Calculator() )->R1.Display;
  end if;
end service;',
	"ba5eda7a-def5-0000-0000-000000000000",
	3,
	'',
	1);
INSERT INTO S_SPARM
	VALUES ("26da8bd0-d928-4e0d-a24a-465cda5f6ca3",
	"72d44079-9894-418f-87e1-2ba1a2bce6a9",
	'code',
	"ba5eda7a-def5-0000-0000-000000000002",
	0,
	'',
	"00000000-0000-0000-0000-000000000000",
	'');
INSERT INTO PE_PE
	VALUES ("ca9fb0ae-30ef-4332-a058-ee22c5658b96",
	1,
	"731ef03a-a326-4908-a711-2fa03c98bb40",
	"00000000-0000-0000-0000-000000000000",
	1);
INSERT INTO S_SYNC
	VALUES ("ca9fb0ae-30ef-4332-a058-ee22c5658b96",
	"00000000-0000-0000-0000-000000000000",
	'clear',
	'',
	'begin
  // Create the calculator instance population on the first call
  if ( null = find_one Calculator() ) then
    ( create unique Calculator() ).init();
  end if;
  // clear the memory
  ( find_one Memory() ).reset();
  // set the calculator to no-op
  ( find_one Calculator() ).current_op := -1;
  // reset the display
  generate Display.reset() to find_one Display();
end service;',
	"ba5eda7a-def5-0000-0000-000000000000",
	3,
	'',
	1);
INSERT INTO PE_PE
	VALUES ("67a7dbce-184c-4a7f-b327-d7604e320f07",
	1,
	"00000000-0000-0000-0000-000000000000",
	"fab900b3-09cc-4006-aeb9-c39b078e7835",
	7);
INSERT INTO EP_PKG
	VALUES ("67a7dbce-184c-4a7f-b327-d7604e320f07",
	"00000000-0000-0000-0000-000000000000",
	"a93a74b1-e5fb-4904-9380-a73e9e1ef78e",
	'calc',
	'',
	0);
INSERT INTO PE_PE
	VALUES ("9a3d25b6-a13a-4380-b660-67bc28b0c303",
	1,
	"67a7dbce-184c-4a7f-b327-d7604e320f07",
	"00000000-0000-0000-0000-000000000000",
	4);
INSERT INTO O_OBJ
	VALUES ("9a3d25b6-a13a-4380-b660-67bc28b0c303",
	'Display',
	2,
	'DISP',
	'',
	"00000000-0000-0000-0000-000000000000");
INSERT INTO O_TFR
	VALUES ("3bde5188-846a-446d-b49e-e147a4963cf8",
	"9a3d25b6-a13a-4380-b660-67bc28b0c303",
	'clearDisplay',
	'',
	"ba5eda7a-def5-0000-0000-000000000000",
	1,
	'begin
  this.value := 0;
  this.whole_part := 0;
  this.fractional_part := 0;
  this.sign := 1;
end service;',
	3,
	'',
	"00000000-0000-0000-0000-000000000000",
	1);
INSERT INTO O_REF
	VALUES ("9a3d25b6-a13a-4380-b660-67bc28b0c303",
	"49928fbd-ca08-44fc-a80a-7cb7a05365df",
	0,
	"2c94da8d-ad22-4e86-be07-7ce1cec6dcaf",
	"9c7cacdf-9832-4703-ad1d-84c6fe5e54a0",
	"a73df127-f726-4832-b56a-497660ba0671",
	"7df6aadd-9183-4695-82c6-070a9850a593",
	"a7b2578d-2972-452e-9b53-5ae0ef082fdc",
	"2541f1c9-7928-4ded-87cf-7cf9d7208c48",
	"00000000-0000-0000-0000-000000000000",
	0,
	'',
	'Calculator',
	'calc_id',
	'R1.''displays_values_for''');
INSERT INTO O_RATTR
	VALUES ("a7b2578d-2972-452e-9b53-5ae0ef082fdc",
	"9a3d25b6-a13a-4380-b660-67bc28b0c303",
	"2c94da8d-ad22-4e86-be07-7ce1cec6dcaf",
	"49928fbd-ca08-44fc-a80a-7cb7a05365df",
	1,
	'calc_id');
INSERT INTO O_ATTR
	VALUES ("a7b2578d-2972-452e-9b53-5ae0ef082fdc",
	"9a3d25b6-a13a-4380-b660-67bc28b0c303",
	"00000000-0000-0000-0000-000000000000",
	'calc_id',
	'',
	'',
	'calc_id',
	0,
	"ba5eda7a-def5-0000-0000-000000000007",
	'',
	'');
INSERT INTO O_NBATTR
	VALUES ("f1526d61-1ac6-4787-96e5-03096ac2c96b",
	"9a3d25b6-a13a-4380-b660-67bc28b0c303");
INSERT INTO O_BATTR
	VALUES ("f1526d61-1ac6-4787-96e5-03096ac2c96b",
	"9a3d25b6-a13a-4380-b660-67bc28b0c303");
INSERT INTO O_ATTR
	VALUES ("f1526d61-1ac6-4787-96e5-03096ac2c96b",
	"9a3d25b6-a13a-4380-b660-67bc28b0c303",
	"a7b2578d-2972-452e-9b53-5ae0ef082fdc",
	'value',
	'',
	'',
	'value',
	0,
	"ba5eda7a-def5-0000-0000-000000000003",
	'',
	'');
INSERT INTO O_NBATTR
	VALUES ("620d7fb1-e837-416a-9aab-33709935b92a",
	"9a3d25b6-a13a-4380-b660-67bc28b0c303");
INSERT INTO O_BATTR
	VALUES ("620d7fb1-e837-416a-9aab-33709935b92a",
	"9a3d25b6-a13a-4380-b660-67bc28b0c303");
INSERT INTO O_ATTR
	VALUES ("620d7fb1-e837-416a-9aab-33709935b92a",
	"9a3d25b6-a13a-4380-b660-67bc28b0c303",
	"87a4fe75-8c7d-4405-a3c7-6481ccffe21f",
	'current_state',
	'',
	'',
	'current_state',
	0,
	"ba5eda7a-def5-0000-0000-000000000006",
	'',
	'');
INSERT INTO O_NBATTR
	VALUES ("f7416f58-f301-4f8c-a2e3-fc94d1c11fc1",
	"9a3d25b6-a13a-4380-b660-67bc28b0c303");
INSERT INTO O_BATTR
	VALUES ("f7416f58-f301-4f8c-a2e3-fc94d1c11fc1",
	"9a3d25b6-a13a-4380-b660-67bc28b0c303");
INSERT INTO O_ATTR
	VALUES ("f7416f58-f301-4f8c-a2e3-fc94d1c11fc1",
	"9a3d25b6-a13a-4380-b660-67bc28b0c303",
	"f1526d61-1ac6-4787-96e5-03096ac2c96b",
	'whole_part',
	'',
	'',
	'whole_part',
	0,
	"ba5eda7a-def5-0000-0000-000000000002",
	'',
	'');
INSERT INTO O_NBATTR
	VALUES ("8e4ec028-712a-4e22-8255-3889d0a44315",
	"9a3d25b6-a13a-4380-b660-67bc28b0c303");
INSERT INTO O_BATTR
	VALUES ("8e4ec028-712a-4e22-8255-3889d0a44315",
	"9a3d25b6-a13a-4380-b660-67bc28b0c303");
INSERT INTO O_ATTR
	VALUES ("8e4ec028-712a-4e22-8255-3889d0a44315",
	"9a3d25b6-a13a-4380-b660-67bc28b0c303",
	"f7416f58-f301-4f8c-a2e3-fc94d1c11fc1",
	'fractional_part',
	'',
	'',
	'fractional_part',
	0,
	"ba5eda7a-def5-0000-0000-000000000003",
	'',
	'');
INSERT INTO O_NBATTR
	VALUES ("87a4fe75-8c7d-4405-a3c7-6481ccffe21f",
	"9a3d25b6-a13a-4380-b660-67bc28b0c303");
INSERT INTO O_BATTR
	VALUES ("87a4fe75-8c7d-4405-a3c7-6481ccffe21f",
	"9a3d25b6-a13a-4380-b660-67bc28b0c303");
INSERT INTO O_ATTR
	VALUES ("87a4fe75-8c7d-4405-a3c7-6481ccffe21f",
	"9a3d25b6-a13a-4380-b660-67bc28b0c303",
	"8e4ec028-712a-4e22-8255-3889d0a44315",
	'sign',
	'',
	'',
	'sign',
	0,
	"ba5eda7a-def5-0000-0000-000000000002",
	'',
	'');
INSERT INTO O_ID
	VALUES (0,
	"9a3d25b6-a13a-4380-b660-67bc28b0c303");
INSERT INTO O_OIDA
	VALUES ("a7b2578d-2972-452e-9b53-5ae0ef082fdc",
	"9a3d25b6-a13a-4380-b660-67bc28b0c303",
	0,
	'calc_id');
INSERT INTO O_ID
	VALUES (1,
	"9a3d25b6-a13a-4380-b660-67bc28b0c303");
INSERT INTO O_ID
	VALUES (2,
	"9a3d25b6-a13a-4380-b660-67bc28b0c303");
INSERT INTO SM_ISM
	VALUES ("9a93de90-163d-40be-b24e-63f4501f90cb",
	"9a3d25b6-a13a-4380-b660-67bc28b0c303");
INSERT INTO SM_SM
	VALUES ("9a93de90-163d-40be-b24e-63f4501f90cb",
	'',
	0);
INSERT INTO SM_MOORE
	VALUES ("9a93de90-163d-40be-b24e-63f4501f90cb");
INSERT INTO SM_EVTDI
	VALUES ("87beca53-a13f-47f4-864a-654bcf259d00",
	"9a93de90-163d-40be-b24e-63f4501f90cb",
	'key',
	'',
	"ba5eda7a-def5-0000-0000-000000000002",
	'',
	"3f85110b-e5b1-4fbc-90e7-8286f7e87c9e",
	"00000000-0000-0000-0000-000000000000");
INSERT INTO SM_EVTDI
	VALUES ("d26e32d7-aff3-4e66-9f4a-c34a4c691650",
	"9a93de90-163d-40be-b24e-63f4501f90cb",
	'key',
	'',
	"ba5eda7a-def5-0000-0000-000000000002",
	'',
	"cefe4397-352f-4f21-98f4-6648a4cdeb1b",
	"00000000-0000-0000-0000-000000000000");
INSERT INTO SM_EVTDI
	VALUES ("066f51c9-e98c-4d79-910f-a304e079f3de",
	"9a93de90-163d-40be-b24e-63f4501f90cb",
	'key',
	'',
	"ba5eda7a-def5-0000-0000-000000000002",
	'',
	"82abf203-c8bf-4bd5-b37d-11b08fc5c00f",
	"00000000-0000-0000-0000-000000000000");
INSERT INTO SM_EVTDI
	VALUES ("327d531a-b9d1-42d1-b2e3-ab55763df34d",
	"9a93de90-163d-40be-b24e-63f4501f90cb",
	'key',
	'',
	"ba5eda7a-def5-0000-0000-000000000002",
	'',
	"fe2ea4d7-99c7-47ae-8bfd-6fce503a49e8",
	"00000000-0000-0000-0000-000000000000");
INSERT INTO SM_EVTDI
	VALUES ("17af057d-7dc7-4795-9e13-c7f1275b39e6",
	"9a93de90-163d-40be-b24e-63f4501f90cb",
	'message',
	'',
	"ba5eda7a-def5-0000-0000-000000000004",
	'',
	"59307093-6685-4e1e-84fb-832b9ba7dae6",
	"00000000-0000-0000-0000-000000000000");
INSERT INTO SM_LEVT
	VALUES ("3f85110b-e5b1-4fbc-90e7-8286f7e87c9e",
	"9a93de90-163d-40be-b24e-63f4501f90cb",
	"00000000-0000-0000-0000-000000000000");
INSERT INTO SM_SEVT
	VALUES ("3f85110b-e5b1-4fbc-90e7-8286f7e87c9e",
	"9a93de90-163d-40be-b24e-63f4501f90cb",
	"00000000-0000-0000-0000-000000000000");
INSERT INTO SM_EVT
	VALUES ("3f85110b-e5b1-4fbc-90e7-8286f7e87c9e",
	"9a93de90-163d-40be-b24e-63f4501f90cb",
	"00000000-0000-0000-0000-000000000000",
	1,
	'keypress',
	0,
	'',
	'DISP1',
	'');
INSERT INTO SM_LEVT
	VALUES ("cefe4397-352f-4f21-98f4-6648a4cdeb1b",
	"9a93de90-163d-40be-b24e-63f4501f90cb",
	"00000000-0000-0000-0000-000000000000");
INSERT INTO SM_SEVT
	VALUES ("cefe4397-352f-4f21-98f4-6648a4cdeb1b",
	"9a93de90-163d-40be-b24e-63f4501f90cb",
	"00000000-0000-0000-0000-000000000000");
INSERT INTO SM_EVT
	VALUES ("cefe4397-352f-4f21-98f4-6648a4cdeb1b",
	"9a93de90-163d-40be-b24e-63f4501f90cb",
	"00000000-0000-0000-0000-000000000000",
	3,
	'point',
	0,
	'',
	'DISP3',
	'');
INSERT INTO SM_LEVT
	VALUES ("82abf203-c8bf-4bd5-b37d-11b08fc5c00f",
	"9a93de90-163d-40be-b24e-63f4501f90cb",
	"00000000-0000-0000-0000-000000000000");
INSERT INTO SM_SEVT
	VALUES ("82abf203-c8bf-4bd5-b37d-11b08fc5c00f",
	"9a93de90-163d-40be-b24e-63f4501f90cb",
	"00000000-0000-0000-0000-000000000000");
INSERT INTO SM_EVT
	VALUES ("82abf203-c8bf-4bd5-b37d-11b08fc5c00f",
	"9a93de90-163d-40be-b24e-63f4501f90cb",
	"00000000-0000-0000-0000-000000000000",
	4,
	'operator',
	0,
	'',
	'DISP4',
	'');
INSERT INTO SM_LEVT
	VALUES ("fe2ea4d7-99c7-47ae-8bfd-6fce503a49e8",
	"9a93de90-163d-40be-b24e-63f4501f90cb",
	"00000000-0000-0000-0000-000000000000");
INSERT INTO SM_SEVT
	VALUES ("fe2ea4d7-99c7-47ae-8bfd-6fce503a49e8",
	"9a93de90-163d-40be-b24e-63f4501f90cb",
	"00000000-0000-0000-0000-000000000000");
INSERT INTO SM_EVT
	VALUES ("fe2ea4d7-99c7-47ae-8bfd-6fce503a49e8",
	"9a93de90-163d-40be-b24e-63f4501f90cb",
	"00000000-0000-0000-0000-000000000000",
	5,
	'digit',
	0,
	'',
	'DISP5',
	'');
INSERT INTO SM_LEVT
	VALUES ("59307093-6685-4e1e-84fb-832b9ba7dae6",
	"9a93de90-163d-40be-b24e-63f4501f90cb",
	"00000000-0000-0000-0000-000000000000");
INSERT INTO SM_SEVT
	VALUES ("59307093-6685-4e1e-84fb-832b9ba7dae6",
	"9a93de90-163d-40be-b24e-63f4501f90cb",
	"00000000-0000-0000-0000-000000000000");
INSERT INTO SM_EVT
	VALUES ("59307093-6685-4e1e-84fb-832b9ba7dae6",
	"9a93de90-163d-40be-b24e-63f4501f90cb",
	"00000000-0000-0000-0000-000000000000",
	6,
	'error',
	0,
	'',
	'DISP6',
	'');
INSERT INTO SM_LEVT
	VALUES ("7aacc362-c616-4296-978c-29b30a44c2df",
	"9a93de90-163d-40be-b24e-63f4501f90cb",
	"00000000-0000-0000-0000-000000000000");
INSERT INTO SM_SEVT
	VALUES ("7aacc362-c616-4296-978c-29b30a44c2df",
	"9a93de90-163d-40be-b24e-63f4501f90cb",
	"00000000-0000-0000-0000-000000000000");
INSERT INTO SM_EVT
	VALUES ("7aacc362-c616-4296-978c-29b30a44c2df",
	"9a93de90-163d-40be-b24e-63f4501f90cb",
	"00000000-0000-0000-0000-000000000000",
	7,
	'reset',
	0,
	'',
	'DISP7',
	'');
INSERT INTO SM_STATE
	VALUES ("b6a1ad3e-bc3a-496b-a7a2-09a86e6bd461",
	"9a93de90-163d-40be-b24e-63f4501f90cb",
	"00000000-0000-0000-0000-000000000000",
	'displaying_memory_value',
	1,
	0);
INSERT INTO SM_SEME
	VALUES ("b6a1ad3e-bc3a-496b-a7a2-09a86e6bd461",
	"3f85110b-e5b1-4fbc-90e7-8286f7e87c9e",
	"9a93de90-163d-40be-b24e-63f4501f90cb",
	"00000000-0000-0000-0000-000000000000");
INSERT INTO SM_CH
	VALUES ("b6a1ad3e-bc3a-496b-a7a2-09a86e6bd461",
	"cefe4397-352f-4f21-98f4-6648a4cdeb1b",
	"9a93de90-163d-40be-b24e-63f4501f90cb",
	"00000000-0000-0000-0000-000000000000",
	'');
INSERT INTO SM_SEME
	VALUES ("b6a1ad3e-bc3a-496b-a7a2-09a86e6bd461",
	"cefe4397-352f-4f21-98f4-6648a4cdeb1b",
	"9a93de90-163d-40be-b24e-63f4501f90cb",
	"00000000-0000-0000-0000-000000000000");
INSERT INTO SM_CH
	VALUES ("b6a1ad3e-bc3a-496b-a7a2-09a86e6bd461",
	"82abf203-c8bf-4bd5-b37d-11b08fc5c00f",
	"9a93de90-163d-40be-b24e-63f4501f90cb",
	"00000000-0000-0000-0000-000000000000",
	'');
INSERT INTO SM_SEME
	VALUES ("b6a1ad3e-bc3a-496b-a7a2-09a86e6bd461",
	"82abf203-c8bf-4bd5-b37d-11b08fc5c00f",
	"9a93de90-163d-40be-b24e-63f4501f90cb",
	"00000000-0000-0000-0000-000000000000");
INSERT INTO SM_CH
	VALUES ("b6a1ad3e-bc3a-496b-a7a2-09a86e6bd461",
	"fe2ea4d7-99c7-47ae-8bfd-6fce503a49e8",
	"9a93de90-163d-40be-b24e-63f4501f90cb",
	"00000000-0000-0000-0000-000000000000",
	'');
INSERT INTO SM_SEME
	VALUES ("b6a1ad3e-bc3a-496b-a7a2-09a86e6bd461",
	"fe2ea4d7-99c7-47ae-8bfd-6fce503a49e8",
	"9a93de90-163d-40be-b24e-63f4501f90cb",
	"00000000-0000-0000-0000-000000000000");
INSERT INTO SM_CH
	VALUES ("b6a1ad3e-bc3a-496b-a7a2-09a86e6bd461",
	"59307093-6685-4e1e-84fb-832b9ba7dae6",
	"9a93de90-163d-40be-b24e-63f4501f90cb",
	"00000000-0000-0000-0000-000000000000",
	'');
INSERT INTO SM_SEME
	VALUES ("b6a1ad3e-bc3a-496b-a7a2-09a86e6bd461",
	"59307093-6685-4e1e-84fb-832b9ba7dae6",
	"9a93de90-163d-40be-b24e-63f4501f90cb",
	"00000000-0000-0000-0000-000000000000");
INSERT INTO SM_SEME
	VALUES ("b6a1ad3e-bc3a-496b-a7a2-09a86e6bd461",
	"7aacc362-c616-4296-978c-29b30a44c2df",
	"9a93de90-163d-40be-b24e-63f4501f90cb",
	"00000000-0000-0000-0000-000000000000");
INSERT INTO SM_MOAH
	VALUES ("8b197121-8866-4639-a4e5-5570651031bf",
	"9a93de90-163d-40be-b24e-63f4501f90cb",
	"b6a1ad3e-bc3a-496b-a7a2-09a86e6bd461");
INSERT INTO SM_AH
	VALUES ("8b197121-8866-4639-a4e5-5570651031bf",
	"9a93de90-163d-40be-b24e-63f4501f90cb");
INSERT INTO SM_ACT
	VALUES ("8b197121-8866-4639-a4e5-5570651031bf",
	"9a93de90-163d-40be-b24e-63f4501f90cb",
	3,
	'begin
  // reset the display
  this.clearDisplay();
  // display the value in memory
  disp~>result( (this->R3.Memory).value );
end state;',
	'',
	1);
INSERT INTO SM_STATE
	VALUES ("ef787d38-6da1-4184-897a-59d6acec2b78",
	"9a93de90-163d-40be-b24e-63f4501f90cb",
	"00000000-0000-0000-0000-000000000000",
	'toggling_sign',
	2,
	0);
INSERT INTO SM_SEME
	VALUES ("ef787d38-6da1-4184-897a-59d6acec2b78",
	"3f85110b-e5b1-4fbc-90e7-8286f7e87c9e",
	"9a93de90-163d-40be-b24e-63f4501f90cb",
	"00000000-0000-0000-0000-000000000000");
INSERT INTO SM_SEME
	VALUES ("ef787d38-6da1-4184-897a-59d6acec2b78",
	"cefe4397-352f-4f21-98f4-6648a4cdeb1b",
	"9a93de90-163d-40be-b24e-63f4501f90cb",
	"00000000-0000-0000-0000-000000000000");
INSERT INTO SM_CH
	VALUES ("ef787d38-6da1-4184-897a-59d6acec2b78",
	"82abf203-c8bf-4bd5-b37d-11b08fc5c00f",
	"9a93de90-163d-40be-b24e-63f4501f90cb",
	"00000000-0000-0000-0000-000000000000",
	'');
INSERT INTO SM_SEME
	VALUES ("ef787d38-6da1-4184-897a-59d6acec2b78",
	"82abf203-c8bf-4bd5-b37d-11b08fc5c00f",
	"9a93de90-163d-40be-b24e-63f4501f90cb",
	"00000000-0000-0000-0000-000000000000");
INSERT INTO SM_SEME
	VALUES ("ef787d38-6da1-4184-897a-59d6acec2b78",
	"fe2ea4d7-99c7-47ae-8bfd-6fce503a49e8",
	"9a93de90-163d-40be-b24e-63f4501f90cb",
	"00000000-0000-0000-0000-000000000000");
INSERT INTO SM_SEME
	VALUES ("ef787d38-6da1-4184-897a-59d6acec2b78",
	"59307093-6685-4e1e-84fb-832b9ba7dae6",
	"9a93de90-163d-40be-b24e-63f4501f90cb",
	"00000000-0000-0000-0000-000000000000");
INSERT INTO SM_SEME
	VALUES ("ef787d38-6da1-4184-897a-59d6acec2b78",
	"7aacc362-c616-4296-978c-29b30a44c2df",
	"9a93de90-163d-40be-b24e-63f4501f90cb",
	"00000000-0000-0000-0000-000000000000");
INSERT INTO SM_MOAH
	VALUES ("222f5ce1-b23e-412b-9849-e48e3240a21e",
	"9a93de90-163d-40be-b24e-63f4501f90cb",
	"ef787d38-6da1-4184-897a-59d6acec2b78");
INSERT INTO SM_AH
	VALUES ("222f5ce1-b23e-412b-9849-e48e3240a21e",
	"9a93de90-163d-40be-b24e-63f4501f90cb");
INSERT INTO SM_ACT
	VALUES ("222f5ce1-b23e-412b-9849-e48e3240a21e",
	"9a93de90-163d-40be-b24e-63f4501f90cb",
	3,
	'begin
  // -
  if ( 11 = key ) then
    // toggle the sign
    this.sign := -1;
  // .
  elsif ( 15 = key ) then
    generate Display.point( key ) to this;
  // numbers 0-9
  elsif ( 0 <= key and key <= 9 ) then
    generate Display.digit( key ) to this;
  else
    generate Display.error( "Invalid key press" ) to this;
  end if;
end state;',
	'',
	1);
INSERT INTO SM_STATE
	VALUES ("dadf22d3-1c0a-4ddc-b7b4-a1758f498602",
	"9a93de90-163d-40be-b24e-63f4501f90cb",
	"00000000-0000-0000-0000-000000000000",
	'receiving_whole_part',
	3,
	0);
INSERT INTO SM_SEME
	VALUES ("dadf22d3-1c0a-4ddc-b7b4-a1758f498602",
	"3f85110b-e5b1-4fbc-90e7-8286f7e87c9e",
	"9a93de90-163d-40be-b24e-63f4501f90cb",
	"00000000-0000-0000-0000-000000000000");
INSERT INTO SM_SEME
	VALUES ("dadf22d3-1c0a-4ddc-b7b4-a1758f498602",
	"cefe4397-352f-4f21-98f4-6648a4cdeb1b",
	"9a93de90-163d-40be-b24e-63f4501f90cb",
	"00000000-0000-0000-0000-000000000000");
INSERT INTO SM_SEME
	VALUES ("dadf22d3-1c0a-4ddc-b7b4-a1758f498602",
	"82abf203-c8bf-4bd5-b37d-11b08fc5c00f",
	"9a93de90-163d-40be-b24e-63f4501f90cb",
	"00000000-0000-0000-0000-000000000000");
INSERT INTO SM_CH
	VALUES ("dadf22d3-1c0a-4ddc-b7b4-a1758f498602",
	"fe2ea4d7-99c7-47ae-8bfd-6fce503a49e8",
	"9a93de90-163d-40be-b24e-63f4501f90cb",
	"00000000-0000-0000-0000-000000000000",
	'');
INSERT INTO SM_SEME
	VALUES ("dadf22d3-1c0a-4ddc-b7b4-a1758f498602",
	"fe2ea4d7-99c7-47ae-8bfd-6fce503a49e8",
	"9a93de90-163d-40be-b24e-63f4501f90cb",
	"00000000-0000-0000-0000-000000000000");
INSERT INTO SM_SEME
	VALUES ("dadf22d3-1c0a-4ddc-b7b4-a1758f498602",
	"59307093-6685-4e1e-84fb-832b9ba7dae6",
	"9a93de90-163d-40be-b24e-63f4501f90cb",
	"00000000-0000-0000-0000-000000000000");
INSERT INTO SM_SEME
	VALUES ("dadf22d3-1c0a-4ddc-b7b4-a1758f498602",
	"7aacc362-c616-4296-978c-29b30a44c2df",
	"9a93de90-163d-40be-b24e-63f4501f90cb",
	"00000000-0000-0000-0000-000000000000");
INSERT INTO SM_MOAH
	VALUES ("3ae55861-10fb-4067-a2ec-8b5657daac43",
	"9a93de90-163d-40be-b24e-63f4501f90cb",
	"dadf22d3-1c0a-4ddc-b7b4-a1758f498602");
INSERT INTO SM_AH
	VALUES ("3ae55861-10fb-4067-a2ec-8b5657daac43",
	"9a93de90-163d-40be-b24e-63f4501f90cb");
INSERT INTO SM_ACT
	VALUES ("3ae55861-10fb-4067-a2ec-8b5657daac43",
	"9a93de90-163d-40be-b24e-63f4501f90cb",
	3,
	'mem : instance of Memory;
op : instance of Operation;
begin
  // .
  if ( 15 = key ) then
    generate Display.point( key ) to this;
  // numbers 0-9
  elsif ( 0 <= key and key <= 9 ) then
    // add to the whole part
    if ( 0 = this.whole_part ) then
      this.whole_part := integer(key);
    else
      this.whole_part := key + this.whole_part * 10;
    end if;
    this.value := this.sign * ( real(this.whole_part) + this.fractional_part );
    // display the new value
    disp~>result( this.value );
  // +, -, *, /, =
  elsif ( 10 <= key and key <= 14) then
    generate Display.operator( key ) to this;
  else
    generate Display.error( "invalid key press" ) to this;
  end if;
end state;',
	'',
	1);
INSERT INTO SM_STATE
	VALUES ("425b3b39-5f7b-430e-abb1-a1df487803e3",
	"9a93de90-163d-40be-b24e-63f4501f90cb",
	"00000000-0000-0000-0000-000000000000",
	'receiving_fractional_part',
	4,
	0);
INSERT INTO SM_SEME
	VALUES ("425b3b39-5f7b-430e-abb1-a1df487803e3",
	"3f85110b-e5b1-4fbc-90e7-8286f7e87c9e",
	"9a93de90-163d-40be-b24e-63f4501f90cb",
	"00000000-0000-0000-0000-000000000000");
INSERT INTO SM_CH
	VALUES ("425b3b39-5f7b-430e-abb1-a1df487803e3",
	"cefe4397-352f-4f21-98f4-6648a4cdeb1b",
	"9a93de90-163d-40be-b24e-63f4501f90cb",
	"00000000-0000-0000-0000-000000000000",
	'');
INSERT INTO SM_SEME
	VALUES ("425b3b39-5f7b-430e-abb1-a1df487803e3",
	"cefe4397-352f-4f21-98f4-6648a4cdeb1b",
	"9a93de90-163d-40be-b24e-63f4501f90cb",
	"00000000-0000-0000-0000-000000000000");
INSERT INTO SM_SEME
	VALUES ("425b3b39-5f7b-430e-abb1-a1df487803e3",
	"82abf203-c8bf-4bd5-b37d-11b08fc5c00f",
	"9a93de90-163d-40be-b24e-63f4501f90cb",
	"00000000-0000-0000-0000-000000000000");
INSERT INTO SM_CH
	VALUES ("425b3b39-5f7b-430e-abb1-a1df487803e3",
	"fe2ea4d7-99c7-47ae-8bfd-6fce503a49e8",
	"9a93de90-163d-40be-b24e-63f4501f90cb",
	"00000000-0000-0000-0000-000000000000",
	'');
INSERT INTO SM_SEME
	VALUES ("425b3b39-5f7b-430e-abb1-a1df487803e3",
	"fe2ea4d7-99c7-47ae-8bfd-6fce503a49e8",
	"9a93de90-163d-40be-b24e-63f4501f90cb",
	"00000000-0000-0000-0000-000000000000");
INSERT INTO SM_SEME
	VALUES ("425b3b39-5f7b-430e-abb1-a1df487803e3",
	"59307093-6685-4e1e-84fb-832b9ba7dae6",
	"9a93de90-163d-40be-b24e-63f4501f90cb",
	"00000000-0000-0000-0000-000000000000");
INSERT INTO SM_SEME
	VALUES ("425b3b39-5f7b-430e-abb1-a1df487803e3",
	"7aacc362-c616-4296-978c-29b30a44c2df",
	"9a93de90-163d-40be-b24e-63f4501f90cb",
	"00000000-0000-0000-0000-000000000000");
INSERT INTO SM_MOAH
	VALUES ("e5638f4e-03c4-4252-b825-3dd91889ab2f",
	"9a93de90-163d-40be-b24e-63f4501f90cb",
	"425b3b39-5f7b-430e-abb1-a1df487803e3");
INSERT INTO SM_AH
	VALUES ("e5638f4e-03c4-4252-b825-3dd91889ab2f",
	"9a93de90-163d-40be-b24e-63f4501f90cb");
INSERT INTO SM_ACT
	VALUES ("e5638f4e-03c4-4252-b825-3dd91889ab2f",
	"9a93de90-163d-40be-b24e-63f4501f90cb",
	3,
	'begin
  // .
  if ( 15 = key ) then
    // ignore
  // numbers 0-9
  elsif ( 0 <= key and key <= 9 ) then
    // add to the fractional part
    this.fractional_part := this.fractional_part + ( key / 10.0 );
    this.value := this.sign * ( real(this.whole_part) + this.fractional_part );
    // display the new value
    disp~>result( this.value );
  // +, -, *, /, =
  elsif ( 10 <= key and key <= 14 ) then
    generate Display.operator( key ) to this;
  else
    generate Display.error( "invalid key press" ) to this;
  end if;
end state;',
	'',
	1);
INSERT INTO SM_STATE
	VALUES ("5fc9e3b0-f757-42d6-956a-26c574d68e32",
	"9a93de90-163d-40be-b24e-63f4501f90cb",
	"00000000-0000-0000-0000-000000000000",
	'evaluating',
	5,
	0);
INSERT INTO SM_CH
	VALUES ("5fc9e3b0-f757-42d6-956a-26c574d68e32",
	"3f85110b-e5b1-4fbc-90e7-8286f7e87c9e",
	"9a93de90-163d-40be-b24e-63f4501f90cb",
	"00000000-0000-0000-0000-000000000000",
	'');
INSERT INTO SM_SEME
	VALUES ("5fc9e3b0-f757-42d6-956a-26c574d68e32",
	"3f85110b-e5b1-4fbc-90e7-8286f7e87c9e",
	"9a93de90-163d-40be-b24e-63f4501f90cb",
	"00000000-0000-0000-0000-000000000000");
INSERT INTO SM_CH
	VALUES ("5fc9e3b0-f757-42d6-956a-26c574d68e32",
	"cefe4397-352f-4f21-98f4-6648a4cdeb1b",
	"9a93de90-163d-40be-b24e-63f4501f90cb",
	"00000000-0000-0000-0000-000000000000",
	'');
INSERT INTO SM_SEME
	VALUES ("5fc9e3b0-f757-42d6-956a-26c574d68e32",
	"cefe4397-352f-4f21-98f4-6648a4cdeb1b",
	"9a93de90-163d-40be-b24e-63f4501f90cb",
	"00000000-0000-0000-0000-000000000000");
INSERT INTO SM_CH
	VALUES ("5fc9e3b0-f757-42d6-956a-26c574d68e32",
	"82abf203-c8bf-4bd5-b37d-11b08fc5c00f",
	"9a93de90-163d-40be-b24e-63f4501f90cb",
	"00000000-0000-0000-0000-000000000000",
	'');
INSERT INTO SM_SEME
	VALUES ("5fc9e3b0-f757-42d6-956a-26c574d68e32",
	"82abf203-c8bf-4bd5-b37d-11b08fc5c00f",
	"9a93de90-163d-40be-b24e-63f4501f90cb",
	"00000000-0000-0000-0000-000000000000");
INSERT INTO SM_CH
	VALUES ("5fc9e3b0-f757-42d6-956a-26c574d68e32",
	"fe2ea4d7-99c7-47ae-8bfd-6fce503a49e8",
	"9a93de90-163d-40be-b24e-63f4501f90cb",
	"00000000-0000-0000-0000-000000000000",
	'');
INSERT INTO SM_SEME
	VALUES ("5fc9e3b0-f757-42d6-956a-26c574d68e32",
	"fe2ea4d7-99c7-47ae-8bfd-6fce503a49e8",
	"9a93de90-163d-40be-b24e-63f4501f90cb",
	"00000000-0000-0000-0000-000000000000");
INSERT INTO SM_SEME
	VALUES ("5fc9e3b0-f757-42d6-956a-26c574d68e32",
	"59307093-6685-4e1e-84fb-832b9ba7dae6",
	"9a93de90-163d-40be-b24e-63f4501f90cb",
	"00000000-0000-0000-0000-000000000000");
INSERT INTO SM_SEME
	VALUES ("5fc9e3b0-f757-42d6-956a-26c574d68e32",
	"7aacc362-c616-4296-978c-29b30a44c2df",
	"9a93de90-163d-40be-b24e-63f4501f90cb",
	"00000000-0000-0000-0000-000000000000");
INSERT INTO SM_MOAH
	VALUES ("d3d69e75-cd9a-4642-afcd-878d0d93a553",
	"9a93de90-163d-40be-b24e-63f4501f90cb",
	"5fc9e3b0-f757-42d6-956a-26c574d68e32");
INSERT INTO SM_AH
	VALUES ("d3d69e75-cd9a-4642-afcd-878d0d93a553",
	"9a93de90-163d-40be-b24e-63f4501f90cb");
INSERT INTO SM_ACT
	VALUES ("d3d69e75-cd9a-4642-afcd-878d0d93a553",
	"9a93de90-163d-40be-b24e-63f4501f90cb",
	3,
	'begin
  // evaluate with the last saved operation
  (this->R3.Operation).op := (this->R1.Calculator).current_op;
  (this->R3.Operation).evaluate();
  // store the operation for the next evaluation
  (this->R1.Calculator).current_op := key;
  // reset the display
  generate Display.reset() to this;
end state;',
	'',
	1);
INSERT INTO SM_STATE
	VALUES ("e5358b0c-3ac9-4ccd-967e-fef2d7125db6",
	"9a93de90-163d-40be-b24e-63f4501f90cb",
	"00000000-0000-0000-0000-000000000000",
	'displaying_error',
	6,
	0);
INSERT INTO SM_CH
	VALUES ("e5358b0c-3ac9-4ccd-967e-fef2d7125db6",
	"3f85110b-e5b1-4fbc-90e7-8286f7e87c9e",
	"9a93de90-163d-40be-b24e-63f4501f90cb",
	"00000000-0000-0000-0000-000000000000",
	'');
INSERT INTO SM_SEME
	VALUES ("e5358b0c-3ac9-4ccd-967e-fef2d7125db6",
	"3f85110b-e5b1-4fbc-90e7-8286f7e87c9e",
	"9a93de90-163d-40be-b24e-63f4501f90cb",
	"00000000-0000-0000-0000-000000000000");
INSERT INTO SM_CH
	VALUES ("e5358b0c-3ac9-4ccd-967e-fef2d7125db6",
	"cefe4397-352f-4f21-98f4-6648a4cdeb1b",
	"9a93de90-163d-40be-b24e-63f4501f90cb",
	"00000000-0000-0000-0000-000000000000",
	'');
INSERT INTO SM_SEME
	VALUES ("e5358b0c-3ac9-4ccd-967e-fef2d7125db6",
	"cefe4397-352f-4f21-98f4-6648a4cdeb1b",
	"9a93de90-163d-40be-b24e-63f4501f90cb",
	"00000000-0000-0000-0000-000000000000");
INSERT INTO SM_CH
	VALUES ("e5358b0c-3ac9-4ccd-967e-fef2d7125db6",
	"82abf203-c8bf-4bd5-b37d-11b08fc5c00f",
	"9a93de90-163d-40be-b24e-63f4501f90cb",
	"00000000-0000-0000-0000-000000000000",
	'');
INSERT INTO SM_SEME
	VALUES ("e5358b0c-3ac9-4ccd-967e-fef2d7125db6",
	"82abf203-c8bf-4bd5-b37d-11b08fc5c00f",
	"9a93de90-163d-40be-b24e-63f4501f90cb",
	"00000000-0000-0000-0000-000000000000");
INSERT INTO SM_CH
	VALUES ("e5358b0c-3ac9-4ccd-967e-fef2d7125db6",
	"fe2ea4d7-99c7-47ae-8bfd-6fce503a49e8",
	"9a93de90-163d-40be-b24e-63f4501f90cb",
	"00000000-0000-0000-0000-000000000000",
	'');
INSERT INTO SM_SEME
	VALUES ("e5358b0c-3ac9-4ccd-967e-fef2d7125db6",
	"fe2ea4d7-99c7-47ae-8bfd-6fce503a49e8",
	"9a93de90-163d-40be-b24e-63f4501f90cb",
	"00000000-0000-0000-0000-000000000000");
INSERT INTO SM_CH
	VALUES ("e5358b0c-3ac9-4ccd-967e-fef2d7125db6",
	"59307093-6685-4e1e-84fb-832b9ba7dae6",
	"9a93de90-163d-40be-b24e-63f4501f90cb",
	"00000000-0000-0000-0000-000000000000",
	'');
INSERT INTO SM_SEME
	VALUES ("e5358b0c-3ac9-4ccd-967e-fef2d7125db6",
	"59307093-6685-4e1e-84fb-832b9ba7dae6",
	"9a93de90-163d-40be-b24e-63f4501f90cb",
	"00000000-0000-0000-0000-000000000000");
INSERT INTO SM_SEME
	VALUES ("e5358b0c-3ac9-4ccd-967e-fef2d7125db6",
	"7aacc362-c616-4296-978c-29b30a44c2df",
	"9a93de90-163d-40be-b24e-63f4501f90cb",
	"00000000-0000-0000-0000-000000000000");
INSERT INTO SM_MOAH
	VALUES ("1bdf6312-4b59-470a-9207-6554d485df8c",
	"9a93de90-163d-40be-b24e-63f4501f90cb",
	"e5358b0c-3ac9-4ccd-967e-fef2d7125db6");
INSERT INTO SM_AH
	VALUES ("1bdf6312-4b59-470a-9207-6554d485df8c",
	"9a93de90-163d-40be-b24e-63f4501f90cb");
INSERT INTO SM_ACT
	VALUES ("1bdf6312-4b59-470a-9207-6554d485df8c",
	"9a93de90-163d-40be-b24e-63f4501f90cb",
	3,
	'begin
  // send the error to the display
  disp~>error( message );
end state;',
	'',
	1);
INSERT INTO SM_NSTXN
	VALUES ("ee0eafe6-9d14-45df-bb35-29985ed616ec",
	"9a93de90-163d-40be-b24e-63f4501f90cb",
	"dadf22d3-1c0a-4ddc-b7b4-a1758f498602",
	"cefe4397-352f-4f21-98f4-6648a4cdeb1b",
	"00000000-0000-0000-0000-000000000000");
INSERT INTO SM_TAH
	VALUES ("3fd97e4b-4527-49bd-b82b-42a66ba87456",
	"9a93de90-163d-40be-b24e-63f4501f90cb",
	"ee0eafe6-9d14-45df-bb35-29985ed616ec");
INSERT INTO SM_AH
	VALUES ("3fd97e4b-4527-49bd-b82b-42a66ba87456",
	"9a93de90-163d-40be-b24e-63f4501f90cb");
INSERT INTO SM_ACT
	VALUES ("3fd97e4b-4527-49bd-b82b-42a66ba87456",
	"9a93de90-163d-40be-b24e-63f4501f90cb",
	3,
	'',
	'',
	5);
INSERT INTO SM_TXN
	VALUES ("ee0eafe6-9d14-45df-bb35-29985ed616ec",
	"9a93de90-163d-40be-b24e-63f4501f90cb",
	"425b3b39-5f7b-430e-abb1-a1df487803e3",
	"00000000-0000-0000-0000-000000000000");
INSERT INTO SM_NSTXN
	VALUES ("4d285eec-bdb4-45d3-bbb5-75af9d586240",
	"9a93de90-163d-40be-b24e-63f4501f90cb",
	"ef787d38-6da1-4184-897a-59d6acec2b78",
	"cefe4397-352f-4f21-98f4-6648a4cdeb1b",
	"00000000-0000-0000-0000-000000000000");
INSERT INTO SM_TAH
	VALUES ("b99b5583-7e94-410c-ac09-f1229a0fa72c",
	"9a93de90-163d-40be-b24e-63f4501f90cb",
	"4d285eec-bdb4-45d3-bbb5-75af9d586240");
INSERT INTO SM_AH
	VALUES ("b99b5583-7e94-410c-ac09-f1229a0fa72c",
	"9a93de90-163d-40be-b24e-63f4501f90cb");
INSERT INTO SM_ACT
	VALUES ("b99b5583-7e94-410c-ac09-f1229a0fa72c",
	"9a93de90-163d-40be-b24e-63f4501f90cb",
	3,
	'',
	'',
	5);
INSERT INTO SM_TXN
	VALUES ("4d285eec-bdb4-45d3-bbb5-75af9d586240",
	"9a93de90-163d-40be-b24e-63f4501f90cb",
	"425b3b39-5f7b-430e-abb1-a1df487803e3",
	"00000000-0000-0000-0000-000000000000");
INSERT INTO SM_NSTXN
	VALUES ("9162237f-766b-4a0f-84d1-60ef78df4386",
	"9a93de90-163d-40be-b24e-63f4501f90cb",
	"ef787d38-6da1-4184-897a-59d6acec2b78",
	"fe2ea4d7-99c7-47ae-8bfd-6fce503a49e8",
	"00000000-0000-0000-0000-000000000000");
INSERT INTO SM_TAH
	VALUES ("b27b4e2c-06a3-4972-af62-bafdb7483461",
	"9a93de90-163d-40be-b24e-63f4501f90cb",
	"9162237f-766b-4a0f-84d1-60ef78df4386");
INSERT INTO SM_AH
	VALUES ("b27b4e2c-06a3-4972-af62-bafdb7483461",
	"9a93de90-163d-40be-b24e-63f4501f90cb");
INSERT INTO SM_ACT
	VALUES ("b27b4e2c-06a3-4972-af62-bafdb7483461",
	"9a93de90-163d-40be-b24e-63f4501f90cb",
	3,
	'',
	'',
	5);
INSERT INTO SM_TXN
	VALUES ("9162237f-766b-4a0f-84d1-60ef78df4386",
	"9a93de90-163d-40be-b24e-63f4501f90cb",
	"dadf22d3-1c0a-4ddc-b7b4-a1758f498602",
	"00000000-0000-0000-0000-000000000000");
INSERT INTO SM_NSTXN
	VALUES ("a2520fb0-33f0-4f6d-a552-fff07bdb0181",
	"9a93de90-163d-40be-b24e-63f4501f90cb",
	"b6a1ad3e-bc3a-496b-a7a2-09a86e6bd461",
	"3f85110b-e5b1-4fbc-90e7-8286f7e87c9e",
	"00000000-0000-0000-0000-000000000000");
INSERT INTO SM_TAH
	VALUES ("a00af6d0-2aec-4583-b417-d75a503a8ff4",
	"9a93de90-163d-40be-b24e-63f4501f90cb",
	"a2520fb0-33f0-4f6d-a552-fff07bdb0181");
INSERT INTO SM_AH
	VALUES ("a00af6d0-2aec-4583-b417-d75a503a8ff4",
	"9a93de90-163d-40be-b24e-63f4501f90cb");
INSERT INTO SM_ACT
	VALUES ("a00af6d0-2aec-4583-b417-d75a503a8ff4",
	"9a93de90-163d-40be-b24e-63f4501f90cb",
	3,
	'',
	'',
	5);
INSERT INTO SM_TXN
	VALUES ("a2520fb0-33f0-4f6d-a552-fff07bdb0181",
	"9a93de90-163d-40be-b24e-63f4501f90cb",
	"ef787d38-6da1-4184-897a-59d6acec2b78",
	"00000000-0000-0000-0000-000000000000");
INSERT INTO SM_NSTXN
	VALUES ("089ecc85-e532-4a83-94d3-f3d3bcab7983",
	"9a93de90-163d-40be-b24e-63f4501f90cb",
	"dadf22d3-1c0a-4ddc-b7b4-a1758f498602",
	"3f85110b-e5b1-4fbc-90e7-8286f7e87c9e",
	"00000000-0000-0000-0000-000000000000");
INSERT INTO SM_TAH
	VALUES ("0a84c05e-a7e6-41c5-bb78-f6485a7a5538",
	"9a93de90-163d-40be-b24e-63f4501f90cb",
	"089ecc85-e532-4a83-94d3-f3d3bcab7983");
INSERT INTO SM_AH
	VALUES ("0a84c05e-a7e6-41c5-bb78-f6485a7a5538",
	"9a93de90-163d-40be-b24e-63f4501f90cb");
INSERT INTO SM_ACT
	VALUES ("0a84c05e-a7e6-41c5-bb78-f6485a7a5538",
	"9a93de90-163d-40be-b24e-63f4501f90cb",
	3,
	'',
	'',
	5);
INSERT INTO SM_TXN
	VALUES ("089ecc85-e532-4a83-94d3-f3d3bcab7983",
	"9a93de90-163d-40be-b24e-63f4501f90cb",
	"dadf22d3-1c0a-4ddc-b7b4-a1758f498602",
	"00000000-0000-0000-0000-000000000000");
INSERT INTO SM_NSTXN
	VALUES ("c7464dcb-50bd-43a2-a759-696c7903d056",
	"9a93de90-163d-40be-b24e-63f4501f90cb",
	"425b3b39-5f7b-430e-abb1-a1df487803e3",
	"3f85110b-e5b1-4fbc-90e7-8286f7e87c9e",
	"00000000-0000-0000-0000-000000000000");
INSERT INTO SM_TAH
	VALUES ("fe9b59c4-48cd-4429-ab9d-938db4ae5f97",
	"9a93de90-163d-40be-b24e-63f4501f90cb",
	"c7464dcb-50bd-43a2-a759-696c7903d056");
INSERT INTO SM_AH
	VALUES ("fe9b59c4-48cd-4429-ab9d-938db4ae5f97",
	"9a93de90-163d-40be-b24e-63f4501f90cb");
INSERT INTO SM_ACT
	VALUES ("fe9b59c4-48cd-4429-ab9d-938db4ae5f97",
	"9a93de90-163d-40be-b24e-63f4501f90cb",
	3,
	'',
	'',
	5);
INSERT INTO SM_TXN
	VALUES ("c7464dcb-50bd-43a2-a759-696c7903d056",
	"9a93de90-163d-40be-b24e-63f4501f90cb",
	"425b3b39-5f7b-430e-abb1-a1df487803e3",
	"00000000-0000-0000-0000-000000000000");
INSERT INTO SM_NSTXN
	VALUES ("2766dbf4-c155-44e8-bfc6-197277b73f65",
	"9a93de90-163d-40be-b24e-63f4501f90cb",
	"ef787d38-6da1-4184-897a-59d6acec2b78",
	"3f85110b-e5b1-4fbc-90e7-8286f7e87c9e",
	"00000000-0000-0000-0000-000000000000");
INSERT INTO SM_TAH
	VALUES ("a74e5f42-4dc1-467f-9351-c82163b98ade",
	"9a93de90-163d-40be-b24e-63f4501f90cb",
	"2766dbf4-c155-44e8-bfc6-197277b73f65");
INSERT INTO SM_AH
	VALUES ("a74e5f42-4dc1-467f-9351-c82163b98ade",
	"9a93de90-163d-40be-b24e-63f4501f90cb");
INSERT INTO SM_ACT
	VALUES ("a74e5f42-4dc1-467f-9351-c82163b98ade",
	"9a93de90-163d-40be-b24e-63f4501f90cb",
	3,
	'',
	'',
	5);
INSERT INTO SM_TXN
	VALUES ("2766dbf4-c155-44e8-bfc6-197277b73f65",
	"9a93de90-163d-40be-b24e-63f4501f90cb",
	"ef787d38-6da1-4184-897a-59d6acec2b78",
	"00000000-0000-0000-0000-000000000000");
INSERT INTO SM_NSTXN
	VALUES ("c2ef6177-2e8b-41cd-88af-0ea8d7529968",
	"9a93de90-163d-40be-b24e-63f4501f90cb",
	"5fc9e3b0-f757-42d6-956a-26c574d68e32",
	"7aacc362-c616-4296-978c-29b30a44c2df",
	"00000000-0000-0000-0000-000000000000");
INSERT INTO SM_TAH
	VALUES ("8909db84-06ad-42ca-8700-3a3e8b3e91ac",
	"9a93de90-163d-40be-b24e-63f4501f90cb",
	"c2ef6177-2e8b-41cd-88af-0ea8d7529968");
INSERT INTO SM_AH
	VALUES ("8909db84-06ad-42ca-8700-3a3e8b3e91ac",
	"9a93de90-163d-40be-b24e-63f4501f90cb");
INSERT INTO SM_ACT
	VALUES ("8909db84-06ad-42ca-8700-3a3e8b3e91ac",
	"9a93de90-163d-40be-b24e-63f4501f90cb",
	3,
	'',
	'',
	5);
INSERT INTO SM_TXN
	VALUES ("c2ef6177-2e8b-41cd-88af-0ea8d7529968",
	"9a93de90-163d-40be-b24e-63f4501f90cb",
	"b6a1ad3e-bc3a-496b-a7a2-09a86e6bd461",
	"00000000-0000-0000-0000-000000000000");
INSERT INTO SM_NSTXN
	VALUES ("ea273453-4e04-4117-b233-effecd7d67e2",
	"9a93de90-163d-40be-b24e-63f4501f90cb",
	"dadf22d3-1c0a-4ddc-b7b4-a1758f498602",
	"82abf203-c8bf-4bd5-b37d-11b08fc5c00f",
	"00000000-0000-0000-0000-000000000000");
INSERT INTO SM_TAH
	VALUES ("e584100b-c8f7-4ede-bcd0-97e24aa98c95",
	"9a93de90-163d-40be-b24e-63f4501f90cb",
	"ea273453-4e04-4117-b233-effecd7d67e2");
INSERT INTO SM_AH
	VALUES ("e584100b-c8f7-4ede-bcd0-97e24aa98c95",
	"9a93de90-163d-40be-b24e-63f4501f90cb");
INSERT INTO SM_ACT
	VALUES ("e584100b-c8f7-4ede-bcd0-97e24aa98c95",
	"9a93de90-163d-40be-b24e-63f4501f90cb",
	3,
	'',
	'',
	5);
INSERT INTO SM_TXN
	VALUES ("ea273453-4e04-4117-b233-effecd7d67e2",
	"9a93de90-163d-40be-b24e-63f4501f90cb",
	"5fc9e3b0-f757-42d6-956a-26c574d68e32",
	"00000000-0000-0000-0000-000000000000");
INSERT INTO SM_NSTXN
	VALUES ("9389bd0f-2e61-45a0-9dd2-37ffed17a9af",
	"9a93de90-163d-40be-b24e-63f4501f90cb",
	"425b3b39-5f7b-430e-abb1-a1df487803e3",
	"82abf203-c8bf-4bd5-b37d-11b08fc5c00f",
	"00000000-0000-0000-0000-000000000000");
INSERT INTO SM_TAH
	VALUES ("d0aec4ea-a50e-4f9f-99c3-b3e7922e1ada",
	"9a93de90-163d-40be-b24e-63f4501f90cb",
	"9389bd0f-2e61-45a0-9dd2-37ffed17a9af");
INSERT INTO SM_AH
	VALUES ("d0aec4ea-a50e-4f9f-99c3-b3e7922e1ada",
	"9a93de90-163d-40be-b24e-63f4501f90cb");
INSERT INTO SM_ACT
	VALUES ("d0aec4ea-a50e-4f9f-99c3-b3e7922e1ada",
	"9a93de90-163d-40be-b24e-63f4501f90cb",
	3,
	'',
	'',
	5);
INSERT INTO SM_TXN
	VALUES ("9389bd0f-2e61-45a0-9dd2-37ffed17a9af",
	"9a93de90-163d-40be-b24e-63f4501f90cb",
	"5fc9e3b0-f757-42d6-956a-26c574d68e32",
	"00000000-0000-0000-0000-000000000000");
INSERT INTO SM_NSTXN
	VALUES ("45e403fd-95a6-4074-a25a-01191d37d575",
	"9a93de90-163d-40be-b24e-63f4501f90cb",
	"ef787d38-6da1-4184-897a-59d6acec2b78",
	"7aacc362-c616-4296-978c-29b30a44c2df",
	"00000000-0000-0000-0000-000000000000");
INSERT INTO SM_TAH
	VALUES ("32a17371-350c-4edd-a8b5-8e7c988b147e",
	"9a93de90-163d-40be-b24e-63f4501f90cb",
	"45e403fd-95a6-4074-a25a-01191d37d575");
INSERT INTO SM_AH
	VALUES ("32a17371-350c-4edd-a8b5-8e7c988b147e",
	"9a93de90-163d-40be-b24e-63f4501f90cb");
INSERT INTO SM_ACT
	VALUES ("32a17371-350c-4edd-a8b5-8e7c988b147e",
	"9a93de90-163d-40be-b24e-63f4501f90cb",
	3,
	'',
	'',
	5);
INSERT INTO SM_TXN
	VALUES ("45e403fd-95a6-4074-a25a-01191d37d575",
	"9a93de90-163d-40be-b24e-63f4501f90cb",
	"b6a1ad3e-bc3a-496b-a7a2-09a86e6bd461",
	"00000000-0000-0000-0000-000000000000");
INSERT INTO SM_NSTXN
	VALUES ("8adaec8c-190b-4ec4-92aa-9cf105915ada",
	"9a93de90-163d-40be-b24e-63f4501f90cb",
	"dadf22d3-1c0a-4ddc-b7b4-a1758f498602",
	"7aacc362-c616-4296-978c-29b30a44c2df",
	"00000000-0000-0000-0000-000000000000");
INSERT INTO SM_TAH
	VALUES ("5ecd36dc-95d6-4f2f-b986-8e7585549752",
	"9a93de90-163d-40be-b24e-63f4501f90cb",
	"8adaec8c-190b-4ec4-92aa-9cf105915ada");
INSERT INTO SM_AH
	VALUES ("5ecd36dc-95d6-4f2f-b986-8e7585549752",
	"9a93de90-163d-40be-b24e-63f4501f90cb");
INSERT INTO SM_ACT
	VALUES ("5ecd36dc-95d6-4f2f-b986-8e7585549752",
	"9a93de90-163d-40be-b24e-63f4501f90cb",
	3,
	'',
	'',
	5);
INSERT INTO SM_TXN
	VALUES ("8adaec8c-190b-4ec4-92aa-9cf105915ada",
	"9a93de90-163d-40be-b24e-63f4501f90cb",
	"b6a1ad3e-bc3a-496b-a7a2-09a86e6bd461",
	"00000000-0000-0000-0000-000000000000");
INSERT INTO SM_NSTXN
	VALUES ("3b3f9f24-9a2c-414a-a685-74275369d012",
	"9a93de90-163d-40be-b24e-63f4501f90cb",
	"425b3b39-5f7b-430e-abb1-a1df487803e3",
	"7aacc362-c616-4296-978c-29b30a44c2df",
	"00000000-0000-0000-0000-000000000000");
INSERT INTO SM_TAH
	VALUES ("fe13841a-8aec-4477-961b-7192fd216744",
	"9a93de90-163d-40be-b24e-63f4501f90cb",
	"3b3f9f24-9a2c-414a-a685-74275369d012");
INSERT INTO SM_AH
	VALUES ("fe13841a-8aec-4477-961b-7192fd216744",
	"9a93de90-163d-40be-b24e-63f4501f90cb");
INSERT INTO SM_ACT
	VALUES ("fe13841a-8aec-4477-961b-7192fd216744",
	"9a93de90-163d-40be-b24e-63f4501f90cb",
	3,
	'',
	'',
	5);
INSERT INTO SM_TXN
	VALUES ("3b3f9f24-9a2c-414a-a685-74275369d012",
	"9a93de90-163d-40be-b24e-63f4501f90cb",
	"b6a1ad3e-bc3a-496b-a7a2-09a86e6bd461",
	"00000000-0000-0000-0000-000000000000");
INSERT INTO SM_NSTXN
	VALUES ("a32953d7-ccde-4a64-9bdc-ee63e38a5a8d",
	"9a93de90-163d-40be-b24e-63f4501f90cb",
	"ef787d38-6da1-4184-897a-59d6acec2b78",
	"59307093-6685-4e1e-84fb-832b9ba7dae6",
	"00000000-0000-0000-0000-000000000000");
INSERT INTO SM_TAH
	VALUES ("f22733ab-6301-4763-8094-3a84599d1a33",
	"9a93de90-163d-40be-b24e-63f4501f90cb",
	"a32953d7-ccde-4a64-9bdc-ee63e38a5a8d");
INSERT INTO SM_AH
	VALUES ("f22733ab-6301-4763-8094-3a84599d1a33",
	"9a93de90-163d-40be-b24e-63f4501f90cb");
INSERT INTO SM_ACT
	VALUES ("f22733ab-6301-4763-8094-3a84599d1a33",
	"9a93de90-163d-40be-b24e-63f4501f90cb",
	3,
	'',
	'',
	5);
INSERT INTO SM_TXN
	VALUES ("a32953d7-ccde-4a64-9bdc-ee63e38a5a8d",
	"9a93de90-163d-40be-b24e-63f4501f90cb",
	"e5358b0c-3ac9-4ccd-967e-fef2d7125db6",
	"00000000-0000-0000-0000-000000000000");
INSERT INTO SM_NSTXN
	VALUES ("1fa18d25-b83f-4028-abf7-6a750a5cd04a",
	"9a93de90-163d-40be-b24e-63f4501f90cb",
	"425b3b39-5f7b-430e-abb1-a1df487803e3",
	"59307093-6685-4e1e-84fb-832b9ba7dae6",
	"00000000-0000-0000-0000-000000000000");
INSERT INTO SM_TAH
	VALUES ("fcf304d0-e658-4090-88bf-d7c55837a4f5",
	"9a93de90-163d-40be-b24e-63f4501f90cb",
	"1fa18d25-b83f-4028-abf7-6a750a5cd04a");
INSERT INTO SM_AH
	VALUES ("fcf304d0-e658-4090-88bf-d7c55837a4f5",
	"9a93de90-163d-40be-b24e-63f4501f90cb");
INSERT INTO SM_ACT
	VALUES ("fcf304d0-e658-4090-88bf-d7c55837a4f5",
	"9a93de90-163d-40be-b24e-63f4501f90cb",
	3,
	'',
	'',
	5);
INSERT INTO SM_TXN
	VALUES ("1fa18d25-b83f-4028-abf7-6a750a5cd04a",
	"9a93de90-163d-40be-b24e-63f4501f90cb",
	"e5358b0c-3ac9-4ccd-967e-fef2d7125db6",
	"00000000-0000-0000-0000-000000000000");
INSERT INTO SM_NSTXN
	VALUES ("efbd68f6-b5ce-4409-a2cd-04e73f04face",
	"9a93de90-163d-40be-b24e-63f4501f90cb",
	"dadf22d3-1c0a-4ddc-b7b4-a1758f498602",
	"59307093-6685-4e1e-84fb-832b9ba7dae6",
	"00000000-0000-0000-0000-000000000000");
INSERT INTO SM_TAH
	VALUES ("3e0be207-24dd-4c2a-84e6-4f09f45c3336",
	"9a93de90-163d-40be-b24e-63f4501f90cb",
	"efbd68f6-b5ce-4409-a2cd-04e73f04face");
INSERT INTO SM_AH
	VALUES ("3e0be207-24dd-4c2a-84e6-4f09f45c3336",
	"9a93de90-163d-40be-b24e-63f4501f90cb");
INSERT INTO SM_ACT
	VALUES ("3e0be207-24dd-4c2a-84e6-4f09f45c3336",
	"9a93de90-163d-40be-b24e-63f4501f90cb",
	3,
	'',
	'',
	5);
INSERT INTO SM_TXN
	VALUES ("efbd68f6-b5ce-4409-a2cd-04e73f04face",
	"9a93de90-163d-40be-b24e-63f4501f90cb",
	"e5358b0c-3ac9-4ccd-967e-fef2d7125db6",
	"00000000-0000-0000-0000-000000000000");
INSERT INTO SM_NSTXN
	VALUES ("5caca93e-bf8b-4b5f-94e3-c14ffb3eaca4",
	"9a93de90-163d-40be-b24e-63f4501f90cb",
	"5fc9e3b0-f757-42d6-956a-26c574d68e32",
	"59307093-6685-4e1e-84fb-832b9ba7dae6",
	"00000000-0000-0000-0000-000000000000");
INSERT INTO SM_TAH
	VALUES ("8cc13047-aacd-45d0-8133-343d1485566f",
	"9a93de90-163d-40be-b24e-63f4501f90cb",
	"5caca93e-bf8b-4b5f-94e3-c14ffb3eaca4");
INSERT INTO SM_AH
	VALUES ("8cc13047-aacd-45d0-8133-343d1485566f",
	"9a93de90-163d-40be-b24e-63f4501f90cb");
INSERT INTO SM_ACT
	VALUES ("8cc13047-aacd-45d0-8133-343d1485566f",
	"9a93de90-163d-40be-b24e-63f4501f90cb",
	3,
	'',
	'',
	5);
INSERT INTO SM_TXN
	VALUES ("5caca93e-bf8b-4b5f-94e3-c14ffb3eaca4",
	"9a93de90-163d-40be-b24e-63f4501f90cb",
	"e5358b0c-3ac9-4ccd-967e-fef2d7125db6",
	"00000000-0000-0000-0000-000000000000");
INSERT INTO SM_NSTXN
	VALUES ("045c6e43-e838-49d3-b381-4c580dab278f",
	"9a93de90-163d-40be-b24e-63f4501f90cb",
	"e5358b0c-3ac9-4ccd-967e-fef2d7125db6",
	"7aacc362-c616-4296-978c-29b30a44c2df",
	"00000000-0000-0000-0000-000000000000");
INSERT INTO SM_TAH
	VALUES ("7d25e463-493e-4713-aeeb-de9262d2e051",
	"9a93de90-163d-40be-b24e-63f4501f90cb",
	"045c6e43-e838-49d3-b381-4c580dab278f");
INSERT INTO SM_AH
	VALUES ("7d25e463-493e-4713-aeeb-de9262d2e051",
	"9a93de90-163d-40be-b24e-63f4501f90cb");
INSERT INTO SM_ACT
	VALUES ("7d25e463-493e-4713-aeeb-de9262d2e051",
	"9a93de90-163d-40be-b24e-63f4501f90cb",
	3,
	'',
	'',
	5);
INSERT INTO SM_TXN
	VALUES ("045c6e43-e838-49d3-b381-4c580dab278f",
	"9a93de90-163d-40be-b24e-63f4501f90cb",
	"b6a1ad3e-bc3a-496b-a7a2-09a86e6bd461",
	"00000000-0000-0000-0000-000000000000");
INSERT INTO SM_NSTXN
	VALUES ("6578bccb-c751-4bad-b2f1-59dbe73e7b9b",
	"9a93de90-163d-40be-b24e-63f4501f90cb",
	"b6a1ad3e-bc3a-496b-a7a2-09a86e6bd461",
	"7aacc362-c616-4296-978c-29b30a44c2df",
	"00000000-0000-0000-0000-000000000000");
INSERT INTO SM_TAH
	VALUES ("b85f5baf-c662-4b1d-b639-92ad3a269333",
	"9a93de90-163d-40be-b24e-63f4501f90cb",
	"6578bccb-c751-4bad-b2f1-59dbe73e7b9b");
INSERT INTO SM_AH
	VALUES ("b85f5baf-c662-4b1d-b639-92ad3a269333",
	"9a93de90-163d-40be-b24e-63f4501f90cb");
INSERT INTO SM_ACT
	VALUES ("b85f5baf-c662-4b1d-b639-92ad3a269333",
	"9a93de90-163d-40be-b24e-63f4501f90cb",
	3,
	'',
	'',
	5);
INSERT INTO SM_TXN
	VALUES ("6578bccb-c751-4bad-b2f1-59dbe73e7b9b",
	"9a93de90-163d-40be-b24e-63f4501f90cb",
	"b6a1ad3e-bc3a-496b-a7a2-09a86e6bd461",
	"00000000-0000-0000-0000-000000000000");
INSERT INTO PE_PE
	VALUES ("999b9e11-a0cd-48f8-af76-70428d6909d4",
	1,
	"67a7dbce-184c-4a7f-b327-d7604e320f07",
	"00000000-0000-0000-0000-000000000000",
	4);
INSERT INTO O_OBJ
	VALUES ("999b9e11-a0cd-48f8-af76-70428d6909d4",
	'Memory',
	3,
	'MEM',
	'',
	"00000000-0000-0000-0000-000000000000");
INSERT INTO O_TFR
	VALUES ("68d717f4-9c19-4bd1-92ff-a2b36c6f1bab",
	"999b9e11-a0cd-48f8-af76-70428d6909d4",
	'store',
	'',
	"ba5eda7a-def5-0000-0000-000000000000",
	1,
	'begin
  // store the new value
  this.value := value;
end service;',
	3,
	'',
	"00000000-0000-0000-0000-000000000000",
	1);
INSERT INTO O_TPARM
	VALUES ("a39e0b9f-f90a-414d-8e63-cf363c9b754e",
	"68d717f4-9c19-4bd1-92ff-a2b36c6f1bab",
	'value',
	"ba5eda7a-def5-0000-0000-000000000003",
	0,
	'',
	"00000000-0000-0000-0000-000000000000",
	'');
INSERT INTO O_TFR
	VALUES ("d5ffec6e-6f20-49f6-a93c-b4b06b9fa95d",
	"999b9e11-a0cd-48f8-af76-70428d6909d4",
	'reset',
	'',
	"ba5eda7a-def5-0000-0000-000000000000",
	1,
	'begin
  // reset the memory to empty
  this.value := 0;
end service;',
	3,
	'',
	"68d717f4-9c19-4bd1-92ff-a2b36c6f1bab",
	1);
INSERT INTO O_REF
	VALUES ("999b9e11-a0cd-48f8-af76-70428d6909d4",
	"49928fbd-ca08-44fc-a80a-7cb7a05365df",
	0,
	"2c94da8d-ad22-4e86-be07-7ce1cec6dcaf",
	"f05c9bcc-dae1-4fc3-b72d-4a3b46943da4",
	"2d982edd-e40f-4d8e-8e4b-5f5be5613ab4",
	"aa4081d2-440d-4a3d-98c5-64fd05d72c5b",
	"b438b0be-5f5e-4a4f-9cf7-796ad6f8e935",
	"6c179287-5815-4901-8583-3eb9c674c312",
	"00000000-0000-0000-0000-000000000000",
	0,
	'',
	'Calculator',
	'calc_id',
	'R2.''stores_value_for''');
INSERT INTO O_RATTR
	VALUES ("b438b0be-5f5e-4a4f-9cf7-796ad6f8e935",
	"999b9e11-a0cd-48f8-af76-70428d6909d4",
	"2c94da8d-ad22-4e86-be07-7ce1cec6dcaf",
	"49928fbd-ca08-44fc-a80a-7cb7a05365df",
	1,
	'calc_id');
INSERT INTO O_ATTR
	VALUES ("b438b0be-5f5e-4a4f-9cf7-796ad6f8e935",
	"999b9e11-a0cd-48f8-af76-70428d6909d4",
	"00000000-0000-0000-0000-000000000000",
	'calc_id',
	'',
	'',
	'calc_id',
	0,
	"ba5eda7a-def5-0000-0000-000000000007",
	'',
	'');
INSERT INTO O_NBATTR
	VALUES ("4b3c8ec2-45c6-479a-ab41-c130e3c3014b",
	"999b9e11-a0cd-48f8-af76-70428d6909d4");
INSERT INTO O_BATTR
	VALUES ("4b3c8ec2-45c6-479a-ab41-c130e3c3014b",
	"999b9e11-a0cd-48f8-af76-70428d6909d4");
INSERT INTO O_ATTR
	VALUES ("4b3c8ec2-45c6-479a-ab41-c130e3c3014b",
	"999b9e11-a0cd-48f8-af76-70428d6909d4",
	"b438b0be-5f5e-4a4f-9cf7-796ad6f8e935",
	'value',
	'',
	'',
	'value',
	0,
	"ba5eda7a-def5-0000-0000-000000000003",
	'',
	'');
INSERT INTO O_ID
	VALUES (0,
	"999b9e11-a0cd-48f8-af76-70428d6909d4");
INSERT INTO O_OIDA
	VALUES ("b438b0be-5f5e-4a4f-9cf7-796ad6f8e935",
	"999b9e11-a0cd-48f8-af76-70428d6909d4",
	0,
	'calc_id');
INSERT INTO O_ID
	VALUES (1,
	"999b9e11-a0cd-48f8-af76-70428d6909d4");
INSERT INTO O_ID
	VALUES (2,
	"999b9e11-a0cd-48f8-af76-70428d6909d4");
INSERT INTO PE_PE
	VALUES ("a50dceb5-e70a-4161-8548-719d14f75a98",
	1,
	"67a7dbce-184c-4a7f-b327-d7604e320f07",
	"00000000-0000-0000-0000-000000000000",
	4);
INSERT INTO O_OBJ
	VALUES ("a50dceb5-e70a-4161-8548-719d14f75a98",
	'Operation',
	4,
	'OP',
	'',
	"00000000-0000-0000-0000-000000000000");
INSERT INTO O_TFR
	VALUES ("7090bcb4-2219-4cd3-88ee-e3e7c62a07fc",
	"a50dceb5-e70a-4161-8548-719d14f75a98",
	'evaluate',
	'',
	"ba5eda7a-def5-0000-0000-000000000000",
	1,
	'mem_val : real;
disp_val : real;
result_val : real;
begin
  // get memory value
  mem_val := (this->R3.Memory).value;
  // get display value
  disp_val := (this->R3.Display).value;
  // evaluate the expression
  // +
  if ( 10 = this.op ) then
    result_val := mem_val + disp_val;
  // -
  elsif ( 11 = this.op ) then
    result_val := mem_val - disp_val;
  // *
  elsif ( 12 = this.op ) then
    result_val := mem_val * disp_val;
  // /
  elsif ( 13 = this.op ) then
    result_val := mem_val / disp_val;
  // no-op
  elsif ( -1 = this.op ) then
    result_val := disp_val;
  else
    // unknown operation
    generate Display.error( "Unknown operation" ) to this->R3.Display;
  end if;
  // store the value
  (this->R3.Memory).store( result_val );
end service;',
	3,
	'',
	"00000000-0000-0000-0000-000000000000",
	1);
INSERT INTO O_REF
	VALUES ("a50dceb5-e70a-4161-8548-719d14f75a98",
	"999b9e11-a0cd-48f8-af76-70428d6909d4",
	0,
	"b438b0be-5f5e-4a4f-9cf7-796ad6f8e935",
	"d7d9ee75-2b46-45cf-a285-2c75881ef49e",
	"21894d1f-1028-499c-b9cb-91035695bc40",
	"f5419a2b-7f03-477f-bf08-afba60a1b197",
	"2a6658fb-ab87-494f-9a57-48c86183e488",
	"4ad28b5b-3217-4c8f-bbb6-f6af27572cbf",
	"00000000-0000-0000-0000-000000000000",
	0,
	'',
	'Memory',
	'calc_id',
	'R3.''combines_with''');
INSERT INTO O_REF
	VALUES ("a50dceb5-e70a-4161-8548-719d14f75a98",
	"9a3d25b6-a13a-4380-b660-67bc28b0c303",
	0,
	"a7b2578d-2972-452e-9b53-5ae0ef082fdc",
	"d7d9ee75-2b46-45cf-a285-2c75881ef49e",
	"21894d1f-1028-499c-b9cb-91035695bc40",
	"1a78ba08-4382-48cf-ae13-0e643dcc022c",
	"2a6658fb-ab87-494f-9a57-48c86183e488",
	"e5c3ffa7-4b88-46f1-aa22-946e7cf3a209",
	"4ad28b5b-3217-4c8f-bbb6-f6af27572cbf",
	0,
	'',
	'Display',
	'calc_id',
	'R3.''combines_with''');
INSERT INTO O_RATTR
	VALUES ("2a6658fb-ab87-494f-9a57-48c86183e488",
	"a50dceb5-e70a-4161-8548-719d14f75a98",
	"2c94da8d-ad22-4e86-be07-7ce1cec6dcaf",
	"49928fbd-ca08-44fc-a80a-7cb7a05365df",
	1,
	'calc_id');
INSERT INTO O_ATTR
	VALUES ("2a6658fb-ab87-494f-9a57-48c86183e488",
	"a50dceb5-e70a-4161-8548-719d14f75a98",
	"00000000-0000-0000-0000-000000000000",
	'calc_id',
	'

',
	'',
	'calc_id',
	0,
	"ba5eda7a-def5-0000-0000-000000000007",
	'',
	'');
INSERT INTO O_NBATTR
	VALUES ("b8da71a0-2fbe-4c3c-908c-9d581da0db33",
	"a50dceb5-e70a-4161-8548-719d14f75a98");
INSERT INTO O_BATTR
	VALUES ("b8da71a0-2fbe-4c3c-908c-9d581da0db33",
	"a50dceb5-e70a-4161-8548-719d14f75a98");
INSERT INTO O_ATTR
	VALUES ("b8da71a0-2fbe-4c3c-908c-9d581da0db33",
	"a50dceb5-e70a-4161-8548-719d14f75a98",
	"2a6658fb-ab87-494f-9a57-48c86183e488",
	'op',
	'',
	'',
	'op',
	0,
	"ba5eda7a-def5-0000-0000-000000000002",
	'',
	'');
INSERT INTO O_ID
	VALUES (0,
	"a50dceb5-e70a-4161-8548-719d14f75a98");
INSERT INTO O_OIDA
	VALUES ("2a6658fb-ab87-494f-9a57-48c86183e488",
	"a50dceb5-e70a-4161-8548-719d14f75a98",
	0,
	'calc_id');
INSERT INTO O_ID
	VALUES (1,
	"a50dceb5-e70a-4161-8548-719d14f75a98");
INSERT INTO O_ID
	VALUES (2,
	"a50dceb5-e70a-4161-8548-719d14f75a98");
INSERT INTO PE_PE
	VALUES ("49928fbd-ca08-44fc-a80a-7cb7a05365df",
	1,
	"67a7dbce-184c-4a7f-b327-d7604e320f07",
	"00000000-0000-0000-0000-000000000000",
	4);
INSERT INTO O_OBJ
	VALUES ("49928fbd-ca08-44fc-a80a-7cb7a05365df",
	'Calculator',
	1,
	'CALC',
	'',
	"00000000-0000-0000-0000-000000000000");
INSERT INTO O_TFR
	VALUES ("3450fcdc-5bbb-4e2d-8fbc-5dd14bed70bf",
	"49928fbd-ca08-44fc-a80a-7cb7a05365df",
	'init',
	'',
	"ba5eda7a-def5-0000-0000-000000000000",
	1,
	'disp : instance of Display;
mem : instance of Memory;
op : instance of Operation;
begin
  this.current_op := -1;
  disp := create Display( calc_id => this.calc_id, value => 0, whole_part => 0, fractional_part => 0, sign => 1, Current_State => displaying_memory_value );
  mem := create Memory( calc_id => this.calc_id, value => 0 );
  op := create Operation( calc_id => this.calc_id, op => -1 );
  link this R1 disp;
  link this R2 mem;
  link mem R3 disp using op;
end service;',
	3,
	'',
	"00000000-0000-0000-0000-000000000000",
	1);
INSERT INTO O_NBATTR
	VALUES ("2c94da8d-ad22-4e86-be07-7ce1cec6dcaf",
	"49928fbd-ca08-44fc-a80a-7cb7a05365df");
INSERT INTO O_BATTR
	VALUES ("2c94da8d-ad22-4e86-be07-7ce1cec6dcaf",
	"49928fbd-ca08-44fc-a80a-7cb7a05365df");
INSERT INTO O_ATTR
	VALUES ("2c94da8d-ad22-4e86-be07-7ce1cec6dcaf",
	"49928fbd-ca08-44fc-a80a-7cb7a05365df",
	"00000000-0000-0000-0000-000000000000",
	'calc_id',
	'',
	'',
	'calc_id',
	0,
	"55aab7dc-dec7-4d33-ae34-588fdf13b5b3",
	'',
	'');
INSERT INTO O_NBATTR
	VALUES ("6b94d3d2-1fa9-4f59-b757-139c85cf6981",
	"49928fbd-ca08-44fc-a80a-7cb7a05365df");
INSERT INTO O_BATTR
	VALUES ("6b94d3d2-1fa9-4f59-b757-139c85cf6981",
	"49928fbd-ca08-44fc-a80a-7cb7a05365df");
INSERT INTO O_ATTR
	VALUES ("6b94d3d2-1fa9-4f59-b757-139c85cf6981",
	"49928fbd-ca08-44fc-a80a-7cb7a05365df",
	"2c94da8d-ad22-4e86-be07-7ce1cec6dcaf",
	'current_op',
	'',
	'',
	'current_op',
	0,
	"ba5eda7a-def5-0000-0000-000000000002",
	'',
	'');
INSERT INTO O_ID
	VALUES (0,
	"49928fbd-ca08-44fc-a80a-7cb7a05365df");
INSERT INTO O_OIDA
	VALUES ("2c94da8d-ad22-4e86-be07-7ce1cec6dcaf",
	"49928fbd-ca08-44fc-a80a-7cb7a05365df",
	0,
	'calc_id');
INSERT INTO O_ID
	VALUES (1,
	"49928fbd-ca08-44fc-a80a-7cb7a05365df");
INSERT INTO O_ID
	VALUES (2,
	"49928fbd-ca08-44fc-a80a-7cb7a05365df");
INSERT INTO PE_PE
	VALUES ("9c7cacdf-9832-4703-ad1d-84c6fe5e54a0",
	1,
	"67a7dbce-184c-4a7f-b327-d7604e320f07",
	"00000000-0000-0000-0000-000000000000",
	9);
INSERT INTO R_REL
	VALUES ("9c7cacdf-9832-4703-ad1d-84c6fe5e54a0",
	1,
	'',
	"00000000-0000-0000-0000-000000000000");
INSERT INTO R_SIMP
	VALUES ("9c7cacdf-9832-4703-ad1d-84c6fe5e54a0");
INSERT INTO R_PART
	VALUES ("49928fbd-ca08-44fc-a80a-7cb7a05365df",
	"9c7cacdf-9832-4703-ad1d-84c6fe5e54a0",
	"7df6aadd-9183-4695-82c6-070a9850a593",
	0,
	0,
	'displays_values_for');
INSERT INTO O_RTIDA
	VALUES ("2c94da8d-ad22-4e86-be07-7ce1cec6dcaf",
	"49928fbd-ca08-44fc-a80a-7cb7a05365df",
	0,
	"9c7cacdf-9832-4703-ad1d-84c6fe5e54a0",
	"7df6aadd-9183-4695-82c6-070a9850a593");
INSERT INTO R_RTO
	VALUES ("49928fbd-ca08-44fc-a80a-7cb7a05365df",
	"9c7cacdf-9832-4703-ad1d-84c6fe5e54a0",
	"7df6aadd-9183-4695-82c6-070a9850a593",
	0);
INSERT INTO R_OIR
	VALUES ("49928fbd-ca08-44fc-a80a-7cb7a05365df",
	"9c7cacdf-9832-4703-ad1d-84c6fe5e54a0",
	"7df6aadd-9183-4695-82c6-070a9850a593",
	"00000000-0000-0000-0000-000000000000");
INSERT INTO R_FORM
	VALUES ("9a3d25b6-a13a-4380-b660-67bc28b0c303",
	"9c7cacdf-9832-4703-ad1d-84c6fe5e54a0",
	"a73df127-f726-4832-b56a-497660ba0671",
	0,
	0,
	'prints_answer_on');
INSERT INTO R_RGO
	VALUES ("9a3d25b6-a13a-4380-b660-67bc28b0c303",
	"9c7cacdf-9832-4703-ad1d-84c6fe5e54a0",
	"a73df127-f726-4832-b56a-497660ba0671");
INSERT INTO R_OIR
	VALUES ("9a3d25b6-a13a-4380-b660-67bc28b0c303",
	"9c7cacdf-9832-4703-ad1d-84c6fe5e54a0",
	"a73df127-f726-4832-b56a-497660ba0671",
	"00000000-0000-0000-0000-000000000000");
INSERT INTO PE_PE
	VALUES ("f05c9bcc-dae1-4fc3-b72d-4a3b46943da4",
	1,
	"67a7dbce-184c-4a7f-b327-d7604e320f07",
	"00000000-0000-0000-0000-000000000000",
	9);
INSERT INTO R_REL
	VALUES ("f05c9bcc-dae1-4fc3-b72d-4a3b46943da4",
	2,
	'',
	"00000000-0000-0000-0000-000000000000");
INSERT INTO R_SIMP
	VALUES ("f05c9bcc-dae1-4fc3-b72d-4a3b46943da4");
INSERT INTO R_PART
	VALUES ("49928fbd-ca08-44fc-a80a-7cb7a05365df",
	"f05c9bcc-dae1-4fc3-b72d-4a3b46943da4",
	"aa4081d2-440d-4a3d-98c5-64fd05d72c5b",
	0,
	0,
	'stores_value_for');
INSERT INTO O_RTIDA
	VALUES ("2c94da8d-ad22-4e86-be07-7ce1cec6dcaf",
	"49928fbd-ca08-44fc-a80a-7cb7a05365df",
	0,
	"f05c9bcc-dae1-4fc3-b72d-4a3b46943da4",
	"aa4081d2-440d-4a3d-98c5-64fd05d72c5b");
INSERT INTO R_RTO
	VALUES ("49928fbd-ca08-44fc-a80a-7cb7a05365df",
	"f05c9bcc-dae1-4fc3-b72d-4a3b46943da4",
	"aa4081d2-440d-4a3d-98c5-64fd05d72c5b",
	0);
INSERT INTO R_OIR
	VALUES ("49928fbd-ca08-44fc-a80a-7cb7a05365df",
	"f05c9bcc-dae1-4fc3-b72d-4a3b46943da4",
	"aa4081d2-440d-4a3d-98c5-64fd05d72c5b",
	"00000000-0000-0000-0000-000000000000");
INSERT INTO R_FORM
	VALUES ("999b9e11-a0cd-48f8-af76-70428d6909d4",
	"f05c9bcc-dae1-4fc3-b72d-4a3b46943da4",
	"2d982edd-e40f-4d8e-8e4b-5f5be5613ab4",
	0,
	0,
	'stores_value_for_calculation_in');
INSERT INTO R_RGO
	VALUES ("999b9e11-a0cd-48f8-af76-70428d6909d4",
	"f05c9bcc-dae1-4fc3-b72d-4a3b46943da4",
	"2d982edd-e40f-4d8e-8e4b-5f5be5613ab4");
INSERT INTO R_OIR
	VALUES ("999b9e11-a0cd-48f8-af76-70428d6909d4",
	"f05c9bcc-dae1-4fc3-b72d-4a3b46943da4",
	"2d982edd-e40f-4d8e-8e4b-5f5be5613ab4",
	"00000000-0000-0000-0000-000000000000");
INSERT INTO PE_PE
	VALUES ("d7d9ee75-2b46-45cf-a285-2c75881ef49e",
	1,
	"67a7dbce-184c-4a7f-b327-d7604e320f07",
	"00000000-0000-0000-0000-000000000000",
	9);
INSERT INTO R_REL
	VALUES ("d7d9ee75-2b46-45cf-a285-2c75881ef49e",
	3,
	'',
	"00000000-0000-0000-0000-000000000000");
INSERT INTO R_ASSOC
	VALUES ("d7d9ee75-2b46-45cf-a285-2c75881ef49e");
INSERT INTO R_AONE
	VALUES ("999b9e11-a0cd-48f8-af76-70428d6909d4",
	"d7d9ee75-2b46-45cf-a285-2c75881ef49e",
	"f5419a2b-7f03-477f-bf08-afba60a1b197",
	0,
	0,
	'combines_with');
INSERT INTO O_RTIDA
	VALUES ("b438b0be-5f5e-4a4f-9cf7-796ad6f8e935",
	"999b9e11-a0cd-48f8-af76-70428d6909d4",
	0,
	"d7d9ee75-2b46-45cf-a285-2c75881ef49e",
	"f5419a2b-7f03-477f-bf08-afba60a1b197");
INSERT INTO R_RTO
	VALUES ("999b9e11-a0cd-48f8-af76-70428d6909d4",
	"d7d9ee75-2b46-45cf-a285-2c75881ef49e",
	"f5419a2b-7f03-477f-bf08-afba60a1b197",
	0);
INSERT INTO R_OIR
	VALUES ("999b9e11-a0cd-48f8-af76-70428d6909d4",
	"d7d9ee75-2b46-45cf-a285-2c75881ef49e",
	"f5419a2b-7f03-477f-bf08-afba60a1b197",
	"00000000-0000-0000-0000-000000000000");
INSERT INTO R_AOTH
	VALUES ("9a3d25b6-a13a-4380-b660-67bc28b0c303",
	"d7d9ee75-2b46-45cf-a285-2c75881ef49e",
	"1a78ba08-4382-48cf-ae13-0e643dcc022c",
	0,
	0,
	'combines_with');
INSERT INTO O_RTIDA
	VALUES ("a7b2578d-2972-452e-9b53-5ae0ef082fdc",
	"9a3d25b6-a13a-4380-b660-67bc28b0c303",
	0,
	"d7d9ee75-2b46-45cf-a285-2c75881ef49e",
	"1a78ba08-4382-48cf-ae13-0e643dcc022c");
INSERT INTO R_RTO
	VALUES ("9a3d25b6-a13a-4380-b660-67bc28b0c303",
	"d7d9ee75-2b46-45cf-a285-2c75881ef49e",
	"1a78ba08-4382-48cf-ae13-0e643dcc022c",
	0);
INSERT INTO R_OIR
	VALUES ("9a3d25b6-a13a-4380-b660-67bc28b0c303",
	"d7d9ee75-2b46-45cf-a285-2c75881ef49e",
	"1a78ba08-4382-48cf-ae13-0e643dcc022c",
	"00000000-0000-0000-0000-000000000000");
INSERT INTO R_ASSR
	VALUES ("a50dceb5-e70a-4161-8548-719d14f75a98",
	"d7d9ee75-2b46-45cf-a285-2c75881ef49e",
	"21894d1f-1028-499c-b9cb-91035695bc40",
	0);
INSERT INTO R_RGO
	VALUES ("a50dceb5-e70a-4161-8548-719d14f75a98",
	"d7d9ee75-2b46-45cf-a285-2c75881ef49e",
	"21894d1f-1028-499c-b9cb-91035695bc40");
INSERT INTO R_OIR
	VALUES ("a50dceb5-e70a-4161-8548-719d14f75a98",
	"d7d9ee75-2b46-45cf-a285-2c75881ef49e",
	"21894d1f-1028-499c-b9cb-91035695bc40",
	"00000000-0000-0000-0000-000000000000");
INSERT INTO EP_PKG
	VALUES ("eee87da5-e73d-4578-b364-65420651d7fb",
	"a93a74b1-e5fb-4904-9380-a73e9e1ef78e",
	"a93a74b1-e5fb-4904-9380-a73e9e1ef78e",
	'types',
	'',
	0);
INSERT INTO PE_PE
	VALUES ("2096ffa7-585f-4f2b-8f1f-f900ec20be19",
	1,
	"eee87da5-e73d-4578-b364-65420651d7fb",
	"00000000-0000-0000-0000-000000000000",
	3);
INSERT INTO S_DT
	VALUES ("2096ffa7-585f-4f2b-8f1f-f900ec20be19",
	"00000000-0000-0000-0000-000000000000",
	'MASLtype',
	'',
	'');
INSERT INTO S_UDT
	VALUES ("2096ffa7-585f-4f2b-8f1f-f900ec20be19",
	"ba5eda7a-def5-0000-0000-000000000004",
	0,
	'');
INSERT INTO PE_PE
	VALUES ("9564dd81-5b1d-4fcb-92ee-e03bbb145569",
	1,
	"eee87da5-e73d-4578-b364-65420651d7fb",
	"00000000-0000-0000-0000-000000000000",
	3);
INSERT INTO S_DT
	VALUES ("9564dd81-5b1d-4fcb-92ee-e03bbb145569",
	"00000000-0000-0000-0000-000000000000",
	'instance',
	'',
	'');
INSERT INTO S_UDT
	VALUES ("9564dd81-5b1d-4fcb-92ee-e03bbb145569",
	"2096ffa7-585f-4f2b-8f1f-f900ec20be19",
	0,
	'');
INSERT INTO PE_PE
	VALUES ("dd2f15b2-26b6-4852-9294-ee5c924c06f1",
	1,
	"eee87da5-e73d-4578-b364-65420651d7fb",
	"00000000-0000-0000-0000-000000000000",
	3);
INSERT INTO S_DT
	VALUES ("dd2f15b2-26b6-4852-9294-ee5c924c06f1",
	"00000000-0000-0000-0000-000000000000",
	'structure',
	'',
	'');
INSERT INTO S_UDT
	VALUES ("dd2f15b2-26b6-4852-9294-ee5c924c06f1",
	"2096ffa7-585f-4f2b-8f1f-f900ec20be19",
	0,
	'');
INSERT INTO PE_PE
	VALUES ("f22d8821-5811-4e43-90dc-efdf6ad68e8b",
	1,
	"eee87da5-e73d-4578-b364-65420651d7fb",
	"00000000-0000-0000-0000-000000000000",
	3);
INSERT INTO S_DT
	VALUES ("f22d8821-5811-4e43-90dc-efdf6ad68e8b",
	"00000000-0000-0000-0000-000000000000",
	'enum',
	'',
	'');
INSERT INTO S_UDT
	VALUES ("f22d8821-5811-4e43-90dc-efdf6ad68e8b",
	"2096ffa7-585f-4f2b-8f1f-f900ec20be19",
	0,
	'');
INSERT INTO PE_PE
	VALUES ("db7272ec-75f2-4cca-b262-c0501008be78",
	1,
	"eee87da5-e73d-4578-b364-65420651d7fb",
	"00000000-0000-0000-0000-000000000000",
	3);
INSERT INTO S_DT
	VALUES ("db7272ec-75f2-4cca-b262-c0501008be78",
	"00000000-0000-0000-0000-000000000000",
	'device',
	'',
	'');
INSERT INTO S_UDT
	VALUES ("db7272ec-75f2-4cca-b262-c0501008be78",
	"2096ffa7-585f-4f2b-8f1f-f900ec20be19",
	0,
	'');
INSERT INTO PE_PE
	VALUES ("27c4cbd8-e7d4-4316-94b3-8089c5b38895",
	1,
	"eee87da5-e73d-4578-b364-65420651d7fb",
	"00000000-0000-0000-0000-000000000000",
	3);
INSERT INTO S_DT
	VALUES ("27c4cbd8-e7d4-4316-94b3-8089c5b38895",
	"00000000-0000-0000-0000-000000000000",
	'event',
	'',
	'');
INSERT INTO S_UDT
	VALUES ("27c4cbd8-e7d4-4316-94b3-8089c5b38895",
	"ba5eda7a-def5-0000-0000-00000000000a",
	0,
	'');
INSERT INTO PE_PE
	VALUES ("63d53794-c26f-4411-9bb3-443e0dc40046",
	1,
	"eee87da5-e73d-4578-b364-65420651d7fb",
	"00000000-0000-0000-0000-000000000000",
	3);
INSERT INTO S_DT
	VALUES ("63d53794-c26f-4411-9bb3-443e0dc40046",
	"00000000-0000-0000-0000-000000000000",
	'timer',
	'',
	'');
INSERT INTO S_UDT
	VALUES ("63d53794-c26f-4411-9bb3-443e0dc40046",
	"ba5eda7a-def5-0000-0000-00000000000f",
	0,
	'');
INSERT INTO PE_PE
	VALUES ("56fb5e17-520d-4f3e-b156-8b4f2cceee6b",
	1,
	"eee87da5-e73d-4578-b364-65420651d7fb",
	"00000000-0000-0000-0000-000000000000",
	3);
INSERT INTO S_DT
	VALUES ("56fb5e17-520d-4f3e-b156-8b4f2cceee6b",
	"00000000-0000-0000-0000-000000000000",
	'timestamp',
	'',
	'');
INSERT INTO S_UDT
	VALUES ("56fb5e17-520d-4f3e-b156-8b4f2cceee6b",
	"2096ffa7-585f-4f2b-8f1f-f900ec20be19",
	0,
	'');
INSERT INTO PE_PE
	VALUES ("f52094e0-31fe-434d-b23a-9f0cae2eaf68",
	1,
	"eee87da5-e73d-4578-b364-65420651d7fb",
	"00000000-0000-0000-0000-000000000000",
	3);
INSERT INTO S_DT
	VALUES ("f52094e0-31fe-434d-b23a-9f0cae2eaf68",
	"00000000-0000-0000-0000-000000000000",
	'duration',
	'',
	'');
INSERT INTO S_UDT
	VALUES ("f52094e0-31fe-434d-b23a-9f0cae2eaf68",
	"ba5eda7a-def5-0000-0000-000000000002",
	0,
	'');
INSERT INTO PE_PE
	VALUES ("dc9f7cc0-fe28-440a-aa1c-c70cd83db0a0",
	1,
	"eee87da5-e73d-4578-b364-65420651d7fb",
	"00000000-0000-0000-0000-000000000000",
	3);
INSERT INTO S_DT
	VALUES ("dc9f7cc0-fe28-440a-aa1c-c70cd83db0a0",
	"00000000-0000-0000-0000-000000000000",
	'date',
	'',
	'');
INSERT INTO S_UDT
	VALUES ("dc9f7cc0-fe28-440a-aa1c-c70cd83db0a0",
	"ba5eda7a-def5-0000-0000-00000000000e",
	0,
	'');
INSERT INTO PE_PE
	VALUES ("7e8e39ae-7375-4042-a3d6-27fbc73440da",
	1,
	"eee87da5-e73d-4578-b364-65420651d7fb",
	"00000000-0000-0000-0000-000000000000",
	3);
INSERT INTO S_DT
	VALUES ("7e8e39ae-7375-4042-a3d6-27fbc73440da",
	"00000000-0000-0000-0000-000000000000",
	'wstring',
	'',
	'');
INSERT INTO S_UDT
	VALUES ("7e8e39ae-7375-4042-a3d6-27fbc73440da",
	"ba5eda7a-def5-0000-0000-000000000004",
	0,
	'');
INSERT INTO PE_PE
	VALUES ("796b60c9-baa8-43fc-a2ad-fd773137924c",
	1,
	"eee87da5-e73d-4578-b364-65420651d7fb",
	"00000000-0000-0000-0000-000000000000",
	3);
INSERT INTO S_DT
	VALUES ("796b60c9-baa8-43fc-a2ad-fd773137924c",
	"00000000-0000-0000-0000-000000000000",
	'string',
	'',
	'');
INSERT INTO S_UDT
	VALUES ("796b60c9-baa8-43fc-a2ad-fd773137924c",
	"ba5eda7a-def5-0000-0000-000000000004",
	0,
	'');
INSERT INTO PE_PE
	VALUES ("cbcedf7b-eefa-47e1-8b98-72bb82f46b16",
	1,
	"eee87da5-e73d-4578-b364-65420651d7fb",
	"00000000-0000-0000-0000-000000000000",
	3);
INSERT INTO S_DT
	VALUES ("cbcedf7b-eefa-47e1-8b98-72bb82f46b16",
	"00000000-0000-0000-0000-000000000000",
	'real',
	'',
	'');
INSERT INTO S_UDT
	VALUES ("cbcedf7b-eefa-47e1-8b98-72bb82f46b16",
	"ba5eda7a-def5-0000-0000-000000000003",
	0,
	'');
INSERT INTO PE_PE
	VALUES ("8afc3081-57de-4579-9785-080f62c4b85e",
	1,
	"eee87da5-e73d-4578-b364-65420651d7fb",
	"00000000-0000-0000-0000-000000000000",
	3);
INSERT INTO S_DT
	VALUES ("8afc3081-57de-4579-9785-080f62c4b85e",
	"00000000-0000-0000-0000-000000000000",
	'long_integer',
	'',
	'');
INSERT INTO S_UDT
	VALUES ("8afc3081-57de-4579-9785-080f62c4b85e",
	"ba5eda7a-def5-0000-0000-000000000002",
	0,
	'');
INSERT INTO PE_PE
	VALUES ("9ec32fa9-d53f-48f9-869b-97299cdb349f",
	1,
	"eee87da5-e73d-4578-b364-65420651d7fb",
	"00000000-0000-0000-0000-000000000000",
	3);
INSERT INTO S_DT
	VALUES ("9ec32fa9-d53f-48f9-869b-97299cdb349f",
	"00000000-0000-0000-0000-000000000000",
	'byte',
	'',
	'');
INSERT INTO S_UDT
	VALUES ("9ec32fa9-d53f-48f9-869b-97299cdb349f",
	"ba5eda7a-def5-0000-0000-000000000002",
	0,
	'');
INSERT INTO PE_PE
	VALUES ("50552e63-0958-4f53-a0a8-b05caad8e12e",
	1,
	"eee87da5-e73d-4578-b364-65420651d7fb",
	"00000000-0000-0000-0000-000000000000",
	3);
INSERT INTO S_DT
	VALUES ("50552e63-0958-4f53-a0a8-b05caad8e12e",
	"00000000-0000-0000-0000-000000000000",
	'wcharacter',
	'',
	'');
INSERT INTO S_UDT
	VALUES ("50552e63-0958-4f53-a0a8-b05caad8e12e",
	"ba5eda7a-def5-0000-0000-000000000002",
	0,
	'');
INSERT INTO PE_PE
	VALUES ("d13f1fe6-05ed-4769-bdbd-1d723d1baf56",
	1,
	"eee87da5-e73d-4578-b364-65420651d7fb",
	"00000000-0000-0000-0000-000000000000",
	3);
INSERT INTO S_DT
	VALUES ("d13f1fe6-05ed-4769-bdbd-1d723d1baf56",
	"00000000-0000-0000-0000-000000000000",
	'character',
	'',
	'');
INSERT INTO S_UDT
	VALUES ("d13f1fe6-05ed-4769-bdbd-1d723d1baf56",
	"ba5eda7a-def5-0000-0000-000000000002",
	0,
	'');
INSERT INTO PE_PE
	VALUES ("61734297-4d13-470d-8e1e-1ace979506c6",
	1,
	"eee87da5-e73d-4578-b364-65420651d7fb",
	"00000000-0000-0000-0000-000000000000",
	3);
INSERT INTO S_DT
	VALUES ("61734297-4d13-470d-8e1e-1ace979506c6",
	"00000000-0000-0000-0000-000000000000",
	'integer',
	'',
	'');
INSERT INTO S_UDT
	VALUES ("61734297-4d13-470d-8e1e-1ace979506c6",
	"ba5eda7a-def5-0000-0000-000000000002",
	0,
	'');
INSERT INTO PE_PE
	VALUES ("24014d56-9aa8-4782-837c-4128e2c47c61",
	1,
	"eee87da5-e73d-4578-b364-65420651d7fb",
	"00000000-0000-0000-0000-000000000000",
	3);
INSERT INTO S_DT
	VALUES ("24014d56-9aa8-4782-837c-4128e2c47c61",
	"00000000-0000-0000-0000-000000000000",
	'boolean',
	'',
	'');
INSERT INTO S_UDT
	VALUES ("24014d56-9aa8-4782-837c-4128e2c47c61",
	"ba5eda7a-def5-0000-0000-000000000001",
	0,
	'');
INSERT INTO PE_PE
	VALUES ("38ebaa2a-06b4-4ad6-9ed2-6cebd422a602",
	1,
	"eee87da5-e73d-4578-b364-65420651d7fb",
	"00000000-0000-0000-0000-000000000000",
	3);
INSERT INTO S_DT
	VALUES ("38ebaa2a-06b4-4ad6-9ed2-6cebd422a602",
	"00000000-0000-0000-0000-000000000000",
	'void',
	'',
	'');
INSERT INTO S_UDT
	VALUES ("38ebaa2a-06b4-4ad6-9ed2-6cebd422a602",
	"ba5eda7a-def5-0000-0000-000000000000",
	0,
	'');
INSERT INTO PE_PE
	VALUES ("55aab7dc-dec7-4d33-ae34-588fdf13b5b3",
	1,
	"eee87da5-e73d-4578-b364-65420651d7fb",
	"00000000-0000-0000-0000-000000000000",
	3);
INSERT INTO S_DT
	VALUES ("55aab7dc-dec7-4d33-ae34-588fdf13b5b3",
	"00000000-0000-0000-0000-000000000000",
	'MASLunique',
	'',
	'');
INSERT INTO S_UDT
	VALUES ("55aab7dc-dec7-4d33-ae34-588fdf13b5b3",
	"2096ffa7-585f-4f2b-8f1f-f900ec20be19",
	0,
	'');
INSERT INTO PE_PE
	VALUES ("ba5eda7a-def5-0000-0000-000000000000",
	1,
	"00000000-0000-0000-0000-000000000000",
	"00000000-0000-0000-0000-000000000000",
	3);
INSERT INTO S_DT
	VALUES ("ba5eda7a-def5-0000-0000-000000000000",
	"00000000-0000-0000-0000-000000000000",
	'void',
	'',
	'');
INSERT INTO S_CDT
	VALUES ("ba5eda7a-def5-0000-0000-000000000000",
	0);
INSERT INTO PE_PE
	VALUES ("ba5eda7a-def5-0000-0000-000000000001",
	1,
	"00000000-0000-0000-0000-000000000000",
	"00000000-0000-0000-0000-000000000000",
	3);
INSERT INTO S_DT
	VALUES ("ba5eda7a-def5-0000-0000-000000000001",
	"00000000-0000-0000-0000-000000000000",
	'boolean',
	'',
	'');
INSERT INTO S_CDT
	VALUES ("ba5eda7a-def5-0000-0000-000000000001",
	1);
INSERT INTO PE_PE
	VALUES ("ba5eda7a-def5-0000-0000-000000000002",
	1,
	"00000000-0000-0000-0000-000000000000",
	"00000000-0000-0000-0000-000000000000",
	3);
INSERT INTO S_DT
	VALUES ("ba5eda7a-def5-0000-0000-000000000002",
	"00000000-0000-0000-0000-000000000000",
	'integer',
	'',
	'');
INSERT INTO S_CDT
	VALUES ("ba5eda7a-def5-0000-0000-000000000002",
	2);
INSERT INTO PE_PE
	VALUES ("ba5eda7a-def5-0000-0000-000000000003",
	1,
	"00000000-0000-0000-0000-000000000000",
	"00000000-0000-0000-0000-000000000000",
	3);
INSERT INTO S_DT
	VALUES ("ba5eda7a-def5-0000-0000-000000000003",
	"00000000-0000-0000-0000-000000000000",
	'real',
	'',
	'');
INSERT INTO S_CDT
	VALUES ("ba5eda7a-def5-0000-0000-000000000003",
	3);
INSERT INTO PE_PE
	VALUES ("ba5eda7a-def5-0000-0000-000000000004",
	1,
	"00000000-0000-0000-0000-000000000000",
	"00000000-0000-0000-0000-000000000000",
	3);
INSERT INTO S_DT
	VALUES ("ba5eda7a-def5-0000-0000-000000000004",
	"00000000-0000-0000-0000-000000000000",
	'string',
	'',
	'');
INSERT INTO S_CDT
	VALUES ("ba5eda7a-def5-0000-0000-000000000004",
	4);
INSERT INTO PE_PE
	VALUES ("ba5eda7a-def5-0000-0000-000000000005",
	1,
	"00000000-0000-0000-0000-000000000000",
	"00000000-0000-0000-0000-000000000000",
	3);
INSERT INTO S_DT
	VALUES ("ba5eda7a-def5-0000-0000-000000000005",
	"00000000-0000-0000-0000-000000000000",
	'unique_id',
	'',
	'');
INSERT INTO S_CDT
	VALUES ("ba5eda7a-def5-0000-0000-000000000005",
	5);
INSERT INTO PE_PE
	VALUES ("ba5eda7a-def5-0000-0000-000000000006",
	1,
	"00000000-0000-0000-0000-000000000000",
	"00000000-0000-0000-0000-000000000000",
	3);
INSERT INTO S_DT
	VALUES ("ba5eda7a-def5-0000-0000-000000000006",
	"00000000-0000-0000-0000-000000000000",
	'state<State_Model>',
	'',
	'');
INSERT INTO S_CDT
	VALUES ("ba5eda7a-def5-0000-0000-000000000006",
	6);
INSERT INTO PE_PE
	VALUES ("ba5eda7a-def5-0000-0000-000000000007",
	1,
	"00000000-0000-0000-0000-000000000000",
	"00000000-0000-0000-0000-000000000000",
	3);
INSERT INTO S_DT
	VALUES ("ba5eda7a-def5-0000-0000-000000000007",
	"00000000-0000-0000-0000-000000000000",
	'same_as<Base_Attribute>',
	'',
	'');
INSERT INTO S_CDT
	VALUES ("ba5eda7a-def5-0000-0000-000000000007",
	7);
INSERT INTO PE_PE
	VALUES ("ba5eda7a-def5-0000-0000-000000000008",
	1,
	"00000000-0000-0000-0000-000000000000",
	"00000000-0000-0000-0000-000000000000",
	3);
INSERT INTO S_DT
	VALUES ("ba5eda7a-def5-0000-0000-000000000008",
	"00000000-0000-0000-0000-000000000000",
	'inst_ref<Object>',
	'',
	'');
INSERT INTO S_CDT
	VALUES ("ba5eda7a-def5-0000-0000-000000000008",
	8);
INSERT INTO PE_PE
	VALUES ("ba5eda7a-def5-0000-0000-000000000009",
	1,
	"00000000-0000-0000-0000-000000000000",
	"00000000-0000-0000-0000-000000000000",
	3);
INSERT INTO S_DT
	VALUES ("ba5eda7a-def5-0000-0000-000000000009",
	"00000000-0000-0000-0000-000000000000",
	'inst_ref_set<Object>',
	'',
	'');
INSERT INTO S_CDT
	VALUES ("ba5eda7a-def5-0000-0000-000000000009",
	9);
INSERT INTO PE_PE
	VALUES ("ba5eda7a-def5-0000-0000-00000000000a",
	1,
	"00000000-0000-0000-0000-000000000000",
	"00000000-0000-0000-0000-000000000000",
	3);
INSERT INTO S_DT
	VALUES ("ba5eda7a-def5-0000-0000-00000000000a",
	"00000000-0000-0000-0000-000000000000",
	'inst<Event>',
	'',
	'');
INSERT INTO S_CDT
	VALUES ("ba5eda7a-def5-0000-0000-00000000000a",
	10);
INSERT INTO PE_PE
	VALUES ("ba5eda7a-def5-0000-0000-00000000000b",
	1,
	"00000000-0000-0000-0000-000000000000",
	"00000000-0000-0000-0000-000000000000",
	3);
INSERT INTO S_DT
	VALUES ("ba5eda7a-def5-0000-0000-00000000000b",
	"00000000-0000-0000-0000-000000000000",
	'inst<Mapping>',
	'',
	'');
INSERT INTO S_CDT
	VALUES ("ba5eda7a-def5-0000-0000-00000000000b",
	11);
INSERT INTO PE_PE
	VALUES ("ba5eda7a-def5-0000-0000-00000000000c",
	1,
	"00000000-0000-0000-0000-000000000000",
	"00000000-0000-0000-0000-000000000000",
	3);
INSERT INTO S_DT
	VALUES ("ba5eda7a-def5-0000-0000-00000000000c",
	"00000000-0000-0000-0000-000000000000",
	'inst_ref<Mapping>',
	'',
	'');
INSERT INTO S_CDT
	VALUES ("ba5eda7a-def5-0000-0000-00000000000c",
	12);
INSERT INTO PE_PE
	VALUES ("ba5eda7a-def5-0000-0000-00000000000d",
	1,
	"00000000-0000-0000-0000-000000000000",
	"00000000-0000-0000-0000-000000000000",
	3);
INSERT INTO S_DT
	VALUES ("ba5eda7a-def5-0000-0000-00000000000d",
	"00000000-0000-0000-0000-000000000000",
	'component_ref',
	'',
	'');
INSERT INTO S_CDT
	VALUES ("ba5eda7a-def5-0000-0000-00000000000d",
	13);
INSERT INTO PE_PE
	VALUES ("ba5eda7a-def5-0000-0000-00000000000e",
	1,
	"00000000-0000-0000-0000-000000000000",
	"00000000-0000-0000-0000-000000000000",
	3);
INSERT INTO S_DT
	VALUES ("ba5eda7a-def5-0000-0000-00000000000e",
	"00000000-0000-0000-0000-000000000000",
	'date',
	'',
	'');
INSERT INTO S_UDT
	VALUES ("ba5eda7a-def5-0000-0000-00000000000e",
	"ba5eda7a-def5-0000-0000-00000000000b",
	1,
	'');
INSERT INTO PE_PE
	VALUES ("ba5eda7a-def5-0000-0000-00000000000f",
	1,
	"00000000-0000-0000-0000-000000000000",
	"00000000-0000-0000-0000-000000000000",
	3);
INSERT INTO S_DT
	VALUES ("ba5eda7a-def5-0000-0000-00000000000f",
	"00000000-0000-0000-0000-000000000000",
	'inst_ref<Timer>',
	'',
	'');
INSERT INTO S_UDT
	VALUES ("ba5eda7a-def5-0000-0000-00000000000f",
	"ba5eda7a-def5-0000-0000-00000000000c",
	3,
	'');
INSERT INTO PE_PE
	VALUES ("ba5eda7a-def5-0000-0000-000000000010",
	1,
	"00000000-0000-0000-0000-000000000000",
	"00000000-0000-0000-0000-000000000000",
	3);
INSERT INTO S_DT
	VALUES ("ba5eda7a-def5-0000-0000-000000000010",
	"00000000-0000-0000-0000-000000000000",
	'timestamp',
	'',
	'');
INSERT INTO S_UDT
	VALUES ("ba5eda7a-def5-0000-0000-000000000010",
	"ba5eda7a-def5-0000-0000-00000000000b",
	2,
	'');
