-- root-types-contained: SystemModel_c,PackageableElement_c,DataType_c,CoreDataType_c,UserDataType_c
-- BP 7.1 content: StreamData syschar: 3 persistence-version: 7.1.6

INSERT INTO S_SYS
	VALUES ("d54cad86-f7be-4655-8747-a3752eb88fc1",
	'AssignRemoveEvents',
	1);
INSERT INTO EP_PKG
	VALUES ("608f6883-c5e8-4f72-92c4-dfad6183f40b",
	"d54cad86-f7be-4655-8747-a3752eb88fc1",
	"d54cad86-f7be-4655-8747-a3752eb88fc1",
	'AssignRemoveEvents',
	'',
	0);
INSERT INTO PE_PE
	VALUES ("971e8d4c-fe37-4841-a2bb-f069be7a3b1f",
	1,
	"608f6883-c5e8-4f72-92c4-dfad6183f40b",
	"00000000-0000-0000-0000-000000000000",
	-1);
INSERT INTO EP_PKG
	VALUES ("971e8d4c-fe37-4841-a2bb-f069be7a3b1f",
	"00000000-0000-0000-0000-000000000000",
	"d54cad86-f7be-4655-8747-a3752eb88fc1",
	'AssignEventIssue662',
	'',
	0);
INSERT INTO PE_PE
	VALUES ("2035474a-7da1-468c-849b-077c882935b5",
	1,
	"971e8d4c-fe37-4841-a2bb-f069be7a3b1f",
	"00000000-0000-0000-0000-000000000000",
	4);
INSERT INTO O_OBJ
	VALUES ("2035474a-7da1-468c-849b-077c882935b5",
	'Test Class 10',
	8,
	'KEY',
	'',
	"00000000-0000-0000-0000-000000000000");
INSERT INTO O_NBATTR
	VALUES ("a11a0184-26c2-4355-a849-41c00abe9a24",
	"2035474a-7da1-468c-849b-077c882935b5");
INSERT INTO O_BATTR
	VALUES ("a11a0184-26c2-4355-a849-41c00abe9a24",
	"2035474a-7da1-468c-849b-077c882935b5");
INSERT INTO O_ATTR
	VALUES ("a11a0184-26c2-4355-a849-41c00abe9a24",
	"2035474a-7da1-468c-849b-077c882935b5",
	"00000000-0000-0000-0000-000000000000",
	'current_state',
	'',
	'',
	'current_state',
	0,
	"ba5eda7a-def5-0000-0000-000000000006",
	'',
	'');
INSERT INTO O_ID
	VALUES (0,
	"2035474a-7da1-468c-849b-077c882935b5");
INSERT INTO O_ID
	VALUES (1,
	"2035474a-7da1-468c-849b-077c882935b5");
INSERT INTO O_ID
	VALUES (2,
	"2035474a-7da1-468c-849b-077c882935b5");
INSERT INTO SM_ISM
	VALUES ("d697b807-81da-4bd6-8879-79f13d1d1a84",
	"2035474a-7da1-468c-849b-077c882935b5");
INSERT INTO SM_SM
	VALUES ("d697b807-81da-4bd6-8879-79f13d1d1a84",
	'',
	0);
INSERT INTO SM_MOORE
	VALUES ("d697b807-81da-4bd6-8879-79f13d1d1a84");
INSERT INTO SM_LEVT
	VALUES ("cf111ddb-7a3c-497b-a4d0-7d4ee0c49b9a",
	"d697b807-81da-4bd6-8879-79f13d1d1a84",
	"00000000-0000-0000-0000-000000000000");
INSERT INTO SM_SEVT
	VALUES ("cf111ddb-7a3c-497b-a4d0-7d4ee0c49b9a",
	"d697b807-81da-4bd6-8879-79f13d1d1a84",
	"00000000-0000-0000-0000-000000000000");
INSERT INTO SM_EVT
	VALUES ("cf111ddb-7a3c-497b-a4d0-7d4ee0c49b9a",
	"d697b807-81da-4bd6-8879-79f13d1d1a84",
	"00000000-0000-0000-0000-000000000000",
	1,
	'evt1',
	0,
	'',
	'KEY1',
	'');
INSERT INTO SM_LEVT
	VALUES ("07a31314-7bd0-4b2a-9bc5-f829431874a4",
	"d697b807-81da-4bd6-8879-79f13d1d1a84",
	"00000000-0000-0000-0000-000000000000");
INSERT INTO SM_SEVT
	VALUES ("07a31314-7bd0-4b2a-9bc5-f829431874a4",
	"d697b807-81da-4bd6-8879-79f13d1d1a84",
	"00000000-0000-0000-0000-000000000000");
INSERT INTO SM_EVT
	VALUES ("07a31314-7bd0-4b2a-9bc5-f829431874a4",
	"d697b807-81da-4bd6-8879-79f13d1d1a84",
	"00000000-0000-0000-0000-000000000000",
	2,
	'evt2',
	0,
	'',
	'KEY2',
	'');
INSERT INTO SM_LEVT
	VALUES ("73235c15-d936-4c2a-a17f-90c146b5ca11",
	"d697b807-81da-4bd6-8879-79f13d1d1a84",
	"00000000-0000-0000-0000-000000000000");
INSERT INTO SM_SEVT
	VALUES ("73235c15-d936-4c2a-a17f-90c146b5ca11",
	"d697b807-81da-4bd6-8879-79f13d1d1a84",
	"00000000-0000-0000-0000-000000000000");
INSERT INTO SM_EVT
	VALUES ("73235c15-d936-4c2a-a17f-90c146b5ca11",
	"d697b807-81da-4bd6-8879-79f13d1d1a84",
	"00000000-0000-0000-0000-000000000000",
	3,
	'evt3',
	0,
	'',
	'KEY3',
	'');
INSERT INTO SM_LEVT
	VALUES ("8333aa0f-e3ab-4183-9f2c-daa981e35f39",
	"d697b807-81da-4bd6-8879-79f13d1d1a84",
	"00000000-0000-0000-0000-000000000000");
INSERT INTO SM_SEVT
	VALUES ("8333aa0f-e3ab-4183-9f2c-daa981e35f39",
	"d697b807-81da-4bd6-8879-79f13d1d1a84",
	"00000000-0000-0000-0000-000000000000");
INSERT INTO SM_EVT
	VALUES ("8333aa0f-e3ab-4183-9f2c-daa981e35f39",
	"d697b807-81da-4bd6-8879-79f13d1d1a84",
	"00000000-0000-0000-0000-000000000000",
	4,
	'evt4',
	0,
	'',
	'KEY4',
	'');
INSERT INTO SM_STATE
	VALUES ("c75855c1-d6e1-40c6-93c8-0485f51a4b99",
	"d697b807-81da-4bd6-8879-79f13d1d1a84",
	"00000000-0000-0000-0000-000000000000",
	'M',
	1,
	0);
INSERT INTO SM_CH
	VALUES ("c75855c1-d6e1-40c6-93c8-0485f51a4b99",
	"cf111ddb-7a3c-497b-a4d0-7d4ee0c49b9a",
	"d697b807-81da-4bd6-8879-79f13d1d1a84",
	"00000000-0000-0000-0000-000000000000",
	'');
INSERT INTO SM_SEME
	VALUES ("c75855c1-d6e1-40c6-93c8-0485f51a4b99",
	"cf111ddb-7a3c-497b-a4d0-7d4ee0c49b9a",
	"d697b807-81da-4bd6-8879-79f13d1d1a84",
	"00000000-0000-0000-0000-000000000000");
INSERT INTO SM_CH
	VALUES ("c75855c1-d6e1-40c6-93c8-0485f51a4b99",
	"07a31314-7bd0-4b2a-9bc5-f829431874a4",
	"d697b807-81da-4bd6-8879-79f13d1d1a84",
	"00000000-0000-0000-0000-000000000000",
	'');
INSERT INTO SM_SEME
	VALUES ("c75855c1-d6e1-40c6-93c8-0485f51a4b99",
	"07a31314-7bd0-4b2a-9bc5-f829431874a4",
	"d697b807-81da-4bd6-8879-79f13d1d1a84",
	"00000000-0000-0000-0000-000000000000");
INSERT INTO SM_CH
	VALUES ("c75855c1-d6e1-40c6-93c8-0485f51a4b99",
	"73235c15-d936-4c2a-a17f-90c146b5ca11",
	"d697b807-81da-4bd6-8879-79f13d1d1a84",
	"00000000-0000-0000-0000-000000000000",
	'');
INSERT INTO SM_SEME
	VALUES ("c75855c1-d6e1-40c6-93c8-0485f51a4b99",
	"73235c15-d936-4c2a-a17f-90c146b5ca11",
	"d697b807-81da-4bd6-8879-79f13d1d1a84",
	"00000000-0000-0000-0000-000000000000");
INSERT INTO SM_CH
	VALUES ("c75855c1-d6e1-40c6-93c8-0485f51a4b99",
	"8333aa0f-e3ab-4183-9f2c-daa981e35f39",
	"d697b807-81da-4bd6-8879-79f13d1d1a84",
	"00000000-0000-0000-0000-000000000000",
	'');
INSERT INTO SM_SEME
	VALUES ("c75855c1-d6e1-40c6-93c8-0485f51a4b99",
	"8333aa0f-e3ab-4183-9f2c-daa981e35f39",
	"d697b807-81da-4bd6-8879-79f13d1d1a84",
	"00000000-0000-0000-0000-000000000000");
INSERT INTO SM_MOAH
	VALUES ("ee018f48-3a20-42d5-96eb-502fa0267f9f",
	"d697b807-81da-4bd6-8879-79f13d1d1a84",
	"c75855c1-d6e1-40c6-93c8-0485f51a4b99");
INSERT INTO SM_AH
	VALUES ("ee018f48-3a20-42d5-96eb-502fa0267f9f",
	"d697b807-81da-4bd6-8879-79f13d1d1a84");
INSERT INTO SM_ACT
	VALUES ("ee018f48-3a20-42d5-96eb-502fa0267f9f",
	"d697b807-81da-4bd6-8879-79f13d1d1a84",
	0,
	'',
	'');
INSERT INTO SM_STATE
	VALUES ("6e0a0cbc-ff0c-4fb8-a93a-305f7ffc5bf0",
	"d697b807-81da-4bd6-8879-79f13d1d1a84",
	"00000000-0000-0000-0000-000000000000",
	'N',
	2,
	0);
INSERT INTO SM_CH
	VALUES ("6e0a0cbc-ff0c-4fb8-a93a-305f7ffc5bf0",
	"cf111ddb-7a3c-497b-a4d0-7d4ee0c49b9a",
	"d697b807-81da-4bd6-8879-79f13d1d1a84",
	"00000000-0000-0000-0000-000000000000",
	'');
INSERT INTO SM_SEME
	VALUES ("6e0a0cbc-ff0c-4fb8-a93a-305f7ffc5bf0",
	"cf111ddb-7a3c-497b-a4d0-7d4ee0c49b9a",
	"d697b807-81da-4bd6-8879-79f13d1d1a84",
	"00000000-0000-0000-0000-000000000000");
INSERT INTO SM_CH
	VALUES ("6e0a0cbc-ff0c-4fb8-a93a-305f7ffc5bf0",
	"07a31314-7bd0-4b2a-9bc5-f829431874a4",
	"d697b807-81da-4bd6-8879-79f13d1d1a84",
	"00000000-0000-0000-0000-000000000000",
	'');
INSERT INTO SM_SEME
	VALUES ("6e0a0cbc-ff0c-4fb8-a93a-305f7ffc5bf0",
	"07a31314-7bd0-4b2a-9bc5-f829431874a4",
	"d697b807-81da-4bd6-8879-79f13d1d1a84",
	"00000000-0000-0000-0000-000000000000");
INSERT INTO SM_CH
	VALUES ("6e0a0cbc-ff0c-4fb8-a93a-305f7ffc5bf0",
	"73235c15-d936-4c2a-a17f-90c146b5ca11",
	"d697b807-81da-4bd6-8879-79f13d1d1a84",
	"00000000-0000-0000-0000-000000000000",
	'');
INSERT INTO SM_SEME
	VALUES ("6e0a0cbc-ff0c-4fb8-a93a-305f7ffc5bf0",
	"73235c15-d936-4c2a-a17f-90c146b5ca11",
	"d697b807-81da-4bd6-8879-79f13d1d1a84",
	"00000000-0000-0000-0000-000000000000");
INSERT INTO SM_CH
	VALUES ("6e0a0cbc-ff0c-4fb8-a93a-305f7ffc5bf0",
	"8333aa0f-e3ab-4183-9f2c-daa981e35f39",
	"d697b807-81da-4bd6-8879-79f13d1d1a84",
	"00000000-0000-0000-0000-000000000000",
	'');
INSERT INTO SM_SEME
	VALUES ("6e0a0cbc-ff0c-4fb8-a93a-305f7ffc5bf0",
	"8333aa0f-e3ab-4183-9f2c-daa981e35f39",
	"d697b807-81da-4bd6-8879-79f13d1d1a84",
	"00000000-0000-0000-0000-000000000000");
INSERT INTO SM_MOAH
	VALUES ("1074c143-8027-450b-a33c-8a9a4f993c86",
	"d697b807-81da-4bd6-8879-79f13d1d1a84",
	"6e0a0cbc-ff0c-4fb8-a93a-305f7ffc5bf0");
INSERT INTO SM_AH
	VALUES ("1074c143-8027-450b-a33c-8a9a4f993c86",
	"d697b807-81da-4bd6-8879-79f13d1d1a84");
INSERT INTO SM_ACT
	VALUES ("1074c143-8027-450b-a33c-8a9a4f993c86",
	"d697b807-81da-4bd6-8879-79f13d1d1a84",
	0,
	'',
	'');
INSERT INTO SM_STATE
	VALUES ("737ceeca-b2f6-42ea-b49d-c00fb730f1aa",
	"d697b807-81da-4bd6-8879-79f13d1d1a84",
	"00000000-0000-0000-0000-000000000000",
	'O',
	3,
	0);
INSERT INTO SM_CH
	VALUES ("737ceeca-b2f6-42ea-b49d-c00fb730f1aa",
	"cf111ddb-7a3c-497b-a4d0-7d4ee0c49b9a",
	"d697b807-81da-4bd6-8879-79f13d1d1a84",
	"00000000-0000-0000-0000-000000000000",
	'');
INSERT INTO SM_SEME
	VALUES ("737ceeca-b2f6-42ea-b49d-c00fb730f1aa",
	"cf111ddb-7a3c-497b-a4d0-7d4ee0c49b9a",
	"d697b807-81da-4bd6-8879-79f13d1d1a84",
	"00000000-0000-0000-0000-000000000000");
INSERT INTO SM_CH
	VALUES ("737ceeca-b2f6-42ea-b49d-c00fb730f1aa",
	"07a31314-7bd0-4b2a-9bc5-f829431874a4",
	"d697b807-81da-4bd6-8879-79f13d1d1a84",
	"00000000-0000-0000-0000-000000000000",
	'');
INSERT INTO SM_SEME
	VALUES ("737ceeca-b2f6-42ea-b49d-c00fb730f1aa",
	"07a31314-7bd0-4b2a-9bc5-f829431874a4",
	"d697b807-81da-4bd6-8879-79f13d1d1a84",
	"00000000-0000-0000-0000-000000000000");
INSERT INTO SM_CH
	VALUES ("737ceeca-b2f6-42ea-b49d-c00fb730f1aa",
	"73235c15-d936-4c2a-a17f-90c146b5ca11",
	"d697b807-81da-4bd6-8879-79f13d1d1a84",
	"00000000-0000-0000-0000-000000000000",
	'');
INSERT INTO SM_SEME
	VALUES ("737ceeca-b2f6-42ea-b49d-c00fb730f1aa",
	"73235c15-d936-4c2a-a17f-90c146b5ca11",
	"d697b807-81da-4bd6-8879-79f13d1d1a84",
	"00000000-0000-0000-0000-000000000000");
INSERT INTO SM_CH
	VALUES ("737ceeca-b2f6-42ea-b49d-c00fb730f1aa",
	"8333aa0f-e3ab-4183-9f2c-daa981e35f39",
	"d697b807-81da-4bd6-8879-79f13d1d1a84",
	"00000000-0000-0000-0000-000000000000",
	'');
INSERT INTO SM_SEME
	VALUES ("737ceeca-b2f6-42ea-b49d-c00fb730f1aa",
	"8333aa0f-e3ab-4183-9f2c-daa981e35f39",
	"d697b807-81da-4bd6-8879-79f13d1d1a84",
	"00000000-0000-0000-0000-000000000000");
INSERT INTO SM_MOAH
	VALUES ("9a815066-5336-47e4-9d93-ba6788fcbfe4",
	"d697b807-81da-4bd6-8879-79f13d1d1a84",
	"737ceeca-b2f6-42ea-b49d-c00fb730f1aa");
INSERT INTO SM_AH
	VALUES ("9a815066-5336-47e4-9d93-ba6788fcbfe4",
	"d697b807-81da-4bd6-8879-79f13d1d1a84");
INSERT INTO SM_ACT
	VALUES ("9a815066-5336-47e4-9d93-ba6788fcbfe4",
	"d697b807-81da-4bd6-8879-79f13d1d1a84",
	0,
	'',
	'');
INSERT INTO SM_STATE
	VALUES ("92a9141f-6862-4ea0-988a-9b84d4667661",
	"d697b807-81da-4bd6-8879-79f13d1d1a84",
	"00000000-0000-0000-0000-000000000000",
	'P',
	4,
	0);
INSERT INTO SM_CH
	VALUES ("92a9141f-6862-4ea0-988a-9b84d4667661",
	"cf111ddb-7a3c-497b-a4d0-7d4ee0c49b9a",
	"d697b807-81da-4bd6-8879-79f13d1d1a84",
	"00000000-0000-0000-0000-000000000000",
	'');
INSERT INTO SM_SEME
	VALUES ("92a9141f-6862-4ea0-988a-9b84d4667661",
	"cf111ddb-7a3c-497b-a4d0-7d4ee0c49b9a",
	"d697b807-81da-4bd6-8879-79f13d1d1a84",
	"00000000-0000-0000-0000-000000000000");
INSERT INTO SM_CH
	VALUES ("92a9141f-6862-4ea0-988a-9b84d4667661",
	"07a31314-7bd0-4b2a-9bc5-f829431874a4",
	"d697b807-81da-4bd6-8879-79f13d1d1a84",
	"00000000-0000-0000-0000-000000000000",
	'');
INSERT INTO SM_SEME
	VALUES ("92a9141f-6862-4ea0-988a-9b84d4667661",
	"07a31314-7bd0-4b2a-9bc5-f829431874a4",
	"d697b807-81da-4bd6-8879-79f13d1d1a84",
	"00000000-0000-0000-0000-000000000000");
INSERT INTO SM_CH
	VALUES ("92a9141f-6862-4ea0-988a-9b84d4667661",
	"73235c15-d936-4c2a-a17f-90c146b5ca11",
	"d697b807-81da-4bd6-8879-79f13d1d1a84",
	"00000000-0000-0000-0000-000000000000",
	'');
INSERT INTO SM_SEME
	VALUES ("92a9141f-6862-4ea0-988a-9b84d4667661",
	"73235c15-d936-4c2a-a17f-90c146b5ca11",
	"d697b807-81da-4bd6-8879-79f13d1d1a84",
	"00000000-0000-0000-0000-000000000000");
INSERT INTO SM_CH
	VALUES ("92a9141f-6862-4ea0-988a-9b84d4667661",
	"8333aa0f-e3ab-4183-9f2c-daa981e35f39",
	"d697b807-81da-4bd6-8879-79f13d1d1a84",
	"00000000-0000-0000-0000-000000000000",
	'');
INSERT INTO SM_SEME
	VALUES ("92a9141f-6862-4ea0-988a-9b84d4667661",
	"8333aa0f-e3ab-4183-9f2c-daa981e35f39",
	"d697b807-81da-4bd6-8879-79f13d1d1a84",
	"00000000-0000-0000-0000-000000000000");
INSERT INTO SM_MOAH
	VALUES ("e4ffcc44-0ecc-4acf-b65e-f92a9fb01f73",
	"d697b807-81da-4bd6-8879-79f13d1d1a84",
	"92a9141f-6862-4ea0-988a-9b84d4667661");
INSERT INTO SM_AH
	VALUES ("e4ffcc44-0ecc-4acf-b65e-f92a9fb01f73",
	"d697b807-81da-4bd6-8879-79f13d1d1a84");
INSERT INTO SM_ACT
	VALUES ("e4ffcc44-0ecc-4acf-b65e-f92a9fb01f73",
	"d697b807-81da-4bd6-8879-79f13d1d1a84",
	0,
	'',
	'');
INSERT INTO SM_CRTXN
	VALUES ("d6ea6f8c-5141-4347-80e4-065c5877382e",
	"d697b807-81da-4bd6-8879-79f13d1d1a84",
	"cf111ddb-7a3c-497b-a4d0-7d4ee0c49b9a",
	"00000000-0000-0000-0000-000000000000");
INSERT INTO SM_TAH
	VALUES ("0ffa3180-4d92-440a-b367-8f913c389fca",
	"d697b807-81da-4bd6-8879-79f13d1d1a84",
	"d6ea6f8c-5141-4347-80e4-065c5877382e");
INSERT INTO SM_AH
	VALUES ("0ffa3180-4d92-440a-b367-8f913c389fca",
	"d697b807-81da-4bd6-8879-79f13d1d1a84");
INSERT INTO SM_ACT
	VALUES ("0ffa3180-4d92-440a-b367-8f913c389fca",
	"d697b807-81da-4bd6-8879-79f13d1d1a84",
	1,
	'',
	'');
INSERT INTO ACT_TAB
	VALUES ("c08575d7-5d58-46bd-8d3d-294a01ac3bf6",
	"d697b807-81da-4bd6-8879-79f13d1d1a84",
	"0ffa3180-4d92-440a-b367-8f913c389fca");
INSERT INTO ACT_ACT
	VALUES ("c08575d7-5d58-46bd-8d3d-294a01ac3bf6",
	'transition',
	0,
	"0b14e5e4-90f0-4599-b911-f6a5107c62e3",
	"00000000-0000-0000-0000-000000000000",
	0,
	'KEY1: evt1',
	"00000000-0000-0000-0000-000000000000");
INSERT INTO ACT_BLK
	VALUES ("0b14e5e4-90f0-4599-b911-f6a5107c62e3",
	0,
	0,
	0,
	'',
	'',
	'',
	0,
	0,
	0,
	0,
	0,
	0,
	0,
	0,
	0,
	0,
	0,
	0,
	0,
	"c08575d7-5d58-46bd-8d3d-294a01ac3bf6",
	"00000000-0000-0000-0000-000000000000");
INSERT INTO SM_TXN
	VALUES ("d6ea6f8c-5141-4347-80e4-065c5877382e",
	"d697b807-81da-4bd6-8879-79f13d1d1a84",
	"c75855c1-d6e1-40c6-93c8-0485f51a4b99",
	"00000000-0000-0000-0000-000000000000");
INSERT INTO SM_CRTXN
	VALUES ("a1a13203-1a6c-4190-a7f7-054e333a69c5",
	"d697b807-81da-4bd6-8879-79f13d1d1a84",
	"00000000-0000-0000-0000-000000000000",
	"00000000-0000-0000-0000-000000000000");
INSERT INTO SM_TAH
	VALUES ("005f3831-449b-4114-ad5a-c690bc5bce57",
	"d697b807-81da-4bd6-8879-79f13d1d1a84",
	"a1a13203-1a6c-4190-a7f7-054e333a69c5");
INSERT INTO SM_AH
	VALUES ("005f3831-449b-4114-ad5a-c690bc5bce57",
	"d697b807-81da-4bd6-8879-79f13d1d1a84");
INSERT INTO SM_ACT
	VALUES ("005f3831-449b-4114-ad5a-c690bc5bce57",
	"d697b807-81da-4bd6-8879-79f13d1d1a84",
	1,
	'',
	'');
INSERT INTO ACT_TAB
	VALUES ("5279671f-c753-4279-a82e-241e562ec0d9",
	"d697b807-81da-4bd6-8879-79f13d1d1a84",
	"005f3831-449b-4114-ad5a-c690bc5bce57");
INSERT INTO ACT_ACT
	VALUES ("5279671f-c753-4279-a82e-241e562ec0d9",
	'transition',
	0,
	"57dc1691-595a-4351-9162-c046ccb8e609",
	"00000000-0000-0000-0000-000000000000",
	0,
	'No Event Assigned',
	"00000000-0000-0000-0000-000000000000");
INSERT INTO ACT_BLK
	VALUES ("57dc1691-595a-4351-9162-c046ccb8e609",
	0,
	0,
	0,
	'',
	'',
	'',
	0,
	0,
	0,
	0,
	0,
	0,
	0,
	0,
	0,
	0,
	0,
	0,
	0,
	"5279671f-c753-4279-a82e-241e562ec0d9",
	"00000000-0000-0000-0000-000000000000");
INSERT INTO SM_TXN
	VALUES ("a1a13203-1a6c-4190-a7f7-054e333a69c5",
	"d697b807-81da-4bd6-8879-79f13d1d1a84",
	"6e0a0cbc-ff0c-4fb8-a93a-305f7ffc5bf0",
	"00000000-0000-0000-0000-000000000000");
INSERT INTO SM_CRTXN
	VALUES ("9cb7c2c6-5444-4833-a3ff-870adcad7194",
	"d697b807-81da-4bd6-8879-79f13d1d1a84",
	"07a31314-7bd0-4b2a-9bc5-f829431874a4",
	"00000000-0000-0000-0000-000000000000");
INSERT INTO SM_TAH
	VALUES ("836a1803-96c6-47a4-889f-33f193c72e42",
	"d697b807-81da-4bd6-8879-79f13d1d1a84",
	"9cb7c2c6-5444-4833-a3ff-870adcad7194");
INSERT INTO SM_AH
	VALUES ("836a1803-96c6-47a4-889f-33f193c72e42",
	"d697b807-81da-4bd6-8879-79f13d1d1a84");
INSERT INTO SM_ACT
	VALUES ("836a1803-96c6-47a4-889f-33f193c72e42",
	"d697b807-81da-4bd6-8879-79f13d1d1a84",
	1,
	'',
	'');
INSERT INTO ACT_TAB
	VALUES ("8ab60d62-19b9-48c8-8bb2-a3da1d599cef",
	"d697b807-81da-4bd6-8879-79f13d1d1a84",
	"836a1803-96c6-47a4-889f-33f193c72e42");
INSERT INTO ACT_ACT
	VALUES ("8ab60d62-19b9-48c8-8bb2-a3da1d599cef",
	'transition',
	0,
	"3cc84d22-7272-4d61-b7c8-d48e844883ec",
	"00000000-0000-0000-0000-000000000000",
	0,
	'KEY2: evt2',
	"00000000-0000-0000-0000-000000000000");
INSERT INTO ACT_BLK
	VALUES ("3cc84d22-7272-4d61-b7c8-d48e844883ec",
	0,
	0,
	0,
	'',
	'',
	'',
	0,
	0,
	0,
	0,
	0,
	0,
	0,
	0,
	0,
	0,
	0,
	0,
	0,
	"8ab60d62-19b9-48c8-8bb2-a3da1d599cef",
	"00000000-0000-0000-0000-000000000000");
INSERT INTO SM_TXN
	VALUES ("9cb7c2c6-5444-4833-a3ff-870adcad7194",
	"d697b807-81da-4bd6-8879-79f13d1d1a84",
	"737ceeca-b2f6-42ea-b49d-c00fb730f1aa",
	"00000000-0000-0000-0000-000000000000");
INSERT INTO SM_CRTXN
	VALUES ("8d5fa79b-e616-4de1-b922-7fe386e58793",
	"d697b807-81da-4bd6-8879-79f13d1d1a84",
	"73235c15-d936-4c2a-a17f-90c146b5ca11",
	"00000000-0000-0000-0000-000000000000");
INSERT INTO SM_TAH
	VALUES ("e12ae7ae-bb4d-4a46-b9ec-0bbdc24fa231",
	"d697b807-81da-4bd6-8879-79f13d1d1a84",
	"8d5fa79b-e616-4de1-b922-7fe386e58793");
INSERT INTO SM_AH
	VALUES ("e12ae7ae-bb4d-4a46-b9ec-0bbdc24fa231",
	"d697b807-81da-4bd6-8879-79f13d1d1a84");
INSERT INTO SM_ACT
	VALUES ("e12ae7ae-bb4d-4a46-b9ec-0bbdc24fa231",
	"d697b807-81da-4bd6-8879-79f13d1d1a84",
	1,
	'',
	'');
INSERT INTO ACT_TAB
	VALUES ("88a33f36-902b-4554-8934-a1a4af59cfb5",
	"d697b807-81da-4bd6-8879-79f13d1d1a84",
	"e12ae7ae-bb4d-4a46-b9ec-0bbdc24fa231");
INSERT INTO ACT_ACT
	VALUES ("88a33f36-902b-4554-8934-a1a4af59cfb5",
	'transition',
	0,
	"696bae32-4eda-44c1-9f29-026740a4bdeb",
	"00000000-0000-0000-0000-000000000000",
	0,
	'KEY3: evt3',
	"00000000-0000-0000-0000-000000000000");
INSERT INTO ACT_BLK
	VALUES ("696bae32-4eda-44c1-9f29-026740a4bdeb",
	0,
	0,
	0,
	'',
	'',
	'',
	0,
	0,
	0,
	0,
	0,
	0,
	0,
	0,
	0,
	0,
	0,
	0,
	0,
	"88a33f36-902b-4554-8934-a1a4af59cfb5",
	"00000000-0000-0000-0000-000000000000");
INSERT INTO SM_TXN
	VALUES ("8d5fa79b-e616-4de1-b922-7fe386e58793",
	"d697b807-81da-4bd6-8879-79f13d1d1a84",
	"92a9141f-6862-4ea0-988a-9b84d4667661",
	"00000000-0000-0000-0000-000000000000");
INSERT INTO PE_PE
	VALUES ("e2928252-b90a-4809-8370-667eeaf5e487",
	1,
	"971e8d4c-fe37-4841-a2bb-f069be7a3b1f",
	"00000000-0000-0000-0000-000000000000",
	4);
INSERT INTO O_OBJ
	VALUES ("e2928252-b90a-4809-8370-667eeaf5e487",
	'Test Class 11',
	9,
	'KEY',
	'',
	"00000000-0000-0000-0000-000000000000");
INSERT INTO O_NBATTR
	VALUES ("ff01d860-ac68-4bc5-be65-43695a711454",
	"e2928252-b90a-4809-8370-667eeaf5e487");
INSERT INTO O_BATTR
	VALUES ("ff01d860-ac68-4bc5-be65-43695a711454",
	"e2928252-b90a-4809-8370-667eeaf5e487");
INSERT INTO O_ATTR
	VALUES ("ff01d860-ac68-4bc5-be65-43695a711454",
	"e2928252-b90a-4809-8370-667eeaf5e487",
	"00000000-0000-0000-0000-000000000000",
	'current_state',
	'',
	'',
	'current_state',
	0,
	"ba5eda7a-def5-0000-0000-000000000006",
	'',
	'');
INSERT INTO O_ID
	VALUES (0,
	"e2928252-b90a-4809-8370-667eeaf5e487");
INSERT INTO O_ID
	VALUES (1,
	"e2928252-b90a-4809-8370-667eeaf5e487");
INSERT INTO O_ID
	VALUES (2,
	"e2928252-b90a-4809-8370-667eeaf5e487");
INSERT INTO SM_ISM
	VALUES ("a9541787-1a1e-4a83-bad7-45dfa6173c30",
	"e2928252-b90a-4809-8370-667eeaf5e487");
INSERT INTO SM_SM
	VALUES ("a9541787-1a1e-4a83-bad7-45dfa6173c30",
	'',
	0);
INSERT INTO SM_MOORE
	VALUES ("a9541787-1a1e-4a83-bad7-45dfa6173c30");
INSERT INTO SM_LEVT
	VALUES ("fbfb45b1-eaba-41c5-93bf-2ca8caf33593",
	"a9541787-1a1e-4a83-bad7-45dfa6173c30",
	"00000000-0000-0000-0000-000000000000");
INSERT INTO SM_SEVT
	VALUES ("fbfb45b1-eaba-41c5-93bf-2ca8caf33593",
	"a9541787-1a1e-4a83-bad7-45dfa6173c30",
	"00000000-0000-0000-0000-000000000000");
INSERT INTO SM_EVT
	VALUES ("fbfb45b1-eaba-41c5-93bf-2ca8caf33593",
	"a9541787-1a1e-4a83-bad7-45dfa6173c30",
	"00000000-0000-0000-0000-000000000000",
	1,
	'evt1',
	0,
	'',
	'KEY1',
	'');
INSERT INTO SM_LEVT
	VALUES ("f41f4d8d-6c97-4e3b-9946-e6c068de0d03",
	"a9541787-1a1e-4a83-bad7-45dfa6173c30",
	"00000000-0000-0000-0000-000000000000");
INSERT INTO SM_SEVT
	VALUES ("f41f4d8d-6c97-4e3b-9946-e6c068de0d03",
	"a9541787-1a1e-4a83-bad7-45dfa6173c30",
	"00000000-0000-0000-0000-000000000000");
INSERT INTO SM_EVT
	VALUES ("f41f4d8d-6c97-4e3b-9946-e6c068de0d03",
	"a9541787-1a1e-4a83-bad7-45dfa6173c30",
	"00000000-0000-0000-0000-000000000000",
	2,
	'evt2',
	0,
	'',
	'KEY2',
	'');
INSERT INTO SM_LEVT
	VALUES ("b6285744-a921-4ce6-8c2d-9fb2e2cf53d7",
	"a9541787-1a1e-4a83-bad7-45dfa6173c30",
	"00000000-0000-0000-0000-000000000000");
INSERT INTO SM_SEVT
	VALUES ("b6285744-a921-4ce6-8c2d-9fb2e2cf53d7",
	"a9541787-1a1e-4a83-bad7-45dfa6173c30",
	"00000000-0000-0000-0000-000000000000");
INSERT INTO SM_EVT
	VALUES ("b6285744-a921-4ce6-8c2d-9fb2e2cf53d7",
	"a9541787-1a1e-4a83-bad7-45dfa6173c30",
	"00000000-0000-0000-0000-000000000000",
	3,
	'evt3',
	0,
	'',
	'KEY3',
	'');
INSERT INTO SM_STATE
	VALUES ("283e140d-3b0f-4be3-98ae-d97d91bd06cc",
	"a9541787-1a1e-4a83-bad7-45dfa6173c30",
	"00000000-0000-0000-0000-000000000000",
	'Q',
	1,
	0);
INSERT INTO SM_CH
	VALUES ("283e140d-3b0f-4be3-98ae-d97d91bd06cc",
	"fbfb45b1-eaba-41c5-93bf-2ca8caf33593",
	"a9541787-1a1e-4a83-bad7-45dfa6173c30",
	"00000000-0000-0000-0000-000000000000",
	'');
INSERT INTO SM_SEME
	VALUES ("283e140d-3b0f-4be3-98ae-d97d91bd06cc",
	"fbfb45b1-eaba-41c5-93bf-2ca8caf33593",
	"a9541787-1a1e-4a83-bad7-45dfa6173c30",
	"00000000-0000-0000-0000-000000000000");
INSERT INTO SM_CH
	VALUES ("283e140d-3b0f-4be3-98ae-d97d91bd06cc",
	"f41f4d8d-6c97-4e3b-9946-e6c068de0d03",
	"a9541787-1a1e-4a83-bad7-45dfa6173c30",
	"00000000-0000-0000-0000-000000000000",
	'');
INSERT INTO SM_SEME
	VALUES ("283e140d-3b0f-4be3-98ae-d97d91bd06cc",
	"f41f4d8d-6c97-4e3b-9946-e6c068de0d03",
	"a9541787-1a1e-4a83-bad7-45dfa6173c30",
	"00000000-0000-0000-0000-000000000000");
INSERT INTO SM_CH
	VALUES ("283e140d-3b0f-4be3-98ae-d97d91bd06cc",
	"b6285744-a921-4ce6-8c2d-9fb2e2cf53d7",
	"a9541787-1a1e-4a83-bad7-45dfa6173c30",
	"00000000-0000-0000-0000-000000000000",
	'');
INSERT INTO SM_SEME
	VALUES ("283e140d-3b0f-4be3-98ae-d97d91bd06cc",
	"b6285744-a921-4ce6-8c2d-9fb2e2cf53d7",
	"a9541787-1a1e-4a83-bad7-45dfa6173c30",
	"00000000-0000-0000-0000-000000000000");
INSERT INTO SM_MOAH
	VALUES ("b1ac7650-2604-4a61-8edb-e56cc0c85161",
	"a9541787-1a1e-4a83-bad7-45dfa6173c30",
	"283e140d-3b0f-4be3-98ae-d97d91bd06cc");
INSERT INTO SM_AH
	VALUES ("b1ac7650-2604-4a61-8edb-e56cc0c85161",
	"a9541787-1a1e-4a83-bad7-45dfa6173c30");
INSERT INTO SM_ACT
	VALUES ("b1ac7650-2604-4a61-8edb-e56cc0c85161",
	"a9541787-1a1e-4a83-bad7-45dfa6173c30",
	0,
	'',
	'');
INSERT INTO SM_STATE
	VALUES ("2f9460f4-8fab-431c-904d-de3caec0b7dd",
	"a9541787-1a1e-4a83-bad7-45dfa6173c30",
	"00000000-0000-0000-0000-000000000000",
	'R',
	2,
	0);
INSERT INTO SM_CH
	VALUES ("2f9460f4-8fab-431c-904d-de3caec0b7dd",
	"fbfb45b1-eaba-41c5-93bf-2ca8caf33593",
	"a9541787-1a1e-4a83-bad7-45dfa6173c30",
	"00000000-0000-0000-0000-000000000000",
	'');
INSERT INTO SM_SEME
	VALUES ("2f9460f4-8fab-431c-904d-de3caec0b7dd",
	"fbfb45b1-eaba-41c5-93bf-2ca8caf33593",
	"a9541787-1a1e-4a83-bad7-45dfa6173c30",
	"00000000-0000-0000-0000-000000000000");
INSERT INTO SM_CH
	VALUES ("2f9460f4-8fab-431c-904d-de3caec0b7dd",
	"f41f4d8d-6c97-4e3b-9946-e6c068de0d03",
	"a9541787-1a1e-4a83-bad7-45dfa6173c30",
	"00000000-0000-0000-0000-000000000000",
	'');
INSERT INTO SM_SEME
	VALUES ("2f9460f4-8fab-431c-904d-de3caec0b7dd",
	"f41f4d8d-6c97-4e3b-9946-e6c068de0d03",
	"a9541787-1a1e-4a83-bad7-45dfa6173c30",
	"00000000-0000-0000-0000-000000000000");
INSERT INTO SM_CH
	VALUES ("2f9460f4-8fab-431c-904d-de3caec0b7dd",
	"b6285744-a921-4ce6-8c2d-9fb2e2cf53d7",
	"a9541787-1a1e-4a83-bad7-45dfa6173c30",
	"00000000-0000-0000-0000-000000000000",
	'');
INSERT INTO SM_SEME
	VALUES ("2f9460f4-8fab-431c-904d-de3caec0b7dd",
	"b6285744-a921-4ce6-8c2d-9fb2e2cf53d7",
	"a9541787-1a1e-4a83-bad7-45dfa6173c30",
	"00000000-0000-0000-0000-000000000000");
INSERT INTO SM_MOAH
	VALUES ("00c149df-bd1b-42ad-b49f-49567a6c8f95",
	"a9541787-1a1e-4a83-bad7-45dfa6173c30",
	"2f9460f4-8fab-431c-904d-de3caec0b7dd");
INSERT INTO SM_AH
	VALUES ("00c149df-bd1b-42ad-b49f-49567a6c8f95",
	"a9541787-1a1e-4a83-bad7-45dfa6173c30");
INSERT INTO SM_ACT
	VALUES ("00c149df-bd1b-42ad-b49f-49567a6c8f95",
	"a9541787-1a1e-4a83-bad7-45dfa6173c30",
	0,
	'',
	'');
INSERT INTO SM_STATE
	VALUES ("a9352b2f-5176-461e-9be8-ebc5bd42a3e7",
	"a9541787-1a1e-4a83-bad7-45dfa6173c30",
	"00000000-0000-0000-0000-000000000000",
	'S',
	3,
	0);
INSERT INTO SM_CH
	VALUES ("a9352b2f-5176-461e-9be8-ebc5bd42a3e7",
	"fbfb45b1-eaba-41c5-93bf-2ca8caf33593",
	"a9541787-1a1e-4a83-bad7-45dfa6173c30",
	"00000000-0000-0000-0000-000000000000",
	'');
INSERT INTO SM_SEME
	VALUES ("a9352b2f-5176-461e-9be8-ebc5bd42a3e7",
	"fbfb45b1-eaba-41c5-93bf-2ca8caf33593",
	"a9541787-1a1e-4a83-bad7-45dfa6173c30",
	"00000000-0000-0000-0000-000000000000");
INSERT INTO SM_CH
	VALUES ("a9352b2f-5176-461e-9be8-ebc5bd42a3e7",
	"f41f4d8d-6c97-4e3b-9946-e6c068de0d03",
	"a9541787-1a1e-4a83-bad7-45dfa6173c30",
	"00000000-0000-0000-0000-000000000000",
	'');
INSERT INTO SM_SEME
	VALUES ("a9352b2f-5176-461e-9be8-ebc5bd42a3e7",
	"f41f4d8d-6c97-4e3b-9946-e6c068de0d03",
	"a9541787-1a1e-4a83-bad7-45dfa6173c30",
	"00000000-0000-0000-0000-000000000000");
INSERT INTO SM_CH
	VALUES ("a9352b2f-5176-461e-9be8-ebc5bd42a3e7",
	"b6285744-a921-4ce6-8c2d-9fb2e2cf53d7",
	"a9541787-1a1e-4a83-bad7-45dfa6173c30",
	"00000000-0000-0000-0000-000000000000",
	'');
INSERT INTO SM_SEME
	VALUES ("a9352b2f-5176-461e-9be8-ebc5bd42a3e7",
	"b6285744-a921-4ce6-8c2d-9fb2e2cf53d7",
	"a9541787-1a1e-4a83-bad7-45dfa6173c30",
	"00000000-0000-0000-0000-000000000000");
INSERT INTO SM_MOAH
	VALUES ("2a3a4e3d-da0c-4088-80d0-0585a95fdf79",
	"a9541787-1a1e-4a83-bad7-45dfa6173c30",
	"a9352b2f-5176-461e-9be8-ebc5bd42a3e7");
INSERT INTO SM_AH
	VALUES ("2a3a4e3d-da0c-4088-80d0-0585a95fdf79",
	"a9541787-1a1e-4a83-bad7-45dfa6173c30");
INSERT INTO SM_ACT
	VALUES ("2a3a4e3d-da0c-4088-80d0-0585a95fdf79",
	"a9541787-1a1e-4a83-bad7-45dfa6173c30",
	0,
	'',
	'');
INSERT INTO SM_STATE
	VALUES ("b69c182f-c9f6-4a38-954c-f4de70c4860a",
	"a9541787-1a1e-4a83-bad7-45dfa6173c30",
	"00000000-0000-0000-0000-000000000000",
	'T',
	4,
	0);
INSERT INTO SM_CH
	VALUES ("b69c182f-c9f6-4a38-954c-f4de70c4860a",
	"fbfb45b1-eaba-41c5-93bf-2ca8caf33593",
	"a9541787-1a1e-4a83-bad7-45dfa6173c30",
	"00000000-0000-0000-0000-000000000000",
	'');
INSERT INTO SM_SEME
	VALUES ("b69c182f-c9f6-4a38-954c-f4de70c4860a",
	"fbfb45b1-eaba-41c5-93bf-2ca8caf33593",
	"a9541787-1a1e-4a83-bad7-45dfa6173c30",
	"00000000-0000-0000-0000-000000000000");
INSERT INTO SM_CH
	VALUES ("b69c182f-c9f6-4a38-954c-f4de70c4860a",
	"f41f4d8d-6c97-4e3b-9946-e6c068de0d03",
	"a9541787-1a1e-4a83-bad7-45dfa6173c30",
	"00000000-0000-0000-0000-000000000000",
	'');
INSERT INTO SM_SEME
	VALUES ("b69c182f-c9f6-4a38-954c-f4de70c4860a",
	"f41f4d8d-6c97-4e3b-9946-e6c068de0d03",
	"a9541787-1a1e-4a83-bad7-45dfa6173c30",
	"00000000-0000-0000-0000-000000000000");
INSERT INTO SM_CH
	VALUES ("b69c182f-c9f6-4a38-954c-f4de70c4860a",
	"b6285744-a921-4ce6-8c2d-9fb2e2cf53d7",
	"a9541787-1a1e-4a83-bad7-45dfa6173c30",
	"00000000-0000-0000-0000-000000000000",
	'');
INSERT INTO SM_SEME
	VALUES ("b69c182f-c9f6-4a38-954c-f4de70c4860a",
	"b6285744-a921-4ce6-8c2d-9fb2e2cf53d7",
	"a9541787-1a1e-4a83-bad7-45dfa6173c30",
	"00000000-0000-0000-0000-000000000000");
INSERT INTO SM_MOAH
	VALUES ("ee7026f2-b5d7-4ed4-818d-cffe06c10417",
	"a9541787-1a1e-4a83-bad7-45dfa6173c30",
	"b69c182f-c9f6-4a38-954c-f4de70c4860a");
INSERT INTO SM_AH
	VALUES ("ee7026f2-b5d7-4ed4-818d-cffe06c10417",
	"a9541787-1a1e-4a83-bad7-45dfa6173c30");
INSERT INTO SM_ACT
	VALUES ("ee7026f2-b5d7-4ed4-818d-cffe06c10417",
	"a9541787-1a1e-4a83-bad7-45dfa6173c30",
	0,
	'',
	'');
INSERT INTO SM_CRTXN
	VALUES ("626116d4-500b-43d8-9aee-a1455a360ecc",
	"a9541787-1a1e-4a83-bad7-45dfa6173c30",
	"fbfb45b1-eaba-41c5-93bf-2ca8caf33593",
	"00000000-0000-0000-0000-000000000000");
INSERT INTO SM_TAH
	VALUES ("3ba2bcfd-904c-476a-b021-a14c14422c39",
	"a9541787-1a1e-4a83-bad7-45dfa6173c30",
	"626116d4-500b-43d8-9aee-a1455a360ecc");
INSERT INTO SM_AH
	VALUES ("3ba2bcfd-904c-476a-b021-a14c14422c39",
	"a9541787-1a1e-4a83-bad7-45dfa6173c30");
INSERT INTO SM_ACT
	VALUES ("3ba2bcfd-904c-476a-b021-a14c14422c39",
	"a9541787-1a1e-4a83-bad7-45dfa6173c30",
	1,
	'',
	'');
INSERT INTO ACT_TAB
	VALUES ("95e3f659-7c41-4db6-80e1-49124b29b735",
	"a9541787-1a1e-4a83-bad7-45dfa6173c30",
	"3ba2bcfd-904c-476a-b021-a14c14422c39");
INSERT INTO ACT_ACT
	VALUES ("95e3f659-7c41-4db6-80e1-49124b29b735",
	'transition',
	0,
	"183e0cb8-50a7-4de2-af8d-5d835b5b9a85",
	"00000000-0000-0000-0000-000000000000",
	0,
	'KEY1: evt1',
	"00000000-0000-0000-0000-000000000000");
INSERT INTO ACT_BLK
	VALUES ("183e0cb8-50a7-4de2-af8d-5d835b5b9a85",
	0,
	0,
	0,
	'',
	'',
	'',
	0,
	0,
	0,
	0,
	0,
	0,
	0,
	0,
	0,
	0,
	0,
	0,
	0,
	"95e3f659-7c41-4db6-80e1-49124b29b735",
	"00000000-0000-0000-0000-000000000000");
INSERT INTO SM_TXN
	VALUES ("626116d4-500b-43d8-9aee-a1455a360ecc",
	"a9541787-1a1e-4a83-bad7-45dfa6173c30",
	"283e140d-3b0f-4be3-98ae-d97d91bd06cc",
	"00000000-0000-0000-0000-000000000000");
INSERT INTO SM_CRTXN
	VALUES ("74e037de-35ba-4231-8ed5-25a3eedf004c",
	"a9541787-1a1e-4a83-bad7-45dfa6173c30",
	"00000000-0000-0000-0000-000000000000",
	"00000000-0000-0000-0000-000000000000");
INSERT INTO SM_TAH
	VALUES ("9cc3283d-ef21-4441-968a-4ca31e8bb08b",
	"a9541787-1a1e-4a83-bad7-45dfa6173c30",
	"74e037de-35ba-4231-8ed5-25a3eedf004c");
INSERT INTO SM_AH
	VALUES ("9cc3283d-ef21-4441-968a-4ca31e8bb08b",
	"a9541787-1a1e-4a83-bad7-45dfa6173c30");
INSERT INTO SM_ACT
	VALUES ("9cc3283d-ef21-4441-968a-4ca31e8bb08b",
	"a9541787-1a1e-4a83-bad7-45dfa6173c30",
	1,
	'',
	'');
INSERT INTO ACT_TAB
	VALUES ("aa819de4-2f5f-4632-b248-0cca9563f345",
	"a9541787-1a1e-4a83-bad7-45dfa6173c30",
	"9cc3283d-ef21-4441-968a-4ca31e8bb08b");
INSERT INTO ACT_ACT
	VALUES ("aa819de4-2f5f-4632-b248-0cca9563f345",
	'transition',
	0,
	"9fa43a39-c1d8-4be9-b53a-6d109c2e780b",
	"00000000-0000-0000-0000-000000000000",
	0,
	'No Event Assigned',
	"00000000-0000-0000-0000-000000000000");
INSERT INTO ACT_BLK
	VALUES ("9fa43a39-c1d8-4be9-b53a-6d109c2e780b",
	0,
	0,
	0,
	'',
	'',
	'',
	0,
	0,
	0,
	0,
	0,
	0,
	0,
	0,
	0,
	0,
	0,
	0,
	0,
	"aa819de4-2f5f-4632-b248-0cca9563f345",
	"00000000-0000-0000-0000-000000000000");
INSERT INTO SM_TXN
	VALUES ("74e037de-35ba-4231-8ed5-25a3eedf004c",
	"a9541787-1a1e-4a83-bad7-45dfa6173c30",
	"2f9460f4-8fab-431c-904d-de3caec0b7dd",
	"00000000-0000-0000-0000-000000000000");
INSERT INTO SM_CRTXN
	VALUES ("64615486-836d-4715-a5f6-526bb8e18cfb",
	"a9541787-1a1e-4a83-bad7-45dfa6173c30",
	"f41f4d8d-6c97-4e3b-9946-e6c068de0d03",
	"00000000-0000-0000-0000-000000000000");
INSERT INTO SM_TAH
	VALUES ("39a2a46e-e932-48a2-a8b0-ae51d9bc3f3d",
	"a9541787-1a1e-4a83-bad7-45dfa6173c30",
	"64615486-836d-4715-a5f6-526bb8e18cfb");
INSERT INTO SM_AH
	VALUES ("39a2a46e-e932-48a2-a8b0-ae51d9bc3f3d",
	"a9541787-1a1e-4a83-bad7-45dfa6173c30");
INSERT INTO SM_ACT
	VALUES ("39a2a46e-e932-48a2-a8b0-ae51d9bc3f3d",
	"a9541787-1a1e-4a83-bad7-45dfa6173c30",
	1,
	'',
	'');
INSERT INTO ACT_TAB
	VALUES ("cda81636-29f1-4c5b-886c-e44cda445cfa",
	"a9541787-1a1e-4a83-bad7-45dfa6173c30",
	"39a2a46e-e932-48a2-a8b0-ae51d9bc3f3d");
INSERT INTO ACT_ACT
	VALUES ("cda81636-29f1-4c5b-886c-e44cda445cfa",
	'transition',
	0,
	"cad658a9-5338-4b24-9b35-46e8631951ca",
	"00000000-0000-0000-0000-000000000000",
	0,
	'KEY2: evt2',
	"00000000-0000-0000-0000-000000000000");
INSERT INTO ACT_BLK
	VALUES ("cad658a9-5338-4b24-9b35-46e8631951ca",
	0,
	0,
	0,
	'',
	'',
	'',
	0,
	0,
	0,
	0,
	0,
	0,
	0,
	0,
	0,
	0,
	0,
	0,
	0,
	"cda81636-29f1-4c5b-886c-e44cda445cfa",
	"00000000-0000-0000-0000-000000000000");
INSERT INTO SM_TXN
	VALUES ("64615486-836d-4715-a5f6-526bb8e18cfb",
	"a9541787-1a1e-4a83-bad7-45dfa6173c30",
	"a9352b2f-5176-461e-9be8-ebc5bd42a3e7",
	"00000000-0000-0000-0000-000000000000");
INSERT INTO SM_CRTXN
	VALUES ("ea4687ce-c969-42c6-953f-2d00d849f819",
	"a9541787-1a1e-4a83-bad7-45dfa6173c30",
	"b6285744-a921-4ce6-8c2d-9fb2e2cf53d7",
	"00000000-0000-0000-0000-000000000000");
INSERT INTO SM_TAH
	VALUES ("39ed9035-77b0-4090-add2-e035c17d8d6c",
	"a9541787-1a1e-4a83-bad7-45dfa6173c30",
	"ea4687ce-c969-42c6-953f-2d00d849f819");
INSERT INTO SM_AH
	VALUES ("39ed9035-77b0-4090-add2-e035c17d8d6c",
	"a9541787-1a1e-4a83-bad7-45dfa6173c30");
INSERT INTO SM_ACT
	VALUES ("39ed9035-77b0-4090-add2-e035c17d8d6c",
	"a9541787-1a1e-4a83-bad7-45dfa6173c30",
	1,
	'',
	'');
INSERT INTO ACT_TAB
	VALUES ("f12641dc-b13e-4537-b1aa-9cb6e4d94a49",
	"a9541787-1a1e-4a83-bad7-45dfa6173c30",
	"39ed9035-77b0-4090-add2-e035c17d8d6c");
INSERT INTO ACT_ACT
	VALUES ("f12641dc-b13e-4537-b1aa-9cb6e4d94a49",
	'transition',
	0,
	"321c45a3-1564-4d42-9f0e-331a24b121a4",
	"00000000-0000-0000-0000-000000000000",
	0,
	'KEY3: evt3',
	"00000000-0000-0000-0000-000000000000");
INSERT INTO ACT_BLK
	VALUES ("321c45a3-1564-4d42-9f0e-331a24b121a4",
	0,
	0,
	0,
	'',
	'',
	'',
	0,
	0,
	0,
	0,
	0,
	0,
	0,
	0,
	0,
	0,
	0,
	0,
	0,
	"f12641dc-b13e-4537-b1aa-9cb6e4d94a49",
	"00000000-0000-0000-0000-000000000000");
INSERT INTO SM_TXN
	VALUES ("ea4687ce-c969-42c6-953f-2d00d849f819",
	"a9541787-1a1e-4a83-bad7-45dfa6173c30",
	"b69c182f-c9f6-4a38-954c-f4de70c4860a",
	"00000000-0000-0000-0000-000000000000");
INSERT INTO PE_PE
	VALUES ("01ce51de-fb66-40ef-8fef-4856addd78a0",
	1,
	"971e8d4c-fe37-4841-a2bb-f069be7a3b1f",
	"00000000-0000-0000-0000-000000000000",
	4);
INSERT INTO O_OBJ
	VALUES ("01ce51de-fb66-40ef-8fef-4856addd78a0",
	'Test Class 3',
	1,
	'KEY',
	'',
	"00000000-0000-0000-0000-000000000000");
INSERT INTO O_NBATTR
	VALUES ("66b045c1-4617-464f-87c1-5fd4c09d46cc",
	"01ce51de-fb66-40ef-8fef-4856addd78a0");
INSERT INTO O_BATTR
	VALUES ("66b045c1-4617-464f-87c1-5fd4c09d46cc",
	"01ce51de-fb66-40ef-8fef-4856addd78a0");
INSERT INTO O_ATTR
	VALUES ("66b045c1-4617-464f-87c1-5fd4c09d46cc",
	"01ce51de-fb66-40ef-8fef-4856addd78a0",
	"00000000-0000-0000-0000-000000000000",
	'current_state',
	'',
	'',
	'current_state',
	0,
	"ba5eda7a-def5-0000-0000-000000000006",
	'',
	'');
INSERT INTO O_ID
	VALUES (0,
	"01ce51de-fb66-40ef-8fef-4856addd78a0");
INSERT INTO O_ID
	VALUES (1,
	"01ce51de-fb66-40ef-8fef-4856addd78a0");
INSERT INTO O_ID
	VALUES (2,
	"01ce51de-fb66-40ef-8fef-4856addd78a0");
INSERT INTO SM_ISM
	VALUES ("21a7339d-c6b0-41ec-9983-ce135df2593d",
	"01ce51de-fb66-40ef-8fef-4856addd78a0");
INSERT INTO SM_SM
	VALUES ("21a7339d-c6b0-41ec-9983-ce135df2593d",
	'',
	0);
INSERT INTO SM_MOORE
	VALUES ("21a7339d-c6b0-41ec-9983-ce135df2593d");
INSERT INTO SM_LEVT
	VALUES ("2563440f-f5d7-4863-8caf-5c8532d5a41e",
	"21a7339d-c6b0-41ec-9983-ce135df2593d",
	"00000000-0000-0000-0000-000000000000");
INSERT INTO SM_SEVT
	VALUES ("2563440f-f5d7-4863-8caf-5c8532d5a41e",
	"21a7339d-c6b0-41ec-9983-ce135df2593d",
	"00000000-0000-0000-0000-000000000000");
INSERT INTO SM_EVT
	VALUES ("2563440f-f5d7-4863-8caf-5c8532d5a41e",
	"21a7339d-c6b0-41ec-9983-ce135df2593d",
	"00000000-0000-0000-0000-000000000000",
	1,
	'evt1',
	0,
	'',
	'KEY1',
	'');
INSERT INTO SM_STATE
	VALUES ("7c942d80-ff17-4b59-86d9-3a53ef3582b5",
	"21a7339d-c6b0-41ec-9983-ce135df2593d",
	"00000000-0000-0000-0000-000000000000",
	'A',
	1,
	0);
INSERT INTO SM_CH
	VALUES ("7c942d80-ff17-4b59-86d9-3a53ef3582b5",
	"2563440f-f5d7-4863-8caf-5c8532d5a41e",
	"21a7339d-c6b0-41ec-9983-ce135df2593d",
	"00000000-0000-0000-0000-000000000000",
	'');
INSERT INTO SM_SEME
	VALUES ("7c942d80-ff17-4b59-86d9-3a53ef3582b5",
	"2563440f-f5d7-4863-8caf-5c8532d5a41e",
	"21a7339d-c6b0-41ec-9983-ce135df2593d",
	"00000000-0000-0000-0000-000000000000");
INSERT INTO SM_MOAH
	VALUES ("daad2660-2b55-42e5-9bcf-bc98b9a7b277",
	"21a7339d-c6b0-41ec-9983-ce135df2593d",
	"7c942d80-ff17-4b59-86d9-3a53ef3582b5");
INSERT INTO SM_AH
	VALUES ("daad2660-2b55-42e5-9bcf-bc98b9a7b277",
	"21a7339d-c6b0-41ec-9983-ce135df2593d");
INSERT INTO SM_ACT
	VALUES ("daad2660-2b55-42e5-9bcf-bc98b9a7b277",
	"21a7339d-c6b0-41ec-9983-ce135df2593d",
	0,
	'',
	'');
INSERT INTO SM_STATE
	VALUES ("9d2d73c4-298e-4610-90f8-494138645ec7",
	"21a7339d-c6b0-41ec-9983-ce135df2593d",
	"00000000-0000-0000-0000-000000000000",
	'B',
	2,
	0);
INSERT INTO SM_CH
	VALUES ("9d2d73c4-298e-4610-90f8-494138645ec7",
	"2563440f-f5d7-4863-8caf-5c8532d5a41e",
	"21a7339d-c6b0-41ec-9983-ce135df2593d",
	"00000000-0000-0000-0000-000000000000",
	'');
INSERT INTO SM_SEME
	VALUES ("9d2d73c4-298e-4610-90f8-494138645ec7",
	"2563440f-f5d7-4863-8caf-5c8532d5a41e",
	"21a7339d-c6b0-41ec-9983-ce135df2593d",
	"00000000-0000-0000-0000-000000000000");
INSERT INTO SM_MOAH
	VALUES ("1fc64315-99e4-499e-a3ab-a735ea646cdc",
	"21a7339d-c6b0-41ec-9983-ce135df2593d",
	"9d2d73c4-298e-4610-90f8-494138645ec7");
INSERT INTO SM_AH
	VALUES ("1fc64315-99e4-499e-a3ab-a735ea646cdc",
	"21a7339d-c6b0-41ec-9983-ce135df2593d");
INSERT INTO SM_ACT
	VALUES ("1fc64315-99e4-499e-a3ab-a735ea646cdc",
	"21a7339d-c6b0-41ec-9983-ce135df2593d",
	0,
	'',
	'');
INSERT INTO SM_STATE
	VALUES ("34df218e-508a-4676-87b5-1377e35061c5",
	"21a7339d-c6b0-41ec-9983-ce135df2593d",
	"00000000-0000-0000-0000-000000000000",
	'C',
	3,
	0);
INSERT INTO SM_SEME
	VALUES ("34df218e-508a-4676-87b5-1377e35061c5",
	"2563440f-f5d7-4863-8caf-5c8532d5a41e",
	"21a7339d-c6b0-41ec-9983-ce135df2593d",
	"00000000-0000-0000-0000-000000000000");
INSERT INTO SM_MOAH
	VALUES ("420be1d8-3f87-4851-8f53-bb6283b45458",
	"21a7339d-c6b0-41ec-9983-ce135df2593d",
	"34df218e-508a-4676-87b5-1377e35061c5");
INSERT INTO SM_AH
	VALUES ("420be1d8-3f87-4851-8f53-bb6283b45458",
	"21a7339d-c6b0-41ec-9983-ce135df2593d");
INSERT INTO SM_ACT
	VALUES ("420be1d8-3f87-4851-8f53-bb6283b45458",
	"21a7339d-c6b0-41ec-9983-ce135df2593d",
	0,
	'',
	'');
INSERT INTO SM_STATE
	VALUES ("a2ec19cd-f887-4cef-9e81-6bb16d2ca57b",
	"21a7339d-c6b0-41ec-9983-ce135df2593d",
	"00000000-0000-0000-0000-000000000000",
	'D',
	4,
	0);
INSERT INTO SM_CH
	VALUES ("a2ec19cd-f887-4cef-9e81-6bb16d2ca57b",
	"2563440f-f5d7-4863-8caf-5c8532d5a41e",
	"21a7339d-c6b0-41ec-9983-ce135df2593d",
	"00000000-0000-0000-0000-000000000000",
	'');
INSERT INTO SM_SEME
	VALUES ("a2ec19cd-f887-4cef-9e81-6bb16d2ca57b",
	"2563440f-f5d7-4863-8caf-5c8532d5a41e",
	"21a7339d-c6b0-41ec-9983-ce135df2593d",
	"00000000-0000-0000-0000-000000000000");
INSERT INTO SM_MOAH
	VALUES ("f221d346-4b0d-4df0-912b-e2263398c3c2",
	"21a7339d-c6b0-41ec-9983-ce135df2593d",
	"a2ec19cd-f887-4cef-9e81-6bb16d2ca57b");
INSERT INTO SM_AH
	VALUES ("f221d346-4b0d-4df0-912b-e2263398c3c2",
	"21a7339d-c6b0-41ec-9983-ce135df2593d");
INSERT INTO SM_ACT
	VALUES ("f221d346-4b0d-4df0-912b-e2263398c3c2",
	"21a7339d-c6b0-41ec-9983-ce135df2593d",
	0,
	'',
	'');
INSERT INTO SM_NETXN
	VALUES ("1df61c5b-6ab6-410c-97a9-bed611164a2b",
	"21a7339d-c6b0-41ec-9983-ce135df2593d",
	"7c942d80-ff17-4b59-86d9-3a53ef3582b5",
	"00000000-0000-0000-0000-000000000000");
INSERT INTO SM_TAH
	VALUES ("4018de2d-01e0-4991-bfff-1e6f746b0e5a",
	"21a7339d-c6b0-41ec-9983-ce135df2593d",
	"1df61c5b-6ab6-410c-97a9-bed611164a2b");
INSERT INTO SM_AH
	VALUES ("4018de2d-01e0-4991-bfff-1e6f746b0e5a",
	"21a7339d-c6b0-41ec-9983-ce135df2593d");
INSERT INTO SM_ACT
	VALUES ("4018de2d-01e0-4991-bfff-1e6f746b0e5a",
	"21a7339d-c6b0-41ec-9983-ce135df2593d",
	1,
	'',
	'');
INSERT INTO ACT_TAB
	VALUES ("9c0eb938-5128-4281-93e4-b68ca16d396b",
	"21a7339d-c6b0-41ec-9983-ce135df2593d",
	"4018de2d-01e0-4991-bfff-1e6f746b0e5a");
INSERT INTO ACT_ACT
	VALUES ("9c0eb938-5128-4281-93e4-b68ca16d396b",
	'transition',
	0,
	"b8505934-d156-45c6-ab01-782273b3eb1f",
	"00000000-0000-0000-0000-000000000000",
	0,
	'No Event Assigned',
	"00000000-0000-0000-0000-000000000000");
INSERT INTO ACT_BLK
	VALUES ("b8505934-d156-45c6-ab01-782273b3eb1f",
	0,
	0,
	0,
	'',
	'',
	'',
	0,
	0,
	0,
	0,
	0,
	0,
	0,
	0,
	0,
	0,
	0,
	0,
	0,
	"9c0eb938-5128-4281-93e4-b68ca16d396b",
	"00000000-0000-0000-0000-000000000000");
INSERT INTO SM_TXN
	VALUES ("1df61c5b-6ab6-410c-97a9-bed611164a2b",
	"21a7339d-c6b0-41ec-9983-ce135df2593d",
	"9d2d73c4-298e-4610-90f8-494138645ec7",
	"00000000-0000-0000-0000-000000000000");
INSERT INTO SM_NSTXN
	VALUES ("02dc5f29-7317-43c7-8336-2f3f95edb6c9",
	"21a7339d-c6b0-41ec-9983-ce135df2593d",
	"34df218e-508a-4676-87b5-1377e35061c5",
	"2563440f-f5d7-4863-8caf-5c8532d5a41e",
	"00000000-0000-0000-0000-000000000000");
INSERT INTO SM_TAH
	VALUES ("bbdec5eb-d3c1-4e95-b2f4-3cbe7baf17fc",
	"21a7339d-c6b0-41ec-9983-ce135df2593d",
	"02dc5f29-7317-43c7-8336-2f3f95edb6c9");
INSERT INTO SM_AH
	VALUES ("bbdec5eb-d3c1-4e95-b2f4-3cbe7baf17fc",
	"21a7339d-c6b0-41ec-9983-ce135df2593d");
INSERT INTO SM_ACT
	VALUES ("bbdec5eb-d3c1-4e95-b2f4-3cbe7baf17fc",
	"21a7339d-c6b0-41ec-9983-ce135df2593d",
	1,
	'',
	'');
INSERT INTO ACT_TAB
	VALUES ("29a3266f-a3d5-4679-91dc-a8e17cf33a54",
	"21a7339d-c6b0-41ec-9983-ce135df2593d",
	"bbdec5eb-d3c1-4e95-b2f4-3cbe7baf17fc");
INSERT INTO ACT_ACT
	VALUES ("29a3266f-a3d5-4679-91dc-a8e17cf33a54",
	'transition',
	0,
	"f24aa126-8401-446a-848f-0353364129f3",
	"00000000-0000-0000-0000-000000000000",
	0,
	'KEY1: evt1',
	"00000000-0000-0000-0000-000000000000");
INSERT INTO ACT_BLK
	VALUES ("f24aa126-8401-446a-848f-0353364129f3",
	0,
	0,
	0,
	'',
	'',
	'',
	0,
	0,
	0,
	0,
	0,
	0,
	0,
	0,
	0,
	0,
	0,
	0,
	0,
	"29a3266f-a3d5-4679-91dc-a8e17cf33a54",
	"00000000-0000-0000-0000-000000000000");
INSERT INTO SM_TXN
	VALUES ("02dc5f29-7317-43c7-8336-2f3f95edb6c9",
	"21a7339d-c6b0-41ec-9983-ce135df2593d",
	"a2ec19cd-f887-4cef-9e81-6bb16d2ca57b",
	"00000000-0000-0000-0000-000000000000");
INSERT INTO SM_NETXN
	VALUES ("4dba9029-519c-4116-8a17-0933c8560a94",
	"21a7339d-c6b0-41ec-9983-ce135df2593d",
	"34df218e-508a-4676-87b5-1377e35061c5",
	"00000000-0000-0000-0000-000000000000");
INSERT INTO SM_TAH
	VALUES ("10227620-f188-4c75-9aac-e2b6f603ab22",
	"21a7339d-c6b0-41ec-9983-ce135df2593d",
	"4dba9029-519c-4116-8a17-0933c8560a94");
INSERT INTO SM_AH
	VALUES ("10227620-f188-4c75-9aac-e2b6f603ab22",
	"21a7339d-c6b0-41ec-9983-ce135df2593d");
INSERT INTO SM_ACT
	VALUES ("10227620-f188-4c75-9aac-e2b6f603ab22",
	"21a7339d-c6b0-41ec-9983-ce135df2593d",
	1,
	'',
	'');
INSERT INTO ACT_TAB
	VALUES ("382a8b1e-acad-43ce-b312-eea8cedaaa31",
	"21a7339d-c6b0-41ec-9983-ce135df2593d",
	"10227620-f188-4c75-9aac-e2b6f603ab22");
INSERT INTO ACT_ACT
	VALUES ("382a8b1e-acad-43ce-b312-eea8cedaaa31",
	'transition',
	0,
	"0708c85a-bac2-41e7-b18b-1f88adbafaf7",
	"00000000-0000-0000-0000-000000000000",
	0,
	'No Event Assigned',
	"00000000-0000-0000-0000-000000000000");
INSERT INTO ACT_BLK
	VALUES ("0708c85a-bac2-41e7-b18b-1f88adbafaf7",
	0,
	0,
	0,
	'',
	'',
	'',
	0,
	0,
	0,
	0,
	0,
	0,
	0,
	0,
	0,
	0,
	0,
	0,
	0,
	"382a8b1e-acad-43ce-b312-eea8cedaaa31",
	"00000000-0000-0000-0000-000000000000");
INSERT INTO SM_TXN
	VALUES ("4dba9029-519c-4116-8a17-0933c8560a94",
	"21a7339d-c6b0-41ec-9983-ce135df2593d",
	"a2ec19cd-f887-4cef-9e81-6bb16d2ca57b",
	"00000000-0000-0000-0000-000000000000");
INSERT INTO PE_PE
	VALUES ("4cf17ca7-d933-40ce-af34-5972ebcca56b",
	1,
	"971e8d4c-fe37-4841-a2bb-f069be7a3b1f",
	"00000000-0000-0000-0000-000000000000",
	4);
INSERT INTO O_OBJ
	VALUES ("4cf17ca7-d933-40ce-af34-5972ebcca56b",
	'Test Class 4',
	2,
	'KEY',
	'',
	"00000000-0000-0000-0000-000000000000");
INSERT INTO O_NBATTR
	VALUES ("38fb0f32-a4a2-4b4f-b599-a534f0984cbb",
	"4cf17ca7-d933-40ce-af34-5972ebcca56b");
INSERT INTO O_BATTR
	VALUES ("38fb0f32-a4a2-4b4f-b599-a534f0984cbb",
	"4cf17ca7-d933-40ce-af34-5972ebcca56b");
INSERT INTO O_ATTR
	VALUES ("38fb0f32-a4a2-4b4f-b599-a534f0984cbb",
	"4cf17ca7-d933-40ce-af34-5972ebcca56b",
	"00000000-0000-0000-0000-000000000000",
	'current_state',
	'',
	'',
	'current_state',
	0,
	"ba5eda7a-def5-0000-0000-000000000006",
	'',
	'');
INSERT INTO O_ID
	VALUES (0,
	"4cf17ca7-d933-40ce-af34-5972ebcca56b");
INSERT INTO O_ID
	VALUES (1,
	"4cf17ca7-d933-40ce-af34-5972ebcca56b");
INSERT INTO O_ID
	VALUES (2,
	"4cf17ca7-d933-40ce-af34-5972ebcca56b");
INSERT INTO SM_ISM
	VALUES ("816e2f08-322a-4fce-81e8-b089c429830d",
	"4cf17ca7-d933-40ce-af34-5972ebcca56b");
INSERT INTO SM_SM
	VALUES ("816e2f08-322a-4fce-81e8-b089c429830d",
	'',
	0);
INSERT INTO SM_MOORE
	VALUES ("816e2f08-322a-4fce-81e8-b089c429830d");
INSERT INTO SM_LEVT
	VALUES ("338ac4be-8758-424e-9e43-2d25c8601406",
	"816e2f08-322a-4fce-81e8-b089c429830d",
	"00000000-0000-0000-0000-000000000000");
INSERT INTO SM_SEVT
	VALUES ("338ac4be-8758-424e-9e43-2d25c8601406",
	"816e2f08-322a-4fce-81e8-b089c429830d",
	"00000000-0000-0000-0000-000000000000");
INSERT INTO SM_EVT
	VALUES ("338ac4be-8758-424e-9e43-2d25c8601406",
	"816e2f08-322a-4fce-81e8-b089c429830d",
	"00000000-0000-0000-0000-000000000000",
	1,
	'evt1',
	0,
	'',
	'KEY1',
	'');
INSERT INTO SM_LEVT
	VALUES ("06eb0163-0069-4eb2-8b00-4e33574ac5d8",
	"816e2f08-322a-4fce-81e8-b089c429830d",
	"00000000-0000-0000-0000-000000000000");
INSERT INTO SM_SEVT
	VALUES ("06eb0163-0069-4eb2-8b00-4e33574ac5d8",
	"816e2f08-322a-4fce-81e8-b089c429830d",
	"00000000-0000-0000-0000-000000000000");
INSERT INTO SM_EVT
	VALUES ("06eb0163-0069-4eb2-8b00-4e33574ac5d8",
	"816e2f08-322a-4fce-81e8-b089c429830d",
	"00000000-0000-0000-0000-000000000000",
	2,
	'evt2',
	0,
	'',
	'KEY2',
	'');
INSERT INTO SM_STATE
	VALUES ("d8c61d13-1f5e-46c8-94ee-759cfcd7bd67",
	"816e2f08-322a-4fce-81e8-b089c429830d",
	"00000000-0000-0000-0000-000000000000",
	'E',
	1,
	0);
INSERT INTO SM_SEME
	VALUES ("d8c61d13-1f5e-46c8-94ee-759cfcd7bd67",
	"338ac4be-8758-424e-9e43-2d25c8601406",
	"816e2f08-322a-4fce-81e8-b089c429830d",
	"00000000-0000-0000-0000-000000000000");
INSERT INTO SM_CH
	VALUES ("d8c61d13-1f5e-46c8-94ee-759cfcd7bd67",
	"06eb0163-0069-4eb2-8b00-4e33574ac5d8",
	"816e2f08-322a-4fce-81e8-b089c429830d",
	"00000000-0000-0000-0000-000000000000",
	'');
INSERT INTO SM_SEME
	VALUES ("d8c61d13-1f5e-46c8-94ee-759cfcd7bd67",
	"06eb0163-0069-4eb2-8b00-4e33574ac5d8",
	"816e2f08-322a-4fce-81e8-b089c429830d",
	"00000000-0000-0000-0000-000000000000");
INSERT INTO SM_MOAH
	VALUES ("779c0d35-599f-4f74-88e6-88eb78fbf7bf",
	"816e2f08-322a-4fce-81e8-b089c429830d",
	"d8c61d13-1f5e-46c8-94ee-759cfcd7bd67");
INSERT INTO SM_AH
	VALUES ("779c0d35-599f-4f74-88e6-88eb78fbf7bf",
	"816e2f08-322a-4fce-81e8-b089c429830d");
INSERT INTO SM_ACT
	VALUES ("779c0d35-599f-4f74-88e6-88eb78fbf7bf",
	"816e2f08-322a-4fce-81e8-b089c429830d",
	0,
	'',
	'');
INSERT INTO SM_STATE
	VALUES ("074b81b9-f617-4b1a-8621-d929b2114154",
	"816e2f08-322a-4fce-81e8-b089c429830d",
	"00000000-0000-0000-0000-000000000000",
	'F',
	2,
	0);
INSERT INTO SM_CH
	VALUES ("074b81b9-f617-4b1a-8621-d929b2114154",
	"338ac4be-8758-424e-9e43-2d25c8601406",
	"816e2f08-322a-4fce-81e8-b089c429830d",
	"00000000-0000-0000-0000-000000000000",
	'');
INSERT INTO SM_SEME
	VALUES ("074b81b9-f617-4b1a-8621-d929b2114154",
	"338ac4be-8758-424e-9e43-2d25c8601406",
	"816e2f08-322a-4fce-81e8-b089c429830d",
	"00000000-0000-0000-0000-000000000000");
INSERT INTO SM_CH
	VALUES ("074b81b9-f617-4b1a-8621-d929b2114154",
	"06eb0163-0069-4eb2-8b00-4e33574ac5d8",
	"816e2f08-322a-4fce-81e8-b089c429830d",
	"00000000-0000-0000-0000-000000000000",
	'');
INSERT INTO SM_SEME
	VALUES ("074b81b9-f617-4b1a-8621-d929b2114154",
	"06eb0163-0069-4eb2-8b00-4e33574ac5d8",
	"816e2f08-322a-4fce-81e8-b089c429830d",
	"00000000-0000-0000-0000-000000000000");
INSERT INTO SM_MOAH
	VALUES ("73597563-a457-454f-b511-11744cf2e643",
	"816e2f08-322a-4fce-81e8-b089c429830d",
	"074b81b9-f617-4b1a-8621-d929b2114154");
INSERT INTO SM_AH
	VALUES ("73597563-a457-454f-b511-11744cf2e643",
	"816e2f08-322a-4fce-81e8-b089c429830d");
INSERT INTO SM_ACT
	VALUES ("73597563-a457-454f-b511-11744cf2e643",
	"816e2f08-322a-4fce-81e8-b089c429830d",
	0,
	'',
	'');
INSERT INTO SM_NSTXN
	VALUES ("87b415c4-f36f-4d12-8843-fab840d7332e",
	"816e2f08-322a-4fce-81e8-b089c429830d",
	"d8c61d13-1f5e-46c8-94ee-759cfcd7bd67",
	"338ac4be-8758-424e-9e43-2d25c8601406",
	"00000000-0000-0000-0000-000000000000");
INSERT INTO SM_TAH
	VALUES ("12ae81bc-2e4f-45a6-b400-e9ca34cf56dd",
	"816e2f08-322a-4fce-81e8-b089c429830d",
	"87b415c4-f36f-4d12-8843-fab840d7332e");
INSERT INTO SM_AH
	VALUES ("12ae81bc-2e4f-45a6-b400-e9ca34cf56dd",
	"816e2f08-322a-4fce-81e8-b089c429830d");
INSERT INTO SM_ACT
	VALUES ("12ae81bc-2e4f-45a6-b400-e9ca34cf56dd",
	"816e2f08-322a-4fce-81e8-b089c429830d",
	1,
	'',
	'');
INSERT INTO ACT_TAB
	VALUES ("0908e144-544b-4d40-9a39-fd5913a9b8cd",
	"816e2f08-322a-4fce-81e8-b089c429830d",
	"12ae81bc-2e4f-45a6-b400-e9ca34cf56dd");
INSERT INTO ACT_ACT
	VALUES ("0908e144-544b-4d40-9a39-fd5913a9b8cd",
	'transition',
	0,
	"56a5c08a-bcf2-48a7-a012-51cd7b7138b7",
	"00000000-0000-0000-0000-000000000000",
	0,
	'KEY1: evt1',
	"00000000-0000-0000-0000-000000000000");
INSERT INTO ACT_BLK
	VALUES ("56a5c08a-bcf2-48a7-a012-51cd7b7138b7",
	0,
	0,
	0,
	'',
	'',
	'',
	0,
	0,
	0,
	0,
	0,
	0,
	0,
	0,
	0,
	0,
	0,
	0,
	0,
	"0908e144-544b-4d40-9a39-fd5913a9b8cd",
	"00000000-0000-0000-0000-000000000000");
INSERT INTO SM_TXN
	VALUES ("87b415c4-f36f-4d12-8843-fab840d7332e",
	"816e2f08-322a-4fce-81e8-b089c429830d",
	"074b81b9-f617-4b1a-8621-d929b2114154",
	"00000000-0000-0000-0000-000000000000");
INSERT INTO SM_NETXN
	VALUES ("72427277-a51b-461a-9a36-141f5fe942b7",
	"816e2f08-322a-4fce-81e8-b089c429830d",
	"d8c61d13-1f5e-46c8-94ee-759cfcd7bd67",
	"00000000-0000-0000-0000-000000000000");
INSERT INTO SM_TAH
	VALUES ("699c4e17-58ff-4276-86a5-37d337a83f58",
	"816e2f08-322a-4fce-81e8-b089c429830d",
	"72427277-a51b-461a-9a36-141f5fe942b7");
INSERT INTO SM_AH
	VALUES ("699c4e17-58ff-4276-86a5-37d337a83f58",
	"816e2f08-322a-4fce-81e8-b089c429830d");
INSERT INTO SM_ACT
	VALUES ("699c4e17-58ff-4276-86a5-37d337a83f58",
	"816e2f08-322a-4fce-81e8-b089c429830d",
	1,
	'',
	'');
INSERT INTO ACT_TAB
	VALUES ("dfc7eb1f-cc65-4ef9-9a6d-ce9ceaadf111",
	"816e2f08-322a-4fce-81e8-b089c429830d",
	"699c4e17-58ff-4276-86a5-37d337a83f58");
INSERT INTO ACT_ACT
	VALUES ("dfc7eb1f-cc65-4ef9-9a6d-ce9ceaadf111",
	'transition',
	0,
	"fccc1066-1e89-473a-90b5-4debc061d4b6",
	"00000000-0000-0000-0000-000000000000",
	0,
	'No Event Assigned',
	"00000000-0000-0000-0000-000000000000");
INSERT INTO ACT_BLK
	VALUES ("fccc1066-1e89-473a-90b5-4debc061d4b6",
	0,
	0,
	0,
	'',
	'',
	'',
	0,
	0,
	0,
	0,
	0,
	0,
	0,
	0,
	0,
	0,
	0,
	0,
	0,
	"dfc7eb1f-cc65-4ef9-9a6d-ce9ceaadf111",
	"00000000-0000-0000-0000-000000000000");
INSERT INTO SM_TXN
	VALUES ("72427277-a51b-461a-9a36-141f5fe942b7",
	"816e2f08-322a-4fce-81e8-b089c429830d",
	"074b81b9-f617-4b1a-8621-d929b2114154",
	"00000000-0000-0000-0000-000000000000");
INSERT INTO PE_PE
	VALUES ("296d994e-8a04-448e-a3ad-947e113b748f",
	1,
	"971e8d4c-fe37-4841-a2bb-f069be7a3b1f",
	"00000000-0000-0000-0000-000000000000",
	4);
INSERT INTO O_OBJ
	VALUES ("296d994e-8a04-448e-a3ad-947e113b748f",
	'Test Class 5',
	3,
	'KEY',
	'',
	"00000000-0000-0000-0000-000000000000");
INSERT INTO O_NBATTR
	VALUES ("8016c71c-6d5a-421f-a8d2-4ac9dc7753c7",
	"296d994e-8a04-448e-a3ad-947e113b748f");
INSERT INTO O_BATTR
	VALUES ("8016c71c-6d5a-421f-a8d2-4ac9dc7753c7",
	"296d994e-8a04-448e-a3ad-947e113b748f");
INSERT INTO O_ATTR
	VALUES ("8016c71c-6d5a-421f-a8d2-4ac9dc7753c7",
	"296d994e-8a04-448e-a3ad-947e113b748f",
	"00000000-0000-0000-0000-000000000000",
	'current_state',
	'',
	'',
	'current_state',
	0,
	"ba5eda7a-def5-0000-0000-000000000006",
	'',
	'');
INSERT INTO O_ID
	VALUES (0,
	"296d994e-8a04-448e-a3ad-947e113b748f");
INSERT INTO O_ID
	VALUES (1,
	"296d994e-8a04-448e-a3ad-947e113b748f");
INSERT INTO O_ID
	VALUES (2,
	"296d994e-8a04-448e-a3ad-947e113b748f");
INSERT INTO SM_ISM
	VALUES ("b243adb3-9403-4d06-890e-a4180da4eb63",
	"296d994e-8a04-448e-a3ad-947e113b748f");
INSERT INTO SM_SM
	VALUES ("b243adb3-9403-4d06-890e-a4180da4eb63",
	'',
	0);
INSERT INTO SM_MOORE
	VALUES ("b243adb3-9403-4d06-890e-a4180da4eb63");
INSERT INTO SM_LEVT
	VALUES ("300e8745-fef8-4ec2-bad9-bd95f48eaff9",
	"b243adb3-9403-4d06-890e-a4180da4eb63",
	"00000000-0000-0000-0000-000000000000");
INSERT INTO SM_SEVT
	VALUES ("300e8745-fef8-4ec2-bad9-bd95f48eaff9",
	"b243adb3-9403-4d06-890e-a4180da4eb63",
	"00000000-0000-0000-0000-000000000000");
INSERT INTO SM_EVT
	VALUES ("300e8745-fef8-4ec2-bad9-bd95f48eaff9",
	"b243adb3-9403-4d06-890e-a4180da4eb63",
	"00000000-0000-0000-0000-000000000000",
	1,
	'evt1',
	0,
	'',
	'KEY1',
	'');
INSERT INTO SM_STATE
	VALUES ("e10796fb-d0b3-40a7-b539-a58912b3be08",
	"b243adb3-9403-4d06-890e-a4180da4eb63",
	"00000000-0000-0000-0000-000000000000",
	'G',
	1,
	0);
INSERT INTO SM_CH
	VALUES ("e10796fb-d0b3-40a7-b539-a58912b3be08",
	"300e8745-fef8-4ec2-bad9-bd95f48eaff9",
	"b243adb3-9403-4d06-890e-a4180da4eb63",
	"00000000-0000-0000-0000-000000000000",
	'');
INSERT INTO SM_SEME
	VALUES ("e10796fb-d0b3-40a7-b539-a58912b3be08",
	"300e8745-fef8-4ec2-bad9-bd95f48eaff9",
	"b243adb3-9403-4d06-890e-a4180da4eb63",
	"00000000-0000-0000-0000-000000000000");
INSERT INTO SM_MOAH
	VALUES ("4ff07ac9-6b9a-4c54-9a2a-924bf4809cdb",
	"b243adb3-9403-4d06-890e-a4180da4eb63",
	"e10796fb-d0b3-40a7-b539-a58912b3be08");
INSERT INTO SM_AH
	VALUES ("4ff07ac9-6b9a-4c54-9a2a-924bf4809cdb",
	"b243adb3-9403-4d06-890e-a4180da4eb63");
INSERT INTO SM_ACT
	VALUES ("4ff07ac9-6b9a-4c54-9a2a-924bf4809cdb",
	"b243adb3-9403-4d06-890e-a4180da4eb63",
	0,
	'',
	'');
INSERT INTO SM_CRTXN
	VALUES ("ffe39c4d-8a26-4026-8316-c5f49c82134f",
	"b243adb3-9403-4d06-890e-a4180da4eb63",
	"00000000-0000-0000-0000-000000000000",
	"00000000-0000-0000-0000-000000000000");
INSERT INTO SM_TAH
	VALUES ("6549ee81-5202-46e7-9efc-e7fb907da039",
	"b243adb3-9403-4d06-890e-a4180da4eb63",
	"ffe39c4d-8a26-4026-8316-c5f49c82134f");
INSERT INTO SM_AH
	VALUES ("6549ee81-5202-46e7-9efc-e7fb907da039",
	"b243adb3-9403-4d06-890e-a4180da4eb63");
INSERT INTO SM_ACT
	VALUES ("6549ee81-5202-46e7-9efc-e7fb907da039",
	"b243adb3-9403-4d06-890e-a4180da4eb63",
	1,
	'',
	'');
INSERT INTO ACT_TAB
	VALUES ("af725fe1-dc75-48b5-8ce3-c632ab479906",
	"b243adb3-9403-4d06-890e-a4180da4eb63",
	"6549ee81-5202-46e7-9efc-e7fb907da039");
INSERT INTO ACT_ACT
	VALUES ("af725fe1-dc75-48b5-8ce3-c632ab479906",
	'transition',
	0,
	"77ed25d2-6639-436c-b317-09733992e740",
	"00000000-0000-0000-0000-000000000000",
	0,
	'No Event Assigned',
	"00000000-0000-0000-0000-000000000000");
INSERT INTO ACT_BLK
	VALUES ("77ed25d2-6639-436c-b317-09733992e740",
	0,
	0,
	0,
	'',
	'',
	'',
	0,
	0,
	0,
	0,
	0,
	0,
	0,
	0,
	0,
	0,
	0,
	0,
	0,
	"af725fe1-dc75-48b5-8ce3-c632ab479906",
	"00000000-0000-0000-0000-000000000000");
INSERT INTO SM_TXN
	VALUES ("ffe39c4d-8a26-4026-8316-c5f49c82134f",
	"b243adb3-9403-4d06-890e-a4180da4eb63",
	"e10796fb-d0b3-40a7-b539-a58912b3be08",
	"00000000-0000-0000-0000-000000000000");
INSERT INTO PE_PE
	VALUES ("ab961b51-4189-4ab6-9b0d-4af4525a001e",
	1,
	"971e8d4c-fe37-4841-a2bb-f069be7a3b1f",
	"00000000-0000-0000-0000-000000000000",
	4);
INSERT INTO O_OBJ
	VALUES ("ab961b51-4189-4ab6-9b0d-4af4525a001e",
	'Test Class 6',
	4,
	'KEY',
	'',
	"00000000-0000-0000-0000-000000000000");
INSERT INTO O_NBATTR
	VALUES ("ede03a99-d4a9-4fb4-a682-1e10b4bb4c88",
	"ab961b51-4189-4ab6-9b0d-4af4525a001e");
INSERT INTO O_BATTR
	VALUES ("ede03a99-d4a9-4fb4-a682-1e10b4bb4c88",
	"ab961b51-4189-4ab6-9b0d-4af4525a001e");
INSERT INTO O_ATTR
	VALUES ("ede03a99-d4a9-4fb4-a682-1e10b4bb4c88",
	"ab961b51-4189-4ab6-9b0d-4af4525a001e",
	"00000000-0000-0000-0000-000000000000",
	'current_state',
	'',
	'',
	'current_state',
	0,
	"ba5eda7a-def5-0000-0000-000000000006",
	'',
	'');
INSERT INTO O_ID
	VALUES (0,
	"ab961b51-4189-4ab6-9b0d-4af4525a001e");
INSERT INTO O_ID
	VALUES (1,
	"ab961b51-4189-4ab6-9b0d-4af4525a001e");
INSERT INTO O_ID
	VALUES (2,
	"ab961b51-4189-4ab6-9b0d-4af4525a001e");
INSERT INTO SM_ISM
	VALUES ("b250f870-4895-4f31-809c-66d431afb849",
	"ab961b51-4189-4ab6-9b0d-4af4525a001e");
INSERT INTO SM_SM
	VALUES ("b250f870-4895-4f31-809c-66d431afb849",
	'',
	0);
INSERT INTO SM_MOORE
	VALUES ("b250f870-4895-4f31-809c-66d431afb849");
INSERT INTO SM_LEVT
	VALUES ("50ac5e4a-e7b8-4624-901e-80d8402aeb60",
	"b250f870-4895-4f31-809c-66d431afb849",
	"00000000-0000-0000-0000-000000000000");
INSERT INTO SM_SEVT
	VALUES ("50ac5e4a-e7b8-4624-901e-80d8402aeb60",
	"b250f870-4895-4f31-809c-66d431afb849",
	"00000000-0000-0000-0000-000000000000");
INSERT INTO SM_EVT
	VALUES ("50ac5e4a-e7b8-4624-901e-80d8402aeb60",
	"b250f870-4895-4f31-809c-66d431afb849",
	"00000000-0000-0000-0000-000000000000",
	1,
	'evt1',
	0,
	'',
	'KEY1',
	'');
INSERT INTO SM_STATE
	VALUES ("6f74a5a0-dbd4-4cb6-a169-b6cf4880e61c",
	"b250f870-4895-4f31-809c-66d431afb849",
	"00000000-0000-0000-0000-000000000000",
	'H',
	1,
	0);
INSERT INTO SM_CH
	VALUES ("6f74a5a0-dbd4-4cb6-a169-b6cf4880e61c",
	"50ac5e4a-e7b8-4624-901e-80d8402aeb60",
	"b250f870-4895-4f31-809c-66d431afb849",
	"00000000-0000-0000-0000-000000000000",
	'');
INSERT INTO SM_SEME
	VALUES ("6f74a5a0-dbd4-4cb6-a169-b6cf4880e61c",
	"50ac5e4a-e7b8-4624-901e-80d8402aeb60",
	"b250f870-4895-4f31-809c-66d431afb849",
	"00000000-0000-0000-0000-000000000000");
INSERT INTO SM_MOAH
	VALUES ("a76e7025-c1a7-473a-ab7a-5e89df9dc81d",
	"b250f870-4895-4f31-809c-66d431afb849",
	"6f74a5a0-dbd4-4cb6-a169-b6cf4880e61c");
INSERT INTO SM_AH
	VALUES ("a76e7025-c1a7-473a-ab7a-5e89df9dc81d",
	"b250f870-4895-4f31-809c-66d431afb849");
INSERT INTO SM_ACT
	VALUES ("a76e7025-c1a7-473a-ab7a-5e89df9dc81d",
	"b250f870-4895-4f31-809c-66d431afb849",
	0,
	'',
	'');
INSERT INTO SM_CRTXN
	VALUES ("04a7fbd6-0e83-4236-aef7-830194c29d81",
	"b250f870-4895-4f31-809c-66d431afb849",
	"50ac5e4a-e7b8-4624-901e-80d8402aeb60",
	"00000000-0000-0000-0000-000000000000");
INSERT INTO SM_TAH
	VALUES ("95404e2b-036a-4823-bfa4-0c4b99bbbf0d",
	"b250f870-4895-4f31-809c-66d431afb849",
	"04a7fbd6-0e83-4236-aef7-830194c29d81");
INSERT INTO SM_AH
	VALUES ("95404e2b-036a-4823-bfa4-0c4b99bbbf0d",
	"b250f870-4895-4f31-809c-66d431afb849");
INSERT INTO SM_ACT
	VALUES ("95404e2b-036a-4823-bfa4-0c4b99bbbf0d",
	"b250f870-4895-4f31-809c-66d431afb849",
	1,
	'',
	'');
INSERT INTO ACT_TAB
	VALUES ("a589da47-ea07-41a1-b7af-a328ca92f3ff",
	"b250f870-4895-4f31-809c-66d431afb849",
	"95404e2b-036a-4823-bfa4-0c4b99bbbf0d");
INSERT INTO ACT_ACT
	VALUES ("a589da47-ea07-41a1-b7af-a328ca92f3ff",
	'transition',
	0,
	"084bc25e-ca33-4ff6-9f5c-98cf734552de",
	"00000000-0000-0000-0000-000000000000",
	0,
	'KEY1: evt1',
	"00000000-0000-0000-0000-000000000000");
INSERT INTO ACT_BLK
	VALUES ("084bc25e-ca33-4ff6-9f5c-98cf734552de",
	0,
	0,
	0,
	'',
	'',
	'',
	0,
	0,
	0,
	0,
	0,
	0,
	0,
	0,
	0,
	0,
	0,
	0,
	0,
	"a589da47-ea07-41a1-b7af-a328ca92f3ff",
	"00000000-0000-0000-0000-000000000000");
INSERT INTO SM_TXN
	VALUES ("04a7fbd6-0e83-4236-aef7-830194c29d81",
	"b250f870-4895-4f31-809c-66d431afb849",
	"6f74a5a0-dbd4-4cb6-a169-b6cf4880e61c",
	"00000000-0000-0000-0000-000000000000");
INSERT INTO SM_CRTXN
	VALUES ("0c215b28-897c-4e01-b969-a724ab1ed305",
	"b250f870-4895-4f31-809c-66d431afb849",
	"00000000-0000-0000-0000-000000000000",
	"00000000-0000-0000-0000-000000000000");
INSERT INTO SM_TAH
	VALUES ("723fae37-4c41-4acd-9226-52f1d0cc8ff0",
	"b250f870-4895-4f31-809c-66d431afb849",
	"0c215b28-897c-4e01-b969-a724ab1ed305");
INSERT INTO SM_AH
	VALUES ("723fae37-4c41-4acd-9226-52f1d0cc8ff0",
	"b250f870-4895-4f31-809c-66d431afb849");
INSERT INTO SM_ACT
	VALUES ("723fae37-4c41-4acd-9226-52f1d0cc8ff0",
	"b250f870-4895-4f31-809c-66d431afb849",
	1,
	'',
	'');
INSERT INTO ACT_TAB
	VALUES ("aea97994-b80c-46e7-b1cc-f818a5c75e7f",
	"b250f870-4895-4f31-809c-66d431afb849",
	"723fae37-4c41-4acd-9226-52f1d0cc8ff0");
INSERT INTO ACT_ACT
	VALUES ("aea97994-b80c-46e7-b1cc-f818a5c75e7f",
	'transition',
	0,
	"182141c9-846d-4ff9-bd25-88a3177bab37",
	"00000000-0000-0000-0000-000000000000",
	0,
	'No Event Assigned',
	"00000000-0000-0000-0000-000000000000");
INSERT INTO ACT_BLK
	VALUES ("182141c9-846d-4ff9-bd25-88a3177bab37",
	0,
	0,
	0,
	'',
	'',
	'',
	0,
	0,
	0,
	0,
	0,
	0,
	0,
	0,
	0,
	0,
	0,
	0,
	0,
	"aea97994-b80c-46e7-b1cc-f818a5c75e7f",
	"00000000-0000-0000-0000-000000000000");
INSERT INTO SM_TXN
	VALUES ("0c215b28-897c-4e01-b969-a724ab1ed305",
	"b250f870-4895-4f31-809c-66d431afb849",
	"6f74a5a0-dbd4-4cb6-a169-b6cf4880e61c",
	"00000000-0000-0000-0000-000000000000");
INSERT INTO PE_PE
	VALUES ("f40b9c88-ad59-4114-8f2e-abf26843e20a",
	1,
	"971e8d4c-fe37-4841-a2bb-f069be7a3b1f",
	"00000000-0000-0000-0000-000000000000",
	4);
INSERT INTO O_OBJ
	VALUES ("f40b9c88-ad59-4114-8f2e-abf26843e20a",
	'Test Class 7',
	5,
	'KEY',
	'',
	"00000000-0000-0000-0000-000000000000");
INSERT INTO O_NBATTR
	VALUES ("6b0a4dba-b4bb-4b40-888b-1c7f23d08285",
	"f40b9c88-ad59-4114-8f2e-abf26843e20a");
INSERT INTO O_BATTR
	VALUES ("6b0a4dba-b4bb-4b40-888b-1c7f23d08285",
	"f40b9c88-ad59-4114-8f2e-abf26843e20a");
INSERT INTO O_ATTR
	VALUES ("6b0a4dba-b4bb-4b40-888b-1c7f23d08285",
	"f40b9c88-ad59-4114-8f2e-abf26843e20a",
	"00000000-0000-0000-0000-000000000000",
	'current_state',
	'',
	'',
	'current_state',
	0,
	"ba5eda7a-def5-0000-0000-000000000006",
	'',
	'');
INSERT INTO O_ID
	VALUES (0,
	"f40b9c88-ad59-4114-8f2e-abf26843e20a");
INSERT INTO O_ID
	VALUES (1,
	"f40b9c88-ad59-4114-8f2e-abf26843e20a");
INSERT INTO O_ID
	VALUES (2,
	"f40b9c88-ad59-4114-8f2e-abf26843e20a");
INSERT INTO SM_ISM
	VALUES ("51e3e8c1-859e-46cd-9c7a-ac42e9cb55c2",
	"f40b9c88-ad59-4114-8f2e-abf26843e20a");
INSERT INTO SM_SM
	VALUES ("51e3e8c1-859e-46cd-9c7a-ac42e9cb55c2",
	'',
	0);
INSERT INTO SM_MOORE
	VALUES ("51e3e8c1-859e-46cd-9c7a-ac42e9cb55c2");
INSERT INTO SM_LEVT
	VALUES ("6e1c7059-0c30-46b8-9811-7c8723066ed7",
	"51e3e8c1-859e-46cd-9c7a-ac42e9cb55c2",
	"00000000-0000-0000-0000-000000000000");
INSERT INTO SM_SEVT
	VALUES ("6e1c7059-0c30-46b8-9811-7c8723066ed7",
	"51e3e8c1-859e-46cd-9c7a-ac42e9cb55c2",
	"00000000-0000-0000-0000-000000000000");
INSERT INTO SM_EVT
	VALUES ("6e1c7059-0c30-46b8-9811-7c8723066ed7",
	"51e3e8c1-859e-46cd-9c7a-ac42e9cb55c2",
	"00000000-0000-0000-0000-000000000000",
	1,
	'evt1',
	0,
	'',
	'KEY1',
	'');
INSERT INTO SM_LEVT
	VALUES ("161a8eec-5e7f-4e73-a781-d8815f44fc80",
	"51e3e8c1-859e-46cd-9c7a-ac42e9cb55c2",
	"00000000-0000-0000-0000-000000000000");
INSERT INTO SM_SEVT
	VALUES ("161a8eec-5e7f-4e73-a781-d8815f44fc80",
	"51e3e8c1-859e-46cd-9c7a-ac42e9cb55c2",
	"00000000-0000-0000-0000-000000000000");
INSERT INTO SM_EVT
	VALUES ("161a8eec-5e7f-4e73-a781-d8815f44fc80",
	"51e3e8c1-859e-46cd-9c7a-ac42e9cb55c2",
	"00000000-0000-0000-0000-000000000000",
	2,
	'evt2',
	0,
	'',
	'KEY2',
	'');
INSERT INTO SM_STATE
	VALUES ("cae87b0b-aa56-4229-8f1d-908f7b3ae2a0",
	"51e3e8c1-859e-46cd-9c7a-ac42e9cb55c2",
	"00000000-0000-0000-0000-000000000000",
	'I',
	1,
	0);
INSERT INTO SM_CH
	VALUES ("cae87b0b-aa56-4229-8f1d-908f7b3ae2a0",
	"6e1c7059-0c30-46b8-9811-7c8723066ed7",
	"51e3e8c1-859e-46cd-9c7a-ac42e9cb55c2",
	"00000000-0000-0000-0000-000000000000",
	'');
INSERT INTO SM_SEME
	VALUES ("cae87b0b-aa56-4229-8f1d-908f7b3ae2a0",
	"6e1c7059-0c30-46b8-9811-7c8723066ed7",
	"51e3e8c1-859e-46cd-9c7a-ac42e9cb55c2",
	"00000000-0000-0000-0000-000000000000");
INSERT INTO SM_CH
	VALUES ("cae87b0b-aa56-4229-8f1d-908f7b3ae2a0",
	"161a8eec-5e7f-4e73-a781-d8815f44fc80",
	"51e3e8c1-859e-46cd-9c7a-ac42e9cb55c2",
	"00000000-0000-0000-0000-000000000000",
	'');
INSERT INTO SM_SEME
	VALUES ("cae87b0b-aa56-4229-8f1d-908f7b3ae2a0",
	"161a8eec-5e7f-4e73-a781-d8815f44fc80",
	"51e3e8c1-859e-46cd-9c7a-ac42e9cb55c2",
	"00000000-0000-0000-0000-000000000000");
INSERT INTO SM_MOAH
	VALUES ("b670609a-f335-422e-851c-279f8fb297e5",
	"51e3e8c1-859e-46cd-9c7a-ac42e9cb55c2",
	"cae87b0b-aa56-4229-8f1d-908f7b3ae2a0");
INSERT INTO SM_AH
	VALUES ("b670609a-f335-422e-851c-279f8fb297e5",
	"51e3e8c1-859e-46cd-9c7a-ac42e9cb55c2");
INSERT INTO SM_ACT
	VALUES ("b670609a-f335-422e-851c-279f8fb297e5",
	"51e3e8c1-859e-46cd-9c7a-ac42e9cb55c2",
	0,
	'',
	'');
INSERT INTO SM_CRTXN
	VALUES ("36149592-aeae-4532-8bfe-0476291b4454",
	"51e3e8c1-859e-46cd-9c7a-ac42e9cb55c2",
	"6e1c7059-0c30-46b8-9811-7c8723066ed7",
	"00000000-0000-0000-0000-000000000000");
INSERT INTO SM_TAH
	VALUES ("9901f42d-9ff8-4c84-9718-72c65a27a48a",
	"51e3e8c1-859e-46cd-9c7a-ac42e9cb55c2",
	"36149592-aeae-4532-8bfe-0476291b4454");
INSERT INTO SM_AH
	VALUES ("9901f42d-9ff8-4c84-9718-72c65a27a48a",
	"51e3e8c1-859e-46cd-9c7a-ac42e9cb55c2");
INSERT INTO SM_ACT
	VALUES ("9901f42d-9ff8-4c84-9718-72c65a27a48a",
	"51e3e8c1-859e-46cd-9c7a-ac42e9cb55c2",
	1,
	'',
	'');
INSERT INTO ACT_TAB
	VALUES ("846dc280-baca-4457-9ccb-ff32f2299672",
	"51e3e8c1-859e-46cd-9c7a-ac42e9cb55c2",
	"9901f42d-9ff8-4c84-9718-72c65a27a48a");
INSERT INTO ACT_ACT
	VALUES ("846dc280-baca-4457-9ccb-ff32f2299672",
	'transition',
	0,
	"aafa0248-6864-4d4a-b74d-dde32200931f",
	"00000000-0000-0000-0000-000000000000",
	0,
	'KEY1: evt1',
	"00000000-0000-0000-0000-000000000000");
INSERT INTO ACT_BLK
	VALUES ("aafa0248-6864-4d4a-b74d-dde32200931f",
	0,
	0,
	0,
	'',
	'',
	'',
	0,
	0,
	0,
	0,
	0,
	0,
	0,
	0,
	0,
	0,
	0,
	0,
	0,
	"846dc280-baca-4457-9ccb-ff32f2299672",
	"00000000-0000-0000-0000-000000000000");
INSERT INTO SM_TXN
	VALUES ("36149592-aeae-4532-8bfe-0476291b4454",
	"51e3e8c1-859e-46cd-9c7a-ac42e9cb55c2",
	"cae87b0b-aa56-4229-8f1d-908f7b3ae2a0",
	"00000000-0000-0000-0000-000000000000");
INSERT INTO SM_CRTXN
	VALUES ("88d5d93a-040d-41f4-8b89-44177605d28f",
	"51e3e8c1-859e-46cd-9c7a-ac42e9cb55c2",
	"00000000-0000-0000-0000-000000000000",
	"00000000-0000-0000-0000-000000000000");
INSERT INTO SM_TAH
	VALUES ("bd84d806-aba0-4c05-85c0-6279c737a513",
	"51e3e8c1-859e-46cd-9c7a-ac42e9cb55c2",
	"88d5d93a-040d-41f4-8b89-44177605d28f");
INSERT INTO SM_AH
	VALUES ("bd84d806-aba0-4c05-85c0-6279c737a513",
	"51e3e8c1-859e-46cd-9c7a-ac42e9cb55c2");
INSERT INTO SM_ACT
	VALUES ("bd84d806-aba0-4c05-85c0-6279c737a513",
	"51e3e8c1-859e-46cd-9c7a-ac42e9cb55c2",
	1,
	'',
	'');
INSERT INTO ACT_TAB
	VALUES ("21f4d8e6-21e0-43ff-b68b-b0a4c4ec0594",
	"51e3e8c1-859e-46cd-9c7a-ac42e9cb55c2",
	"bd84d806-aba0-4c05-85c0-6279c737a513");
INSERT INTO ACT_ACT
	VALUES ("21f4d8e6-21e0-43ff-b68b-b0a4c4ec0594",
	'transition',
	0,
	"b683ea35-bb76-4517-a97f-5918cfeaba89",
	"00000000-0000-0000-0000-000000000000",
	0,
	'No Event Assigned',
	"00000000-0000-0000-0000-000000000000");
INSERT INTO ACT_BLK
	VALUES ("b683ea35-bb76-4517-a97f-5918cfeaba89",
	0,
	0,
	0,
	'',
	'',
	'',
	0,
	0,
	0,
	0,
	0,
	0,
	0,
	0,
	0,
	0,
	0,
	0,
	0,
	"21f4d8e6-21e0-43ff-b68b-b0a4c4ec0594",
	"00000000-0000-0000-0000-000000000000");
INSERT INTO SM_TXN
	VALUES ("88d5d93a-040d-41f4-8b89-44177605d28f",
	"51e3e8c1-859e-46cd-9c7a-ac42e9cb55c2",
	"cae87b0b-aa56-4229-8f1d-908f7b3ae2a0",
	"00000000-0000-0000-0000-000000000000");
INSERT INTO PE_PE
	VALUES ("94e0c03d-6522-457d-968e-be2fc2d406e2",
	1,
	"971e8d4c-fe37-4841-a2bb-f069be7a3b1f",
	"00000000-0000-0000-0000-000000000000",
	4);
INSERT INTO O_OBJ
	VALUES ("94e0c03d-6522-457d-968e-be2fc2d406e2",
	'Test Class 8',
	6,
	'KEY',
	'',
	"00000000-0000-0000-0000-000000000000");
INSERT INTO O_NBATTR
	VALUES ("4a96c5bb-83d5-44ec-87a5-5338a3876405",
	"94e0c03d-6522-457d-968e-be2fc2d406e2");
INSERT INTO O_BATTR
	VALUES ("4a96c5bb-83d5-44ec-87a5-5338a3876405",
	"94e0c03d-6522-457d-968e-be2fc2d406e2");
INSERT INTO O_ATTR
	VALUES ("4a96c5bb-83d5-44ec-87a5-5338a3876405",
	"94e0c03d-6522-457d-968e-be2fc2d406e2",
	"00000000-0000-0000-0000-000000000000",
	'current_state',
	'',
	'',
	'current_state',
	0,
	"ba5eda7a-def5-0000-0000-000000000006",
	'',
	'');
INSERT INTO O_ID
	VALUES (0,
	"94e0c03d-6522-457d-968e-be2fc2d406e2");
INSERT INTO O_ID
	VALUES (1,
	"94e0c03d-6522-457d-968e-be2fc2d406e2");
INSERT INTO O_ID
	VALUES (2,
	"94e0c03d-6522-457d-968e-be2fc2d406e2");
INSERT INTO SM_ISM
	VALUES ("5d8d040e-c9ac-4cf3-80dd-5a88a73c49ee",
	"94e0c03d-6522-457d-968e-be2fc2d406e2");
INSERT INTO SM_SM
	VALUES ("5d8d040e-c9ac-4cf3-80dd-5a88a73c49ee",
	'',
	0);
INSERT INTO SM_MOORE
	VALUES ("5d8d040e-c9ac-4cf3-80dd-5a88a73c49ee");
INSERT INTO SM_LEVT
	VALUES ("03f316cb-36d0-48e9-8385-1e08cf9658b9",
	"5d8d040e-c9ac-4cf3-80dd-5a88a73c49ee",
	"00000000-0000-0000-0000-000000000000");
INSERT INTO SM_SEVT
	VALUES ("03f316cb-36d0-48e9-8385-1e08cf9658b9",
	"5d8d040e-c9ac-4cf3-80dd-5a88a73c49ee",
	"00000000-0000-0000-0000-000000000000");
INSERT INTO SM_EVT
	VALUES ("03f316cb-36d0-48e9-8385-1e08cf9658b9",
	"5d8d040e-c9ac-4cf3-80dd-5a88a73c49ee",
	"00000000-0000-0000-0000-000000000000",
	1,
	'evt1',
	0,
	'',
	'KEY1',
	'');
INSERT INTO SM_STATE
	VALUES ("3cb4570e-550b-4b88-9007-58128f25036c",
	"5d8d040e-c9ac-4cf3-80dd-5a88a73c49ee",
	"00000000-0000-0000-0000-000000000000",
	'J',
	1,
	0);
INSERT INTO SM_SEME
	VALUES ("3cb4570e-550b-4b88-9007-58128f25036c",
	"03f316cb-36d0-48e9-8385-1e08cf9658b9",
	"5d8d040e-c9ac-4cf3-80dd-5a88a73c49ee",
	"00000000-0000-0000-0000-000000000000");
INSERT INTO SM_MOAH
	VALUES ("c276e089-4f5b-4b5f-8c51-d04a15c59776",
	"5d8d040e-c9ac-4cf3-80dd-5a88a73c49ee",
	"3cb4570e-550b-4b88-9007-58128f25036c");
INSERT INTO SM_AH
	VALUES ("c276e089-4f5b-4b5f-8c51-d04a15c59776",
	"5d8d040e-c9ac-4cf3-80dd-5a88a73c49ee");
INSERT INTO SM_ACT
	VALUES ("c276e089-4f5b-4b5f-8c51-d04a15c59776",
	"5d8d040e-c9ac-4cf3-80dd-5a88a73c49ee",
	0,
	'',
	'');
INSERT INTO SM_STATE
	VALUES ("e8274001-353f-46ad-925d-c3722cea3b0e",
	"5d8d040e-c9ac-4cf3-80dd-5a88a73c49ee",
	"00000000-0000-0000-0000-000000000000",
	'K',
	2,
	0);
INSERT INTO SM_CH
	VALUES ("e8274001-353f-46ad-925d-c3722cea3b0e",
	"03f316cb-36d0-48e9-8385-1e08cf9658b9",
	"5d8d040e-c9ac-4cf3-80dd-5a88a73c49ee",
	"00000000-0000-0000-0000-000000000000",
	'');
INSERT INTO SM_SEME
	VALUES ("e8274001-353f-46ad-925d-c3722cea3b0e",
	"03f316cb-36d0-48e9-8385-1e08cf9658b9",
	"5d8d040e-c9ac-4cf3-80dd-5a88a73c49ee",
	"00000000-0000-0000-0000-000000000000");
INSERT INTO SM_MOAH
	VALUES ("2b12d82e-0c37-4824-ac07-389d60441556",
	"5d8d040e-c9ac-4cf3-80dd-5a88a73c49ee",
	"e8274001-353f-46ad-925d-c3722cea3b0e");
INSERT INTO SM_AH
	VALUES ("2b12d82e-0c37-4824-ac07-389d60441556",
	"5d8d040e-c9ac-4cf3-80dd-5a88a73c49ee");
INSERT INTO SM_ACT
	VALUES ("2b12d82e-0c37-4824-ac07-389d60441556",
	"5d8d040e-c9ac-4cf3-80dd-5a88a73c49ee",
	0,
	'',
	'');
INSERT INTO SM_NSTXN
	VALUES ("8e996562-3f2c-4dbd-977d-31016bb9516f",
	"5d8d040e-c9ac-4cf3-80dd-5a88a73c49ee",
	"3cb4570e-550b-4b88-9007-58128f25036c",
	"03f316cb-36d0-48e9-8385-1e08cf9658b9",
	"00000000-0000-0000-0000-000000000000");
INSERT INTO SM_TAH
	VALUES ("05e05d33-813b-4e90-84bb-219c8a78a676",
	"5d8d040e-c9ac-4cf3-80dd-5a88a73c49ee",
	"8e996562-3f2c-4dbd-977d-31016bb9516f");
INSERT INTO SM_AH
	VALUES ("05e05d33-813b-4e90-84bb-219c8a78a676",
	"5d8d040e-c9ac-4cf3-80dd-5a88a73c49ee");
INSERT INTO SM_ACT
	VALUES ("05e05d33-813b-4e90-84bb-219c8a78a676",
	"5d8d040e-c9ac-4cf3-80dd-5a88a73c49ee",
	1,
	'',
	'');
INSERT INTO ACT_TAB
	VALUES ("db75d1fa-6e24-46c3-a2af-2851eb71ca41",
	"5d8d040e-c9ac-4cf3-80dd-5a88a73c49ee",
	"05e05d33-813b-4e90-84bb-219c8a78a676");
INSERT INTO ACT_ACT
	VALUES ("db75d1fa-6e24-46c3-a2af-2851eb71ca41",
	'transition',
	0,
	"c20cd8c0-3f76-44e4-b26c-90085e59ade0",
	"00000000-0000-0000-0000-000000000000",
	0,
	'KEY1: evt1',
	"00000000-0000-0000-0000-000000000000");
INSERT INTO ACT_BLK
	VALUES ("c20cd8c0-3f76-44e4-b26c-90085e59ade0",
	0,
	0,
	0,
	'',
	'',
	'',
	0,
	0,
	0,
	0,
	0,
	0,
	0,
	0,
	0,
	0,
	0,
	0,
	0,
	"db75d1fa-6e24-46c3-a2af-2851eb71ca41",
	"00000000-0000-0000-0000-000000000000");
INSERT INTO SM_TXN
	VALUES ("8e996562-3f2c-4dbd-977d-31016bb9516f",
	"5d8d040e-c9ac-4cf3-80dd-5a88a73c49ee",
	"e8274001-353f-46ad-925d-c3722cea3b0e",
	"00000000-0000-0000-0000-000000000000");
INSERT INTO SM_NETXN
	VALUES ("c32e5e63-fb4d-4549-b2f3-5b8696b63bec",
	"5d8d040e-c9ac-4cf3-80dd-5a88a73c49ee",
	"e8274001-353f-46ad-925d-c3722cea3b0e",
	"00000000-0000-0000-0000-000000000000");
INSERT INTO SM_TAH
	VALUES ("0d996ef1-54f2-43f8-bee0-2c5116a5bcd5",
	"5d8d040e-c9ac-4cf3-80dd-5a88a73c49ee",
	"c32e5e63-fb4d-4549-b2f3-5b8696b63bec");
INSERT INTO SM_AH
	VALUES ("0d996ef1-54f2-43f8-bee0-2c5116a5bcd5",
	"5d8d040e-c9ac-4cf3-80dd-5a88a73c49ee");
INSERT INTO SM_ACT
	VALUES ("0d996ef1-54f2-43f8-bee0-2c5116a5bcd5",
	"5d8d040e-c9ac-4cf3-80dd-5a88a73c49ee",
	1,
	'',
	'');
INSERT INTO ACT_TAB
	VALUES ("60433a78-7bc9-44ce-9aa4-138bb47e8767",
	"5d8d040e-c9ac-4cf3-80dd-5a88a73c49ee",
	"0d996ef1-54f2-43f8-bee0-2c5116a5bcd5");
INSERT INTO ACT_ACT
	VALUES ("60433a78-7bc9-44ce-9aa4-138bb47e8767",
	'transition',
	0,
	"6c75ca1b-afda-47bf-af58-078ee29f44d2",
	"00000000-0000-0000-0000-000000000000",
	0,
	'No Event Assigned',
	"00000000-0000-0000-0000-000000000000");
INSERT INTO ACT_BLK
	VALUES ("6c75ca1b-afda-47bf-af58-078ee29f44d2",
	0,
	0,
	0,
	'',
	'',
	'',
	0,
	0,
	0,
	0,
	0,
	0,
	0,
	0,
	0,
	0,
	0,
	0,
	0,
	"60433a78-7bc9-44ce-9aa4-138bb47e8767",
	"00000000-0000-0000-0000-000000000000");
INSERT INTO SM_TXN
	VALUES ("c32e5e63-fb4d-4549-b2f3-5b8696b63bec",
	"5d8d040e-c9ac-4cf3-80dd-5a88a73c49ee",
	"3cb4570e-550b-4b88-9007-58128f25036c",
	"00000000-0000-0000-0000-000000000000");
INSERT INTO PE_PE
	VALUES ("02ff1547-c9a6-42a4-8ba1-9b4029484e86",
	1,
	"971e8d4c-fe37-4841-a2bb-f069be7a3b1f",
	"00000000-0000-0000-0000-000000000000",
	4);
INSERT INTO O_OBJ
	VALUES ("02ff1547-c9a6-42a4-8ba1-9b4029484e86",
	'Test Class 9',
	7,
	'KEY',
	'',
	"00000000-0000-0000-0000-000000000000");
INSERT INTO O_NBATTR
	VALUES ("1d4850ad-9c52-4b1f-a7bf-dba85f8e8231",
	"02ff1547-c9a6-42a4-8ba1-9b4029484e86");
INSERT INTO O_BATTR
	VALUES ("1d4850ad-9c52-4b1f-a7bf-dba85f8e8231",
	"02ff1547-c9a6-42a4-8ba1-9b4029484e86");
INSERT INTO O_ATTR
	VALUES ("1d4850ad-9c52-4b1f-a7bf-dba85f8e8231",
	"02ff1547-c9a6-42a4-8ba1-9b4029484e86",
	"00000000-0000-0000-0000-000000000000",
	'current_state',
	'',
	'',
	'current_state',
	0,
	"ba5eda7a-def5-0000-0000-000000000006",
	'',
	'');
INSERT INTO O_ID
	VALUES (0,
	"02ff1547-c9a6-42a4-8ba1-9b4029484e86");
INSERT INTO O_ID
	VALUES (1,
	"02ff1547-c9a6-42a4-8ba1-9b4029484e86");
INSERT INTO O_ID
	VALUES (2,
	"02ff1547-c9a6-42a4-8ba1-9b4029484e86");
INSERT INTO SM_ISM
	VALUES ("b18493c6-b381-4f68-b120-2437aded24d0",
	"02ff1547-c9a6-42a4-8ba1-9b4029484e86");
INSERT INTO SM_SM
	VALUES ("b18493c6-b381-4f68-b120-2437aded24d0",
	'',
	0);
INSERT INTO SM_MOORE
	VALUES ("b18493c6-b381-4f68-b120-2437aded24d0");
INSERT INTO SM_LEVT
	VALUES ("4e7a8b3d-99c2-425f-8061-8e2ed676247c",
	"b18493c6-b381-4f68-b120-2437aded24d0",
	"00000000-0000-0000-0000-000000000000");
INSERT INTO SM_SEVT
	VALUES ("4e7a8b3d-99c2-425f-8061-8e2ed676247c",
	"b18493c6-b381-4f68-b120-2437aded24d0",
	"00000000-0000-0000-0000-000000000000");
INSERT INTO SM_EVT
	VALUES ("4e7a8b3d-99c2-425f-8061-8e2ed676247c",
	"b18493c6-b381-4f68-b120-2437aded24d0",
	"00000000-0000-0000-0000-000000000000",
	1,
	'evt1',
	0,
	'',
	'KEY1',
	'');
INSERT INTO SM_STATE
	VALUES ("c02954f8-045d-45da-a3ea-f59d84f73173",
	"b18493c6-b381-4f68-b120-2437aded24d0",
	"00000000-0000-0000-0000-000000000000",
	'L',
	1,
	0);
INSERT INTO SM_CH
	VALUES ("c02954f8-045d-45da-a3ea-f59d84f73173",
	"4e7a8b3d-99c2-425f-8061-8e2ed676247c",
	"b18493c6-b381-4f68-b120-2437aded24d0",
	"00000000-0000-0000-0000-000000000000",
	'');
INSERT INTO SM_SEME
	VALUES ("c02954f8-045d-45da-a3ea-f59d84f73173",
	"4e7a8b3d-99c2-425f-8061-8e2ed676247c",
	"b18493c6-b381-4f68-b120-2437aded24d0",
	"00000000-0000-0000-0000-000000000000");
INSERT INTO SM_MOAH
	VALUES ("1b5dea6a-32fd-4055-9dea-d2d2b71ebb0f",
	"b18493c6-b381-4f68-b120-2437aded24d0",
	"c02954f8-045d-45da-a3ea-f59d84f73173");
INSERT INTO SM_AH
	VALUES ("1b5dea6a-32fd-4055-9dea-d2d2b71ebb0f",
	"b18493c6-b381-4f68-b120-2437aded24d0");
INSERT INTO SM_ACT
	VALUES ("1b5dea6a-32fd-4055-9dea-d2d2b71ebb0f",
	"b18493c6-b381-4f68-b120-2437aded24d0",
	0,
	'',
	'');
INSERT INTO SM_CRTXN
	VALUES ("af6b0b7a-d9b7-449b-958a-145620204529",
	"b18493c6-b381-4f68-b120-2437aded24d0",
	"4e7a8b3d-99c2-425f-8061-8e2ed676247c",
	"00000000-0000-0000-0000-000000000000");
INSERT INTO SM_TAH
	VALUES ("102ad11d-900b-4e3f-89e3-903c3b1650b7",
	"b18493c6-b381-4f68-b120-2437aded24d0",
	"af6b0b7a-d9b7-449b-958a-145620204529");
INSERT INTO SM_AH
	VALUES ("102ad11d-900b-4e3f-89e3-903c3b1650b7",
	"b18493c6-b381-4f68-b120-2437aded24d0");
INSERT INTO SM_ACT
	VALUES ("102ad11d-900b-4e3f-89e3-903c3b1650b7",
	"b18493c6-b381-4f68-b120-2437aded24d0",
	1,
	'',
	'');
INSERT INTO ACT_TAB
	VALUES ("e7f7629e-5466-411c-975c-cbe7c5d0c4d8",
	"b18493c6-b381-4f68-b120-2437aded24d0",
	"102ad11d-900b-4e3f-89e3-903c3b1650b7");
INSERT INTO ACT_ACT
	VALUES ("e7f7629e-5466-411c-975c-cbe7c5d0c4d8",
	'transition',
	0,
	"1945b392-69dd-45d3-82c3-7b73f765a7bc",
	"00000000-0000-0000-0000-000000000000",
	0,
	'KEY1: evt1',
	"00000000-0000-0000-0000-000000000000");
INSERT INTO ACT_BLK
	VALUES ("1945b392-69dd-45d3-82c3-7b73f765a7bc",
	0,
	0,
	0,
	'',
	'',
	'',
	0,
	0,
	0,
	0,
	0,
	0,
	0,
	0,
	0,
	0,
	0,
	0,
	0,
	"e7f7629e-5466-411c-975c-cbe7c5d0c4d8",
	"00000000-0000-0000-0000-000000000000");
INSERT INTO SM_TXN
	VALUES ("af6b0b7a-d9b7-449b-958a-145620204529",
	"b18493c6-b381-4f68-b120-2437aded24d0",
	"c02954f8-045d-45da-a3ea-f59d84f73173",
	"00000000-0000-0000-0000-000000000000");
INSERT INTO PE_PE
	VALUES ("064f3b97-5ada-4e61-8976-3998f5c7e321",
	1,
	"608f6883-c5e8-4f72-92c4-dfad6183f40b",
	"00000000-0000-0000-0000-000000000000",
	-1);
INSERT INTO EP_PKG
	VALUES ("064f3b97-5ada-4e61-8976-3998f5c7e321",
	"00000000-0000-0000-0000-000000000000",
	"d54cad86-f7be-4655-8747-a3752eb88fc1",
	'AssignRemoveEvent',
	'',
	0);
INSERT INTO PE_PE
	VALUES ("58bae459-c385-46e3-91cd-999f251dca19",
	1,
	"064f3b97-5ada-4e61-8976-3998f5c7e321",
	"00000000-0000-0000-0000-000000000000",
	4);
INSERT INTO O_OBJ
	VALUES ("58bae459-c385-46e3-91cd-999f251dca19",
	'Test Class 1',
	1,
	'T_CLS1',
	'',
	"00000000-0000-0000-0000-000000000000");
INSERT INTO O_NBATTR
	VALUES ("60ee4240-5083-4906-afd0-48eeb56add6a",
	"58bae459-c385-46e3-91cd-999f251dca19");
INSERT INTO O_BATTR
	VALUES ("60ee4240-5083-4906-afd0-48eeb56add6a",
	"58bae459-c385-46e3-91cd-999f251dca19");
INSERT INTO O_ATTR
	VALUES ("60ee4240-5083-4906-afd0-48eeb56add6a",
	"58bae459-c385-46e3-91cd-999f251dca19",
	"00000000-0000-0000-0000-000000000000",
	'current_state',
	'',
	'',
	'current_state',
	0,
	"ba5eda7a-def5-0000-0000-000000000006",
	'',
	'');
INSERT INTO O_ID
	VALUES (0,
	"58bae459-c385-46e3-91cd-999f251dca19");
INSERT INTO O_ID
	VALUES (1,
	"58bae459-c385-46e3-91cd-999f251dca19");
INSERT INTO O_ID
	VALUES (2,
	"58bae459-c385-46e3-91cd-999f251dca19");
INSERT INTO SM_ISM
	VALUES ("fdb78d9d-c2f9-447e-b0e3-ca7b71456645",
	"58bae459-c385-46e3-91cd-999f251dca19");
INSERT INTO SM_SM
	VALUES ("fdb78d9d-c2f9-447e-b0e3-ca7b71456645",
	'',
	3);
INSERT INTO SM_MOORE
	VALUES ("fdb78d9d-c2f9-447e-b0e3-ca7b71456645");
INSERT INTO SM_LEVT
	VALUES ("1629ce44-7656-428b-8262-d8bde4fd2509",
	"fdb78d9d-c2f9-447e-b0e3-ca7b71456645",
	"00000000-0000-0000-0000-000000000000");
INSERT INTO SM_SEVT
	VALUES ("1629ce44-7656-428b-8262-d8bde4fd2509",
	"fdb78d9d-c2f9-447e-b0e3-ca7b71456645",
	"00000000-0000-0000-0000-000000000000");
INSERT INTO SM_EVT
	VALUES ("1629ce44-7656-428b-8262-d8bde4fd2509",
	"fdb78d9d-c2f9-447e-b0e3-ca7b71456645",
	"00000000-0000-0000-0000-000000000000",
	1,
	'Test Event 1',
	0,
	'',
	'T_CLS11',
	'');
INSERT INTO SM_LEVT
	VALUES ("ad5bff35-0687-4163-b1f7-e0771849250c",
	"fdb78d9d-c2f9-447e-b0e3-ca7b71456645",
	"00000000-0000-0000-0000-000000000000");
INSERT INTO SM_SEVT
	VALUES ("ad5bff35-0687-4163-b1f7-e0771849250c",
	"fdb78d9d-c2f9-447e-b0e3-ca7b71456645",
	"00000000-0000-0000-0000-000000000000");
INSERT INTO SM_EVT
	VALUES ("ad5bff35-0687-4163-b1f7-e0771849250c",
	"fdb78d9d-c2f9-447e-b0e3-ca7b71456645",
	"00000000-0000-0000-0000-000000000000",
	2,
	'Test Event 2',
	0,
	'',
	'T_CLS12',
	'');
INSERT INTO SM_LEVT
	VALUES ("fcfa086a-b80e-4e13-ab2c-6c55da49b8e2",
	"fdb78d9d-c2f9-447e-b0e3-ca7b71456645",
	"00000000-0000-0000-0000-000000000000");
INSERT INTO SM_SEVT
	VALUES ("fcfa086a-b80e-4e13-ab2c-6c55da49b8e2",
	"fdb78d9d-c2f9-447e-b0e3-ca7b71456645",
	"00000000-0000-0000-0000-000000000000");
INSERT INTO SM_EVT
	VALUES ("fcfa086a-b80e-4e13-ab2c-6c55da49b8e2",
	"fdb78d9d-c2f9-447e-b0e3-ca7b71456645",
	"00000000-0000-0000-0000-000000000000",
	3,
	'Test Event 3',
	0,
	'',
	'T_CLS13',
	'');
INSERT INTO SM_STATE
	VALUES ("d9b1994e-6cd8-4417-812f-83dd7ab8814e",
	"fdb78d9d-c2f9-447e-b0e3-ca7b71456645",
	"00000000-0000-0000-0000-000000000000",
	'Test State 1',
	1,
	0);
INSERT INTO SM_EIGN
	VALUES ("d9b1994e-6cd8-4417-812f-83dd7ab8814e",
	"1629ce44-7656-428b-8262-d8bde4fd2509",
	"fdb78d9d-c2f9-447e-b0e3-ca7b71456645",
	"00000000-0000-0000-0000-000000000000",
	'');
INSERT INTO SM_SEME
	VALUES ("d9b1994e-6cd8-4417-812f-83dd7ab8814e",
	"1629ce44-7656-428b-8262-d8bde4fd2509",
	"fdb78d9d-c2f9-447e-b0e3-ca7b71456645",
	"00000000-0000-0000-0000-000000000000");
INSERT INTO SM_EIGN
	VALUES ("d9b1994e-6cd8-4417-812f-83dd7ab8814e",
	"ad5bff35-0687-4163-b1f7-e0771849250c",
	"fdb78d9d-c2f9-447e-b0e3-ca7b71456645",
	"00000000-0000-0000-0000-000000000000",
	'');
INSERT INTO SM_SEME
	VALUES ("d9b1994e-6cd8-4417-812f-83dd7ab8814e",
	"ad5bff35-0687-4163-b1f7-e0771849250c",
	"fdb78d9d-c2f9-447e-b0e3-ca7b71456645",
	"00000000-0000-0000-0000-000000000000");
INSERT INTO SM_CH
	VALUES ("d9b1994e-6cd8-4417-812f-83dd7ab8814e",
	"fcfa086a-b80e-4e13-ab2c-6c55da49b8e2",
	"fdb78d9d-c2f9-447e-b0e3-ca7b71456645",
	"00000000-0000-0000-0000-000000000000",
	'');
INSERT INTO SM_SEME
	VALUES ("d9b1994e-6cd8-4417-812f-83dd7ab8814e",
	"fcfa086a-b80e-4e13-ab2c-6c55da49b8e2",
	"fdb78d9d-c2f9-447e-b0e3-ca7b71456645",
	"00000000-0000-0000-0000-000000000000");
INSERT INTO SM_MOAH
	VALUES ("62ddec78-55ee-4dca-969a-ee376b50894a",
	"fdb78d9d-c2f9-447e-b0e3-ca7b71456645",
	"d9b1994e-6cd8-4417-812f-83dd7ab8814e");
INSERT INTO SM_AH
	VALUES ("62ddec78-55ee-4dca-969a-ee376b50894a",
	"fdb78d9d-c2f9-447e-b0e3-ca7b71456645");
INSERT INTO SM_ACT
	VALUES ("62ddec78-55ee-4dca-969a-ee376b50894a",
	"fdb78d9d-c2f9-447e-b0e3-ca7b71456645",
	0,
	'',
	'');
INSERT INTO SM_STATE
	VALUES ("bea20aa5-1ca6-4e64-956f-dfe41bacbb00",
	"fdb78d9d-c2f9-447e-b0e3-ca7b71456645",
	"00000000-0000-0000-0000-000000000000",
	'Test State 2',
	2,
	0);
INSERT INTO SM_EIGN
	VALUES ("bea20aa5-1ca6-4e64-956f-dfe41bacbb00",
	"1629ce44-7656-428b-8262-d8bde4fd2509",
	"fdb78d9d-c2f9-447e-b0e3-ca7b71456645",
	"00000000-0000-0000-0000-000000000000",
	'');
INSERT INTO SM_SEME
	VALUES ("bea20aa5-1ca6-4e64-956f-dfe41bacbb00",
	"1629ce44-7656-428b-8262-d8bde4fd2509",
	"fdb78d9d-c2f9-447e-b0e3-ca7b71456645",
	"00000000-0000-0000-0000-000000000000");
INSERT INTO SM_EIGN
	VALUES ("bea20aa5-1ca6-4e64-956f-dfe41bacbb00",
	"ad5bff35-0687-4163-b1f7-e0771849250c",
	"fdb78d9d-c2f9-447e-b0e3-ca7b71456645",
	"00000000-0000-0000-0000-000000000000",
	'');
INSERT INTO SM_SEME
	VALUES ("bea20aa5-1ca6-4e64-956f-dfe41bacbb00",
	"ad5bff35-0687-4163-b1f7-e0771849250c",
	"fdb78d9d-c2f9-447e-b0e3-ca7b71456645",
	"00000000-0000-0000-0000-000000000000");
INSERT INTO SM_CH
	VALUES ("bea20aa5-1ca6-4e64-956f-dfe41bacbb00",
	"fcfa086a-b80e-4e13-ab2c-6c55da49b8e2",
	"fdb78d9d-c2f9-447e-b0e3-ca7b71456645",
	"00000000-0000-0000-0000-000000000000",
	'');
INSERT INTO SM_SEME
	VALUES ("bea20aa5-1ca6-4e64-956f-dfe41bacbb00",
	"fcfa086a-b80e-4e13-ab2c-6c55da49b8e2",
	"fdb78d9d-c2f9-447e-b0e3-ca7b71456645",
	"00000000-0000-0000-0000-000000000000");
INSERT INTO SM_MOAH
	VALUES ("eb62119f-f694-457b-b112-4a1228f5ad05",
	"fdb78d9d-c2f9-447e-b0e3-ca7b71456645",
	"bea20aa5-1ca6-4e64-956f-dfe41bacbb00");
INSERT INTO SM_AH
	VALUES ("eb62119f-f694-457b-b112-4a1228f5ad05",
	"fdb78d9d-c2f9-447e-b0e3-ca7b71456645");
INSERT INTO SM_ACT
	VALUES ("eb62119f-f694-457b-b112-4a1228f5ad05",
	"fdb78d9d-c2f9-447e-b0e3-ca7b71456645",
	0,
	'',
	'');
INSERT INTO SM_STATE
	VALUES ("d2dc4182-8b55-4fb0-b8ef-e2daadc54bac",
	"fdb78d9d-c2f9-447e-b0e3-ca7b71456645",
	"00000000-0000-0000-0000-000000000000",
	'Test State 3',
	3,
	0);
INSERT INTO SM_EIGN
	VALUES ("d2dc4182-8b55-4fb0-b8ef-e2daadc54bac",
	"1629ce44-7656-428b-8262-d8bde4fd2509",
	"fdb78d9d-c2f9-447e-b0e3-ca7b71456645",
	"00000000-0000-0000-0000-000000000000",
	'');
INSERT INTO SM_SEME
	VALUES ("d2dc4182-8b55-4fb0-b8ef-e2daadc54bac",
	"1629ce44-7656-428b-8262-d8bde4fd2509",
	"fdb78d9d-c2f9-447e-b0e3-ca7b71456645",
	"00000000-0000-0000-0000-000000000000");
INSERT INTO SM_SEME
	VALUES ("d2dc4182-8b55-4fb0-b8ef-e2daadc54bac",
	"ad5bff35-0687-4163-b1f7-e0771849250c",
	"fdb78d9d-c2f9-447e-b0e3-ca7b71456645",
	"00000000-0000-0000-0000-000000000000");
INSERT INTO SM_CH
	VALUES ("d2dc4182-8b55-4fb0-b8ef-e2daadc54bac",
	"fcfa086a-b80e-4e13-ab2c-6c55da49b8e2",
	"fdb78d9d-c2f9-447e-b0e3-ca7b71456645",
	"00000000-0000-0000-0000-000000000000",
	'');
INSERT INTO SM_SEME
	VALUES ("d2dc4182-8b55-4fb0-b8ef-e2daadc54bac",
	"fcfa086a-b80e-4e13-ab2c-6c55da49b8e2",
	"fdb78d9d-c2f9-447e-b0e3-ca7b71456645",
	"00000000-0000-0000-0000-000000000000");
INSERT INTO SM_MOAH
	VALUES ("f3ddc114-530a-48c1-98da-44810c7e1b7a",
	"fdb78d9d-c2f9-447e-b0e3-ca7b71456645",
	"d2dc4182-8b55-4fb0-b8ef-e2daadc54bac");
INSERT INTO SM_AH
	VALUES ("f3ddc114-530a-48c1-98da-44810c7e1b7a",
	"fdb78d9d-c2f9-447e-b0e3-ca7b71456645");
INSERT INTO SM_ACT
	VALUES ("f3ddc114-530a-48c1-98da-44810c7e1b7a",
	"fdb78d9d-c2f9-447e-b0e3-ca7b71456645",
	0,
	'',
	'');
INSERT INTO SM_STATE
	VALUES ("6d41c77f-29f3-4b62-a6fa-69363af37044",
	"fdb78d9d-c2f9-447e-b0e3-ca7b71456645",
	"00000000-0000-0000-0000-000000000000",
	'Test State 4',
	4,
	0);
INSERT INTO SM_EIGN
	VALUES ("6d41c77f-29f3-4b62-a6fa-69363af37044",
	"1629ce44-7656-428b-8262-d8bde4fd2509",
	"fdb78d9d-c2f9-447e-b0e3-ca7b71456645",
	"00000000-0000-0000-0000-000000000000",
	'');
INSERT INTO SM_SEME
	VALUES ("6d41c77f-29f3-4b62-a6fa-69363af37044",
	"1629ce44-7656-428b-8262-d8bde4fd2509",
	"fdb78d9d-c2f9-447e-b0e3-ca7b71456645",
	"00000000-0000-0000-0000-000000000000");
INSERT INTO SM_EIGN
	VALUES ("6d41c77f-29f3-4b62-a6fa-69363af37044",
	"ad5bff35-0687-4163-b1f7-e0771849250c",
	"fdb78d9d-c2f9-447e-b0e3-ca7b71456645",
	"00000000-0000-0000-0000-000000000000",
	'');
INSERT INTO SM_SEME
	VALUES ("6d41c77f-29f3-4b62-a6fa-69363af37044",
	"ad5bff35-0687-4163-b1f7-e0771849250c",
	"fdb78d9d-c2f9-447e-b0e3-ca7b71456645",
	"00000000-0000-0000-0000-000000000000");
INSERT INTO SM_CH
	VALUES ("6d41c77f-29f3-4b62-a6fa-69363af37044",
	"fcfa086a-b80e-4e13-ab2c-6c55da49b8e2",
	"fdb78d9d-c2f9-447e-b0e3-ca7b71456645",
	"00000000-0000-0000-0000-000000000000",
	'');
INSERT INTO SM_SEME
	VALUES ("6d41c77f-29f3-4b62-a6fa-69363af37044",
	"fcfa086a-b80e-4e13-ab2c-6c55da49b8e2",
	"fdb78d9d-c2f9-447e-b0e3-ca7b71456645",
	"00000000-0000-0000-0000-000000000000");
INSERT INTO SM_MOAH
	VALUES ("263c62bf-6e9a-4ef8-8051-e3bd37241d94",
	"fdb78d9d-c2f9-447e-b0e3-ca7b71456645",
	"6d41c77f-29f3-4b62-a6fa-69363af37044");
INSERT INTO SM_AH
	VALUES ("263c62bf-6e9a-4ef8-8051-e3bd37241d94",
	"fdb78d9d-c2f9-447e-b0e3-ca7b71456645");
INSERT INTO SM_ACT
	VALUES ("263c62bf-6e9a-4ef8-8051-e3bd37241d94",
	"fdb78d9d-c2f9-447e-b0e3-ca7b71456645",
	0,
	'',
	'');
INSERT INTO SM_STATE
	VALUES ("9799e3c9-ab01-4180-bac4-f646dc99d448",
	"fdb78d9d-c2f9-447e-b0e3-ca7b71456645",
	"00000000-0000-0000-0000-000000000000",
	'Test State 5',
	5,
	0);
INSERT INTO SM_EIGN
	VALUES ("9799e3c9-ab01-4180-bac4-f646dc99d448",
	"1629ce44-7656-428b-8262-d8bde4fd2509",
	"fdb78d9d-c2f9-447e-b0e3-ca7b71456645",
	"00000000-0000-0000-0000-000000000000",
	'');
INSERT INTO SM_SEME
	VALUES ("9799e3c9-ab01-4180-bac4-f646dc99d448",
	"1629ce44-7656-428b-8262-d8bde4fd2509",
	"fdb78d9d-c2f9-447e-b0e3-ca7b71456645",
	"00000000-0000-0000-0000-000000000000");
INSERT INTO SM_EIGN
	VALUES ("9799e3c9-ab01-4180-bac4-f646dc99d448",
	"ad5bff35-0687-4163-b1f7-e0771849250c",
	"fdb78d9d-c2f9-447e-b0e3-ca7b71456645",
	"00000000-0000-0000-0000-000000000000",
	'');
INSERT INTO SM_SEME
	VALUES ("9799e3c9-ab01-4180-bac4-f646dc99d448",
	"ad5bff35-0687-4163-b1f7-e0771849250c",
	"fdb78d9d-c2f9-447e-b0e3-ca7b71456645",
	"00000000-0000-0000-0000-000000000000");
INSERT INTO SM_CH
	VALUES ("9799e3c9-ab01-4180-bac4-f646dc99d448",
	"fcfa086a-b80e-4e13-ab2c-6c55da49b8e2",
	"fdb78d9d-c2f9-447e-b0e3-ca7b71456645",
	"00000000-0000-0000-0000-000000000000",
	'');
INSERT INTO SM_SEME
	VALUES ("9799e3c9-ab01-4180-bac4-f646dc99d448",
	"fcfa086a-b80e-4e13-ab2c-6c55da49b8e2",
	"fdb78d9d-c2f9-447e-b0e3-ca7b71456645",
	"00000000-0000-0000-0000-000000000000");
INSERT INTO SM_MOAH
	VALUES ("547bd812-7347-429e-8d9b-57a55e9b63ec",
	"fdb78d9d-c2f9-447e-b0e3-ca7b71456645",
	"9799e3c9-ab01-4180-bac4-f646dc99d448");
INSERT INTO SM_AH
	VALUES ("547bd812-7347-429e-8d9b-57a55e9b63ec",
	"fdb78d9d-c2f9-447e-b0e3-ca7b71456645");
INSERT INTO SM_ACT
	VALUES ("547bd812-7347-429e-8d9b-57a55e9b63ec",
	"fdb78d9d-c2f9-447e-b0e3-ca7b71456645",
	0,
	'',
	'');
INSERT INTO SM_STATE
	VALUES ("f5faf04d-1094-41e3-a2bb-7466c90ff835",
	"fdb78d9d-c2f9-447e-b0e3-ca7b71456645",
	"00000000-0000-0000-0000-000000000000",
	'Test State 6',
	6,
	0);
INSERT INTO SM_EIGN
	VALUES ("f5faf04d-1094-41e3-a2bb-7466c90ff835",
	"1629ce44-7656-428b-8262-d8bde4fd2509",
	"fdb78d9d-c2f9-447e-b0e3-ca7b71456645",
	"00000000-0000-0000-0000-000000000000",
	'');
INSERT INTO SM_SEME
	VALUES ("f5faf04d-1094-41e3-a2bb-7466c90ff835",
	"1629ce44-7656-428b-8262-d8bde4fd2509",
	"fdb78d9d-c2f9-447e-b0e3-ca7b71456645",
	"00000000-0000-0000-0000-000000000000");
INSERT INTO SM_EIGN
	VALUES ("f5faf04d-1094-41e3-a2bb-7466c90ff835",
	"ad5bff35-0687-4163-b1f7-e0771849250c",
	"fdb78d9d-c2f9-447e-b0e3-ca7b71456645",
	"00000000-0000-0000-0000-000000000000",
	'');
INSERT INTO SM_SEME
	VALUES ("f5faf04d-1094-41e3-a2bb-7466c90ff835",
	"ad5bff35-0687-4163-b1f7-e0771849250c",
	"fdb78d9d-c2f9-447e-b0e3-ca7b71456645",
	"00000000-0000-0000-0000-000000000000");
INSERT INTO SM_CH
	VALUES ("f5faf04d-1094-41e3-a2bb-7466c90ff835",
	"fcfa086a-b80e-4e13-ab2c-6c55da49b8e2",
	"fdb78d9d-c2f9-447e-b0e3-ca7b71456645",
	"00000000-0000-0000-0000-000000000000",
	'');
INSERT INTO SM_SEME
	VALUES ("f5faf04d-1094-41e3-a2bb-7466c90ff835",
	"fcfa086a-b80e-4e13-ab2c-6c55da49b8e2",
	"fdb78d9d-c2f9-447e-b0e3-ca7b71456645",
	"00000000-0000-0000-0000-000000000000");
INSERT INTO SM_MOAH
	VALUES ("a29ab72e-0c22-44eb-a2cc-c347e5bfa3a5",
	"fdb78d9d-c2f9-447e-b0e3-ca7b71456645",
	"f5faf04d-1094-41e3-a2bb-7466c90ff835");
INSERT INTO SM_AH
	VALUES ("a29ab72e-0c22-44eb-a2cc-c347e5bfa3a5",
	"fdb78d9d-c2f9-447e-b0e3-ca7b71456645");
INSERT INTO SM_ACT
	VALUES ("a29ab72e-0c22-44eb-a2cc-c347e5bfa3a5",
	"fdb78d9d-c2f9-447e-b0e3-ca7b71456645",
	0,
	'',
	'');
INSERT INTO SM_STATE
	VALUES ("78a7120f-283c-474b-8549-6955ee44b673",
	"fdb78d9d-c2f9-447e-b0e3-ca7b71456645",
	"00000000-0000-0000-0000-000000000000",
	'Test State 9',
	7,
	0);
INSERT INTO SM_CH
	VALUES ("78a7120f-283c-474b-8549-6955ee44b673",
	"1629ce44-7656-428b-8262-d8bde4fd2509",
	"fdb78d9d-c2f9-447e-b0e3-ca7b71456645",
	"00000000-0000-0000-0000-000000000000",
	'');
INSERT INTO SM_SEME
	VALUES ("78a7120f-283c-474b-8549-6955ee44b673",
	"1629ce44-7656-428b-8262-d8bde4fd2509",
	"fdb78d9d-c2f9-447e-b0e3-ca7b71456645",
	"00000000-0000-0000-0000-000000000000");
INSERT INTO SM_CH
	VALUES ("78a7120f-283c-474b-8549-6955ee44b673",
	"ad5bff35-0687-4163-b1f7-e0771849250c",
	"fdb78d9d-c2f9-447e-b0e3-ca7b71456645",
	"00000000-0000-0000-0000-000000000000",
	'');
INSERT INTO SM_SEME
	VALUES ("78a7120f-283c-474b-8549-6955ee44b673",
	"ad5bff35-0687-4163-b1f7-e0771849250c",
	"fdb78d9d-c2f9-447e-b0e3-ca7b71456645",
	"00000000-0000-0000-0000-000000000000");
INSERT INTO SM_SEME
	VALUES ("78a7120f-283c-474b-8549-6955ee44b673",
	"fcfa086a-b80e-4e13-ab2c-6c55da49b8e2",
	"fdb78d9d-c2f9-447e-b0e3-ca7b71456645",
	"00000000-0000-0000-0000-000000000000");
INSERT INTO SM_MOAH
	VALUES ("765aaf3b-8f97-4929-b656-6f751d16b477",
	"fdb78d9d-c2f9-447e-b0e3-ca7b71456645",
	"78a7120f-283c-474b-8549-6955ee44b673");
INSERT INTO SM_AH
	VALUES ("765aaf3b-8f97-4929-b656-6f751d16b477",
	"fdb78d9d-c2f9-447e-b0e3-ca7b71456645");
INSERT INTO SM_ACT
	VALUES ("765aaf3b-8f97-4929-b656-6f751d16b477",
	"fdb78d9d-c2f9-447e-b0e3-ca7b71456645",
	0,
	'',
	'');
INSERT INTO SM_STATE
	VALUES ("e3f311e7-95aa-43a5-90d9-3cbe8f0565f1",
	"fdb78d9d-c2f9-447e-b0e3-ca7b71456645",
	"00000000-0000-0000-0000-000000000000",
	'Test State 10',
	8,
	0);
INSERT INTO SM_CH
	VALUES ("e3f311e7-95aa-43a5-90d9-3cbe8f0565f1",
	"1629ce44-7656-428b-8262-d8bde4fd2509",
	"fdb78d9d-c2f9-447e-b0e3-ca7b71456645",
	"00000000-0000-0000-0000-000000000000",
	'');
INSERT INTO SM_SEME
	VALUES ("e3f311e7-95aa-43a5-90d9-3cbe8f0565f1",
	"1629ce44-7656-428b-8262-d8bde4fd2509",
	"fdb78d9d-c2f9-447e-b0e3-ca7b71456645",
	"00000000-0000-0000-0000-000000000000");
INSERT INTO SM_CH
	VALUES ("e3f311e7-95aa-43a5-90d9-3cbe8f0565f1",
	"ad5bff35-0687-4163-b1f7-e0771849250c",
	"fdb78d9d-c2f9-447e-b0e3-ca7b71456645",
	"00000000-0000-0000-0000-000000000000",
	'');
INSERT INTO SM_SEME
	VALUES ("e3f311e7-95aa-43a5-90d9-3cbe8f0565f1",
	"ad5bff35-0687-4163-b1f7-e0771849250c",
	"fdb78d9d-c2f9-447e-b0e3-ca7b71456645",
	"00000000-0000-0000-0000-000000000000");
INSERT INTO SM_CH
	VALUES ("e3f311e7-95aa-43a5-90d9-3cbe8f0565f1",
	"fcfa086a-b80e-4e13-ab2c-6c55da49b8e2",
	"fdb78d9d-c2f9-447e-b0e3-ca7b71456645",
	"00000000-0000-0000-0000-000000000000",
	'');
INSERT INTO SM_SEME
	VALUES ("e3f311e7-95aa-43a5-90d9-3cbe8f0565f1",
	"fcfa086a-b80e-4e13-ab2c-6c55da49b8e2",
	"fdb78d9d-c2f9-447e-b0e3-ca7b71456645",
	"00000000-0000-0000-0000-000000000000");
INSERT INTO SM_MOAH
	VALUES ("2b218494-2813-4fa9-8ea2-4b1492f75c95",
	"fdb78d9d-c2f9-447e-b0e3-ca7b71456645",
	"e3f311e7-95aa-43a5-90d9-3cbe8f0565f1");
INSERT INTO SM_AH
	VALUES ("2b218494-2813-4fa9-8ea2-4b1492f75c95",
	"fdb78d9d-c2f9-447e-b0e3-ca7b71456645");
INSERT INTO SM_ACT
	VALUES ("2b218494-2813-4fa9-8ea2-4b1492f75c95",
	"fdb78d9d-c2f9-447e-b0e3-ca7b71456645",
	0,
	'',
	'');
INSERT INTO SM_NETXN
	VALUES ("d8be3a14-890e-4913-b70b-d395a21b9d30",
	"fdb78d9d-c2f9-447e-b0e3-ca7b71456645",
	"d9b1994e-6cd8-4417-812f-83dd7ab8814e",
	"00000000-0000-0000-0000-000000000000");
INSERT INTO SM_TAH
	VALUES ("9c7e7a0d-1f0d-461e-89fc-ae1890a8270f",
	"fdb78d9d-c2f9-447e-b0e3-ca7b71456645",
	"d8be3a14-890e-4913-b70b-d395a21b9d30");
INSERT INTO SM_AH
	VALUES ("9c7e7a0d-1f0d-461e-89fc-ae1890a8270f",
	"fdb78d9d-c2f9-447e-b0e3-ca7b71456645");
INSERT INTO SM_ACT
	VALUES ("9c7e7a0d-1f0d-461e-89fc-ae1890a8270f",
	"fdb78d9d-c2f9-447e-b0e3-ca7b71456645",
	1,
	'',
	'');
INSERT INTO ACT_TAB
	VALUES ("6ec53138-5093-4d14-b7fe-8f67f63de9de",
	"fdb78d9d-c2f9-447e-b0e3-ca7b71456645",
	"9c7e7a0d-1f0d-461e-89fc-ae1890a8270f");
INSERT INTO ACT_ACT
	VALUES ("6ec53138-5093-4d14-b7fe-8f67f63de9de",
	'transition',
	0,
	"76a6fadd-3ac2-4292-a8fd-1aa0b2d77c48",
	"00000000-0000-0000-0000-000000000000",
	0,
	'No Event Assigned',
	"00000000-0000-0000-0000-000000000000");
INSERT INTO ACT_BLK
	VALUES ("76a6fadd-3ac2-4292-a8fd-1aa0b2d77c48",
	0,
	0,
	0,
	'',
	'',
	'',
	0,
	0,
	0,
	0,
	0,
	0,
	0,
	0,
	0,
	0,
	0,
	0,
	0,
	"6ec53138-5093-4d14-b7fe-8f67f63de9de",
	"00000000-0000-0000-0000-000000000000");
INSERT INTO SM_TXN
	VALUES ("d8be3a14-890e-4913-b70b-d395a21b9d30",
	"fdb78d9d-c2f9-447e-b0e3-ca7b71456645",
	"bea20aa5-1ca6-4e64-956f-dfe41bacbb00",
	"00000000-0000-0000-0000-000000000000");
INSERT INTO SM_NETXN
	VALUES ("bc8af23b-8ba9-498f-90d8-e7a7d153f3db",
	"fdb78d9d-c2f9-447e-b0e3-ca7b71456645",
	"9799e3c9-ab01-4180-bac4-f646dc99d448",
	"00000000-0000-0000-0000-000000000000");
INSERT INTO SM_TAH
	VALUES ("7ea8d74b-0d15-4b38-b408-db8b61a733a4",
	"fdb78d9d-c2f9-447e-b0e3-ca7b71456645",
	"bc8af23b-8ba9-498f-90d8-e7a7d153f3db");
INSERT INTO SM_AH
	VALUES ("7ea8d74b-0d15-4b38-b408-db8b61a733a4",
	"fdb78d9d-c2f9-447e-b0e3-ca7b71456645");
INSERT INTO SM_ACT
	VALUES ("7ea8d74b-0d15-4b38-b408-db8b61a733a4",
	"fdb78d9d-c2f9-447e-b0e3-ca7b71456645",
	1,
	'',
	'');
INSERT INTO ACT_TAB
	VALUES ("64abddca-daca-4fa0-97cf-fd7b8529f7df",
	"fdb78d9d-c2f9-447e-b0e3-ca7b71456645",
	"7ea8d74b-0d15-4b38-b408-db8b61a733a4");
INSERT INTO ACT_ACT
	VALUES ("64abddca-daca-4fa0-97cf-fd7b8529f7df",
	'transition',
	0,
	"bd73e4e0-f780-4f76-a7c6-c92d775a21da",
	"00000000-0000-0000-0000-000000000000",
	0,
	'No Event Assigned',
	"00000000-0000-0000-0000-000000000000");
INSERT INTO ACT_BLK
	VALUES ("bd73e4e0-f780-4f76-a7c6-c92d775a21da",
	0,
	0,
	0,
	'',
	'',
	'',
	0,
	0,
	0,
	0,
	0,
	0,
	0,
	0,
	0,
	0,
	0,
	0,
	0,
	"64abddca-daca-4fa0-97cf-fd7b8529f7df",
	"00000000-0000-0000-0000-000000000000");
INSERT INTO SM_TXN
	VALUES ("bc8af23b-8ba9-498f-90d8-e7a7d153f3db",
	"fdb78d9d-c2f9-447e-b0e3-ca7b71456645",
	"f5faf04d-1094-41e3-a2bb-7466c90ff835",
	"00000000-0000-0000-0000-000000000000");
INSERT INTO SM_NSTXN
	VALUES ("b1f014fb-e9d4-4c18-9bc4-b32ad61c536e",
	"fdb78d9d-c2f9-447e-b0e3-ca7b71456645",
	"d2dc4182-8b55-4fb0-b8ef-e2daadc54bac",
	"ad5bff35-0687-4163-b1f7-e0771849250c",
	"00000000-0000-0000-0000-000000000000");
INSERT INTO SM_TAH
	VALUES ("16f0e8da-c3cc-4a73-99db-cba8ffa99cf8",
	"fdb78d9d-c2f9-447e-b0e3-ca7b71456645",
	"b1f014fb-e9d4-4c18-9bc4-b32ad61c536e");
INSERT INTO SM_AH
	VALUES ("16f0e8da-c3cc-4a73-99db-cba8ffa99cf8",
	"fdb78d9d-c2f9-447e-b0e3-ca7b71456645");
INSERT INTO SM_ACT
	VALUES ("16f0e8da-c3cc-4a73-99db-cba8ffa99cf8",
	"fdb78d9d-c2f9-447e-b0e3-ca7b71456645",
	1,
	'',
	'');
INSERT INTO ACT_TAB
	VALUES ("c3d82a93-d7e3-40c7-9a31-fa500f6bd919",
	"fdb78d9d-c2f9-447e-b0e3-ca7b71456645",
	"16f0e8da-c3cc-4a73-99db-cba8ffa99cf8");
INSERT INTO ACT_ACT
	VALUES ("c3d82a93-d7e3-40c7-9a31-fa500f6bd919",
	'transition',
	0,
	"7a98c8da-80e2-40b2-abd2-54ba3a6b0b27",
	"00000000-0000-0000-0000-000000000000",
	0,
	'T_CLS12: Test Event 2',
	"00000000-0000-0000-0000-000000000000");
INSERT INTO ACT_BLK
	VALUES ("7a98c8da-80e2-40b2-abd2-54ba3a6b0b27",
	0,
	0,
	0,
	'',
	'',
	'',
	0,
	0,
	0,
	0,
	0,
	0,
	0,
	0,
	0,
	0,
	0,
	0,
	0,
	"c3d82a93-d7e3-40c7-9a31-fa500f6bd919",
	"00000000-0000-0000-0000-000000000000");
INSERT INTO SM_TXN
	VALUES ("b1f014fb-e9d4-4c18-9bc4-b32ad61c536e",
	"fdb78d9d-c2f9-447e-b0e3-ca7b71456645",
	"6d41c77f-29f3-4b62-a6fa-69363af37044",
	"00000000-0000-0000-0000-000000000000");
INSERT INTO SM_NSTXN
	VALUES ("0eeacd29-5927-499b-83d4-9c40a0fbb83c",
	"fdb78d9d-c2f9-447e-b0e3-ca7b71456645",
	"78a7120f-283c-474b-8549-6955ee44b673",
	"fcfa086a-b80e-4e13-ab2c-6c55da49b8e2",
	"00000000-0000-0000-0000-000000000000");
INSERT INTO SM_TAH
	VALUES ("11151d4c-2837-49d1-ba26-9ae63e2ed670",
	"fdb78d9d-c2f9-447e-b0e3-ca7b71456645",
	"0eeacd29-5927-499b-83d4-9c40a0fbb83c");
INSERT INTO SM_AH
	VALUES ("11151d4c-2837-49d1-ba26-9ae63e2ed670",
	"fdb78d9d-c2f9-447e-b0e3-ca7b71456645");
INSERT INTO SM_ACT
	VALUES ("11151d4c-2837-49d1-ba26-9ae63e2ed670",
	"fdb78d9d-c2f9-447e-b0e3-ca7b71456645",
	1,
	'',
	'');
INSERT INTO ACT_TAB
	VALUES ("f348037e-5a0b-44a8-a766-f39a74bf8bac",
	"fdb78d9d-c2f9-447e-b0e3-ca7b71456645",
	"11151d4c-2837-49d1-ba26-9ae63e2ed670");
INSERT INTO ACT_ACT
	VALUES ("f348037e-5a0b-44a8-a766-f39a74bf8bac",
	'transition',
	0,
	"9ceb699e-27ad-489d-8277-8718c02da2dd",
	"00000000-0000-0000-0000-000000000000",
	0,
	'T_CLS13: Test Event 3',
	"00000000-0000-0000-0000-000000000000");
INSERT INTO ACT_BLK
	VALUES ("9ceb699e-27ad-489d-8277-8718c02da2dd",
	0,
	0,
	0,
	'',
	'',
	'',
	0,
	0,
	0,
	0,
	0,
	0,
	0,
	0,
	0,
	0,
	0,
	0,
	0,
	"f348037e-5a0b-44a8-a766-f39a74bf8bac",
	"00000000-0000-0000-0000-000000000000");
INSERT INTO SM_TXN
	VALUES ("0eeacd29-5927-499b-83d4-9c40a0fbb83c",
	"fdb78d9d-c2f9-447e-b0e3-ca7b71456645",
	"e3f311e7-95aa-43a5-90d9-3cbe8f0565f1",
	"00000000-0000-0000-0000-000000000000");
INSERT INTO PE_PE
	VALUES ("5e367d81-cc3b-4e79-9abc-819bac3774f8",
	1,
	"608f6883-c5e8-4f72-92c4-dfad6183f40b",
	"00000000-0000-0000-0000-000000000000",
	-1);
INSERT INTO EP_PKG
	VALUES ("5e367d81-cc3b-4e79-9abc-819bac3774f8",
	"00000000-0000-0000-0000-000000000000",
	"d54cad86-f7be-4655-8747-a3752eb88fc1",
	'AssignRemoveEventNoEvents',
	'',
	0);
INSERT INTO PE_PE
	VALUES ("73ccfc70-50e6-4fa7-a596-8d5a79576777",
	1,
	"5e367d81-cc3b-4e79-9abc-819bac3774f8",
	"00000000-0000-0000-0000-000000000000",
	4);
INSERT INTO O_OBJ
	VALUES ("73ccfc70-50e6-4fa7-a596-8d5a79576777",
	'Test Class 2',
	100,
	'T_CLS2',
	'',
	"00000000-0000-0000-0000-000000000000");
INSERT INTO O_NBATTR
	VALUES ("dd495159-6dfa-4629-99ea-f42330e32a9d",
	"73ccfc70-50e6-4fa7-a596-8d5a79576777");
INSERT INTO O_BATTR
	VALUES ("dd495159-6dfa-4629-99ea-f42330e32a9d",
	"73ccfc70-50e6-4fa7-a596-8d5a79576777");
INSERT INTO O_ATTR
	VALUES ("dd495159-6dfa-4629-99ea-f42330e32a9d",
	"73ccfc70-50e6-4fa7-a596-8d5a79576777",
	"00000000-0000-0000-0000-000000000000",
	'current_state',
	'',
	'',
	'current_state',
	0,
	"ba5eda7a-def5-0000-0000-000000000006",
	'',
	'');
INSERT INTO O_ID
	VALUES (0,
	"73ccfc70-50e6-4fa7-a596-8d5a79576777");
INSERT INTO O_ID
	VALUES (1,
	"73ccfc70-50e6-4fa7-a596-8d5a79576777");
INSERT INTO O_ID
	VALUES (2,
	"73ccfc70-50e6-4fa7-a596-8d5a79576777");
INSERT INTO SM_ISM
	VALUES ("a0c02aa2-cabd-45d6-afaa-12017f9addd9",
	"73ccfc70-50e6-4fa7-a596-8d5a79576777");
INSERT INTO SM_SM
	VALUES ("a0c02aa2-cabd-45d6-afaa-12017f9addd9",
	'',
	5);
INSERT INTO SM_MOORE
	VALUES ("a0c02aa2-cabd-45d6-afaa-12017f9addd9");
INSERT INTO SM_STATE
	VALUES ("9caeffe6-483e-4884-b15e-243bdba0b73e",
	"a0c02aa2-cabd-45d6-afaa-12017f9addd9",
	"00000000-0000-0000-0000-000000000000",
	'Test State 7',
	1,
	0);
INSERT INTO SM_MOAH
	VALUES ("4ef976ec-d625-407e-93ad-0ac6c400dbee",
	"a0c02aa2-cabd-45d6-afaa-12017f9addd9",
	"9caeffe6-483e-4884-b15e-243bdba0b73e");
INSERT INTO SM_AH
	VALUES ("4ef976ec-d625-407e-93ad-0ac6c400dbee",
	"a0c02aa2-cabd-45d6-afaa-12017f9addd9");
INSERT INTO SM_ACT
	VALUES ("4ef976ec-d625-407e-93ad-0ac6c400dbee",
	"a0c02aa2-cabd-45d6-afaa-12017f9addd9",
	0,
	'',
	'');
INSERT INTO SM_STATE
	VALUES ("5523c4a5-3159-4d31-aeb5-d83c12162545",
	"a0c02aa2-cabd-45d6-afaa-12017f9addd9",
	"00000000-0000-0000-0000-000000000000",
	'Test State 8',
	2,
	0);
INSERT INTO SM_MOAH
	VALUES ("a5e723bb-3711-4849-a613-842951d62568",
	"a0c02aa2-cabd-45d6-afaa-12017f9addd9",
	"5523c4a5-3159-4d31-aeb5-d83c12162545");
INSERT INTO SM_AH
	VALUES ("a5e723bb-3711-4849-a613-842951d62568",
	"a0c02aa2-cabd-45d6-afaa-12017f9addd9");
INSERT INTO SM_ACT
	VALUES ("a5e723bb-3711-4849-a613-842951d62568",
	"a0c02aa2-cabd-45d6-afaa-12017f9addd9",
	0,
	'',
	'');
INSERT INTO SM_NETXN
	VALUES ("35ddc4e2-90a1-4184-a7fa-b2dde7342e87",
	"a0c02aa2-cabd-45d6-afaa-12017f9addd9",
	"9caeffe6-483e-4884-b15e-243bdba0b73e",
	"00000000-0000-0000-0000-000000000000");
INSERT INTO SM_TAH
	VALUES ("3255992a-e743-4b9f-b848-860f8fb9be4f",
	"a0c02aa2-cabd-45d6-afaa-12017f9addd9",
	"35ddc4e2-90a1-4184-a7fa-b2dde7342e87");
INSERT INTO SM_AH
	VALUES ("3255992a-e743-4b9f-b848-860f8fb9be4f",
	"a0c02aa2-cabd-45d6-afaa-12017f9addd9");
INSERT INTO SM_ACT
	VALUES ("3255992a-e743-4b9f-b848-860f8fb9be4f",
	"a0c02aa2-cabd-45d6-afaa-12017f9addd9",
	1,
	'',
	'');
INSERT INTO ACT_TAB
	VALUES ("ad2b45f5-485b-4829-92f8-f7abf9cf2035",
	"a0c02aa2-cabd-45d6-afaa-12017f9addd9",
	"3255992a-e743-4b9f-b848-860f8fb9be4f");
INSERT INTO ACT_ACT
	VALUES ("ad2b45f5-485b-4829-92f8-f7abf9cf2035",
	'transition',
	0,
	"81db1e9c-a497-435b-8e8b-61859f8d9f95",
	"00000000-0000-0000-0000-000000000000",
	0,
	'No Event Assigned',
	"00000000-0000-0000-0000-000000000000");
INSERT INTO ACT_BLK
	VALUES ("81db1e9c-a497-435b-8e8b-61859f8d9f95",
	0,
	0,
	0,
	'',
	'',
	'',
	0,
	0,
	0,
	0,
	0,
	0,
	0,
	0,
	0,
	0,
	0,
	0,
	0,
	"ad2b45f5-485b-4829-92f8-f7abf9cf2035",
	"00000000-0000-0000-0000-000000000000");
INSERT INTO SM_TXN
	VALUES ("35ddc4e2-90a1-4184-a7fa-b2dde7342e87",
	"a0c02aa2-cabd-45d6-afaa-12017f9addd9",
	"5523c4a5-3159-4d31-aeb5-d83c12162545",
	"00000000-0000-0000-0000-000000000000");
INSERT INTO PE_PE
	VALUES ("ba5eda7a-def5-0000-0000-000000000000",
	1,
	"00000000-0000-0000-0000-000000000000",
	"00000000-0000-0000-0000-000000000000",
	3);
INSERT INTO S_DT
	VALUES ("ba5eda7a-def5-0000-0000-000000000000",
	"00000000-0000-0000-0000-000000000000",
	'void',
	'',
	'');
INSERT INTO S_CDT
	VALUES ("ba5eda7a-def5-0000-0000-000000000000",
	0);
INSERT INTO PE_PE
	VALUES ("ba5eda7a-def5-0000-0000-000000000001",
	1,
	"00000000-0000-0000-0000-000000000000",
	"00000000-0000-0000-0000-000000000000",
	3);
INSERT INTO S_DT
	VALUES ("ba5eda7a-def5-0000-0000-000000000001",
	"00000000-0000-0000-0000-000000000000",
	'boolean',
	'',
	'');
INSERT INTO S_CDT
	VALUES ("ba5eda7a-def5-0000-0000-000000000001",
	1);
INSERT INTO PE_PE
	VALUES ("ba5eda7a-def5-0000-0000-000000000002",
	1,
	"00000000-0000-0000-0000-000000000000",
	"00000000-0000-0000-0000-000000000000",
	3);
INSERT INTO S_DT
	VALUES ("ba5eda7a-def5-0000-0000-000000000002",
	"00000000-0000-0000-0000-000000000000",
	'integer',
	'',
	'');
INSERT INTO S_CDT
	VALUES ("ba5eda7a-def5-0000-0000-000000000002",
	2);
INSERT INTO PE_PE
	VALUES ("ba5eda7a-def5-0000-0000-000000000003",
	1,
	"00000000-0000-0000-0000-000000000000",
	"00000000-0000-0000-0000-000000000000",
	3);
INSERT INTO S_DT
	VALUES ("ba5eda7a-def5-0000-0000-000000000003",
	"00000000-0000-0000-0000-000000000000",
	'real',
	'',
	'');
INSERT INTO S_CDT
	VALUES ("ba5eda7a-def5-0000-0000-000000000003",
	3);
INSERT INTO PE_PE
	VALUES ("ba5eda7a-def5-0000-0000-000000000004",
	1,
	"00000000-0000-0000-0000-000000000000",
	"00000000-0000-0000-0000-000000000000",
	3);
INSERT INTO S_DT
	VALUES ("ba5eda7a-def5-0000-0000-000000000004",
	"00000000-0000-0000-0000-000000000000",
	'string',
	'',
	'');
INSERT INTO S_CDT
	VALUES ("ba5eda7a-def5-0000-0000-000000000004",
	4);
INSERT INTO PE_PE
	VALUES ("ba5eda7a-def5-0000-0000-000000000005",
	1,
	"00000000-0000-0000-0000-000000000000",
	"00000000-0000-0000-0000-000000000000",
	3);
INSERT INTO S_DT
	VALUES ("ba5eda7a-def5-0000-0000-000000000005",
	"00000000-0000-0000-0000-000000000000",
	'unique_id',
	'',
	'');
INSERT INTO S_CDT
	VALUES ("ba5eda7a-def5-0000-0000-000000000005",
	5);
INSERT INTO PE_PE
	VALUES ("ba5eda7a-def5-0000-0000-000000000006",
	1,
	"00000000-0000-0000-0000-000000000000",
	"00000000-0000-0000-0000-000000000000",
	3);
INSERT INTO S_DT
	VALUES ("ba5eda7a-def5-0000-0000-000000000006",
	"00000000-0000-0000-0000-000000000000",
	'state<State_Model>',
	'',
	'');
INSERT INTO S_CDT
	VALUES ("ba5eda7a-def5-0000-0000-000000000006",
	6);
INSERT INTO PE_PE
	VALUES ("ba5eda7a-def5-0000-0000-000000000007",
	1,
	"00000000-0000-0000-0000-000000000000",
	"00000000-0000-0000-0000-000000000000",
	3);
INSERT INTO S_DT
	VALUES ("ba5eda7a-def5-0000-0000-000000000007",
	"00000000-0000-0000-0000-000000000000",
	'same_as<Base_Attribute>',
	'',
	'');
INSERT INTO S_CDT
	VALUES ("ba5eda7a-def5-0000-0000-000000000007",
	7);
INSERT INTO PE_PE
	VALUES ("ba5eda7a-def5-0000-0000-000000000008",
	1,
	"00000000-0000-0000-0000-000000000000",
	"00000000-0000-0000-0000-000000000000",
	3);
INSERT INTO S_DT
	VALUES ("ba5eda7a-def5-0000-0000-000000000008",
	"00000000-0000-0000-0000-000000000000",
	'inst_ref<Object>',
	'',
	'');
INSERT INTO S_CDT
	VALUES ("ba5eda7a-def5-0000-0000-000000000008",
	8);
INSERT INTO PE_PE
	VALUES ("ba5eda7a-def5-0000-0000-000000000009",
	1,
	"00000000-0000-0000-0000-000000000000",
	"00000000-0000-0000-0000-000000000000",
	3);
INSERT INTO S_DT
	VALUES ("ba5eda7a-def5-0000-0000-000000000009",
	"00000000-0000-0000-0000-000000000000",
	'inst_ref_set<Object>',
	'',
	'');
INSERT INTO S_CDT
	VALUES ("ba5eda7a-def5-0000-0000-000000000009",
	9);
INSERT INTO PE_PE
	VALUES ("ba5eda7a-def5-0000-0000-00000000000a",
	1,
	"00000000-0000-0000-0000-000000000000",
	"00000000-0000-0000-0000-000000000000",
	3);
INSERT INTO S_DT
	VALUES ("ba5eda7a-def5-0000-0000-00000000000a",
	"00000000-0000-0000-0000-000000000000",
	'inst<Event>',
	'',
	'');
INSERT INTO S_CDT
	VALUES ("ba5eda7a-def5-0000-0000-00000000000a",
	10);
INSERT INTO PE_PE
	VALUES ("ba5eda7a-def5-0000-0000-00000000000b",
	1,
	"00000000-0000-0000-0000-000000000000",
	"00000000-0000-0000-0000-000000000000",
	3);
INSERT INTO S_DT
	VALUES ("ba5eda7a-def5-0000-0000-00000000000b",
	"00000000-0000-0000-0000-000000000000",
	'inst<Mapping>',
	'',
	'');
INSERT INTO S_CDT
	VALUES ("ba5eda7a-def5-0000-0000-00000000000b",
	11);
INSERT INTO PE_PE
	VALUES ("ba5eda7a-def5-0000-0000-00000000000c",
	1,
	"00000000-0000-0000-0000-000000000000",
	"00000000-0000-0000-0000-000000000000",
	3);
INSERT INTO S_DT
	VALUES ("ba5eda7a-def5-0000-0000-00000000000c",
	"00000000-0000-0000-0000-000000000000",
	'inst_ref<Mapping>',
	'',
	'');
INSERT INTO S_CDT
	VALUES ("ba5eda7a-def5-0000-0000-00000000000c",
	12);
INSERT INTO PE_PE
	VALUES ("ba5eda7a-def5-0000-0000-00000000000d",
	1,
	"00000000-0000-0000-0000-000000000000",
	"00000000-0000-0000-0000-000000000000",
	3);
INSERT INTO S_DT
	VALUES ("ba5eda7a-def5-0000-0000-00000000000d",
	"00000000-0000-0000-0000-000000000000",
	'component_ref',
	'',
	'');
INSERT INTO S_CDT
	VALUES ("ba5eda7a-def5-0000-0000-00000000000d",
	13);
INSERT INTO PE_PE
	VALUES ("ba5eda7a-def5-0000-0000-00000000000e",
	1,
	"00000000-0000-0000-0000-000000000000",
	"00000000-0000-0000-0000-000000000000",
	3);
INSERT INTO S_DT
	VALUES ("ba5eda7a-def5-0000-0000-00000000000e",
	"00000000-0000-0000-0000-000000000000",
	'date',
	'',
	'');
INSERT INTO S_UDT
	VALUES ("ba5eda7a-def5-0000-0000-00000000000e",
	"ba5eda7a-def5-0000-0000-00000000000b",
	1);
INSERT INTO PE_PE
	VALUES ("ba5eda7a-def5-0000-0000-00000000000f",
	1,
	"00000000-0000-0000-0000-000000000000",
	"00000000-0000-0000-0000-000000000000",
	3);
INSERT INTO S_DT
	VALUES ("ba5eda7a-def5-0000-0000-00000000000f",
	"00000000-0000-0000-0000-000000000000",
	'inst_ref<Timer>',
	'',
	'');
INSERT INTO S_UDT
	VALUES ("ba5eda7a-def5-0000-0000-00000000000f",
	"ba5eda7a-def5-0000-0000-00000000000c",
	3);
INSERT INTO PE_PE
	VALUES ("ba5eda7a-def5-0000-0000-000000000010",
	1,
	"00000000-0000-0000-0000-000000000000",
	"00000000-0000-0000-0000-000000000000",
	3);
INSERT INTO S_DT
	VALUES ("ba5eda7a-def5-0000-0000-000000000010",
	"00000000-0000-0000-0000-000000000000",
	'timestamp',
	'',
	'');
INSERT INTO S_UDT
	VALUES ("ba5eda7a-def5-0000-0000-000000000010",
	"ba5eda7a-def5-0000-0000-00000000000b",
	2);
