-- root-types-contained: SystemModel_c,PackageableElement_c,DataType_c,CoreDataType_c,UserDataType_c
-- BP 7.1 content: StreamData syschar: 3 persistence-version: 7.1.6

INSERT INTO S_SYS
	VALUES ("4dbc2292-ea01-466b-ab2f-83db6a744a58",
	'jp_character_test_ascii',
	1);
INSERT INTO EP_PKG
	VALUES ("9cb789ed-46df-4fe7-8b92-f44e768a9a8e",
	"4dbc2292-ea01-466b-ab2f-83db6a744a58",
	"4dbc2292-ea01-466b-ab2f-83db6a744a58",
	'pkg',
	'',
	0);
INSERT INTO PE_PE
	VALUES ("ea360798-c997-43c1-8878-d7ded9a9b353",
	1,
	"9cb789ed-46df-4fe7-8b92-f44e768a9a8e",
	"00000000-0000-0000-0000-000000000000",
	2);
INSERT INTO C_C
	VALUES ("ea360798-c997-43c1-8878-d7ded9a9b353",
	"00000000-0000-0000-0000-000000000000",
	"00000000-0000-0000-0000-000000000000",
	'System',
	'',
	0,
	"00000000-0000-0000-0000-000000000000",
	0,
	'');
INSERT INTO PE_PE
	VALUES ("6240597a-2b30-453d-be12-73141f24b0f7",
	1,
	"00000000-0000-0000-0000-000000000000",
	"ea360798-c997-43c1-8878-d7ded9a9b353",
	7);
INSERT INTO EP_PKG
	VALUES ("6240597a-2b30-453d-be12-73141f24b0f7",
	"00000000-0000-0000-0000-000000000000",
	"4dbc2292-ea01-466b-ab2f-83db6a744a58",
	'Classes',
	'',
	0);
INSERT INTO PE_PE
	VALUES ("570aacc9-a231-461e-9dab-c189bdcfea3a",
	1,
	"6240597a-2b30-453d-be12-73141f24b0f7",
	"00000000-0000-0000-0000-000000000000",
	4);
INSERT INTO O_OBJ
	VALUES ("570aacc9-a231-461e-9dab-c189bdcfea3a",
	'class1',
	1,
	'class1',
	'',
	"00000000-0000-0000-0000-000000000000");
INSERT INTO O_NBATTR
	VALUES ("371c0300-d521-4140-a42c-7d7fbd6cbf36",
	"570aacc9-a231-461e-9dab-c189bdcfea3a");
INSERT INTO O_BATTR
	VALUES ("371c0300-d521-4140-a42c-7d7fbd6cbf36",
	"570aacc9-a231-461e-9dab-c189bdcfea3a");
INSERT INTO O_ATTR
	VALUES ("371c0300-d521-4140-a42c-7d7fbd6cbf36",
	"570aacc9-a231-461e-9dab-c189bdcfea3a",
	"00000000-0000-0000-0000-000000000000",
	'current_state',
	'',
	'',
	'current_state',
	0,
	"ba5eda7a-def5-0000-0000-000000000006",
	'',
	'');
INSERT INTO O_NBATTR
	VALUES ("eda0df00-99ba-467a-883f-187398801ccf",
	"570aacc9-a231-461e-9dab-c189bdcfea3a");
INSERT INTO O_BATTR
	VALUES ("eda0df00-99ba-467a-883f-187398801ccf",
	"570aacc9-a231-461e-9dab-c189bdcfea3a");
INSERT INTO O_ATTR
	VALUES ("eda0df00-99ba-467a-883f-187398801ccf",
	"570aacc9-a231-461e-9dab-c189bdcfea3a",
	"371c0300-d521-4140-a42c-7d7fbd6cbf36",
	'number',
	'',
	'',
	'number',
	0,
	"ba5eda7a-def5-0000-0000-000000000002",
	'',
	'');
INSERT INTO O_ID
	VALUES (0,
	"570aacc9-a231-461e-9dab-c189bdcfea3a");
INSERT INTO O_ID
	VALUES (1,
	"570aacc9-a231-461e-9dab-c189bdcfea3a");
INSERT INTO O_ID
	VALUES (2,
	"570aacc9-a231-461e-9dab-c189bdcfea3a");
INSERT INTO SM_ISM
	VALUES ("f398a894-001e-46ea-89d7-1bcc613adc62",
	"570aacc9-a231-461e-9dab-c189bdcfea3a");
INSERT INTO SM_SM
	VALUES ("f398a894-001e-46ea-89d7-1bcc613adc62",
	'',
	0);
INSERT INTO SM_MOORE
	VALUES ("f398a894-001e-46ea-89d7-1bcc613adc62");
INSERT INTO SM_LEVT
	VALUES ("48cb7fce-a776-4a49-bfb7-73d7597aa5f2",
	"f398a894-001e-46ea-89d7-1bcc613adc62",
	"00000000-0000-0000-0000-000000000000");
INSERT INTO SM_SEVT
	VALUES ("48cb7fce-a776-4a49-bfb7-73d7597aa5f2",
	"f398a894-001e-46ea-89d7-1bcc613adc62",
	"00000000-0000-0000-0000-000000000000");
INSERT INTO SM_EVT
	VALUES ("48cb7fce-a776-4a49-bfb7-73d7597aa5f2",
	"f398a894-001e-46ea-89d7-1bcc613adc62",
	"00000000-0000-0000-0000-000000000000",
	1,
	'count',
	0,
	'',
	'class11',
	'');
INSERT INTO SM_LEVT
	VALUES ("bdb3ec3c-1652-4fe4-ab98-37c3bb287d00",
	"f398a894-001e-46ea-89d7-1bcc613adc62",
	"00000000-0000-0000-0000-000000000000");
INSERT INTO SM_SEVT
	VALUES ("bdb3ec3c-1652-4fe4-ab98-37c3bb287d00",
	"f398a894-001e-46ea-89d7-1bcc613adc62",
	"00000000-0000-0000-0000-000000000000");
INSERT INTO SM_EVT
	VALUES ("bdb3ec3c-1652-4fe4-ab98-37c3bb287d00",
	"f398a894-001e-46ea-89d7-1bcc613adc62",
	"00000000-0000-0000-0000-000000000000",
	2,
	'reset',
	0,
	'',
	'class12',
	'');
INSERT INTO SM_STATE
	VALUES ("b1be2160-0a0d-4eec-b317-8796ff617134",
	"f398a894-001e-46ea-89d7-1bcc613adc62",
	"00000000-0000-0000-0000-000000000000",
	'one',
	1,
	0);
INSERT INTO SM_SEME
	VALUES ("b1be2160-0a0d-4eec-b317-8796ff617134",
	"48cb7fce-a776-4a49-bfb7-73d7597aa5f2",
	"f398a894-001e-46ea-89d7-1bcc613adc62",
	"00000000-0000-0000-0000-000000000000");
INSERT INTO SM_CH
	VALUES ("b1be2160-0a0d-4eec-b317-8796ff617134",
	"bdb3ec3c-1652-4fe4-ab98-37c3bb287d00",
	"f398a894-001e-46ea-89d7-1bcc613adc62",
	"00000000-0000-0000-0000-000000000000",
	'');
INSERT INTO SM_SEME
	VALUES ("b1be2160-0a0d-4eec-b317-8796ff617134",
	"bdb3ec3c-1652-4fe4-ab98-37c3bb287d00",
	"f398a894-001e-46ea-89d7-1bcc613adc62",
	"00000000-0000-0000-0000-000000000000");
INSERT INTO SM_MOAH
	VALUES ("cd09bd2c-61fb-448a-92a7-490c531a7b0b",
	"f398a894-001e-46ea-89d7-1bcc613adc62",
	"b1be2160-0a0d-4eec-b317-8796ff617134");
INSERT INTO SM_AH
	VALUES ("cd09bd2c-61fb-448a-92a7-490c531a7b0b",
	"f398a894-001e-46ea-89d7-1bcc613adc62");
INSERT INTO SM_ACT
	VALUES ("cd09bd2c-61fb-448a-92a7-490c531a7b0b",
	"f398a894-001e-46ea-89d7-1bcc613adc62",
	1,
	'// Set the number attribute
assign self.number = 1;

// Japanese comments would go below',
	'');
INSERT INTO ACT_SAB
	VALUES ("01ec9d4d-1e8d-47ad-b51a-72986a3940af",
	"f398a894-001e-46ea-89d7-1bcc613adc62",
	"cd09bd2c-61fb-448a-92a7-490c531a7b0b");
INSERT INTO ACT_ACT
	VALUES ("01ec9d4d-1e8d-47ad-b51a-72986a3940af",
	'state',
	0,
	"b06b4401-1a05-4ea8-888a-86e45afa617e",
	"00000000-0000-0000-0000-000000000000",
	0,
	'class1::one',
	"00000000-0000-0000-0000-000000000000");
INSERT INTO ACT_BLK
	VALUES ("b06b4401-1a05-4ea8-888a-86e45afa617e",
	0,
	0,
	0,
	'',
	'',
	'',
	2,
	1,
	0,
	0,
	0,
	0,
	0,
	0,
	0,
	0,
	0,
	0,
	0,
	"01ec9d4d-1e8d-47ad-b51a-72986a3940af",
	"00000000-0000-0000-0000-000000000000");
INSERT INTO ACT_SMT
	VALUES ("76f663fe-958f-48dc-8bf1-51a0ccf22610",
	"b06b4401-1a05-4ea8-888a-86e45afa617e",
	"00000000-0000-0000-0000-000000000000",
	2,
	1,
	'class1::one line: 2');
INSERT INTO ACT_AI
	VALUES ("76f663fe-958f-48dc-8bf1-51a0ccf22610",
	"1f33f6dc-b9c5-4de0-96ea-6d6b8f4ee604",
	"b0ef2150-da91-4451-8322-b3a5e982e1f6",
	0,
	0);
INSERT INTO V_VAL
	VALUES ("2efc1f88-3929-4c2f-8d7d-5ee9152f2351",
	1,
	0,
	2,
	8,
	11,
	0,
	0,
	0,
	0,
	"ba5eda7a-def5-0000-0000-000000000008",
	"b06b4401-1a05-4ea8-888a-86e45afa617e");
INSERT INTO V_IRF
	VALUES ("2efc1f88-3929-4c2f-8d7d-5ee9152f2351",
	"acb55d72-078e-4f22-9334-abdbd0d8e80f");
INSERT INTO V_VAL
	VALUES ("b0ef2150-da91-4451-8322-b3a5e982e1f6",
	1,
	0,
	2,
	13,
	18,
	0,
	0,
	0,
	0,
	"ba5eda7a-def5-0000-0000-000000000002",
	"b06b4401-1a05-4ea8-888a-86e45afa617e");
INSERT INTO V_AVL
	VALUES ("b0ef2150-da91-4451-8322-b3a5e982e1f6",
	"2efc1f88-3929-4c2f-8d7d-5ee9152f2351",
	"570aacc9-a231-461e-9dab-c189bdcfea3a",
	"eda0df00-99ba-467a-883f-187398801ccf");
INSERT INTO V_VAL
	VALUES ("1f33f6dc-b9c5-4de0-96ea-6d6b8f4ee604",
	0,
	0,
	2,
	22,
	22,
	0,
	0,
	0,
	0,
	"ba5eda7a-def5-0000-0000-000000000002",
	"b06b4401-1a05-4ea8-888a-86e45afa617e");
INSERT INTO V_LIN
	VALUES ("1f33f6dc-b9c5-4de0-96ea-6d6b8f4ee604",
	'1');
INSERT INTO V_VAR
	VALUES ("acb55d72-078e-4f22-9334-abdbd0d8e80f",
	"b06b4401-1a05-4ea8-888a-86e45afa617e",
	'self',
	1,
	"ba5eda7a-def5-0000-0000-000000000008");
INSERT INTO V_INT
	VALUES ("acb55d72-078e-4f22-9334-abdbd0d8e80f",
	0,
	"570aacc9-a231-461e-9dab-c189bdcfea3a");
INSERT INTO V_LOC
	VALUES ("a0d67ea6-2152-45ea-92fa-ba8eff84fb82",
	2,
	8,
	11,
	"acb55d72-078e-4f22-9334-abdbd0d8e80f");
INSERT INTO SM_STATE
	VALUES ("796c3234-3ac4-4670-a3ec-6c9d0f024e0b",
	"f398a894-001e-46ea-89d7-1bcc613adc62",
	"00000000-0000-0000-0000-000000000000",
	'two',
	2,
	0);
INSERT INTO SM_SEME
	VALUES ("796c3234-3ac4-4670-a3ec-6c9d0f024e0b",
	"48cb7fce-a776-4a49-bfb7-73d7597aa5f2",
	"f398a894-001e-46ea-89d7-1bcc613adc62",
	"00000000-0000-0000-0000-000000000000");
INSERT INTO SM_CH
	VALUES ("796c3234-3ac4-4670-a3ec-6c9d0f024e0b",
	"bdb3ec3c-1652-4fe4-ab98-37c3bb287d00",
	"f398a894-001e-46ea-89d7-1bcc613adc62",
	"00000000-0000-0000-0000-000000000000",
	'');
INSERT INTO SM_SEME
	VALUES ("796c3234-3ac4-4670-a3ec-6c9d0f024e0b",
	"bdb3ec3c-1652-4fe4-ab98-37c3bb287d00",
	"f398a894-001e-46ea-89d7-1bcc613adc62",
	"00000000-0000-0000-0000-000000000000");
INSERT INTO SM_MOAH
	VALUES ("48ca3845-aaee-4609-889c-200f33b3f346",
	"f398a894-001e-46ea-89d7-1bcc613adc62",
	"796c3234-3ac4-4670-a3ec-6c9d0f024e0b");
INSERT INTO SM_AH
	VALUES ("48ca3845-aaee-4609-889c-200f33b3f346",
	"f398a894-001e-46ea-89d7-1bcc613adc62");
INSERT INTO SM_ACT
	VALUES ("48ca3845-aaee-4609-889c-200f33b3f346",
	"f398a894-001e-46ea-89d7-1bcc613adc62",
	1,
	'// Set the number attribute
assign self.number = 2;

// Japanese comments would go below',
	'');
INSERT INTO ACT_SAB
	VALUES ("e2d6cbad-bf6f-427a-b6fd-55d297518a1d",
	"f398a894-001e-46ea-89d7-1bcc613adc62",
	"48ca3845-aaee-4609-889c-200f33b3f346");
INSERT INTO ACT_ACT
	VALUES ("e2d6cbad-bf6f-427a-b6fd-55d297518a1d",
	'state',
	0,
	"f3942eea-e7cb-4954-be0f-15ef5b8631a4",
	"00000000-0000-0000-0000-000000000000",
	0,
	'class1::two',
	"00000000-0000-0000-0000-000000000000");
INSERT INTO ACT_BLK
	VALUES ("f3942eea-e7cb-4954-be0f-15ef5b8631a4",
	0,
	0,
	0,
	'',
	'',
	'',
	2,
	1,
	0,
	0,
	0,
	0,
	0,
	0,
	0,
	0,
	0,
	0,
	0,
	"e2d6cbad-bf6f-427a-b6fd-55d297518a1d",
	"00000000-0000-0000-0000-000000000000");
INSERT INTO ACT_SMT
	VALUES ("86ef3f08-0fb0-4326-93a3-20d04fa8a760",
	"f3942eea-e7cb-4954-be0f-15ef5b8631a4",
	"00000000-0000-0000-0000-000000000000",
	2,
	1,
	'class1::two line: 2');
INSERT INTO ACT_AI
	VALUES ("86ef3f08-0fb0-4326-93a3-20d04fa8a760",
	"e7f7c169-4aa9-4210-ba4b-56645c4f7f79",
	"7e60d9e3-d662-4a8a-8af7-ab1e894f8493",
	0,
	0);
INSERT INTO V_VAL
	VALUES ("5f7fd24c-2a23-4da9-9684-38dfc42e149f",
	1,
	0,
	2,
	8,
	11,
	0,
	0,
	0,
	0,
	"ba5eda7a-def5-0000-0000-000000000008",
	"f3942eea-e7cb-4954-be0f-15ef5b8631a4");
INSERT INTO V_IRF
	VALUES ("5f7fd24c-2a23-4da9-9684-38dfc42e149f",
	"9f5867ea-0ea2-4414-98c9-fa1c012620b5");
INSERT INTO V_VAL
	VALUES ("7e60d9e3-d662-4a8a-8af7-ab1e894f8493",
	1,
	0,
	2,
	13,
	18,
	0,
	0,
	0,
	0,
	"ba5eda7a-def5-0000-0000-000000000002",
	"f3942eea-e7cb-4954-be0f-15ef5b8631a4");
INSERT INTO V_AVL
	VALUES ("7e60d9e3-d662-4a8a-8af7-ab1e894f8493",
	"5f7fd24c-2a23-4da9-9684-38dfc42e149f",
	"570aacc9-a231-461e-9dab-c189bdcfea3a",
	"eda0df00-99ba-467a-883f-187398801ccf");
INSERT INTO V_VAL
	VALUES ("e7f7c169-4aa9-4210-ba4b-56645c4f7f79",
	0,
	0,
	2,
	22,
	22,
	0,
	0,
	0,
	0,
	"ba5eda7a-def5-0000-0000-000000000002",
	"f3942eea-e7cb-4954-be0f-15ef5b8631a4");
INSERT INTO V_LIN
	VALUES ("e7f7c169-4aa9-4210-ba4b-56645c4f7f79",
	'2');
INSERT INTO V_VAR
	VALUES ("9f5867ea-0ea2-4414-98c9-fa1c012620b5",
	"f3942eea-e7cb-4954-be0f-15ef5b8631a4",
	'self',
	1,
	"ba5eda7a-def5-0000-0000-000000000008");
INSERT INTO V_INT
	VALUES ("9f5867ea-0ea2-4414-98c9-fa1c012620b5",
	0,
	"570aacc9-a231-461e-9dab-c189bdcfea3a");
INSERT INTO V_LOC
	VALUES ("a96c2c56-2398-4e0a-b7ab-143aec4fba92",
	2,
	8,
	11,
	"9f5867ea-0ea2-4414-98c9-fa1c012620b5");
INSERT INTO SM_STATE
	VALUES ("0cdb55cd-3b46-47d5-a327-5b160aac77ad",
	"f398a894-001e-46ea-89d7-1bcc613adc62",
	"00000000-0000-0000-0000-000000000000",
	'three',
	3,
	0);
INSERT INTO SM_CH
	VALUES ("0cdb55cd-3b46-47d5-a327-5b160aac77ad",
	"48cb7fce-a776-4a49-bfb7-73d7597aa5f2",
	"f398a894-001e-46ea-89d7-1bcc613adc62",
	"00000000-0000-0000-0000-000000000000",
	'');
INSERT INTO SM_SEME
	VALUES ("0cdb55cd-3b46-47d5-a327-5b160aac77ad",
	"48cb7fce-a776-4a49-bfb7-73d7597aa5f2",
	"f398a894-001e-46ea-89d7-1bcc613adc62",
	"00000000-0000-0000-0000-000000000000");
INSERT INTO SM_SEME
	VALUES ("0cdb55cd-3b46-47d5-a327-5b160aac77ad",
	"bdb3ec3c-1652-4fe4-ab98-37c3bb287d00",
	"f398a894-001e-46ea-89d7-1bcc613adc62",
	"00000000-0000-0000-0000-000000000000");
INSERT INTO SM_MOAH
	VALUES ("88782656-45b9-46c1-ad56-a4bdf1e8dcc5",
	"f398a894-001e-46ea-89d7-1bcc613adc62",
	"0cdb55cd-3b46-47d5-a327-5b160aac77ad");
INSERT INTO SM_AH
	VALUES ("88782656-45b9-46c1-ad56-a4bdf1e8dcc5",
	"f398a894-001e-46ea-89d7-1bcc613adc62");
INSERT INTO SM_ACT
	VALUES ("88782656-45b9-46c1-ad56-a4bdf1e8dcc5",
	"f398a894-001e-46ea-89d7-1bcc613adc62",
	1,
	'// Set the number attribute
assign self.number = 3;

// Japanese comments would go below',
	'');
INSERT INTO ACT_SAB
	VALUES ("e478891d-3b93-4077-8248-81a551f3e1e7",
	"f398a894-001e-46ea-89d7-1bcc613adc62",
	"88782656-45b9-46c1-ad56-a4bdf1e8dcc5");
INSERT INTO ACT_ACT
	VALUES ("e478891d-3b93-4077-8248-81a551f3e1e7",
	'state',
	0,
	"1d61ff5f-13c6-42d6-a611-5c7b2d48be3e",
	"00000000-0000-0000-0000-000000000000",
	0,
	'class1::three',
	"00000000-0000-0000-0000-000000000000");
INSERT INTO ACT_BLK
	VALUES ("1d61ff5f-13c6-42d6-a611-5c7b2d48be3e",
	0,
	0,
	0,
	'',
	'',
	'',
	2,
	1,
	0,
	0,
	0,
	0,
	0,
	0,
	0,
	0,
	0,
	0,
	0,
	"e478891d-3b93-4077-8248-81a551f3e1e7",
	"00000000-0000-0000-0000-000000000000");
INSERT INTO ACT_SMT
	VALUES ("f4f12d93-44c8-47da-9b24-0f2096ed41b9",
	"1d61ff5f-13c6-42d6-a611-5c7b2d48be3e",
	"00000000-0000-0000-0000-000000000000",
	2,
	1,
	'class1::three line: 2');
INSERT INTO ACT_AI
	VALUES ("f4f12d93-44c8-47da-9b24-0f2096ed41b9",
	"275e310d-fb76-442e-be5e-df2f71f77166",
	"0db02720-6c8f-4efe-b56c-eb55773568d0",
	0,
	0);
INSERT INTO V_VAL
	VALUES ("9d47c94e-abb5-4607-bd12-689e23300a09",
	1,
	0,
	2,
	8,
	11,
	0,
	0,
	0,
	0,
	"ba5eda7a-def5-0000-0000-000000000008",
	"1d61ff5f-13c6-42d6-a611-5c7b2d48be3e");
INSERT INTO V_IRF
	VALUES ("9d47c94e-abb5-4607-bd12-689e23300a09",
	"2ac17f13-24d0-4c90-8e8b-87b75d4abe0f");
INSERT INTO V_VAL
	VALUES ("0db02720-6c8f-4efe-b56c-eb55773568d0",
	1,
	0,
	2,
	13,
	18,
	0,
	0,
	0,
	0,
	"ba5eda7a-def5-0000-0000-000000000002",
	"1d61ff5f-13c6-42d6-a611-5c7b2d48be3e");
INSERT INTO V_AVL
	VALUES ("0db02720-6c8f-4efe-b56c-eb55773568d0",
	"9d47c94e-abb5-4607-bd12-689e23300a09",
	"570aacc9-a231-461e-9dab-c189bdcfea3a",
	"eda0df00-99ba-467a-883f-187398801ccf");
INSERT INTO V_VAL
	VALUES ("275e310d-fb76-442e-be5e-df2f71f77166",
	0,
	0,
	2,
	22,
	22,
	0,
	0,
	0,
	0,
	"ba5eda7a-def5-0000-0000-000000000002",
	"1d61ff5f-13c6-42d6-a611-5c7b2d48be3e");
INSERT INTO V_LIN
	VALUES ("275e310d-fb76-442e-be5e-df2f71f77166",
	'3');
INSERT INTO V_VAR
	VALUES ("2ac17f13-24d0-4c90-8e8b-87b75d4abe0f",
	"1d61ff5f-13c6-42d6-a611-5c7b2d48be3e",
	'self',
	1,
	"ba5eda7a-def5-0000-0000-000000000008");
INSERT INTO V_INT
	VALUES ("2ac17f13-24d0-4c90-8e8b-87b75d4abe0f",
	0,
	"570aacc9-a231-461e-9dab-c189bdcfea3a");
INSERT INTO V_LOC
	VALUES ("a72cff3b-a14b-44df-a653-aabc93ba5896",
	2,
	8,
	11,
	"2ac17f13-24d0-4c90-8e8b-87b75d4abe0f");
INSERT INTO SM_NSTXN
	VALUES ("4d244ed6-683a-417f-86ee-ea88488484ba",
	"f398a894-001e-46ea-89d7-1bcc613adc62",
	"b1be2160-0a0d-4eec-b317-8796ff617134",
	"48cb7fce-a776-4a49-bfb7-73d7597aa5f2",
	"00000000-0000-0000-0000-000000000000");
INSERT INTO SM_TAH
	VALUES ("7b6d3977-6f07-4c15-a64f-103ab6f4f5cb",
	"f398a894-001e-46ea-89d7-1bcc613adc62",
	"4d244ed6-683a-417f-86ee-ea88488484ba");
INSERT INTO SM_AH
	VALUES ("7b6d3977-6f07-4c15-a64f-103ab6f4f5cb",
	"f398a894-001e-46ea-89d7-1bcc613adc62");
INSERT INTO SM_ACT
	VALUES ("7b6d3977-6f07-4c15-a64f-103ab6f4f5cb",
	"f398a894-001e-46ea-89d7-1bcc613adc62",
	1,
	'',
	'');
INSERT INTO ACT_TAB
	VALUES ("3d6c4c1c-e21d-4fab-b9b8-508d02f88555",
	"f398a894-001e-46ea-89d7-1bcc613adc62",
	"7b6d3977-6f07-4c15-a64f-103ab6f4f5cb");
INSERT INTO ACT_ACT
	VALUES ("3d6c4c1c-e21d-4fab-b9b8-508d02f88555",
	'transition',
	0,
	"1b98fdf6-608a-44af-9785-a861e2bdc372",
	"00000000-0000-0000-0000-000000000000",
	0,
	'class11: count',
	"00000000-0000-0000-0000-000000000000");
INSERT INTO ACT_BLK
	VALUES ("1b98fdf6-608a-44af-9785-a861e2bdc372",
	0,
	0,
	0,
	'',
	'',
	'',
	0,
	0,
	0,
	0,
	0,
	0,
	0,
	0,
	0,
	0,
	0,
	0,
	0,
	"3d6c4c1c-e21d-4fab-b9b8-508d02f88555",
	"00000000-0000-0000-0000-000000000000");
INSERT INTO SM_TXN
	VALUES ("4d244ed6-683a-417f-86ee-ea88488484ba",
	"f398a894-001e-46ea-89d7-1bcc613adc62",
	"796c3234-3ac4-4670-a3ec-6c9d0f024e0b",
	"00000000-0000-0000-0000-000000000000");
INSERT INTO SM_NSTXN
	VALUES ("3fdf6eb2-b4b2-4b94-9e97-b952ca118398",
	"f398a894-001e-46ea-89d7-1bcc613adc62",
	"796c3234-3ac4-4670-a3ec-6c9d0f024e0b",
	"48cb7fce-a776-4a49-bfb7-73d7597aa5f2",
	"00000000-0000-0000-0000-000000000000");
INSERT INTO SM_TAH
	VALUES ("ff2576ee-5430-48e0-9702-ed54ac0fa8b2",
	"f398a894-001e-46ea-89d7-1bcc613adc62",
	"3fdf6eb2-b4b2-4b94-9e97-b952ca118398");
INSERT INTO SM_AH
	VALUES ("ff2576ee-5430-48e0-9702-ed54ac0fa8b2",
	"f398a894-001e-46ea-89d7-1bcc613adc62");
INSERT INTO SM_ACT
	VALUES ("ff2576ee-5430-48e0-9702-ed54ac0fa8b2",
	"f398a894-001e-46ea-89d7-1bcc613adc62",
	1,
	'',
	'');
INSERT INTO ACT_TAB
	VALUES ("e169f4df-cb37-4669-be68-6630c807458a",
	"f398a894-001e-46ea-89d7-1bcc613adc62",
	"ff2576ee-5430-48e0-9702-ed54ac0fa8b2");
INSERT INTO ACT_ACT
	VALUES ("e169f4df-cb37-4669-be68-6630c807458a",
	'transition',
	0,
	"7ffb3675-5bda-4bee-8912-51503df573eb",
	"00000000-0000-0000-0000-000000000000",
	0,
	'class11: count',
	"00000000-0000-0000-0000-000000000000");
INSERT INTO ACT_BLK
	VALUES ("7ffb3675-5bda-4bee-8912-51503df573eb",
	0,
	0,
	0,
	'',
	'',
	'',
	0,
	0,
	0,
	0,
	0,
	0,
	0,
	0,
	0,
	0,
	0,
	0,
	0,
	"e169f4df-cb37-4669-be68-6630c807458a",
	"00000000-0000-0000-0000-000000000000");
INSERT INTO SM_TXN
	VALUES ("3fdf6eb2-b4b2-4b94-9e97-b952ca118398",
	"f398a894-001e-46ea-89d7-1bcc613adc62",
	"0cdb55cd-3b46-47d5-a327-5b160aac77ad",
	"00000000-0000-0000-0000-000000000000");
INSERT INTO SM_NSTXN
	VALUES ("3b671819-8e8c-46a7-9fae-53bffbccaeb3",
	"f398a894-001e-46ea-89d7-1bcc613adc62",
	"0cdb55cd-3b46-47d5-a327-5b160aac77ad",
	"bdb3ec3c-1652-4fe4-ab98-37c3bb287d00",
	"00000000-0000-0000-0000-000000000000");
INSERT INTO SM_TAH
	VALUES ("695aab1a-2bc5-4013-af54-565d18f27cca",
	"f398a894-001e-46ea-89d7-1bcc613adc62",
	"3b671819-8e8c-46a7-9fae-53bffbccaeb3");
INSERT INTO SM_AH
	VALUES ("695aab1a-2bc5-4013-af54-565d18f27cca",
	"f398a894-001e-46ea-89d7-1bcc613adc62");
INSERT INTO SM_ACT
	VALUES ("695aab1a-2bc5-4013-af54-565d18f27cca",
	"f398a894-001e-46ea-89d7-1bcc613adc62",
	1,
	'',
	'');
INSERT INTO ACT_TAB
	VALUES ("5a8c494e-eaad-450a-9f1b-dd702a850038",
	"f398a894-001e-46ea-89d7-1bcc613adc62",
	"695aab1a-2bc5-4013-af54-565d18f27cca");
INSERT INTO ACT_ACT
	VALUES ("5a8c494e-eaad-450a-9f1b-dd702a850038",
	'transition',
	0,
	"288e1075-d3ec-4cd0-b418-c6c078feab54",
	"00000000-0000-0000-0000-000000000000",
	0,
	'class12: reset',
	"00000000-0000-0000-0000-000000000000");
INSERT INTO ACT_BLK
	VALUES ("288e1075-d3ec-4cd0-b418-c6c078feab54",
	0,
	0,
	0,
	'',
	'',
	'',
	0,
	0,
	0,
	0,
	0,
	0,
	0,
	0,
	0,
	0,
	0,
	0,
	0,
	"5a8c494e-eaad-450a-9f1b-dd702a850038",
	"00000000-0000-0000-0000-000000000000");
INSERT INTO SM_TXN
	VALUES ("3b671819-8e8c-46a7-9fae-53bffbccaeb3",
	"f398a894-001e-46ea-89d7-1bcc613adc62",
	"b1be2160-0a0d-4eec-b317-8796ff617134",
	"00000000-0000-0000-0000-000000000000");
INSERT INTO PE_PE
	VALUES ("ba5eda7a-def5-0000-0000-000000000000",
	1,
	"00000000-0000-0000-0000-000000000000",
	"00000000-0000-0000-0000-000000000000",
	3);
INSERT INTO S_DT
	VALUES ("ba5eda7a-def5-0000-0000-000000000000",
	"00000000-0000-0000-0000-000000000000",
	'void',
	'',
	'');
INSERT INTO S_CDT
	VALUES ("ba5eda7a-def5-0000-0000-000000000000",
	0);
INSERT INTO PE_PE
	VALUES ("ba5eda7a-def5-0000-0000-000000000001",
	1,
	"00000000-0000-0000-0000-000000000000",
	"00000000-0000-0000-0000-000000000000",
	3);
INSERT INTO S_DT
	VALUES ("ba5eda7a-def5-0000-0000-000000000001",
	"00000000-0000-0000-0000-000000000000",
	'boolean',
	'',
	'');
INSERT INTO S_CDT
	VALUES ("ba5eda7a-def5-0000-0000-000000000001",
	1);
INSERT INTO PE_PE
	VALUES ("ba5eda7a-def5-0000-0000-000000000002",
	1,
	"00000000-0000-0000-0000-000000000000",
	"00000000-0000-0000-0000-000000000000",
	3);
INSERT INTO S_DT
	VALUES ("ba5eda7a-def5-0000-0000-000000000002",
	"00000000-0000-0000-0000-000000000000",
	'integer',
	'',
	'');
INSERT INTO S_CDT
	VALUES ("ba5eda7a-def5-0000-0000-000000000002",
	2);
INSERT INTO PE_PE
	VALUES ("ba5eda7a-def5-0000-0000-000000000003",
	1,
	"00000000-0000-0000-0000-000000000000",
	"00000000-0000-0000-0000-000000000000",
	3);
INSERT INTO S_DT
	VALUES ("ba5eda7a-def5-0000-0000-000000000003",
	"00000000-0000-0000-0000-000000000000",
	'real',
	'',
	'');
INSERT INTO S_CDT
	VALUES ("ba5eda7a-def5-0000-0000-000000000003",
	3);
INSERT INTO PE_PE
	VALUES ("ba5eda7a-def5-0000-0000-000000000004",
	1,
	"00000000-0000-0000-0000-000000000000",
	"00000000-0000-0000-0000-000000000000",
	3);
INSERT INTO S_DT
	VALUES ("ba5eda7a-def5-0000-0000-000000000004",
	"00000000-0000-0000-0000-000000000000",
	'string',
	'',
	'');
INSERT INTO S_CDT
	VALUES ("ba5eda7a-def5-0000-0000-000000000004",
	4);
INSERT INTO PE_PE
	VALUES ("ba5eda7a-def5-0000-0000-000000000005",
	1,
	"00000000-0000-0000-0000-000000000000",
	"00000000-0000-0000-0000-000000000000",
	3);
INSERT INTO S_DT
	VALUES ("ba5eda7a-def5-0000-0000-000000000005",
	"00000000-0000-0000-0000-000000000000",
	'unique_id',
	'',
	'');
INSERT INTO S_CDT
	VALUES ("ba5eda7a-def5-0000-0000-000000000005",
	5);
INSERT INTO PE_PE
	VALUES ("ba5eda7a-def5-0000-0000-000000000006",
	1,
	"00000000-0000-0000-0000-000000000000",
	"00000000-0000-0000-0000-000000000000",
	3);
INSERT INTO S_DT
	VALUES ("ba5eda7a-def5-0000-0000-000000000006",
	"00000000-0000-0000-0000-000000000000",
	'state<State_Model>',
	'',
	'');
INSERT INTO S_CDT
	VALUES ("ba5eda7a-def5-0000-0000-000000000006",
	6);
INSERT INTO PE_PE
	VALUES ("ba5eda7a-def5-0000-0000-000000000007",
	1,
	"00000000-0000-0000-0000-000000000000",
	"00000000-0000-0000-0000-000000000000",
	3);
INSERT INTO S_DT
	VALUES ("ba5eda7a-def5-0000-0000-000000000007",
	"00000000-0000-0000-0000-000000000000",
	'same_as<Base_Attribute>',
	'',
	'');
INSERT INTO S_CDT
	VALUES ("ba5eda7a-def5-0000-0000-000000000007",
	7);
INSERT INTO PE_PE
	VALUES ("ba5eda7a-def5-0000-0000-000000000008",
	1,
	"00000000-0000-0000-0000-000000000000",
	"00000000-0000-0000-0000-000000000000",
	3);
INSERT INTO S_DT
	VALUES ("ba5eda7a-def5-0000-0000-000000000008",
	"00000000-0000-0000-0000-000000000000",
	'inst_ref<Object>',
	'',
	'');
INSERT INTO S_CDT
	VALUES ("ba5eda7a-def5-0000-0000-000000000008",
	8);
INSERT INTO PE_PE
	VALUES ("ba5eda7a-def5-0000-0000-000000000009",
	1,
	"00000000-0000-0000-0000-000000000000",
	"00000000-0000-0000-0000-000000000000",
	3);
INSERT INTO S_DT
	VALUES ("ba5eda7a-def5-0000-0000-000000000009",
	"00000000-0000-0000-0000-000000000000",
	'inst_ref_set<Object>',
	'',
	'');
INSERT INTO S_CDT
	VALUES ("ba5eda7a-def5-0000-0000-000000000009",
	9);
INSERT INTO PE_PE
	VALUES ("ba5eda7a-def5-0000-0000-00000000000a",
	1,
	"00000000-0000-0000-0000-000000000000",
	"00000000-0000-0000-0000-000000000000",
	3);
INSERT INTO S_DT
	VALUES ("ba5eda7a-def5-0000-0000-00000000000a",
	"00000000-0000-0000-0000-000000000000",
	'inst<Event>',
	'',
	'');
INSERT INTO S_CDT
	VALUES ("ba5eda7a-def5-0000-0000-00000000000a",
	10);
INSERT INTO PE_PE
	VALUES ("ba5eda7a-def5-0000-0000-00000000000b",
	1,
	"00000000-0000-0000-0000-000000000000",
	"00000000-0000-0000-0000-000000000000",
	3);
INSERT INTO S_DT
	VALUES ("ba5eda7a-def5-0000-0000-00000000000b",
	"00000000-0000-0000-0000-000000000000",
	'inst<Mapping>',
	'',
	'');
INSERT INTO S_CDT
	VALUES ("ba5eda7a-def5-0000-0000-00000000000b",
	11);
INSERT INTO PE_PE
	VALUES ("ba5eda7a-def5-0000-0000-00000000000c",
	1,
	"00000000-0000-0000-0000-000000000000",
	"00000000-0000-0000-0000-000000000000",
	3);
INSERT INTO S_DT
	VALUES ("ba5eda7a-def5-0000-0000-00000000000c",
	"00000000-0000-0000-0000-000000000000",
	'inst_ref<Mapping>',
	'',
	'');
INSERT INTO S_CDT
	VALUES ("ba5eda7a-def5-0000-0000-00000000000c",
	12);
INSERT INTO PE_PE
	VALUES ("ba5eda7a-def5-0000-0000-00000000000d",
	1,
	"00000000-0000-0000-0000-000000000000",
	"00000000-0000-0000-0000-000000000000",
	3);
INSERT INTO S_DT
	VALUES ("ba5eda7a-def5-0000-0000-00000000000d",
	"00000000-0000-0000-0000-000000000000",
	'component_ref',
	'',
	'');
INSERT INTO S_CDT
	VALUES ("ba5eda7a-def5-0000-0000-00000000000d",
	13);
INSERT INTO PE_PE
	VALUES ("ba5eda7a-def5-0000-0000-00000000000e",
	1,
	"00000000-0000-0000-0000-000000000000",
	"00000000-0000-0000-0000-000000000000",
	3);
INSERT INTO S_DT
	VALUES ("ba5eda7a-def5-0000-0000-00000000000e",
	"00000000-0000-0000-0000-000000000000",
	'date',
	'',
	'');
INSERT INTO S_UDT
	VALUES ("ba5eda7a-def5-0000-0000-00000000000e",
	"ba5eda7a-def5-0000-0000-00000000000b",
	1);
INSERT INTO PE_PE
	VALUES ("ba5eda7a-def5-0000-0000-00000000000f",
	1,
	"00000000-0000-0000-0000-000000000000",
	"00000000-0000-0000-0000-000000000000",
	3);
INSERT INTO S_DT
	VALUES ("ba5eda7a-def5-0000-0000-00000000000f",
	"00000000-0000-0000-0000-000000000000",
	'inst_ref<Timer>',
	'',
	'');
INSERT INTO S_UDT
	VALUES ("ba5eda7a-def5-0000-0000-00000000000f",
	"ba5eda7a-def5-0000-0000-00000000000c",
	3);
INSERT INTO PE_PE
	VALUES ("ba5eda7a-def5-0000-0000-000000000010",
	1,
	"00000000-0000-0000-0000-000000000000",
	"00000000-0000-0000-0000-000000000000",
	3);
INSERT INTO S_DT
	VALUES ("ba5eda7a-def5-0000-0000-000000000010",
	"00000000-0000-0000-0000-000000000000",
	'timestamp',
	'',
	'');
INSERT INTO S_UDT
	VALUES ("ba5eda7a-def5-0000-0000-000000000010",
	"ba5eda7a-def5-0000-0000-00000000000b",
	2);
