-- root-types-contained: SystemModel_c,PackageableElement_c,DataType_c,CoreDataType_c,UserDataType_c
-- BP 7.1 content: StreamData syschar: 3 persistence-version: 7.1.5

INSERT INTO S_SYS
	VALUES ("7a9e3137-e56f-46f6-b804-f1dad97a2cf2",
	'original',
	1);
INSERT INTO EP_PKG
	VALUES ("35fb4cb2-11e2-4a83-9130-757f01e4c7c2",
	"7a9e3137-e56f-46f6-b804-f1dad97a2cf2",
	"7a9e3137-e56f-46f6-b804-f1dad97a2cf2",
	'pkg1',
	'',
	0);
INSERT INTO PE_PE
	VALUES ("a2f81d36-90f7-4181-aeb8-f27629b7f607",
	1,
	"35fb4cb2-11e2-4a83-9130-757f01e4c7c2",
	"00000000-0000-0000-0000-000000000000",
	4);
INSERT INTO O_OBJ
	VALUES ("a2f81d36-90f7-4181-aeb8-f27629b7f607",
	'C1',
	1,
	'C1',
	'',
	"00000000-0000-0000-0000-000000000000");
INSERT INTO O_NBATTR
	VALUES ("e56938c2-169a-47c2-bc26-8af99730890d",
	"a2f81d36-90f7-4181-aeb8-f27629b7f607");
INSERT INTO O_BATTR
	VALUES ("e56938c2-169a-47c2-bc26-8af99730890d",
	"a2f81d36-90f7-4181-aeb8-f27629b7f607");
INSERT INTO O_ATTR
	VALUES ("e56938c2-169a-47c2-bc26-8af99730890d",
	"a2f81d36-90f7-4181-aeb8-f27629b7f607",
	"00000000-0000-0000-0000-000000000000",
	'C1_ID',
	'',
	'',
	'C1_ID',
	0,
	"ba5eda7a-def5-0000-0000-000000000005",
	'',
	'');
INSERT INTO O_ID
	VALUES (0,
	"a2f81d36-90f7-4181-aeb8-f27629b7f607");
INSERT INTO O_OIDA
	VALUES ("e56938c2-169a-47c2-bc26-8af99730890d",
	"a2f81d36-90f7-4181-aeb8-f27629b7f607",
	0);
INSERT INTO O_ID
	VALUES (1,
	"a2f81d36-90f7-4181-aeb8-f27629b7f607");
INSERT INTO O_ID
	VALUES (2,
	"a2f81d36-90f7-4181-aeb8-f27629b7f607");
INSERT INTO PE_PE
	VALUES ("477e1f1e-49f4-4d0d-8a23-cfe2efaabdf8",
	1,
	"35fb4cb2-11e2-4a83-9130-757f01e4c7c2",
	"00000000-0000-0000-0000-000000000000",
	4);
INSERT INTO O_OBJ
	VALUES ("477e1f1e-49f4-4d0d-8a23-cfe2efaabdf8",
	'C2',
	2,
	'C2',
	'',
	"00000000-0000-0000-0000-000000000000");
INSERT INTO O_NBATTR
	VALUES ("3b844d63-47e9-4181-9564-b6290e427c3b",
	"477e1f1e-49f4-4d0d-8a23-cfe2efaabdf8");
INSERT INTO O_BATTR
	VALUES ("3b844d63-47e9-4181-9564-b6290e427c3b",
	"477e1f1e-49f4-4d0d-8a23-cfe2efaabdf8");
INSERT INTO O_ATTR
	VALUES ("3b844d63-47e9-4181-9564-b6290e427c3b",
	"477e1f1e-49f4-4d0d-8a23-cfe2efaabdf8",
	"00000000-0000-0000-0000-000000000000",
	'C2_ID',
	'',
	'',
	'C2_ID',
	0,
	"ba5eda7a-def5-0000-0000-000000000002",
	'',
	'');
INSERT INTO O_REF
	VALUES ("477e1f1e-49f4-4d0d-8a23-cfe2efaabdf8",
	"a2f81d36-90f7-4181-aeb8-f27629b7f607",
	0,
	"e56938c2-169a-47c2-bc26-8af99730890d",
	"528a60a5-0650-4d07-a8ce-d1d5c144f937",
	"4629df99-37af-4417-9f3c-4668ff27cb77",
	"3e556a50-fe1a-4c08-9396-65dd2e7f0e72",
	"b1bc5412-9a10-4188-9d03-2c81cf51b023",
	"a93f6d95-7257-4a8a-bc5e-03983e11033b",
	"00000000-0000-0000-0000-000000000000",
	0,
	'',
	'C1',
	'C1_ID',
	'R1');
INSERT INTO O_RATTR
	VALUES ("b1bc5412-9a10-4188-9d03-2c81cf51b023",
	"477e1f1e-49f4-4d0d-8a23-cfe2efaabdf8",
	"e56938c2-169a-47c2-bc26-8af99730890d",
	"a2f81d36-90f7-4181-aeb8-f27629b7f607",
	1,
	'C1_ID');
INSERT INTO O_ATTR
	VALUES ("b1bc5412-9a10-4188-9d03-2c81cf51b023",
	"477e1f1e-49f4-4d0d-8a23-cfe2efaabdf8",
	"3b844d63-47e9-4181-9564-b6290e427c3b",
	'C1_ID',
	'',
	'',
	'C1_ID',
	0,
	"ba5eda7a-def5-0000-0000-000000000007",
	'',
	'');
INSERT INTO O_ID
	VALUES (0,
	"477e1f1e-49f4-4d0d-8a23-cfe2efaabdf8");
INSERT INTO O_OIDA
	VALUES ("3b844d63-47e9-4181-9564-b6290e427c3b",
	"477e1f1e-49f4-4d0d-8a23-cfe2efaabdf8",
	0);
INSERT INTO O_OIDA
	VALUES ("b1bc5412-9a10-4188-9d03-2c81cf51b023",
	"477e1f1e-49f4-4d0d-8a23-cfe2efaabdf8",
	0);
INSERT INTO O_ID
	VALUES (1,
	"477e1f1e-49f4-4d0d-8a23-cfe2efaabdf8");
INSERT INTO O_ID
	VALUES (2,
	"477e1f1e-49f4-4d0d-8a23-cfe2efaabdf8");
INSERT INTO PE_PE
	VALUES ("5c706d75-81c1-49e4-bb85-1479361a262c",
	1,
	"35fb4cb2-11e2-4a83-9130-757f01e4c7c2",
	"00000000-0000-0000-0000-000000000000",
	4);
INSERT INTO O_OBJ
	VALUES ("5c706d75-81c1-49e4-bb85-1479361a262c",
	'C3',
	3,
	'C3',
	'',
	"00000000-0000-0000-0000-000000000000");
INSERT INTO O_NBATTR
	VALUES ("a8e6c60f-b323-469c-b76f-f91769a0e9cd",
	"5c706d75-81c1-49e4-bb85-1479361a262c");
INSERT INTO O_BATTR
	VALUES ("a8e6c60f-b323-469c-b76f-f91769a0e9cd",
	"5c706d75-81c1-49e4-bb85-1479361a262c");
INSERT INTO O_ATTR
	VALUES ("a8e6c60f-b323-469c-b76f-f91769a0e9cd",
	"5c706d75-81c1-49e4-bb85-1479361a262c",
	"00000000-0000-0000-0000-000000000000",
	'C3_ID',
	'',
	'',
	'C3_ID',
	0,
	"ba5eda7a-def5-0000-0000-000000000002",
	'',
	'');
INSERT INTO O_REF
	VALUES ("5c706d75-81c1-49e4-bb85-1479361a262c",
	"477e1f1e-49f4-4d0d-8a23-cfe2efaabdf8",
	0,
	"3b844d63-47e9-4181-9564-b6290e427c3b",
	"d291d47e-8974-49f4-9d3b-0925411132ae",
	"a89169e1-7ac7-4865-b7dd-138fecceecda",
	"e344e49a-d17d-427d-80b1-7ec869c8a50f",
	"4bb47b61-6d9f-49f4-8182-21096d3ecfd7",
	"bd53028b-4303-496f-bec3-84a0659b502d",
	"00000000-0000-0000-0000-000000000000",
	0,
	'',
	'C2',
	'C2_ID',
	'R2');
INSERT INTO O_RATTR
	VALUES ("4bb47b61-6d9f-49f4-8182-21096d3ecfd7",
	"5c706d75-81c1-49e4-bb85-1479361a262c",
	"3b844d63-47e9-4181-9564-b6290e427c3b",
	"477e1f1e-49f4-4d0d-8a23-cfe2efaabdf8",
	1,
	'C2_ID');
INSERT INTO O_ATTR
	VALUES ("4bb47b61-6d9f-49f4-8182-21096d3ecfd7",
	"5c706d75-81c1-49e4-bb85-1479361a262c",
	"a8e6c60f-b323-469c-b76f-f91769a0e9cd",
	'C2_ID',
	'',
	'',
	'C2_ID',
	0,
	"ba5eda7a-def5-0000-0000-000000000007",
	'',
	'');
INSERT INTO O_REF
	VALUES ("5c706d75-81c1-49e4-bb85-1479361a262c",
	"477e1f1e-49f4-4d0d-8a23-cfe2efaabdf8",
	0,
	"b1bc5412-9a10-4188-9d03-2c81cf51b023",
	"d291d47e-8974-49f4-9d3b-0925411132ae",
	"a89169e1-7ac7-4865-b7dd-138fecceecda",
	"e344e49a-d17d-427d-80b1-7ec869c8a50f",
	"5c1baf4f-bd94-4ab8-9b99-e1ea0595aeba",
	"e58fd043-c23e-4ba3-a666-dd56fa4a58d9",
	"00000000-0000-0000-0000-000000000000",
	0,
	'',
	'C2',
	'C1_ID',
	'R2');
INSERT INTO O_REF
	VALUES ("5c706d75-81c1-49e4-bb85-1479361a262c",
	"5c706d75-81c1-49e4-bb85-1479361a262c",
	0,
	"5c1baf4f-bd94-4ab8-9b99-e1ea0595aeba",
	"bc86dbcf-6586-4666-85aa-a1268de46e38",
	"140a36c8-2dd3-40ce-a520-c5514e6d4e50",
	"0e62cfcc-1bf2-41c9-87e7-3df4fa5ee991",
	"5c1baf4f-bd94-4ab8-9b99-e1ea0595aeba",
	"98f69b53-7233-45bd-a7eb-ccc875daad69",
	"e58fd043-c23e-4ba3-a666-dd56fa4a58d9",
	0,
	'',
	'C3',
	'C1_ID',
	'R3');
INSERT INTO O_RATTR
	VALUES ("5c1baf4f-bd94-4ab8-9b99-e1ea0595aeba",
	"5c706d75-81c1-49e4-bb85-1479361a262c",
	"e56938c2-169a-47c2-bc26-8af99730890d",
	"a2f81d36-90f7-4181-aeb8-f27629b7f607",
	1,
	'C1_ID');
INSERT INTO O_ATTR
	VALUES ("5c1baf4f-bd94-4ab8-9b99-e1ea0595aeba",
	"5c706d75-81c1-49e4-bb85-1479361a262c",
	"4bb47b61-6d9f-49f4-8182-21096d3ecfd7",
	'C1_ID',
	'',
	'',
	'C1_ID',
	0,
	"ba5eda7a-def5-0000-0000-000000000007",
	'',
	'');
INSERT INTO O_REF
	VALUES ("5c706d75-81c1-49e4-bb85-1479361a262c",
	"5c706d75-81c1-49e4-bb85-1479361a262c",
	0,
	"a8e6c60f-b323-469c-b76f-f91769a0e9cd",
	"bc86dbcf-6586-4666-85aa-a1268de46e38",
	"140a36c8-2dd3-40ce-a520-c5514e6d4e50",
	"0e62cfcc-1bf2-41c9-87e7-3df4fa5ee991",
	"5f6b82b7-4bcd-40eb-9633-04d546c18d3b",
	"2808ef5e-0e0e-4c39-9988-9c76906bb609",
	"00000000-0000-0000-0000-000000000000",
	0,
	'',
	'C3',
	'C3_ID',
	'R3');
INSERT INTO O_RATTR
	VALUES ("5f6b82b7-4bcd-40eb-9633-04d546c18d3b",
	"5c706d75-81c1-49e4-bb85-1479361a262c",
	"a8e6c60f-b323-469c-b76f-f91769a0e9cd",
	"5c706d75-81c1-49e4-bb85-1479361a262c",
	1,
	'C3_ID');
INSERT INTO O_ATTR
	VALUES ("5f6b82b7-4bcd-40eb-9633-04d546c18d3b",
	"5c706d75-81c1-49e4-bb85-1479361a262c",
	"5c1baf4f-bd94-4ab8-9b99-e1ea0595aeba",
	'Other_C3_ID',
	'',
	'Other_',
	'C3_ID',
	1,
	"ba5eda7a-def5-0000-0000-000000000007",
	'',
	'');
INSERT INTO O_ID
	VALUES (0,
	"5c706d75-81c1-49e4-bb85-1479361a262c");
INSERT INTO O_OIDA
	VALUES ("a8e6c60f-b323-469c-b76f-f91769a0e9cd",
	"5c706d75-81c1-49e4-bb85-1479361a262c",
	0);
INSERT INTO O_OIDA
	VALUES ("5c1baf4f-bd94-4ab8-9b99-e1ea0595aeba",
	"5c706d75-81c1-49e4-bb85-1479361a262c",
	0);
INSERT INTO O_ID
	VALUES (1,
	"5c706d75-81c1-49e4-bb85-1479361a262c");
INSERT INTO O_ID
	VALUES (2,
	"5c706d75-81c1-49e4-bb85-1479361a262c");
INSERT INTO PE_PE
	VALUES ("f2a647f4-7dd2-4312-b182-b243f209ee90",
	1,
	"35fb4cb2-11e2-4a83-9130-757f01e4c7c2",
	"00000000-0000-0000-0000-000000000000",
	4);
INSERT INTO O_OBJ
	VALUES ("f2a647f4-7dd2-4312-b182-b243f209ee90",
	'C4',
	4,
	'C4',
	'',
	"00000000-0000-0000-0000-000000000000");
INSERT INTO O_REF
	VALUES ("f2a647f4-7dd2-4312-b182-b243f209ee90",
	"a2f81d36-90f7-4181-aeb8-f27629b7f607",
	0,
	"e56938c2-169a-47c2-bc26-8af99730890d",
	"d7d75a0b-f6ce-4638-8b71-00c6ee9abac8",
	"3fc27e6f-1b76-4fb1-b859-e2da3fe12e2c",
	"b5ce5e4b-9d1d-44a4-9272-fc334755236f",
	"ad716e7d-5033-4eb9-a09e-fba14bfa4a30",
	"948508ae-04f8-4149-aed0-4ca1c85689a2",
	"00000000-0000-0000-0000-000000000000",
	0,
	'',
	'C1',
	'C1_ID',
	'R5');
INSERT INTO O_REF
	VALUES ("f2a647f4-7dd2-4312-b182-b243f209ee90",
	"5c706d75-81c1-49e4-bb85-1479361a262c",
	0,
	"5c1baf4f-bd94-4ab8-9b99-e1ea0595aeba",
	"2f50ee20-e6dd-4ad5-9d38-5187df30bdc5",
	"78ebe43d-79df-4ead-8c98-0950dd1a7908",
	"21d82d68-c393-42f6-a532-5d7f62f6dc9a",
	"ad716e7d-5033-4eb9-a09e-fba14bfa4a30",
	"497f2f7b-44a9-47e4-9782-d7a1ef35e4ef",
	"948508ae-04f8-4149-aed0-4ca1c85689a2",
	0,
	'',
	'C3',
	'C1_ID',
	'R4');
INSERT INTO O_RATTR
	VALUES ("ad716e7d-5033-4eb9-a09e-fba14bfa4a30",
	"f2a647f4-7dd2-4312-b182-b243f209ee90",
	"e56938c2-169a-47c2-bc26-8af99730890d",
	"a2f81d36-90f7-4181-aeb8-f27629b7f607",
	1,
	'C1_ID');
INSERT INTO O_ATTR
	VALUES ("ad716e7d-5033-4eb9-a09e-fba14bfa4a30",
	"f2a647f4-7dd2-4312-b182-b243f209ee90",
	"00000000-0000-0000-0000-000000000000",
	'C1_ID',
	'',
	'',
	'C1_ID',
	0,
	"ba5eda7a-def5-0000-0000-000000000007",
	'',
	'');
INSERT INTO O_REF
	VALUES ("f2a647f4-7dd2-4312-b182-b243f209ee90",
	"5c706d75-81c1-49e4-bb85-1479361a262c",
	0,
	"a8e6c60f-b323-469c-b76f-f91769a0e9cd",
	"2f50ee20-e6dd-4ad5-9d38-5187df30bdc5",
	"78ebe43d-79df-4ead-8c98-0950dd1a7908",
	"21d82d68-c393-42f6-a532-5d7f62f6dc9a",
	"c99fd436-ce0c-48ab-885c-07099cfc5edd",
	"25a25a23-0eaf-40a3-9ae9-2dc65fd69155",
	"00000000-0000-0000-0000-000000000000",
	0,
	'',
	'C3',
	'C3_ID',
	'R4');
INSERT INTO O_RATTR
	VALUES ("c99fd436-ce0c-48ab-885c-07099cfc5edd",
	"f2a647f4-7dd2-4312-b182-b243f209ee90",
	"a8e6c60f-b323-469c-b76f-f91769a0e9cd",
	"5c706d75-81c1-49e4-bb85-1479361a262c",
	1,
	'C3_ID');
INSERT INTO O_ATTR
	VALUES ("c99fd436-ce0c-48ab-885c-07099cfc5edd",
	"f2a647f4-7dd2-4312-b182-b243f209ee90",
	"ad716e7d-5033-4eb9-a09e-fba14bfa4a30",
	'C3_ID',
	'',
	'',
	'C3_ID',
	0,
	"ba5eda7a-def5-0000-0000-000000000007",
	'',
	'');
INSERT INTO O_ID
	VALUES (0,
	"f2a647f4-7dd2-4312-b182-b243f209ee90");
INSERT INTO O_OIDA
	VALUES ("ad716e7d-5033-4eb9-a09e-fba14bfa4a30",
	"f2a647f4-7dd2-4312-b182-b243f209ee90",
	0);
INSERT INTO O_OIDA
	VALUES ("c99fd436-ce0c-48ab-885c-07099cfc5edd",
	"f2a647f4-7dd2-4312-b182-b243f209ee90",
	0);
INSERT INTO O_ID
	VALUES (1,
	"f2a647f4-7dd2-4312-b182-b243f209ee90");
INSERT INTO O_ID
	VALUES (2,
	"f2a647f4-7dd2-4312-b182-b243f209ee90");
INSERT INTO PE_PE
	VALUES ("528a60a5-0650-4d07-a8ce-d1d5c144f937",
	1,
	"35fb4cb2-11e2-4a83-9130-757f01e4c7c2",
	"00000000-0000-0000-0000-000000000000",
	9);
INSERT INTO R_SIMP
	VALUES ("528a60a5-0650-4d07-a8ce-d1d5c144f937");
INSERT INTO R_REL
	VALUES ("528a60a5-0650-4d07-a8ce-d1d5c144f937",
	1,
	'',
	"00000000-0000-0000-0000-000000000000");
INSERT INTO R_PART
	VALUES ("a2f81d36-90f7-4181-aeb8-f27629b7f607",
	"528a60a5-0650-4d07-a8ce-d1d5c144f937",
	"3e556a50-fe1a-4c08-9396-65dd2e7f0e72",
	0,
	0,
	'');
INSERT INTO O_RTIDA
	VALUES ("e56938c2-169a-47c2-bc26-8af99730890d",
	"a2f81d36-90f7-4181-aeb8-f27629b7f607",
	0,
	"528a60a5-0650-4d07-a8ce-d1d5c144f937",
	"3e556a50-fe1a-4c08-9396-65dd2e7f0e72");
INSERT INTO R_RTO
	VALUES ("a2f81d36-90f7-4181-aeb8-f27629b7f607",
	"528a60a5-0650-4d07-a8ce-d1d5c144f937",
	"3e556a50-fe1a-4c08-9396-65dd2e7f0e72",
	0);
INSERT INTO R_OIR
	VALUES ("a2f81d36-90f7-4181-aeb8-f27629b7f607",
	"528a60a5-0650-4d07-a8ce-d1d5c144f937",
	"3e556a50-fe1a-4c08-9396-65dd2e7f0e72",
	"00000000-0000-0000-0000-000000000000");
INSERT INTO R_FORM
	VALUES ("477e1f1e-49f4-4d0d-8a23-cfe2efaabdf8",
	"528a60a5-0650-4d07-a8ce-d1d5c144f937",
	"4629df99-37af-4417-9f3c-4668ff27cb77",
	1,
	0,
	'');
INSERT INTO R_RGO
	VALUES ("477e1f1e-49f4-4d0d-8a23-cfe2efaabdf8",
	"528a60a5-0650-4d07-a8ce-d1d5c144f937",
	"4629df99-37af-4417-9f3c-4668ff27cb77");
INSERT INTO R_OIR
	VALUES ("477e1f1e-49f4-4d0d-8a23-cfe2efaabdf8",
	"528a60a5-0650-4d07-a8ce-d1d5c144f937",
	"4629df99-37af-4417-9f3c-4668ff27cb77",
	"00000000-0000-0000-0000-000000000000");
INSERT INTO PE_PE
	VALUES ("d291d47e-8974-49f4-9d3b-0925411132ae",
	1,
	"35fb4cb2-11e2-4a83-9130-757f01e4c7c2",
	"00000000-0000-0000-0000-000000000000",
	9);
INSERT INTO R_SIMP
	VALUES ("d291d47e-8974-49f4-9d3b-0925411132ae");
INSERT INTO R_REL
	VALUES ("d291d47e-8974-49f4-9d3b-0925411132ae",
	2,
	'',
	"00000000-0000-0000-0000-000000000000");
INSERT INTO R_PART
	VALUES ("477e1f1e-49f4-4d0d-8a23-cfe2efaabdf8",
	"d291d47e-8974-49f4-9d3b-0925411132ae",
	"e344e49a-d17d-427d-80b1-7ec869c8a50f",
	0,
	0,
	'');
INSERT INTO O_RTIDA
	VALUES ("3b844d63-47e9-4181-9564-b6290e427c3b",
	"477e1f1e-49f4-4d0d-8a23-cfe2efaabdf8",
	0,
	"d291d47e-8974-49f4-9d3b-0925411132ae",
	"e344e49a-d17d-427d-80b1-7ec869c8a50f");
INSERT INTO O_RTIDA
	VALUES ("b1bc5412-9a10-4188-9d03-2c81cf51b023",
	"477e1f1e-49f4-4d0d-8a23-cfe2efaabdf8",
	0,
	"d291d47e-8974-49f4-9d3b-0925411132ae",
	"e344e49a-d17d-427d-80b1-7ec869c8a50f");
INSERT INTO R_RTO
	VALUES ("477e1f1e-49f4-4d0d-8a23-cfe2efaabdf8",
	"d291d47e-8974-49f4-9d3b-0925411132ae",
	"e344e49a-d17d-427d-80b1-7ec869c8a50f",
	0);
INSERT INTO R_OIR
	VALUES ("477e1f1e-49f4-4d0d-8a23-cfe2efaabdf8",
	"d291d47e-8974-49f4-9d3b-0925411132ae",
	"e344e49a-d17d-427d-80b1-7ec869c8a50f",
	"00000000-0000-0000-0000-000000000000");
INSERT INTO R_FORM
	VALUES ("5c706d75-81c1-49e4-bb85-1479361a262c",
	"d291d47e-8974-49f4-9d3b-0925411132ae",
	"a89169e1-7ac7-4865-b7dd-138fecceecda",
	1,
	1,
	'');
INSERT INTO R_RGO
	VALUES ("5c706d75-81c1-49e4-bb85-1479361a262c",
	"d291d47e-8974-49f4-9d3b-0925411132ae",
	"a89169e1-7ac7-4865-b7dd-138fecceecda");
INSERT INTO R_OIR
	VALUES ("5c706d75-81c1-49e4-bb85-1479361a262c",
	"d291d47e-8974-49f4-9d3b-0925411132ae",
	"a89169e1-7ac7-4865-b7dd-138fecceecda",
	"00000000-0000-0000-0000-000000000000");
INSERT INTO PE_PE
	VALUES ("bc86dbcf-6586-4666-85aa-a1268de46e38",
	1,
	"35fb4cb2-11e2-4a83-9130-757f01e4c7c2",
	"00000000-0000-0000-0000-000000000000",
	9);
INSERT INTO R_SIMP
	VALUES ("bc86dbcf-6586-4666-85aa-a1268de46e38");
INSERT INTO R_REL
	VALUES ("bc86dbcf-6586-4666-85aa-a1268de46e38",
	3,
	'',
	"00000000-0000-0000-0000-000000000000");
INSERT INTO R_PART
	VALUES ("5c706d75-81c1-49e4-bb85-1479361a262c",
	"bc86dbcf-6586-4666-85aa-a1268de46e38",
	"0e62cfcc-1bf2-41c9-87e7-3df4fa5ee991",
	0,
	1,
	'prev');
INSERT INTO O_RTIDA
	VALUES ("a8e6c60f-b323-469c-b76f-f91769a0e9cd",
	"5c706d75-81c1-49e4-bb85-1479361a262c",
	0,
	"bc86dbcf-6586-4666-85aa-a1268de46e38",
	"0e62cfcc-1bf2-41c9-87e7-3df4fa5ee991");
INSERT INTO O_RTIDA
	VALUES ("5c1baf4f-bd94-4ab8-9b99-e1ea0595aeba",
	"5c706d75-81c1-49e4-bb85-1479361a262c",
	0,
	"bc86dbcf-6586-4666-85aa-a1268de46e38",
	"0e62cfcc-1bf2-41c9-87e7-3df4fa5ee991");
INSERT INTO R_RTO
	VALUES ("5c706d75-81c1-49e4-bb85-1479361a262c",
	"bc86dbcf-6586-4666-85aa-a1268de46e38",
	"0e62cfcc-1bf2-41c9-87e7-3df4fa5ee991",
	0);
INSERT INTO R_OIR
	VALUES ("5c706d75-81c1-49e4-bb85-1479361a262c",
	"bc86dbcf-6586-4666-85aa-a1268de46e38",
	"0e62cfcc-1bf2-41c9-87e7-3df4fa5ee991",
	"00000000-0000-0000-0000-000000000000");
INSERT INTO R_FORM
	VALUES ("5c706d75-81c1-49e4-bb85-1479361a262c",
	"bc86dbcf-6586-4666-85aa-a1268de46e38",
	"140a36c8-2dd3-40ce-a520-c5514e6d4e50",
	0,
	1,
	'next');
INSERT INTO R_RGO
	VALUES ("5c706d75-81c1-49e4-bb85-1479361a262c",
	"bc86dbcf-6586-4666-85aa-a1268de46e38",
	"140a36c8-2dd3-40ce-a520-c5514e6d4e50");
INSERT INTO R_OIR
	VALUES ("5c706d75-81c1-49e4-bb85-1479361a262c",
	"bc86dbcf-6586-4666-85aa-a1268de46e38",
	"140a36c8-2dd3-40ce-a520-c5514e6d4e50",
	"00000000-0000-0000-0000-000000000000");
INSERT INTO PE_PE
	VALUES ("2f50ee20-e6dd-4ad5-9d38-5187df30bdc5",
	1,
	"35fb4cb2-11e2-4a83-9130-757f01e4c7c2",
	"00000000-0000-0000-0000-000000000000",
	9);
INSERT INTO R_SIMP
	VALUES ("2f50ee20-e6dd-4ad5-9d38-5187df30bdc5");
INSERT INTO R_REL
	VALUES ("2f50ee20-e6dd-4ad5-9d38-5187df30bdc5",
	4,
	'',
	"00000000-0000-0000-0000-000000000000");
INSERT INTO R_PART
	VALUES ("5c706d75-81c1-49e4-bb85-1479361a262c",
	"2f50ee20-e6dd-4ad5-9d38-5187df30bdc5",
	"21d82d68-c393-42f6-a532-5d7f62f6dc9a",
	0,
	0,
	'');
INSERT INTO O_RTIDA
	VALUES ("a8e6c60f-b323-469c-b76f-f91769a0e9cd",
	"5c706d75-81c1-49e4-bb85-1479361a262c",
	0,
	"2f50ee20-e6dd-4ad5-9d38-5187df30bdc5",
	"21d82d68-c393-42f6-a532-5d7f62f6dc9a");
INSERT INTO O_RTIDA
	VALUES ("5c1baf4f-bd94-4ab8-9b99-e1ea0595aeba",
	"5c706d75-81c1-49e4-bb85-1479361a262c",
	0,
	"2f50ee20-e6dd-4ad5-9d38-5187df30bdc5",
	"21d82d68-c393-42f6-a532-5d7f62f6dc9a");
INSERT INTO R_RTO
	VALUES ("5c706d75-81c1-49e4-bb85-1479361a262c",
	"2f50ee20-e6dd-4ad5-9d38-5187df30bdc5",
	"21d82d68-c393-42f6-a532-5d7f62f6dc9a",
	0);
INSERT INTO R_OIR
	VALUES ("5c706d75-81c1-49e4-bb85-1479361a262c",
	"2f50ee20-e6dd-4ad5-9d38-5187df30bdc5",
	"21d82d68-c393-42f6-a532-5d7f62f6dc9a",
	"00000000-0000-0000-0000-000000000000");
INSERT INTO R_FORM
	VALUES ("f2a647f4-7dd2-4312-b182-b243f209ee90",
	"2f50ee20-e6dd-4ad5-9d38-5187df30bdc5",
	"78ebe43d-79df-4ead-8c98-0950dd1a7908",
	0,
	1,
	'');
INSERT INTO R_RGO
	VALUES ("f2a647f4-7dd2-4312-b182-b243f209ee90",
	"2f50ee20-e6dd-4ad5-9d38-5187df30bdc5",
	"78ebe43d-79df-4ead-8c98-0950dd1a7908");
INSERT INTO R_OIR
	VALUES ("f2a647f4-7dd2-4312-b182-b243f209ee90",
	"2f50ee20-e6dd-4ad5-9d38-5187df30bdc5",
	"78ebe43d-79df-4ead-8c98-0950dd1a7908",
	"00000000-0000-0000-0000-000000000000");
INSERT INTO PE_PE
	VALUES ("d7d75a0b-f6ce-4638-8b71-00c6ee9abac8",
	1,
	"35fb4cb2-11e2-4a83-9130-757f01e4c7c2",
	"00000000-0000-0000-0000-000000000000",
	9);
INSERT INTO R_SIMP
	VALUES ("d7d75a0b-f6ce-4638-8b71-00c6ee9abac8");
INSERT INTO R_REL
	VALUES ("d7d75a0b-f6ce-4638-8b71-00c6ee9abac8",
	5,
	'',
	"00000000-0000-0000-0000-000000000000");
INSERT INTO R_FORM
	VALUES ("f2a647f4-7dd2-4312-b182-b243f209ee90",
	"d7d75a0b-f6ce-4638-8b71-00c6ee9abac8",
	"3fc27e6f-1b76-4fb1-b859-e2da3fe12e2c",
	0,
	1,
	'');
INSERT INTO R_RGO
	VALUES ("f2a647f4-7dd2-4312-b182-b243f209ee90",
	"d7d75a0b-f6ce-4638-8b71-00c6ee9abac8",
	"3fc27e6f-1b76-4fb1-b859-e2da3fe12e2c");
INSERT INTO R_OIR
	VALUES ("f2a647f4-7dd2-4312-b182-b243f209ee90",
	"d7d75a0b-f6ce-4638-8b71-00c6ee9abac8",
	"3fc27e6f-1b76-4fb1-b859-e2da3fe12e2c",
	"00000000-0000-0000-0000-000000000000");
INSERT INTO R_PART
	VALUES ("a2f81d36-90f7-4181-aeb8-f27629b7f607",
	"d7d75a0b-f6ce-4638-8b71-00c6ee9abac8",
	"b5ce5e4b-9d1d-44a4-9272-fc334755236f",
	0,
	1,
	'');
INSERT INTO O_RTIDA
	VALUES ("e56938c2-169a-47c2-bc26-8af99730890d",
	"a2f81d36-90f7-4181-aeb8-f27629b7f607",
	0,
	"d7d75a0b-f6ce-4638-8b71-00c6ee9abac8",
	"b5ce5e4b-9d1d-44a4-9272-fc334755236f");
INSERT INTO R_RTO
	VALUES ("a2f81d36-90f7-4181-aeb8-f27629b7f607",
	"d7d75a0b-f6ce-4638-8b71-00c6ee9abac8",
	"b5ce5e4b-9d1d-44a4-9272-fc334755236f",
	0);
INSERT INTO R_OIR
	VALUES ("a2f81d36-90f7-4181-aeb8-f27629b7f607",
	"d7d75a0b-f6ce-4638-8b71-00c6ee9abac8",
	"b5ce5e4b-9d1d-44a4-9272-fc334755236f",
	"00000000-0000-0000-0000-000000000000");
INSERT INTO PE_PE
	VALUES ("ba5eda7a-def5-0000-0000-000000000000",
	1,
	"00000000-0000-0000-0000-000000000000",
	"00000000-0000-0000-0000-000000000000",
	3);
INSERT INTO S_DT
	VALUES ("ba5eda7a-def5-0000-0000-000000000000",
	"00000000-0000-0000-0000-000000000000",
	'void',
	'',
	'');
INSERT INTO S_CDT
	VALUES ("ba5eda7a-def5-0000-0000-000000000000",
	0);
INSERT INTO PE_PE
	VALUES ("ba5eda7a-def5-0000-0000-000000000001",
	1,
	"00000000-0000-0000-0000-000000000000",
	"00000000-0000-0000-0000-000000000000",
	3);
INSERT INTO S_DT
	VALUES ("ba5eda7a-def5-0000-0000-000000000001",
	"00000000-0000-0000-0000-000000000000",
	'boolean',
	'',
	'');
INSERT INTO S_CDT
	VALUES ("ba5eda7a-def5-0000-0000-000000000001",
	1);
INSERT INTO PE_PE
	VALUES ("ba5eda7a-def5-0000-0000-000000000002",
	1,
	"00000000-0000-0000-0000-000000000000",
	"00000000-0000-0000-0000-000000000000",
	3);
INSERT INTO S_DT
	VALUES ("ba5eda7a-def5-0000-0000-000000000002",
	"00000000-0000-0000-0000-000000000000",
	'integer',
	'',
	'');
INSERT INTO S_CDT
	VALUES ("ba5eda7a-def5-0000-0000-000000000002",
	2);
INSERT INTO PE_PE
	VALUES ("ba5eda7a-def5-0000-0000-000000000003",
	1,
	"00000000-0000-0000-0000-000000000000",
	"00000000-0000-0000-0000-000000000000",
	3);
INSERT INTO S_DT
	VALUES ("ba5eda7a-def5-0000-0000-000000000003",
	"00000000-0000-0000-0000-000000000000",
	'real',
	'',
	'');
INSERT INTO S_CDT
	VALUES ("ba5eda7a-def5-0000-0000-000000000003",
	3);
INSERT INTO PE_PE
	VALUES ("ba5eda7a-def5-0000-0000-000000000004",
	1,
	"00000000-0000-0000-0000-000000000000",
	"00000000-0000-0000-0000-000000000000",
	3);
INSERT INTO S_DT
	VALUES ("ba5eda7a-def5-0000-0000-000000000004",
	"00000000-0000-0000-0000-000000000000",
	'string',
	'',
	'');
INSERT INTO S_CDT
	VALUES ("ba5eda7a-def5-0000-0000-000000000004",
	4);
INSERT INTO PE_PE
	VALUES ("ba5eda7a-def5-0000-0000-000000000005",
	1,
	"00000000-0000-0000-0000-000000000000",
	"00000000-0000-0000-0000-000000000000",
	3);
INSERT INTO S_DT
	VALUES ("ba5eda7a-def5-0000-0000-000000000005",
	"00000000-0000-0000-0000-000000000000",
	'unique_id',
	'',
	'');
INSERT INTO S_CDT
	VALUES ("ba5eda7a-def5-0000-0000-000000000005",
	5);
INSERT INTO PE_PE
	VALUES ("ba5eda7a-def5-0000-0000-000000000006",
	1,
	"00000000-0000-0000-0000-000000000000",
	"00000000-0000-0000-0000-000000000000",
	3);
INSERT INTO S_DT
	VALUES ("ba5eda7a-def5-0000-0000-000000000006",
	"00000000-0000-0000-0000-000000000000",
	'state<State_Model>',
	'',
	'');
INSERT INTO S_CDT
	VALUES ("ba5eda7a-def5-0000-0000-000000000006",
	6);
INSERT INTO PE_PE
	VALUES ("ba5eda7a-def5-0000-0000-000000000007",
	1,
	"00000000-0000-0000-0000-000000000000",
	"00000000-0000-0000-0000-000000000000",
	3);
INSERT INTO S_DT
	VALUES ("ba5eda7a-def5-0000-0000-000000000007",
	"00000000-0000-0000-0000-000000000000",
	'same_as<Base_Attribute>',
	'',
	'');
INSERT INTO S_CDT
	VALUES ("ba5eda7a-def5-0000-0000-000000000007",
	7);
INSERT INTO PE_PE
	VALUES ("ba5eda7a-def5-0000-0000-000000000008",
	1,
	"00000000-0000-0000-0000-000000000000",
	"00000000-0000-0000-0000-000000000000",
	3);
INSERT INTO S_DT
	VALUES ("ba5eda7a-def5-0000-0000-000000000008",
	"00000000-0000-0000-0000-000000000000",
	'inst_ref<Object>',
	'',
	'');
INSERT INTO S_CDT
	VALUES ("ba5eda7a-def5-0000-0000-000000000008",
	8);
INSERT INTO PE_PE
	VALUES ("ba5eda7a-def5-0000-0000-000000000009",
	1,
	"00000000-0000-0000-0000-000000000000",
	"00000000-0000-0000-0000-000000000000",
	3);
INSERT INTO S_DT
	VALUES ("ba5eda7a-def5-0000-0000-000000000009",
	"00000000-0000-0000-0000-000000000000",
	'inst_ref_set<Object>',
	'',
	'');
INSERT INTO S_CDT
	VALUES ("ba5eda7a-def5-0000-0000-000000000009",
	9);
INSERT INTO PE_PE
	VALUES ("ba5eda7a-def5-0000-0000-00000000000a",
	1,
	"00000000-0000-0000-0000-000000000000",
	"00000000-0000-0000-0000-000000000000",
	3);
INSERT INTO S_DT
	VALUES ("ba5eda7a-def5-0000-0000-00000000000a",
	"00000000-0000-0000-0000-000000000000",
	'inst<Event>',
	'',
	'');
INSERT INTO S_CDT
	VALUES ("ba5eda7a-def5-0000-0000-00000000000a",
	10);
INSERT INTO PE_PE
	VALUES ("ba5eda7a-def5-0000-0000-00000000000b",
	1,
	"00000000-0000-0000-0000-000000000000",
	"00000000-0000-0000-0000-000000000000",
	3);
INSERT INTO S_DT
	VALUES ("ba5eda7a-def5-0000-0000-00000000000b",
	"00000000-0000-0000-0000-000000000000",
	'inst<Mapping>',
	'',
	'');
INSERT INTO S_CDT
	VALUES ("ba5eda7a-def5-0000-0000-00000000000b",
	11);
INSERT INTO PE_PE
	VALUES ("ba5eda7a-def5-0000-0000-00000000000c",
	1,
	"00000000-0000-0000-0000-000000000000",
	"00000000-0000-0000-0000-000000000000",
	3);
INSERT INTO S_DT
	VALUES ("ba5eda7a-def5-0000-0000-00000000000c",
	"00000000-0000-0000-0000-000000000000",
	'inst_ref<Mapping>',
	'',
	'');
INSERT INTO S_CDT
	VALUES ("ba5eda7a-def5-0000-0000-00000000000c",
	12);
INSERT INTO PE_PE
	VALUES ("ba5eda7a-def5-0000-0000-00000000000d",
	1,
	"00000000-0000-0000-0000-000000000000",
	"00000000-0000-0000-0000-000000000000",
	3);
INSERT INTO S_DT
	VALUES ("ba5eda7a-def5-0000-0000-00000000000d",
	"00000000-0000-0000-0000-000000000000",
	'component_ref',
	'',
	'');
INSERT INTO S_CDT
	VALUES ("ba5eda7a-def5-0000-0000-00000000000d",
	13);
INSERT INTO PE_PE
	VALUES ("ba5eda7a-def5-0000-0000-00000000000e",
	1,
	"00000000-0000-0000-0000-000000000000",
	"00000000-0000-0000-0000-000000000000",
	3);
INSERT INTO S_DT
	VALUES ("ba5eda7a-def5-0000-0000-00000000000e",
	"00000000-0000-0000-0000-000000000000",
	'date',
	'',
	'');
INSERT INTO S_UDT
	VALUES ("ba5eda7a-def5-0000-0000-00000000000e",
	"ba5eda7a-def5-0000-0000-00000000000b",
	1);
INSERT INTO PE_PE
	VALUES ("ba5eda7a-def5-0000-0000-00000000000f",
	1,
	"00000000-0000-0000-0000-000000000000",
	"00000000-0000-0000-0000-000000000000",
	3);
INSERT INTO S_DT
	VALUES ("ba5eda7a-def5-0000-0000-00000000000f",
	"00000000-0000-0000-0000-000000000000",
	'inst_ref<Timer>',
	'',
	'');
INSERT INTO S_UDT
	VALUES ("ba5eda7a-def5-0000-0000-00000000000f",
	"ba5eda7a-def5-0000-0000-00000000000c",
	3);
INSERT INTO PE_PE
	VALUES ("ba5eda7a-def5-0000-0000-000000000010",
	1,
	"00000000-0000-0000-0000-000000000000",
	"00000000-0000-0000-0000-000000000000",
	3);
INSERT INTO S_DT
	VALUES ("ba5eda7a-def5-0000-0000-000000000010",
	"00000000-0000-0000-0000-000000000000",
	'timestamp',
	'',
	'');
INSERT INTO S_UDT
	VALUES ("ba5eda7a-def5-0000-0000-000000000010",
	"ba5eda7a-def5-0000-0000-00000000000b",
	2);
