-- root-types-contained: SystemModel_c,PackageableElement_c,DataType_c,CoreDataType_c,UserDataType_c
-- BP 7.1 content: StreamData syschar: 3 persistence-version: 7.1.6

INSERT INTO S_SYS
	VALUES ("3d463964-4bcf-4179-bacf-5dc8bf1399e5",
	'Cribbage',
	1);
INSERT INTO EP_PKG
	VALUES ("9c7f394a-e5c6-422d-b287-883a4f4fff64",
	"3d463964-4bcf-4179-bacf-5dc8bf1399e5",
	"3d463964-4bcf-4179-bacf-5dc8bf1399e5",
	'types',
	'',
	0);
INSERT INTO PE_PE
	VALUES ("9ee8ef2c-8bd7-4335-be13-e43ea0555b5e",
	1,
	"9c7f394a-e5c6-422d-b287-883a4f4fff64",
	"00000000-0000-0000-0000-000000000000",
	3);
INSERT INTO S_DT
	VALUES ("9ee8ef2c-8bd7-4335-be13-e43ea0555b5e",
	"00000000-0000-0000-0000-000000000000",
	'MASLtype',
	'',
	'');
INSERT INTO S_UDT
	VALUES ("9ee8ef2c-8bd7-4335-be13-e43ea0555b5e",
	"ba5eda7a-def5-0000-0000-000000000004",
	0,
	'');
INSERT INTO PE_PE
	VALUES ("2e8c8e99-a8be-41e3-b5c5-d1998d555bdd",
	1,
	"9c7f394a-e5c6-422d-b287-883a4f4fff64",
	"00000000-0000-0000-0000-000000000000",
	3);
INSERT INTO S_DT
	VALUES ("2e8c8e99-a8be-41e3-b5c5-d1998d555bdd",
	"00000000-0000-0000-0000-000000000000",
	'instance',
	'',
	'');
INSERT INTO S_UDT
	VALUES ("2e8c8e99-a8be-41e3-b5c5-d1998d555bdd",
	"9ee8ef2c-8bd7-4335-be13-e43ea0555b5e",
	0,
	'');
INSERT INTO PE_PE
	VALUES ("782048e2-ce15-4f55-942d-2c2630f4ac24",
	1,
	"9c7f394a-e5c6-422d-b287-883a4f4fff64",
	"00000000-0000-0000-0000-000000000000",
	3);
INSERT INTO S_DT
	VALUES ("782048e2-ce15-4f55-942d-2c2630f4ac24",
	"00000000-0000-0000-0000-000000000000",
	'structure',
	'',
	'');
INSERT INTO S_UDT
	VALUES ("782048e2-ce15-4f55-942d-2c2630f4ac24",
	"9ee8ef2c-8bd7-4335-be13-e43ea0555b5e",
	0,
	'');
INSERT INTO PE_PE
	VALUES ("46fa0c5d-094f-42d6-acd3-3d49310d06db",
	1,
	"9c7f394a-e5c6-422d-b287-883a4f4fff64",
	"00000000-0000-0000-0000-000000000000",
	3);
INSERT INTO S_DT
	VALUES ("46fa0c5d-094f-42d6-acd3-3d49310d06db",
	"00000000-0000-0000-0000-000000000000",
	'enum',
	'',
	'');
INSERT INTO S_UDT
	VALUES ("46fa0c5d-094f-42d6-acd3-3d49310d06db",
	"9ee8ef2c-8bd7-4335-be13-e43ea0555b5e",
	0,
	'');
INSERT INTO PE_PE
	VALUES ("4936ea83-5509-490b-9e34-96605ecefe50",
	1,
	"9c7f394a-e5c6-422d-b287-883a4f4fff64",
	"00000000-0000-0000-0000-000000000000",
	3);
INSERT INTO S_DT
	VALUES ("4936ea83-5509-490b-9e34-96605ecefe50",
	"00000000-0000-0000-0000-000000000000",
	'device',
	'',
	'');
INSERT INTO S_UDT
	VALUES ("4936ea83-5509-490b-9e34-96605ecefe50",
	"9ee8ef2c-8bd7-4335-be13-e43ea0555b5e",
	0,
	'');
INSERT INTO PE_PE
	VALUES ("b651276e-497e-4794-95d0-c4eb39da152e",
	1,
	"9c7f394a-e5c6-422d-b287-883a4f4fff64",
	"00000000-0000-0000-0000-000000000000",
	3);
INSERT INTO S_DT
	VALUES ("b651276e-497e-4794-95d0-c4eb39da152e",
	"00000000-0000-0000-0000-000000000000",
	'event',
	'',
	'');
INSERT INTO S_UDT
	VALUES ("b651276e-497e-4794-95d0-c4eb39da152e",
	"ba5eda7a-def5-0000-0000-00000000000a",
	0,
	'');
INSERT INTO PE_PE
	VALUES ("ac285bf5-a08b-4792-b903-170aedfebefd",
	1,
	"9c7f394a-e5c6-422d-b287-883a4f4fff64",
	"00000000-0000-0000-0000-000000000000",
	3);
INSERT INTO S_DT
	VALUES ("ac285bf5-a08b-4792-b903-170aedfebefd",
	"00000000-0000-0000-0000-000000000000",
	'timer',
	'',
	'');
INSERT INTO S_UDT
	VALUES ("ac285bf5-a08b-4792-b903-170aedfebefd",
	"ba5eda7a-def5-0000-0000-00000000000f",
	0,
	'');
INSERT INTO PE_PE
	VALUES ("97b63d73-eb31-4d05-b11c-4ffe2a4ec4db",
	1,
	"9c7f394a-e5c6-422d-b287-883a4f4fff64",
	"00000000-0000-0000-0000-000000000000",
	3);
INSERT INTO S_DT
	VALUES ("97b63d73-eb31-4d05-b11c-4ffe2a4ec4db",
	"00000000-0000-0000-0000-000000000000",
	'timestamp',
	'',
	'');
INSERT INTO S_UDT
	VALUES ("97b63d73-eb31-4d05-b11c-4ffe2a4ec4db",
	"9ee8ef2c-8bd7-4335-be13-e43ea0555b5e",
	0,
	'');
INSERT INTO PE_PE
	VALUES ("292994b3-3399-4e34-b3f3-5951c85a54b4",
	1,
	"9c7f394a-e5c6-422d-b287-883a4f4fff64",
	"00000000-0000-0000-0000-000000000000",
	3);
INSERT INTO S_DT
	VALUES ("292994b3-3399-4e34-b3f3-5951c85a54b4",
	"00000000-0000-0000-0000-000000000000",
	'duration',
	'',
	'');
INSERT INTO S_UDT
	VALUES ("292994b3-3399-4e34-b3f3-5951c85a54b4",
	"ba5eda7a-def5-0000-0000-000000000002",
	0,
	'');
INSERT INTO PE_PE
	VALUES ("a3da2b5f-76af-4d64-9848-98061ab4ff66",
	1,
	"9c7f394a-e5c6-422d-b287-883a4f4fff64",
	"00000000-0000-0000-0000-000000000000",
	3);
INSERT INTO S_DT
	VALUES ("a3da2b5f-76af-4d64-9848-98061ab4ff66",
	"00000000-0000-0000-0000-000000000000",
	'date',
	'',
	'');
INSERT INTO S_UDT
	VALUES ("a3da2b5f-76af-4d64-9848-98061ab4ff66",
	"ba5eda7a-def5-0000-0000-00000000000e",
	0,
	'');
INSERT INTO PE_PE
	VALUES ("4d8e0c5f-76e0-409d-aee5-08e54daedfaa",
	1,
	"9c7f394a-e5c6-422d-b287-883a4f4fff64",
	"00000000-0000-0000-0000-000000000000",
	3);
INSERT INTO S_DT
	VALUES ("4d8e0c5f-76e0-409d-aee5-08e54daedfaa",
	"00000000-0000-0000-0000-000000000000",
	'wstring',
	'',
	'');
INSERT INTO S_UDT
	VALUES ("4d8e0c5f-76e0-409d-aee5-08e54daedfaa",
	"ba5eda7a-def5-0000-0000-000000000004",
	0,
	'');
INSERT INTO PE_PE
	VALUES ("cfed1375-fbe2-4457-a688-76cb83b7324c",
	1,
	"9c7f394a-e5c6-422d-b287-883a4f4fff64",
	"00000000-0000-0000-0000-000000000000",
	3);
INSERT INTO S_DT
	VALUES ("cfed1375-fbe2-4457-a688-76cb83b7324c",
	"00000000-0000-0000-0000-000000000000",
	'string',
	'',
	'');
INSERT INTO S_UDT
	VALUES ("cfed1375-fbe2-4457-a688-76cb83b7324c",
	"ba5eda7a-def5-0000-0000-000000000004",
	0,
	'');
INSERT INTO PE_PE
	VALUES ("2511c4a7-e4c5-459c-81a6-1b485594e421",
	1,
	"9c7f394a-e5c6-422d-b287-883a4f4fff64",
	"00000000-0000-0000-0000-000000000000",
	3);
INSERT INTO S_DT
	VALUES ("2511c4a7-e4c5-459c-81a6-1b485594e421",
	"00000000-0000-0000-0000-000000000000",
	'real',
	'',
	'');
INSERT INTO S_UDT
	VALUES ("2511c4a7-e4c5-459c-81a6-1b485594e421",
	"ba5eda7a-def5-0000-0000-000000000003",
	0,
	'');
INSERT INTO PE_PE
	VALUES ("89c3eb63-a393-4fda-bab0-dcbb61ba1688",
	1,
	"9c7f394a-e5c6-422d-b287-883a4f4fff64",
	"00000000-0000-0000-0000-000000000000",
	3);
INSERT INTO S_DT
	VALUES ("89c3eb63-a393-4fda-bab0-dcbb61ba1688",
	"00000000-0000-0000-0000-000000000000",
	'long_integer',
	'',
	'');
INSERT INTO S_UDT
	VALUES ("89c3eb63-a393-4fda-bab0-dcbb61ba1688",
	"ba5eda7a-def5-0000-0000-000000000002",
	0,
	'');
INSERT INTO PE_PE
	VALUES ("01c54809-2649-4b10-b4dc-064427d3d8f2",
	1,
	"9c7f394a-e5c6-422d-b287-883a4f4fff64",
	"00000000-0000-0000-0000-000000000000",
	3);
INSERT INTO S_DT
	VALUES ("01c54809-2649-4b10-b4dc-064427d3d8f2",
	"00000000-0000-0000-0000-000000000000",
	'byte',
	'',
	'');
INSERT INTO S_UDT
	VALUES ("01c54809-2649-4b10-b4dc-064427d3d8f2",
	"ba5eda7a-def5-0000-0000-000000000002",
	0,
	'');
INSERT INTO PE_PE
	VALUES ("011c1f55-42bd-4a23-be2a-9126f9f6cc53",
	1,
	"9c7f394a-e5c6-422d-b287-883a4f4fff64",
	"00000000-0000-0000-0000-000000000000",
	3);
INSERT INTO S_DT
	VALUES ("011c1f55-42bd-4a23-be2a-9126f9f6cc53",
	"00000000-0000-0000-0000-000000000000",
	'wcharacter',
	'',
	'');
INSERT INTO S_UDT
	VALUES ("011c1f55-42bd-4a23-be2a-9126f9f6cc53",
	"ba5eda7a-def5-0000-0000-000000000002",
	0,
	'');
INSERT INTO PE_PE
	VALUES ("7daf0853-d08a-467a-9208-cead5f0b9768",
	1,
	"9c7f394a-e5c6-422d-b287-883a4f4fff64",
	"00000000-0000-0000-0000-000000000000",
	3);
INSERT INTO S_DT
	VALUES ("7daf0853-d08a-467a-9208-cead5f0b9768",
	"00000000-0000-0000-0000-000000000000",
	'character',
	'',
	'');
INSERT INTO S_UDT
	VALUES ("7daf0853-d08a-467a-9208-cead5f0b9768",
	"ba5eda7a-def5-0000-0000-000000000002",
	0,
	'');
INSERT INTO PE_PE
	VALUES ("da7ef266-84ba-4410-8c46-8424c2ac5afa",
	1,
	"9c7f394a-e5c6-422d-b287-883a4f4fff64",
	"00000000-0000-0000-0000-000000000000",
	3);
INSERT INTO S_DT
	VALUES ("da7ef266-84ba-4410-8c46-8424c2ac5afa",
	"00000000-0000-0000-0000-000000000000",
	'integer',
	'',
	'');
INSERT INTO S_UDT
	VALUES ("da7ef266-84ba-4410-8c46-8424c2ac5afa",
	"ba5eda7a-def5-0000-0000-000000000002",
	0,
	'');
INSERT INTO PE_PE
	VALUES ("d2c85bc4-fadf-4d04-b7e0-09d717dbfef0",
	1,
	"9c7f394a-e5c6-422d-b287-883a4f4fff64",
	"00000000-0000-0000-0000-000000000000",
	3);
INSERT INTO S_DT
	VALUES ("d2c85bc4-fadf-4d04-b7e0-09d717dbfef0",
	"00000000-0000-0000-0000-000000000000",
	'boolean',
	'',
	'');
INSERT INTO S_UDT
	VALUES ("d2c85bc4-fadf-4d04-b7e0-09d717dbfef0",
	"ba5eda7a-def5-0000-0000-000000000001",
	0,
	'');
INSERT INTO PE_PE
	VALUES ("bb897975-78d9-477d-a6d5-35a9e3a4c8e1",
	1,
	"9c7f394a-e5c6-422d-b287-883a4f4fff64",
	"00000000-0000-0000-0000-000000000000",
	3);
INSERT INTO S_DT
	VALUES ("bb897975-78d9-477d-a6d5-35a9e3a4c8e1",
	"00000000-0000-0000-0000-000000000000",
	'void',
	'',
	'');
INSERT INTO S_UDT
	VALUES ("bb897975-78d9-477d-a6d5-35a9e3a4c8e1",
	"ba5eda7a-def5-0000-0000-000000000000",
	0,
	'');
INSERT INTO EP_PKG
	VALUES ("98bb2ebc-328f-41a4-a887-0bb7a17863e1",
	"3d463964-4bcf-4179-bacf-5dc8bf1399e5",
	"3d463964-4bcf-4179-bacf-5dc8bf1399e5",
	'Cribbage',
	'masl_project',
	0);
INSERT INTO PE_PE
	VALUES ("cdb45461-ad1d-445e-98ee-4abfc38d8b1c",
	1,
	"98bb2ebc-328f-41a4-a887-0bb7a17863e1",
	"00000000-0000-0000-0000-000000000000",
	2);
INSERT INTO C_C
	VALUES ("cdb45461-ad1d-445e-98ee-4abfc38d8b1c",
	"00000000-0000-0000-0000-000000000000",
	"00000000-0000-0000-0000-000000000000",
	'Cribbage',
	'',
	0,
	"00000000-0000-0000-0000-000000000000",
	0,
	'');
INSERT INTO C_PO
	VALUES ("203ca704-f64e-478e-86fc-64c2eed94f09",
	"cdb45461-ad1d-445e-98ee-4abfc38d8b1c",
	'Logic',
	0,
	0);
INSERT INTO C_IR
	VALUES ("17205ff1-38a5-49f7-be6e-60569903863a",
	"18f58219-223f-4532-9863-49215af9c62f",
	"00000000-0000-0000-0000-000000000000",
	"203ca704-f64e-478e-86fc-64c2eed94f09");
INSERT INTO C_R
	VALUES ("17205ff1-38a5-49f7-be6e-60569903863a",
	'Logic',
	'masl_formalize',
	'Logic',
	'Cribbage::Logic::Logic');
INSERT INTO SPR_REP
	VALUES ("fa517f81-dccb-4cdb-b7a1-98c96741848e",
	"ac599a94-bf91-4ff9-a981-389daac9287d",
	"17205ff1-38a5-49f7-be6e-60569903863a");
INSERT INTO SPR_RO
	VALUES ("fa517f81-dccb-4cdb-b7a1-98c96741848e",
	'nextPeggingPlay',
	'',
	'',
	1,
	0);
INSERT INTO SPR_REP
	VALUES ("11eaba56-f24e-4e5c-8984-2ad911d52453",
	"ca3f384c-2950-47bf-b619-fb977a4281a8",
	"17205ff1-38a5-49f7-be6e-60569903863a");
INSERT INTO SPR_RO
	VALUES ("11eaba56-f24e-4e5c-8984-2ad911d52453",
	'nextDiscard',
	'',
	'',
	1,
	0);
INSERT INTO C_PO
	VALUES ("4550de88-18ff-449b-8bf5-e5beee6188bd",
	"cdb45461-ad1d-445e-98ee-4abfc38d8b1c",
	'LogicGameControl',
	0,
	0);
INSERT INTO C_IR
	VALUES ("e8ae1733-3137-488f-b2a9-94509b188e44",
	"a2b570e8-3e9b-4c63-a892-03a6ebc82c48",
	"00000000-0000-0000-0000-000000000000",
	"4550de88-18ff-449b-8bf5-e5beee6188bd");
INSERT INTO C_P
	VALUES ("e8ae1733-3137-488f-b2a9-94509b188e44",
	'LogicGameControl',
	'LogicGameControl',
	'',
	'Cribbage::LogicGameControl::LogicGameControl');
INSERT INTO SPR_PEP
	VALUES ("cd5588c3-7ecf-464d-bf1e-e71d956b73a0",
	"2629d92b-433e-4040-b8d6-6b13a7198a98",
	"e8ae1733-3137-488f-b2a9-94509b188e44");
INSERT INTO SPR_PO
	VALUES ("cd5588c3-7ecf-464d-bf1e-e71d956b73a0",
	'play',
	'',
	'',
	3,
	1);
INSERT INTO C_PO
	VALUES ("bbec753e-0ebe-48d2-b0e1-164f22373d5e",
	"cdb45461-ad1d-445e-98ee-4abfc38d8b1c",
	'Game',
	0,
	0);
INSERT INTO C_IR
	VALUES ("4519f32e-e09f-4ea5-9b66-940cf83e58a2",
	"219c31c4-4ae8-4c20-837d-9794bc4960d1",
	"00000000-0000-0000-0000-000000000000",
	"bbec753e-0ebe-48d2-b0e1-164f22373d5e");
INSERT INTO C_R
	VALUES ("4519f32e-e09f-4ea5-9b66-940cf83e58a2",
	'Game',
	'masl_formalize',
	'Game',
	'Cribbage::Game::Game');
INSERT INTO SPR_REP
	VALUES ("f1a52047-498b-4657-a36a-ee616442be6d",
	"e799384d-a103-48bf-ab01-7d093568b1b4",
	"4519f32e-e09f-4ea5-9b66-940cf83e58a2");
INSERT INTO SPR_RO
	VALUES ("f1a52047-498b-4657-a36a-ee616442be6d",
	'play',
	'',
	'',
	1,
	0);
INSERT INTO C_PO
	VALUES ("adda8dd9-46c9-4d08-a6ac-f4442484349e",
	"cdb45461-ad1d-445e-98ee-4abfc38d8b1c",
	'GamePlayerLogic',
	0,
	0);
INSERT INTO C_IR
	VALUES ("81d1b441-31fd-4efc-bb7a-3e2b65a6b0fe",
	"eac8bb4a-3d45-4c2c-93d4-af2986870523",
	"00000000-0000-0000-0000-000000000000",
	"adda8dd9-46c9-4d08-a6ac-f4442484349e");
INSERT INTO C_P
	VALUES ("81d1b441-31fd-4efc-bb7a-3e2b65a6b0fe",
	'GamePlayerLogic',
	'GamePlayerLogic',
	'',
	'Cribbage::GamePlayerLogic::GamePlayerLogic');
INSERT INTO SPR_PEP
	VALUES ("e4393d00-8139-4ae8-b2b6-a826f9d44339",
	"4ed6b056-4ce8-45c5-b937-a37f1cca42e9",
	"81d1b441-31fd-4efc-bb7a-3e2b65a6b0fe");
INSERT INTO SPR_PO
	VALUES ("e4393d00-8139-4ae8-b2b6-a826f9d44339",
	'nextPeggingPlay',
	'',
	'',
	3,
	1);
INSERT INTO SPR_PEP
	VALUES ("2981c742-58f8-4246-838e-4af63606ff19",
	"723d6a8d-8261-40b7-a48f-3aa0071e2658",
	"81d1b441-31fd-4efc-bb7a-3e2b65a6b0fe");
INSERT INTO SPR_PO
	VALUES ("2981c742-58f8-4246-838e-4af63606ff19",
	'nextDiscard',
	'',
	'',
	3,
	1);
INSERT INTO PE_PE
	VALUES ("0cb5f6e6-eb14-49b8-a40b-7cc331f1c1d5",
	1,
	"00000000-0000-0000-0000-000000000000",
	"cdb45461-ad1d-445e-98ee-4abfc38d8b1c",
	7);
INSERT INTO EP_PKG
	VALUES ("0cb5f6e6-eb14-49b8-a40b-7cc331f1c1d5",
	"00000000-0000-0000-0000-000000000000",
	"3d463964-4bcf-4179-bacf-5dc8bf1399e5",
	'Cribbage',
	'',
	0);
INSERT INTO PE_PE
	VALUES ("006bad1f-98bb-4e11-a288-dfefaa3d0868",
	1,
	"98bb2ebc-328f-41a4-a887-0bb7a17863e1",
	"00000000-0000-0000-0000-000000000000",
	7);
INSERT INTO EP_PKG
	VALUES ("006bad1f-98bb-4e11-a288-dfefaa3d0868",
	"00000000-0000-0000-0000-000000000000",
	"3d463964-4bcf-4179-bacf-5dc8bf1399e5",
	'Shared',
	'',
	0);
INSERT INTO PE_PE
	VALUES ("63225204-78ec-4028-9da6-82e4b27daea4",
	1,
	"006bad1f-98bb-4e11-a288-dfefaa3d0868",
	"00000000-0000-0000-0000-000000000000",
	3);
INSERT INTO S_DT
	VALUES ("63225204-78ec-4028-9da6-82e4b27daea4",
	"00000000-0000-0000-0000-000000000000",
	'Game::CardType',
	'',
	'');
INSERT INTO S_UDT
	VALUES ("63225204-78ec-4028-9da6-82e4b27daea4",
	"9ee8ef2c-8bd7-4335-be13-e43ea0555b5e",
	0,
	'');
INSERT INTO PE_PE
	VALUES ("3cbe3bfb-f42f-4b14-b1c2-c39e5dead43e",
	1,
	"006bad1f-98bb-4e11-a288-dfefaa3d0868",
	"00000000-0000-0000-0000-000000000000",
	3);
INSERT INTO S_DT
	VALUES ("3cbe3bfb-f42f-4b14-b1c2-c39e5dead43e",
	"00000000-0000-0000-0000-000000000000",
	'sequence of CardType',
	'',
	'');
INSERT INTO S_UDT
	VALUES ("3cbe3bfb-f42f-4b14-b1c2-c39e5dead43e",
	"9ee8ef2c-8bd7-4335-be13-e43ea0555b5e",
	0,
	'');
INSERT INTO PE_PE
	VALUES ("aa4d04b5-85f0-48e2-b73e-09ad301cf8f7",
	1,
	"006bad1f-98bb-4e11-a288-dfefaa3d0868",
	"00000000-0000-0000-0000-000000000000",
	3);
INSERT INTO S_DT
	VALUES ("aa4d04b5-85f0-48e2-b73e-09ad301cf8f7",
	"00000000-0000-0000-0000-000000000000",
	'sequence of Game::CardType',
	'',
	'');
INSERT INTO S_UDT
	VALUES ("aa4d04b5-85f0-48e2-b73e-09ad301cf8f7",
	"9ee8ef2c-8bd7-4335-be13-e43ea0555b5e",
	0,
	'');
INSERT INTO PE_PE
	VALUES ("37340db8-b751-4ca1-a442-43f29e09c0be",
	1,
	"98bb2ebc-328f-41a4-a887-0bb7a17863e1",
	"00000000-0000-0000-0000-000000000000",
	21);
INSERT INTO CL_IC
	VALUES ("37340db8-b751-4ca1-a442-43f29e09c0be",
	"d9338bdb-5473-4f55-a9af-cc688f2e93c6",
	"00000000-0000-0000-0000-000000000000",
	"00000000-0000-0000-0000-000000000000",
	0,
	'',
	'Logic::Logic::Logic',
	'
');
INSERT INTO CL_POR
	VALUES ("37340db8-b751-4ca1-a442-43f29e09c0be",
	"16558673-3463-44b6-9c9d-d4f984fe381e",
	'Logic',
	"edf7299e-b9b1-4483-acba-9ea3f9d84f70");
INSERT INTO CL_IIR
	VALUES ("c8ad635b-4379-417b-b365-cd7282acde10",
	"081c3b72-f73a-4a11-af60-14117215392b",
	"edf7299e-b9b1-4483-acba-9ea3f9d84f70",
	"00000000-0000-0000-0000-000000000000",
	'Logic',
	'');
INSERT INTO CL_IP
	VALUES ("c8ad635b-4379-417b-b365-cd7282acde10",
	'Logic',
	'');
INSERT INTO CL_IPINS
	VALUES ("3bda91e2-3466-4054-aa04-9f8fee47a748",
	"c8ad635b-4379-417b-b365-cd7282acde10");
INSERT INTO CL_POR
	VALUES ("37340db8-b751-4ca1-a442-43f29e09c0be",
	"70dc7127-911a-43f9-bd32-61821416b8a0",
	'GameControl',
	"6a94ade3-0a2b-4aa2-8a25-4d3b6c7fc8bf");
INSERT INTO CL_IIR
	VALUES ("dffa4457-7391-4766-92d8-e6b73923a94c",
	"16334b71-8069-4828-a80d-2002a51f34d9",
	"6a94ade3-0a2b-4aa2-8a25-4d3b6c7fc8bf",
	"00000000-0000-0000-0000-000000000000",
	'LogicGameControl',
	'');
INSERT INTO CL_IR
	VALUES ("dffa4457-7391-4766-92d8-e6b73923a94c",
	"735de7cc-0305-4f4a-8c3a-54cb1c1d6181",
	'LogicGameControl',
	'');
INSERT INTO PE_PE
	VALUES ("278c72a5-2f20-478a-9c68-de5a42da40a7",
	1,
	"98bb2ebc-328f-41a4-a887-0bb7a17863e1",
	"00000000-0000-0000-0000-000000000000",
	21);
INSERT INTO CL_IC
	VALUES ("278c72a5-2f20-478a-9c68-de5a42da40a7",
	"3695b73f-386b-46cf-8350-2d1e248946b4",
	"00000000-0000-0000-0000-000000000000",
	"00000000-0000-0000-0000-000000000000",
	0,
	'',
	'Game::Game::Game',
	'
');
INSERT INTO CL_POR
	VALUES ("278c72a5-2f20-478a-9c68-de5a42da40a7",
	"8a2d98f7-780f-4284-b96b-2fb309fbc721",
	'Game',
	"d5b85d7f-d149-4301-b091-d45914ee4309");
INSERT INTO CL_IIR
	VALUES ("276c0bcd-73dc-4cb4-92c8-6832ab47be50",
	"083b2b3c-4330-4c71-8853-6c00eef1d5c7",
	"d5b85d7f-d149-4301-b091-d45914ee4309",
	"00000000-0000-0000-0000-000000000000",
	'Game',
	'');
INSERT INTO CL_IP
	VALUES ("276c0bcd-73dc-4cb4-92c8-6832ab47be50",
	'Game',
	'');
INSERT INTO CL_IPINS
	VALUES ("b82036e2-8e3a-4bc8-b32b-172f0c7e044a",
	"276c0bcd-73dc-4cb4-92c8-6832ab47be50");
INSERT INTO CL_POR
	VALUES ("278c72a5-2f20-478a-9c68-de5a42da40a7",
	"9f576b11-bf7d-4363-8b70-b260af09b19b",
	'PlayerLogic',
	"61c3d0a8-ecae-4fcf-a8f0-2f0207a65bf5");
INSERT INTO CL_IIR
	VALUES ("b15cf801-0148-4b08-b415-5b81201d54bb",
	"f21b53f0-015c-4ee0-ac51-4e69088f589a",
	"61c3d0a8-ecae-4fcf-a8f0-2f0207a65bf5",
	"00000000-0000-0000-0000-000000000000",
	'GamePlayerLogic',
	'');
INSERT INTO CL_IR
	VALUES ("b15cf801-0148-4b08-b415-5b81201d54bb",
	"c6bb7ed4-052d-4111-8c15-c3d2a6af2b6e",
	'GamePlayerLogic',
	'');
INSERT INTO PE_PE
	VALUES ("3bda91e2-3466-4054-aa04-9f8fee47a748",
	1,
	"98bb2ebc-328f-41a4-a887-0bb7a17863e1",
	"00000000-0000-0000-0000-000000000000",
	22);
INSERT INTO C_SF
	VALUES ("3bda91e2-3466-4054-aa04-9f8fee47a748",
	"17205ff1-38a5-49f7-be6e-60569903863a",
	"081c3b72-f73a-4a11-af60-14117215392b",
	'',
	'Logic::Logic::Logic -o)- Cribbage::Logic::Logic');
INSERT INTO PE_PE
	VALUES ("735de7cc-0305-4f4a-8c3a-54cb1c1d6181",
	1,
	"98bb2ebc-328f-41a4-a887-0bb7a17863e1",
	"00000000-0000-0000-0000-000000000000",
	22);
INSERT INTO C_SF
	VALUES ("735de7cc-0305-4f4a-8c3a-54cb1c1d6181",
	"16334b71-8069-4828-a80d-2002a51f34d9",
	"e8ae1733-3137-488f-b2a9-94509b188e44",
	'',
	'Cribbage::LogicGameControl::LogicGameControl -o)- Logic::GameControl::LogicGameControl');
INSERT INTO PE_PE
	VALUES ("b82036e2-8e3a-4bc8-b32b-172f0c7e044a",
	1,
	"98bb2ebc-328f-41a4-a887-0bb7a17863e1",
	"00000000-0000-0000-0000-000000000000",
	22);
INSERT INTO C_SF
	VALUES ("b82036e2-8e3a-4bc8-b32b-172f0c7e044a",
	"4519f32e-e09f-4ea5-9b66-940cf83e58a2",
	"083b2b3c-4330-4c71-8853-6c00eef1d5c7",
	'',
	'Game::Game::Game -o)- Cribbage::Game::Game');
INSERT INTO PE_PE
	VALUES ("c6bb7ed4-052d-4111-8c15-c3d2a6af2b6e",
	1,
	"98bb2ebc-328f-41a4-a887-0bb7a17863e1",
	"00000000-0000-0000-0000-000000000000",
	22);
INSERT INTO C_SF
	VALUES ("c6bb7ed4-052d-4111-8c15-c3d2a6af2b6e",
	"f21b53f0-015c-4ee0-ac51-4e69088f589a",
	"81d1b441-31fd-4efc-bb7a-3e2b65a6b0fe",
	'',
	'Cribbage::GamePlayerLogic::GamePlayerLogic -o)- Game::PlayerLogic::GamePlayerLogic');
INSERT INTO PE_PE
	VALUES ("ba5eda7a-def5-0000-0000-000000000000",
	1,
	"00000000-0000-0000-0000-000000000000",
	"00000000-0000-0000-0000-000000000000",
	3);
INSERT INTO S_DT
	VALUES ("ba5eda7a-def5-0000-0000-000000000000",
	"00000000-0000-0000-0000-000000000000",
	'void',
	'',
	'');
INSERT INTO S_CDT
	VALUES ("ba5eda7a-def5-0000-0000-000000000000",
	0);
INSERT INTO PE_PE
	VALUES ("ba5eda7a-def5-0000-0000-000000000001",
	1,
	"00000000-0000-0000-0000-000000000000",
	"00000000-0000-0000-0000-000000000000",
	3);
INSERT INTO S_DT
	VALUES ("ba5eda7a-def5-0000-0000-000000000001",
	"00000000-0000-0000-0000-000000000000",
	'boolean',
	'',
	'');
INSERT INTO S_CDT
	VALUES ("ba5eda7a-def5-0000-0000-000000000001",
	1);
INSERT INTO PE_PE
	VALUES ("ba5eda7a-def5-0000-0000-000000000002",
	1,
	"00000000-0000-0000-0000-000000000000",
	"00000000-0000-0000-0000-000000000000",
	3);
INSERT INTO S_DT
	VALUES ("ba5eda7a-def5-0000-0000-000000000002",
	"00000000-0000-0000-0000-000000000000",
	'integer',
	'',
	'');
INSERT INTO S_CDT
	VALUES ("ba5eda7a-def5-0000-0000-000000000002",
	2);
INSERT INTO PE_PE
	VALUES ("ba5eda7a-def5-0000-0000-000000000003",
	1,
	"00000000-0000-0000-0000-000000000000",
	"00000000-0000-0000-0000-000000000000",
	3);
INSERT INTO S_DT
	VALUES ("ba5eda7a-def5-0000-0000-000000000003",
	"00000000-0000-0000-0000-000000000000",
	'real',
	'',
	'');
INSERT INTO S_CDT
	VALUES ("ba5eda7a-def5-0000-0000-000000000003",
	3);
INSERT INTO PE_PE
	VALUES ("ba5eda7a-def5-0000-0000-000000000004",
	1,
	"00000000-0000-0000-0000-000000000000",
	"00000000-0000-0000-0000-000000000000",
	3);
INSERT INTO S_DT
	VALUES ("ba5eda7a-def5-0000-0000-000000000004",
	"00000000-0000-0000-0000-000000000000",
	'string',
	'',
	'');
INSERT INTO S_CDT
	VALUES ("ba5eda7a-def5-0000-0000-000000000004",
	4);
INSERT INTO PE_PE
	VALUES ("ba5eda7a-def5-0000-0000-000000000005",
	1,
	"00000000-0000-0000-0000-000000000000",
	"00000000-0000-0000-0000-000000000000",
	3);
INSERT INTO S_DT
	VALUES ("ba5eda7a-def5-0000-0000-000000000005",
	"00000000-0000-0000-0000-000000000000",
	'unique_id',
	'',
	'');
INSERT INTO S_CDT
	VALUES ("ba5eda7a-def5-0000-0000-000000000005",
	5);
INSERT INTO PE_PE
	VALUES ("ba5eda7a-def5-0000-0000-000000000006",
	1,
	"00000000-0000-0000-0000-000000000000",
	"00000000-0000-0000-0000-000000000000",
	3);
INSERT INTO S_DT
	VALUES ("ba5eda7a-def5-0000-0000-000000000006",
	"00000000-0000-0000-0000-000000000000",
	'state<State_Model>',
	'',
	'');
INSERT INTO S_CDT
	VALUES ("ba5eda7a-def5-0000-0000-000000000006",
	6);
INSERT INTO PE_PE
	VALUES ("ba5eda7a-def5-0000-0000-000000000007",
	1,
	"00000000-0000-0000-0000-000000000000",
	"00000000-0000-0000-0000-000000000000",
	3);
INSERT INTO S_DT
	VALUES ("ba5eda7a-def5-0000-0000-000000000007",
	"00000000-0000-0000-0000-000000000000",
	'same_as<Base_Attribute>',
	'',
	'');
INSERT INTO S_CDT
	VALUES ("ba5eda7a-def5-0000-0000-000000000007",
	7);
INSERT INTO PE_PE
	VALUES ("ba5eda7a-def5-0000-0000-000000000008",
	1,
	"00000000-0000-0000-0000-000000000000",
	"00000000-0000-0000-0000-000000000000",
	3);
INSERT INTO S_DT
	VALUES ("ba5eda7a-def5-0000-0000-000000000008",
	"00000000-0000-0000-0000-000000000000",
	'inst_ref<Object>',
	'',
	'');
INSERT INTO S_CDT
	VALUES ("ba5eda7a-def5-0000-0000-000000000008",
	8);
INSERT INTO PE_PE
	VALUES ("ba5eda7a-def5-0000-0000-000000000009",
	1,
	"00000000-0000-0000-0000-000000000000",
	"00000000-0000-0000-0000-000000000000",
	3);
INSERT INTO S_DT
	VALUES ("ba5eda7a-def5-0000-0000-000000000009",
	"00000000-0000-0000-0000-000000000000",
	'inst_ref_set<Object>',
	'',
	'');
INSERT INTO S_CDT
	VALUES ("ba5eda7a-def5-0000-0000-000000000009",
	9);
INSERT INTO PE_PE
	VALUES ("ba5eda7a-def5-0000-0000-00000000000a",
	1,
	"00000000-0000-0000-0000-000000000000",
	"00000000-0000-0000-0000-000000000000",
	3);
INSERT INTO S_DT
	VALUES ("ba5eda7a-def5-0000-0000-00000000000a",
	"00000000-0000-0000-0000-000000000000",
	'inst<Event>',
	'',
	'');
INSERT INTO S_CDT
	VALUES ("ba5eda7a-def5-0000-0000-00000000000a",
	10);
INSERT INTO PE_PE
	VALUES ("ba5eda7a-def5-0000-0000-00000000000b",
	1,
	"00000000-0000-0000-0000-000000000000",
	"00000000-0000-0000-0000-000000000000",
	3);
INSERT INTO S_DT
	VALUES ("ba5eda7a-def5-0000-0000-00000000000b",
	"00000000-0000-0000-0000-000000000000",
	'inst<Mapping>',
	'',
	'');
INSERT INTO S_CDT
	VALUES ("ba5eda7a-def5-0000-0000-00000000000b",
	11);
INSERT INTO PE_PE
	VALUES ("ba5eda7a-def5-0000-0000-00000000000c",
	1,
	"00000000-0000-0000-0000-000000000000",
	"00000000-0000-0000-0000-000000000000",
	3);
INSERT INTO S_DT
	VALUES ("ba5eda7a-def5-0000-0000-00000000000c",
	"00000000-0000-0000-0000-000000000000",
	'inst_ref<Mapping>',
	'',
	'');
INSERT INTO S_CDT
	VALUES ("ba5eda7a-def5-0000-0000-00000000000c",
	12);
INSERT INTO PE_PE
	VALUES ("ba5eda7a-def5-0000-0000-00000000000d",
	1,
	"00000000-0000-0000-0000-000000000000",
	"00000000-0000-0000-0000-000000000000",
	3);
INSERT INTO S_DT
	VALUES ("ba5eda7a-def5-0000-0000-00000000000d",
	"00000000-0000-0000-0000-000000000000",
	'component_ref',
	'',
	'');
INSERT INTO S_CDT
	VALUES ("ba5eda7a-def5-0000-0000-00000000000d",
	13);
INSERT INTO PE_PE
	VALUES ("ba5eda7a-def5-0000-0000-00000000000e",
	1,
	"00000000-0000-0000-0000-000000000000",
	"00000000-0000-0000-0000-000000000000",
	3);
INSERT INTO S_DT
	VALUES ("ba5eda7a-def5-0000-0000-00000000000e",
	"00000000-0000-0000-0000-000000000000",
	'date',
	'',
	'');
INSERT INTO S_UDT
	VALUES ("ba5eda7a-def5-0000-0000-00000000000e",
	"ba5eda7a-def5-0000-0000-00000000000b",
	1,
	'');
INSERT INTO PE_PE
	VALUES ("ba5eda7a-def5-0000-0000-00000000000f",
	1,
	"00000000-0000-0000-0000-000000000000",
	"00000000-0000-0000-0000-000000000000",
	3);
INSERT INTO S_DT
	VALUES ("ba5eda7a-def5-0000-0000-00000000000f",
	"00000000-0000-0000-0000-000000000000",
	'inst_ref<Timer>',
	'',
	'');
INSERT INTO S_UDT
	VALUES ("ba5eda7a-def5-0000-0000-00000000000f",
	"ba5eda7a-def5-0000-0000-00000000000c",
	3,
	'');
INSERT INTO PE_PE
	VALUES ("ba5eda7a-def5-0000-0000-000000000010",
	1,
	"00000000-0000-0000-0000-000000000000",
	"00000000-0000-0000-0000-000000000000",
	3);
INSERT INTO S_DT
	VALUES ("ba5eda7a-def5-0000-0000-000000000010",
	"00000000-0000-0000-0000-000000000000",
	'timestamp',
	'',
	'');
INSERT INTO S_UDT
	VALUES ("ba5eda7a-def5-0000-0000-000000000010",
	"ba5eda7a-def5-0000-0000-00000000000b",
	2,
	'');
INSERT INTO C_EP_PROXY
	VALUES ("ac599a94-bf91-4ff9-a981-389daac9287d",
	"18f58219-223f-4532-9863-49215af9c62f",
	0,
	'nextPeggingPlay',
	'',
	'../../../Logic/models/Logic/Logic/Shared/Logic/Logic.xtuml');
INSERT INTO C_EP_PROXY
	VALUES ("ca3f384c-2950-47bf-b619-fb977a4281a8",
	"18f58219-223f-4532-9863-49215af9c62f",
	0,
	'nextDiscard',
	'',
	'../../../Logic/models/Logic/Logic/Shared/Logic/Logic.xtuml');
INSERT INTO C_I_PROXY
	VALUES ("18f58219-223f-4532-9863-49215af9c62f",
	"00000000-0000-0000-0000-000000000000",
	'Logic',
	'',
	'../../../Logic/models/Logic/Logic/Shared/Logic/Logic.xtuml');
INSERT INTO C_EP_PROXY
	VALUES ("2629d92b-433e-4040-b8d6-6b13a7198a98",
	"a2b570e8-3e9b-4c63-a892-03a6ebc82c48",
	0,
	'play',
	'',
	'../../../Logic/models/Logic/Logic/Shared/LogicGameControl/LogicGameControl.xtuml');
INSERT INTO C_I_PROXY
	VALUES ("a2b570e8-3e9b-4c63-a892-03a6ebc82c48",
	"00000000-0000-0000-0000-000000000000",
	'LogicGameControl',
	'',
	'../../../Logic/models/Logic/Logic/Shared/LogicGameControl/LogicGameControl.xtuml');
INSERT INTO C_EP_PROXY
	VALUES ("e799384d-a103-48bf-ab01-7d093568b1b4",
	"219c31c4-4ae8-4c20-837d-9794bc4960d1",
	0,
	'play',
	'',
	'../../../Game/models/Game/Game/Shared/Game/Game.xtuml');
INSERT INTO C_I_PROXY
	VALUES ("219c31c4-4ae8-4c20-837d-9794bc4960d1",
	"00000000-0000-0000-0000-000000000000",
	'Game',
	'',
	'../../../Game/models/Game/Game/Shared/Game/Game.xtuml');
INSERT INTO C_EP_PROXY
	VALUES ("4ed6b056-4ce8-45c5-b937-a37f1cca42e9",
	"eac8bb4a-3d45-4c2c-93d4-af2986870523",
	0,
	'nextPeggingPlay',
	'',
	'../../../Game/models/Game/Game/Shared/GamePlayerLogic/GamePlayerLogic.xtuml');
INSERT INTO C_EP_PROXY
	VALUES ("723d6a8d-8261-40b7-a48f-3aa0071e2658",
	"eac8bb4a-3d45-4c2c-93d4-af2986870523",
	0,
	'nextDiscard',
	'',
	'../../../Game/models/Game/Game/Shared/GamePlayerLogic/GamePlayerLogic.xtuml');
INSERT INTO C_I_PROXY
	VALUES ("eac8bb4a-3d45-4c2c-93d4-af2986870523",
	"00000000-0000-0000-0000-000000000000",
	'GamePlayerLogic',
	'',
	'../../../Game/models/Game/Game/Shared/GamePlayerLogic/GamePlayerLogic.xtuml');
INSERT INTO C_IR_PROXY
	VALUES ("081c3b72-f73a-4a11-af60-14117215392b",
	"18f58219-223f-4532-9863-49215af9c62f",
	"00000000-0000-0000-0000-000000000000",
	"16558673-3463-44b6-9c9d-d4f984fe381e",
	'../../../Logic/models/Logic/Logic/Logic/Logic.xtuml');
INSERT INTO C_P_PROXY
	VALUES ("081c3b72-f73a-4a11-af60-14117215392b",
	'Logic',
	'Unnamed_Interface',
	'',
	'Logic::Logic::Logic',
	'../../../Logic/models/Logic/Logic/Logic/Logic.xtuml');
INSERT INTO SPR_PEP_PROXY
	VALUES ("f7342a63-e172-44f3-97f6-d78cbc1dbf4e",
	"ac599a94-bf91-4ff9-a981-389daac9287d",
	"081c3b72-f73a-4a11-af60-14117215392b",
	'../../../Logic/models/Logic/Logic/Logic/Logic.xtuml');
INSERT INTO SPR_PO_PROXY
	VALUES ("f7342a63-e172-44f3-97f6-d78cbc1dbf4e",
	'nextPeggingPlay',
	'',
	'',
	3,
	0,
	'../../../Logic/models/Logic/Logic/Logic/Logic.xtuml');
INSERT INTO SPR_PEP_PROXY
	VALUES ("585b2514-4dfb-4162-a63c-fca6410318da",
	"ca3f384c-2950-47bf-b619-fb977a4281a8",
	"081c3b72-f73a-4a11-af60-14117215392b",
	'../../../Logic/models/Logic/Logic/Logic/Logic.xtuml');
INSERT INTO SPR_PO_PROXY
	VALUES ("585b2514-4dfb-4162-a63c-fca6410318da",
	'nextDiscard',
	'',
	'',
	3,
	0,
	'../../../Logic/models/Logic/Logic/Logic/Logic.xtuml');
INSERT INTO C_PO_PROXY
	VALUES ("16558673-3463-44b6-9c9d-d4f984fe381e",
	"d9338bdb-5473-4f55-a9af-cc688f2e93c6",
	'Logic',
	0,
	0,
	'../../../Logic/models/Logic/Logic/Logic/Logic.xtuml');
INSERT INTO C_IO_PROXY
	VALUES ("ac599a94-bf91-4ff9-a981-389daac9287d",
	"c17def56-5d3e-42b1-b7d3-272c860d4ae9",
	'nextPeggingPlay',
	'',
	0,
	'',
	"00000000-0000-0000-0000-000000000000",
	'../../../Logic/models/Logic/Logic/Shared/Logic/Logic.xtuml');
INSERT INTO S_DT_PROXY
	VALUES ("c17def56-5d3e-42b1-b7d3-272c860d4ae9",
	"00000000-0000-0000-0000-000000000000",
	'void',
	'',
	'',
	'../../../Logic/models/Logic/types/types.xtuml');
INSERT INTO C_PP_PROXY
	VALUES ("66dbdf80-cd2a-4b77-8768-ce56e71b7d83",
	"ac599a94-bf91-4ff9-a981-389daac9287d",
	"58d06cac-c7e0-4d58-b195-fc9851cc0720",
	'cards',
	'',
	0,
	'',
	"00000000-0000-0000-0000-000000000000",
	'../../../Logic/models/Logic/Logic/Shared/Logic/Logic.xtuml');
INSERT INTO S_DT_PROXY
	VALUES ("58d06cac-c7e0-4d58-b195-fc9851cc0720",
	"00000000-0000-0000-0000-000000000000",
	'sequence of Game::CardType',
	'',
	'',
	'../../../Logic/models/Logic/Logic/Shared/Shared.xtuml');
INSERT INTO C_PP_PROXY
	VALUES ("9d13b9a3-c2be-45ff-b55d-d3ed8e00d89c",
	"ac599a94-bf91-4ff9-a981-389daac9287d",
	"58d06cac-c7e0-4d58-b195-fc9851cc0720",
	'pile_cards',
	'',
	0,
	'',
	"66dbdf80-cd2a-4b77-8768-ce56e71b7d83",
	'../../../Logic/models/Logic/Logic/Shared/Logic/Logic.xtuml');
INSERT INTO C_IO_PROXY
	VALUES ("ca3f384c-2950-47bf-b619-fb977a4281a8",
	"c17def56-5d3e-42b1-b7d3-272c860d4ae9",
	'nextDiscard',
	'',
	0,
	'',
	"ac599a94-bf91-4ff9-a981-389daac9287d",
	'../../../Logic/models/Logic/Logic/Shared/Logic/Logic.xtuml');
INSERT INTO C_PP_PROXY
	VALUES ("633c06ef-07f2-4f5d-ae4f-01c92ce81f1e",
	"ca3f384c-2950-47bf-b619-fb977a4281a8",
	"58d06cac-c7e0-4d58-b195-fc9851cc0720",
	'cards',
	'',
	0,
	'',
	"00000000-0000-0000-0000-000000000000",
	'../../../Logic/models/Logic/Logic/Shared/Logic/Logic.xtuml');
INSERT INTO C_PP_PROXY
	VALUES ("34b99369-cf69-4cb5-a986-1eb66d3d16d4",
	"ca3f384c-2950-47bf-b619-fb977a4281a8",
	"5a08567a-fa40-4228-a904-8bb10716c61d",
	'my_crib',
	'',
	0,
	'',
	"633c06ef-07f2-4f5d-ae4f-01c92ce81f1e",
	'../../../Logic/models/Logic/Logic/Shared/Logic/Logic.xtuml');
INSERT INTO S_DT_PROXY
	VALUES ("5a08567a-fa40-4228-a904-8bb10716c61d",
	"00000000-0000-0000-0000-000000000000",
	'boolean',
	'',
	'',
	'../../../Logic/models/Logic/types/types.xtuml');
INSERT INTO C_C_PROXY
	VALUES ("d9338bdb-5473-4f55-a9af-cc688f2e93c6",
	"00000000-0000-0000-0000-000000000000",
	"00000000-0000-0000-0000-000000000000",
	'Logic',
	'',
	0,
	"00000000-0000-0000-0000-000000000000",
	0,
	'',
	'../../../Logic/models/Logic/Logic/Logic/Logic.xtuml');
INSERT INTO PE_PE_PROXY
	VALUES ("d9338bdb-5473-4f55-a9af-cc688f2e93c6",
	1,
	"55112c53-1782-4846-a796-d8e7ebaf2e7f",
	"00000000-0000-0000-0000-000000000000",
	2,
	'../../../Logic/models/Logic/Logic/Logic/Logic.xtuml');
INSERT INTO C_IR_PROXY
	VALUES ("16334b71-8069-4828-a80d-2002a51f34d9",
	"a2b570e8-3e9b-4c63-a892-03a6ebc82c48",
	"00000000-0000-0000-0000-000000000000",
	"70dc7127-911a-43f9-bd32-61821416b8a0",
	'../../../Logic/models/Logic/Logic/Logic/Logic.xtuml');
INSERT INTO C_R_PROXY
	VALUES ("16334b71-8069-4828-a80d-2002a51f34d9",
	'LogicGameControl',
	'',
	'Unnamed_Interface',
	'Logic::GameControl::LogicGameControl',
	'../../../Logic/models/Logic/Logic/Logic/Logic.xtuml');
INSERT INTO SPR_REP_PROXY
	VALUES ("4b0fd2cd-68dc-4607-a5b9-58f801515680",
	"2629d92b-433e-4040-b8d6-6b13a7198a98",
	"16334b71-8069-4828-a80d-2002a51f34d9",
	'../../../Logic/models/Logic/Logic/Logic/Logic.xtuml');
INSERT INTO SPR_RO_PROXY
	VALUES ("4b0fd2cd-68dc-4607-a5b9-58f801515680",
	'play',
	'',
	'',
	3,
	1,
	'../../../Logic/models/Logic/Logic/Logic/Logic.xtuml');
INSERT INTO C_PO_PROXY
	VALUES ("70dc7127-911a-43f9-bd32-61821416b8a0",
	"d9338bdb-5473-4f55-a9af-cc688f2e93c6",
	'GameControl',
	0,
	0,
	'../../../Logic/models/Logic/Logic/Logic/Logic.xtuml');
INSERT INTO C_IO_PROXY
	VALUES ("2629d92b-433e-4040-b8d6-6b13a7198a98",
	"c17def56-5d3e-42b1-b7d3-272c860d4ae9",
	'play',
	'',
	0,
	'',
	"00000000-0000-0000-0000-000000000000",
	'../../../Logic/models/Logic/Logic/Shared/LogicGameControl/LogicGameControl.xtuml');
INSERT INTO C_PP_PROXY
	VALUES ("ff726326-6f68-4f83-a06a-9879e8e1d594",
	"2629d92b-433e-4040-b8d6-6b13a7198a98",
	"89781d37-802d-4154-ab8d-e8d37b2ae361",
	'card',
	'',
	0,
	'',
	"00000000-0000-0000-0000-000000000000",
	'../../../Logic/models/Logic/Logic/Shared/LogicGameControl/LogicGameControl.xtuml');
INSERT INTO S_DT_PROXY
	VALUES ("89781d37-802d-4154-ab8d-e8d37b2ae361",
	"00000000-0000-0000-0000-000000000000",
	'Game::CardType',
	'',
	'',
	'../../../Logic/models/Logic/Logic/Shared/Shared.xtuml');
INSERT INTO C_IR_PROXY
	VALUES ("083b2b3c-4330-4c71-8853-6c00eef1d5c7",
	"219c31c4-4ae8-4c20-837d-9794bc4960d1",
	"00000000-0000-0000-0000-000000000000",
	"8a2d98f7-780f-4284-b96b-2fb309fbc721",
	'../../../Game/models/Game/Game/Game/Game.xtuml');
INSERT INTO C_P_PROXY
	VALUES ("083b2b3c-4330-4c71-8853-6c00eef1d5c7",
	'Game',
	'Unnamed_Interface',
	'',
	'Game::Game::Game',
	'../../../Game/models/Game/Game/Game/Game.xtuml');
INSERT INTO SPR_PEP_PROXY
	VALUES ("a14d0d90-8e52-4657-b4b3-c4a0500282e5",
	"e799384d-a103-48bf-ab01-7d093568b1b4",
	"083b2b3c-4330-4c71-8853-6c00eef1d5c7",
	'../../../Game/models/Game/Game/Game/Game.xtuml');
INSERT INTO SPR_PO_PROXY
	VALUES ("a14d0d90-8e52-4657-b4b3-c4a0500282e5",
	'play',
	'',
	'',
	3,
	0,
	'../../../Game/models/Game/Game/Game/Game.xtuml');
INSERT INTO C_PO_PROXY
	VALUES ("8a2d98f7-780f-4284-b96b-2fb309fbc721",
	"3695b73f-386b-46cf-8350-2d1e248946b4",
	'Game',
	0,
	0,
	'../../../Game/models/Game/Game/Game/Game.xtuml');
INSERT INTO C_IO_PROXY
	VALUES ("e799384d-a103-48bf-ab01-7d093568b1b4",
	"80d88408-21ae-4588-b36f-119a99eb4a88",
	'play',
	'',
	0,
	'',
	"00000000-0000-0000-0000-000000000000",
	'../../../Game/models/Game/Game/Shared/Game/Game.xtuml');
INSERT INTO S_DT_PROXY
	VALUES ("80d88408-21ae-4588-b36f-119a99eb4a88",
	"00000000-0000-0000-0000-000000000000",
	'void',
	'',
	'',
	'../../../Game/models/Game/types/types.xtuml');
INSERT INTO C_PP_PROXY
	VALUES ("f8bae1dd-b570-4dcc-84d8-220c336387d9",
	"e799384d-a103-48bf-ab01-7d093568b1b4",
	"3dba6f2f-4b41-4076-a530-ede67aba03b2",
	'card',
	'',
	0,
	'',
	"00000000-0000-0000-0000-000000000000",
	'../../../Game/models/Game/Game/Shared/Game/Game.xtuml');
INSERT INTO S_DT_PROXY
	VALUES ("3dba6f2f-4b41-4076-a530-ede67aba03b2",
	"00000000-0000-0000-0000-000000000000",
	'CardType',
	'',
	'',
	'../../../Game/models/Game/Game/Shared/Shared.xtuml');
INSERT INTO C_C_PROXY
	VALUES ("3695b73f-386b-46cf-8350-2d1e248946b4",
	"00000000-0000-0000-0000-000000000000",
	"00000000-0000-0000-0000-000000000000",
	'Game',
	'',
	0,
	"00000000-0000-0000-0000-000000000000",
	0,
	'',
	'../../../Game/models/Game/Game/Game/Game.xtuml');
INSERT INTO PE_PE_PROXY
	VALUES ("3695b73f-386b-46cf-8350-2d1e248946b4",
	1,
	"760678ed-52e3-4bbb-8a87-b9bffb70f8ee",
	"00000000-0000-0000-0000-000000000000",
	2,
	'../../../Game/models/Game/Game/Game/Game.xtuml');
INSERT INTO C_IR_PROXY
	VALUES ("f21b53f0-015c-4ee0-ac51-4e69088f589a",
	"eac8bb4a-3d45-4c2c-93d4-af2986870523",
	"00000000-0000-0000-0000-000000000000",
	"9f576b11-bf7d-4363-8b70-b260af09b19b",
	'../../../Game/models/Game/Game/Game/Game.xtuml');
INSERT INTO C_R_PROXY
	VALUES ("f21b53f0-015c-4ee0-ac51-4e69088f589a",
	'GamePlayerLogic',
	'',
	'Unnamed_Interface',
	'Game::PlayerLogic::GamePlayerLogic',
	'../../../Game/models/Game/Game/Game/Game.xtuml');
INSERT INTO SPR_REP_PROXY
	VALUES ("2f261c86-b935-4050-9a98-b0b13ebaacda",
	"4ed6b056-4ce8-45c5-b937-a37f1cca42e9",
	"f21b53f0-015c-4ee0-ac51-4e69088f589a",
	'../../../Game/models/Game/Game/Game/Game.xtuml');
INSERT INTO SPR_RO_PROXY
	VALUES ("2f261c86-b935-4050-9a98-b0b13ebaacda",
	'nextPeggingPlay',
	'',
	'begin
  null;
end',
	3,
	1,
	'../../../Game/models/Game/Game/Game/Game.xtuml');
INSERT INTO SPR_REP_PROXY
	VALUES ("2025e848-ac1e-4abc-9769-0054e0b46bb8",
	"723d6a8d-8261-40b7-a48f-3aa0071e2658",
	"f21b53f0-015c-4ee0-ac51-4e69088f589a",
	'../../../Game/models/Game/Game/Game/Game.xtuml');
INSERT INTO SPR_RO_PROXY
	VALUES ("2025e848-ac1e-4abc-9769-0054e0b46bb8",
	'nextDiscard',
	'',
	'begin
  null;
end',
	3,
	1,
	'../../../Game/models/Game/Game/Game/Game.xtuml');
INSERT INTO C_PO_PROXY
	VALUES ("9f576b11-bf7d-4363-8b70-b260af09b19b",
	"3695b73f-386b-46cf-8350-2d1e248946b4",
	'PlayerLogic',
	0,
	0,
	'../../../Game/models/Game/Game/Game/Game.xtuml');
INSERT INTO C_IO_PROXY
	VALUES ("4ed6b056-4ce8-45c5-b937-a37f1cca42e9",
	"80d88408-21ae-4588-b36f-119a99eb4a88",
	'nextPeggingPlay',
	'',
	0,
	'',
	"00000000-0000-0000-0000-000000000000",
	'../../../Game/models/Game/Game/Shared/GamePlayerLogic/GamePlayerLogic.xtuml');
INSERT INTO C_PP_PROXY
	VALUES ("a0dc2166-2b66-40bc-9f91-9002176e49c9",
	"4ed6b056-4ce8-45c5-b937-a37f1cca42e9",
	"a3d326f1-e60f-428b-8c76-66f859fde1a4",
	'cards',
	'',
	0,
	'',
	"00000000-0000-0000-0000-000000000000",
	'../../../Game/models/Game/Game/Shared/GamePlayerLogic/GamePlayerLogic.xtuml');
INSERT INTO S_DT_PROXY
	VALUES ("a3d326f1-e60f-428b-8c76-66f859fde1a4",
	"00000000-0000-0000-0000-000000000000",
	'sequence of CardType',
	'',
	'',
	'../../../Game/models/Game/Game/Shared/Shared.xtuml');
INSERT INTO C_PP_PROXY
	VALUES ("00347a11-297f-41ab-83ab-a614d4bf5f06",
	"4ed6b056-4ce8-45c5-b937-a37f1cca42e9",
	"a3d326f1-e60f-428b-8c76-66f859fde1a4",
	'pile_cards',
	'',
	0,
	'',
	"a0dc2166-2b66-40bc-9f91-9002176e49c9",
	'../../../Game/models/Game/Game/Shared/GamePlayerLogic/GamePlayerLogic.xtuml');
INSERT INTO C_IO_PROXY
	VALUES ("723d6a8d-8261-40b7-a48f-3aa0071e2658",
	"80d88408-21ae-4588-b36f-119a99eb4a88",
	'nextDiscard',
	'',
	0,
	'',
	"4ed6b056-4ce8-45c5-b937-a37f1cca42e9",
	'../../../Game/models/Game/Game/Shared/GamePlayerLogic/GamePlayerLogic.xtuml');
INSERT INTO C_PP_PROXY
	VALUES ("bb72b131-f729-4e74-93b5-9bf91a7e27fc",
	"723d6a8d-8261-40b7-a48f-3aa0071e2658",
	"a3d326f1-e60f-428b-8c76-66f859fde1a4",
	'cards',
	'',
	0,
	'',
	"00000000-0000-0000-0000-000000000000",
	'../../../Game/models/Game/Game/Shared/GamePlayerLogic/GamePlayerLogic.xtuml');
INSERT INTO C_PP_PROXY
	VALUES ("2bf2d488-d72c-4591-987e-5c6baeafa41b",
	"723d6a8d-8261-40b7-a48f-3aa0071e2658",
	"f8d2bf75-a86e-44e0-beb5-3ab7e715689f",
	'my_crib',
	'',
	0,
	'',
	"bb72b131-f729-4e74-93b5-9bf91a7e27fc",
	'../../../Game/models/Game/Game/Shared/GamePlayerLogic/GamePlayerLogic.xtuml');
INSERT INTO S_DT_PROXY
	VALUES ("f8d2bf75-a86e-44e0-beb5-3ab7e715689f",
	"00000000-0000-0000-0000-000000000000",
	'boolean',
	'',
	'',
	'../../../Game/models/Game/types/types.xtuml');
-- root-types-contained: SystemModel_c
-- BP 7.1 content: StreamData syschar: 3 persistence-version: 7.1.6

INSERT INTO S_SYS
	VALUES ("3e47de70-c044-49ac-aa51-609f9a9423e1",
	'Game',
	1);
INSERT INTO EP_PKG
	VALUES ("760678ed-52e3-4bbb-8a87-b9bffb70f8ee",
	"3e47de70-c044-49ac-aa51-609f9a9423e1",
	"3e47de70-c044-49ac-aa51-609f9a9423e1",
	'Game',
	'masl_domain',
	0);
INSERT INTO PE_PE
	VALUES ("3695b73f-386b-46cf-8350-2d1e248946b4",
	1,
	"760678ed-52e3-4bbb-8a87-b9bffb70f8ee",
	"00000000-0000-0000-0000-000000000000",
	2);
INSERT INTO C_C
	VALUES ("3695b73f-386b-46cf-8350-2d1e248946b4",
	"00000000-0000-0000-0000-000000000000",
	"00000000-0000-0000-0000-000000000000",
	'Game',
	'',
	0,
	"00000000-0000-0000-0000-000000000000",
	0,
	'');
INSERT INTO C_PO
	VALUES ("8a2d98f7-780f-4284-b96b-2fb309fbc721",
	"3695b73f-386b-46cf-8350-2d1e248946b4",
	'Game',
	0,
	0);
INSERT INTO C_IR
	VALUES ("083b2b3c-4330-4c71-8853-6c00eef1d5c7",
	"219c31c4-4ae8-4c20-837d-9794bc4960d1",
	"00000000-0000-0000-0000-000000000000",
	"8a2d98f7-780f-4284-b96b-2fb309fbc721");
INSERT INTO C_P
	VALUES ("083b2b3c-4330-4c71-8853-6c00eef1d5c7",
	'Game',
	'Unnamed_Interface',
	'',
	'Game::Game::Game');
INSERT INTO SPR_PEP
	VALUES ("a14d0d90-8e52-4657-b4b3-c4a0500282e5",
	"e799384d-a103-48bf-ab01-7d093568b1b4",
	"083b2b3c-4330-4c71-8853-6c00eef1d5c7");
INSERT INTO SPR_PO
	VALUES ("a14d0d90-8e52-4657-b4b3-c4a0500282e5",
	'play',
	'',
	'',
	3,
	0);
INSERT INTO C_PO
	VALUES ("9f576b11-bf7d-4363-8b70-b260af09b19b",
	"3695b73f-386b-46cf-8350-2d1e248946b4",
	'PlayerLogic',
	0,
	0);
INSERT INTO C_IR
	VALUES ("f21b53f0-015c-4ee0-ac51-4e69088f589a",
	"eac8bb4a-3d45-4c2c-93d4-af2986870523",
	"00000000-0000-0000-0000-000000000000",
	"9f576b11-bf7d-4363-8b70-b260af09b19b");
INSERT INTO C_R
	VALUES ("f21b53f0-015c-4ee0-ac51-4e69088f589a",
	'GamePlayerLogic',
	'',
	'Unnamed_Interface',
	'Game::PlayerLogic::GamePlayerLogic');
INSERT INTO SPR_REP
	VALUES ("2f261c86-b935-4050-9a98-b0b13ebaacda",
	"4ed6b056-4ce8-45c5-b937-a37f1cca42e9",
	"f21b53f0-015c-4ee0-ac51-4e69088f589a");
INSERT INTO SPR_RO
	VALUES ("2f261c86-b935-4050-9a98-b0b13ebaacda",
	'nextPeggingPlay',
	'',
	'begin
  null;
end',
	3,
	1);
INSERT INTO SPR_REP
	VALUES ("2025e848-ac1e-4abc-9769-0054e0b46bb8",
	"723d6a8d-8261-40b7-a48f-3aa0071e2658",
	"f21b53f0-015c-4ee0-ac51-4e69088f589a");
INSERT INTO SPR_RO
	VALUES ("2025e848-ac1e-4abc-9769-0054e0b46bb8",
	'nextDiscard',
	'',
	'begin
  null;
end',
	3,
	1);
INSERT INTO PE_PE
	VALUES ("2e5272a8-d08d-4d31-9c31-e769bee957e6",
	1,
	"00000000-0000-0000-0000-000000000000",
	"3695b73f-386b-46cf-8350-2d1e248946b4",
	7);
INSERT INTO EP_PKG
	VALUES ("2e5272a8-d08d-4d31-9c31-e769bee957e6",
	"00000000-0000-0000-0000-000000000000",
	"3e47de70-c044-49ac-aa51-609f9a9423e1",
	'Game',
	'',
	0);
INSERT INTO PE_PE
	VALUES ("9c7d0fab-c0b1-46b0-b6e6-98be693ac979",
	1,
	"2e5272a8-d08d-4d31-9c31-e769bee957e6",
	"00000000-0000-0000-0000-000000000000",
	3);
INSERT INTO S_DT
	VALUES ("9c7d0fab-c0b1-46b0-b6e6-98be693ac979",
	"00000000-0000-0000-0000-000000000000",
	'inst_ref<Board>',
	'',
	'');
INSERT INTO S_IRDT
	VALUES ("9c7d0fab-c0b1-46b0-b6e6-98be693ac979",
	0,
	"56e99542-222c-4328-bf84-766813710c27");
INSERT INTO PE_PE
	VALUES ("63a06052-e70c-4f7f-ab28-9f9d136618e4",
	1,
	"2e5272a8-d08d-4d31-9c31-e769bee957e6",
	"00000000-0000-0000-0000-000000000000",
	3);
INSERT INTO S_DT
	VALUES ("63a06052-e70c-4f7f-ab28-9f9d136618e4",
	"00000000-0000-0000-0000-000000000000",
	'inst_ref_set<Board>',
	'',
	'');
INSERT INTO S_IRDT
	VALUES ("63a06052-e70c-4f7f-ab28-9f9d136618e4",
	1,
	"56e99542-222c-4328-bf84-766813710c27");
INSERT INTO PE_PE
	VALUES ("c292dc87-dea3-438b-810d-387c929c5b94",
	1,
	"2e5272a8-d08d-4d31-9c31-e769bee957e6",
	"00000000-0000-0000-0000-000000000000",
	3);
INSERT INTO S_DT
	VALUES ("c292dc87-dea3-438b-810d-387c929c5b94",
	"00000000-0000-0000-0000-000000000000",
	'inst_ref<Card>',
	'',
	'');
INSERT INTO S_IRDT
	VALUES ("c292dc87-dea3-438b-810d-387c929c5b94",
	0,
	"9c7320d0-0463-495f-b0ff-82713356c2d6");
INSERT INTO PE_PE
	VALUES ("9789541f-617f-4af6-9c19-178c526298d2",
	1,
	"2e5272a8-d08d-4d31-9c31-e769bee957e6",
	"00000000-0000-0000-0000-000000000000",
	3);
INSERT INTO S_DT
	VALUES ("9789541f-617f-4af6-9c19-178c526298d2",
	"00000000-0000-0000-0000-000000000000",
	'inst_ref_set<Card>',
	'',
	'');
INSERT INTO S_IRDT
	VALUES ("9789541f-617f-4af6-9c19-178c526298d2",
	1,
	"9c7320d0-0463-495f-b0ff-82713356c2d6");
INSERT INTO PE_PE
	VALUES ("ef556e76-9f19-45c5-ae14-de2d09cf925e",
	1,
	"2e5272a8-d08d-4d31-9c31-e769bee957e6",
	"00000000-0000-0000-0000-000000000000",
	3);
INSERT INTO S_DT
	VALUES ("ef556e76-9f19-45c5-ae14-de2d09cf925e",
	"00000000-0000-0000-0000-000000000000",
	'inst_ref<CardInPlay>',
	'',
	'');
INSERT INTO S_IRDT
	VALUES ("ef556e76-9f19-45c5-ae14-de2d09cf925e",
	0,
	"39b15838-024a-48e4-9d94-0f8677074cf4");
INSERT INTO PE_PE
	VALUES ("76289a17-5dd2-4b47-8a46-f5c2c04a9d8d",
	1,
	"2e5272a8-d08d-4d31-9c31-e769bee957e6",
	"00000000-0000-0000-0000-000000000000",
	3);
INSERT INTO S_DT
	VALUES ("76289a17-5dd2-4b47-8a46-f5c2c04a9d8d",
	"00000000-0000-0000-0000-000000000000",
	'inst_ref_set<CardInPlay>',
	'',
	'');
INSERT INTO S_IRDT
	VALUES ("76289a17-5dd2-4b47-8a46-f5c2c04a9d8d",
	1,
	"39b15838-024a-48e4-9d94-0f8677074cf4");
INSERT INTO PE_PE
	VALUES ("240f28ba-556d-4b2d-b53a-1013489a24ad",
	1,
	"2e5272a8-d08d-4d31-9c31-e769bee957e6",
	"00000000-0000-0000-0000-000000000000",
	3);
INSERT INTO S_DT
	VALUES ("240f28ba-556d-4b2d-b53a-1013489a24ad",
	"00000000-0000-0000-0000-000000000000",
	'inst_ref<Deck>',
	'',
	'');
INSERT INTO S_IRDT
	VALUES ("240f28ba-556d-4b2d-b53a-1013489a24ad",
	0,
	"629012b4-4a72-4953-9ef3-c65f3b4f64bd");
INSERT INTO PE_PE
	VALUES ("30703115-af2d-4cff-b8ba-42a9c423c050",
	1,
	"2e5272a8-d08d-4d31-9c31-e769bee957e6",
	"00000000-0000-0000-0000-000000000000",
	3);
INSERT INTO S_DT
	VALUES ("30703115-af2d-4cff-b8ba-42a9c423c050",
	"00000000-0000-0000-0000-000000000000",
	'inst_ref_set<Deck>',
	'',
	'');
INSERT INTO S_IRDT
	VALUES ("30703115-af2d-4cff-b8ba-42a9c423c050",
	1,
	"629012b4-4a72-4953-9ef3-c65f3b4f64bd");
INSERT INTO PE_PE
	VALUES ("df0a0901-aa7c-4488-8afc-153bdc06ae38",
	1,
	"2e5272a8-d08d-4d31-9c31-e769bee957e6",
	"00000000-0000-0000-0000-000000000000",
	3);
INSERT INTO S_DT
	VALUES ("df0a0901-aa7c-4488-8afc-153bdc06ae38",
	"00000000-0000-0000-0000-000000000000",
	'inst_ref<Game>',
	'',
	'');
INSERT INTO S_IRDT
	VALUES ("df0a0901-aa7c-4488-8afc-153bdc06ae38",
	0,
	"a432acd5-c989-4c4f-8071-0b88be80aca6");
INSERT INTO PE_PE
	VALUES ("de93c845-74aa-42cd-8b3e-4538c84328b9",
	1,
	"2e5272a8-d08d-4d31-9c31-e769bee957e6",
	"00000000-0000-0000-0000-000000000000",
	3);
INSERT INTO S_DT
	VALUES ("de93c845-74aa-42cd-8b3e-4538c84328b9",
	"00000000-0000-0000-0000-000000000000",
	'inst_ref_set<Game>',
	'',
	'');
INSERT INTO S_IRDT
	VALUES ("de93c845-74aa-42cd-8b3e-4538c84328b9",
	1,
	"a432acd5-c989-4c4f-8071-0b88be80aca6");
INSERT INTO PE_PE
	VALUES ("e2f1306b-bbb6-4bc1-8271-421798efcc0f",
	1,
	"2e5272a8-d08d-4d31-9c31-e769bee957e6",
	"00000000-0000-0000-0000-000000000000",
	3);
INSERT INTO S_DT
	VALUES ("e2f1306b-bbb6-4bc1-8271-421798efcc0f",
	"00000000-0000-0000-0000-000000000000",
	'inst_ref<Hand>',
	'',
	'');
INSERT INTO S_IRDT
	VALUES ("e2f1306b-bbb6-4bc1-8271-421798efcc0f",
	0,
	"7c8227df-316e-425f-b365-2c556d051d06");
INSERT INTO PE_PE
	VALUES ("7efc5ea6-c5ff-4a66-bcc5-ecc919468267",
	1,
	"2e5272a8-d08d-4d31-9c31-e769bee957e6",
	"00000000-0000-0000-0000-000000000000",
	3);
INSERT INTO S_DT
	VALUES ("7efc5ea6-c5ff-4a66-bcc5-ecc919468267",
	"00000000-0000-0000-0000-000000000000",
	'inst_ref_set<Hand>',
	'',
	'');
INSERT INTO S_IRDT
	VALUES ("7efc5ea6-c5ff-4a66-bcc5-ecc919468267",
	1,
	"7c8227df-316e-425f-b365-2c556d051d06");
INSERT INTO PE_PE
	VALUES ("a4f8c66c-06f3-421c-ba2a-405c7378566f",
	1,
	"2e5272a8-d08d-4d31-9c31-e769bee957e6",
	"00000000-0000-0000-0000-000000000000",
	3);
INSERT INTO S_DT
	VALUES ("a4f8c66c-06f3-421c-ba2a-405c7378566f",
	"00000000-0000-0000-0000-000000000000",
	'inst_ref<NormalPlay>',
	'',
	'');
INSERT INTO S_IRDT
	VALUES ("a4f8c66c-06f3-421c-ba2a-405c7378566f",
	0,
	"053cfb36-a3f2-4128-a67f-6b87aaae86eb");
INSERT INTO PE_PE
	VALUES ("d586eadb-5c5d-46e5-ade6-1e740669926e",
	1,
	"2e5272a8-d08d-4d31-9c31-e769bee957e6",
	"00000000-0000-0000-0000-000000000000",
	3);
INSERT INTO S_DT
	VALUES ("d586eadb-5c5d-46e5-ade6-1e740669926e",
	"00000000-0000-0000-0000-000000000000",
	'inst_ref_set<NormalPlay>',
	'',
	'');
INSERT INTO S_IRDT
	VALUES ("d586eadb-5c5d-46e5-ade6-1e740669926e",
	1,
	"053cfb36-a3f2-4128-a67f-6b87aaae86eb");
INSERT INTO PE_PE
	VALUES ("c6a625aa-7b3d-490d-b77f-cb0ddcf2e6c5",
	1,
	"2e5272a8-d08d-4d31-9c31-e769bee957e6",
	"00000000-0000-0000-0000-000000000000",
	3);
INSERT INTO S_DT
	VALUES ("c6a625aa-7b3d-490d-b77f-cb0ddcf2e6c5",
	"00000000-0000-0000-0000-000000000000",
	'inst_ref<Peg>',
	'',
	'');
INSERT INTO S_IRDT
	VALUES ("c6a625aa-7b3d-490d-b77f-cb0ddcf2e6c5",
	0,
	"7badb553-3fa9-4709-b3a9-7f02c8a959c1");
INSERT INTO PE_PE
	VALUES ("822fe5bf-1ac6-464f-994c-19df3b24eb56",
	1,
	"2e5272a8-d08d-4d31-9c31-e769bee957e6",
	"00000000-0000-0000-0000-000000000000",
	3);
INSERT INTO S_DT
	VALUES ("822fe5bf-1ac6-464f-994c-19df3b24eb56",
	"00000000-0000-0000-0000-000000000000",
	'inst_ref_set<Peg>',
	'',
	'');
INSERT INTO S_IRDT
	VALUES ("822fe5bf-1ac6-464f-994c-19df3b24eb56",
	1,
	"7badb553-3fa9-4709-b3a9-7f02c8a959c1");
INSERT INTO PE_PE
	VALUES ("896de86d-8983-44b8-b248-eca0730af96b",
	1,
	"2e5272a8-d08d-4d31-9c31-e769bee957e6",
	"00000000-0000-0000-0000-000000000000",
	3);
INSERT INTO S_DT
	VALUES ("896de86d-8983-44b8-b248-eca0730af96b",
	"00000000-0000-0000-0000-000000000000",
	'inst_ref<Pile>',
	'',
	'');
INSERT INTO S_IRDT
	VALUES ("896de86d-8983-44b8-b248-eca0730af96b",
	0,
	"24372e08-7943-4059-9c72-90db5de4cee2");
INSERT INTO PE_PE
	VALUES ("438631eb-ce21-4889-b59a-41aac5536161",
	1,
	"2e5272a8-d08d-4d31-9c31-e769bee957e6",
	"00000000-0000-0000-0000-000000000000",
	3);
INSERT INTO S_DT
	VALUES ("438631eb-ce21-4889-b59a-41aac5536161",
	"00000000-0000-0000-0000-000000000000",
	'inst_ref_set<Pile>',
	'',
	'');
INSERT INTO S_IRDT
	VALUES ("438631eb-ce21-4889-b59a-41aac5536161",
	1,
	"24372e08-7943-4059-9c72-90db5de4cee2");
INSERT INTO PE_PE
	VALUES ("6f0e8392-dba9-44b0-afbf-074953824cbf",
	1,
	"2e5272a8-d08d-4d31-9c31-e769bee957e6",
	"00000000-0000-0000-0000-000000000000",
	3);
INSERT INTO S_DT
	VALUES ("6f0e8392-dba9-44b0-afbf-074953824cbf",
	"00000000-0000-0000-0000-000000000000",
	'inst_ref<Play>',
	'',
	'');
INSERT INTO S_IRDT
	VALUES ("6f0e8392-dba9-44b0-afbf-074953824cbf",
	0,
	"39d9fbc4-4bcc-4a58-a9a7-0e36c7930bef");
INSERT INTO PE_PE
	VALUES ("bfa647c1-ca6f-4b18-87e7-ec9937de7d38",
	1,
	"2e5272a8-d08d-4d31-9c31-e769bee957e6",
	"00000000-0000-0000-0000-000000000000",
	3);
INSERT INTO S_DT
	VALUES ("bfa647c1-ca6f-4b18-87e7-ec9937de7d38",
	"00000000-0000-0000-0000-000000000000",
	'inst_ref_set<Play>',
	'',
	'');
INSERT INTO S_IRDT
	VALUES ("bfa647c1-ca6f-4b18-87e7-ec9937de7d38",
	1,
	"39d9fbc4-4bcc-4a58-a9a7-0e36c7930bef");
INSERT INTO PE_PE
	VALUES ("ec49fbdb-4e12-49f2-8b99-cf448fd81659",
	1,
	"2e5272a8-d08d-4d31-9c31-e769bee957e6",
	"00000000-0000-0000-0000-000000000000",
	3);
INSERT INTO S_DT
	VALUES ("ec49fbdb-4e12-49f2-8b99-cf448fd81659",
	"00000000-0000-0000-0000-000000000000",
	'inst_ref<Player>',
	'',
	'');
INSERT INTO S_IRDT
	VALUES ("ec49fbdb-4e12-49f2-8b99-cf448fd81659",
	0,
	"04fb0288-d0dc-4e13-810b-cbcd8303ccb2");
INSERT INTO PE_PE
	VALUES ("1f86d353-dedb-4482-9f0e-fd95e3d6ad58",
	1,
	"2e5272a8-d08d-4d31-9c31-e769bee957e6",
	"00000000-0000-0000-0000-000000000000",
	3);
INSERT INTO S_DT
	VALUES ("1f86d353-dedb-4482-9f0e-fd95e3d6ad58",
	"00000000-0000-0000-0000-000000000000",
	'inst_ref_set<Player>',
	'',
	'');
INSERT INTO S_IRDT
	VALUES ("1f86d353-dedb-4482-9f0e-fd95e3d6ad58",
	1,
	"04fb0288-d0dc-4e13-810b-cbcd8303ccb2");
INSERT INTO PE_PE
	VALUES ("8ed84a41-4674-411a-b8c6-4f15c5ecbbdc",
	1,
	"2e5272a8-d08d-4d31-9c31-e769bee957e6",
	"00000000-0000-0000-0000-000000000000",
	3);
INSERT INTO S_DT
	VALUES ("8ed84a41-4674-411a-b8c6-4f15c5ecbbdc",
	"00000000-0000-0000-0000-000000000000",
	'inst_ref<Score>',
	'',
	'');
INSERT INTO S_IRDT
	VALUES ("8ed84a41-4674-411a-b8c6-4f15c5ecbbdc",
	0,
	"0cb8fbe3-9ad2-4b07-a656-9ff818fc717e");
INSERT INTO PE_PE
	VALUES ("d7f32f31-6c08-48e6-b573-aea07fc84d14",
	1,
	"2e5272a8-d08d-4d31-9c31-e769bee957e6",
	"00000000-0000-0000-0000-000000000000",
	3);
INSERT INTO S_DT
	VALUES ("d7f32f31-6c08-48e6-b573-aea07fc84d14",
	"00000000-0000-0000-0000-000000000000",
	'inst_ref_set<Score>',
	'',
	'');
INSERT INTO S_IRDT
	VALUES ("d7f32f31-6c08-48e6-b573-aea07fc84d14",
	1,
	"0cb8fbe3-9ad2-4b07-a656-9ff818fc717e");
INSERT INTO PE_PE
	VALUES ("eb36d575-ac92-4b0a-aa4d-983bd12708bf",
	1,
	"2e5272a8-d08d-4d31-9c31-e769bee957e6",
	"00000000-0000-0000-0000-000000000000",
	3);
INSERT INTO S_DT
	VALUES ("eb36d575-ac92-4b0a-aa4d-983bd12708bf",
	"00000000-0000-0000-0000-000000000000",
	'inst_ref<ScoringPlay>',
	'',
	'');
INSERT INTO S_IRDT
	VALUES ("eb36d575-ac92-4b0a-aa4d-983bd12708bf",
	0,
	"f49b4588-2f3c-4702-b2d0-222111339caf");
INSERT INTO PE_PE
	VALUES ("dd83d723-9d69-4b7e-8073-0104615f4c6a",
	1,
	"2e5272a8-d08d-4d31-9c31-e769bee957e6",
	"00000000-0000-0000-0000-000000000000",
	3);
INSERT INTO S_DT
	VALUES ("dd83d723-9d69-4b7e-8073-0104615f4c6a",
	"00000000-0000-0000-0000-000000000000",
	'inst_ref_set<ScoringPlay>',
	'',
	'');
INSERT INTO S_IRDT
	VALUES ("dd83d723-9d69-4b7e-8073-0104615f4c6a",
	1,
	"f49b4588-2f3c-4702-b2d0-222111339caf");
INSERT INTO PE_PE
	VALUES ("38812fd0-72e9-4a54-ad8b-08e1a1bf6eb8",
	1,
	"2e5272a8-d08d-4d31-9c31-e769bee957e6",
	"00000000-0000-0000-0000-000000000000",
	9);
INSERT INTO R_REL
	VALUES ("38812fd0-72e9-4a54-ad8b-08e1a1bf6eb8",
	2,
	'',
	"00000000-0000-0000-0000-000000000000");
INSERT INTO R_SIMP
	VALUES ("38812fd0-72e9-4a54-ad8b-08e1a1bf6eb8");
INSERT INTO R_PART
	VALUES ("a432acd5-c989-4c4f-8071-0b88be80aca6",
	"38812fd0-72e9-4a54-ad8b-08e1a1bf6eb8",
	"984cdcd2-177e-493f-af68-799e4de0a097",
	0,
	0,
	'contains_cards_for');
INSERT INTO O_RTIDA
	VALUES ("38602585-e65a-45a2-b36c-7437a1d7ab0e",
	"a432acd5-c989-4c4f-8071-0b88be80aca6",
	0,
	"38812fd0-72e9-4a54-ad8b-08e1a1bf6eb8",
	"984cdcd2-177e-493f-af68-799e4de0a097");
INSERT INTO R_RTO
	VALUES ("a432acd5-c989-4c4f-8071-0b88be80aca6",
	"38812fd0-72e9-4a54-ad8b-08e1a1bf6eb8",
	"984cdcd2-177e-493f-af68-799e4de0a097",
	0);
INSERT INTO R_OIR
	VALUES ("a432acd5-c989-4c4f-8071-0b88be80aca6",
	"38812fd0-72e9-4a54-ad8b-08e1a1bf6eb8",
	"984cdcd2-177e-493f-af68-799e4de0a097",
	"00000000-0000-0000-0000-000000000000");
INSERT INTO R_FORM
	VALUES ("629012b4-4a72-4953-9ef3-c65f3b4f64bd",
	"38812fd0-72e9-4a54-ad8b-08e1a1bf6eb8",
	"9e7c5769-5d71-4c5e-a485-9aeaae07dc09",
	0,
	0,
	'has');
INSERT INTO R_RGO
	VALUES ("629012b4-4a72-4953-9ef3-c65f3b4f64bd",
	"38812fd0-72e9-4a54-ad8b-08e1a1bf6eb8",
	"9e7c5769-5d71-4c5e-a485-9aeaae07dc09");
INSERT INTO R_OIR
	VALUES ("629012b4-4a72-4953-9ef3-c65f3b4f64bd",
	"38812fd0-72e9-4a54-ad8b-08e1a1bf6eb8",
	"9e7c5769-5d71-4c5e-a485-9aeaae07dc09",
	"00000000-0000-0000-0000-000000000000");
INSERT INTO PE_PE
	VALUES ("94bbf197-9cfc-4ccf-a147-268ab75c2c38",
	1,
	"2e5272a8-d08d-4d31-9c31-e769bee957e6",
	"00000000-0000-0000-0000-000000000000",
	9);
INSERT INTO R_REL
	VALUES ("94bbf197-9cfc-4ccf-a147-268ab75c2c38",
	3,
	'',
	"00000000-0000-0000-0000-000000000000");
INSERT INTO R_SIMP
	VALUES ("94bbf197-9cfc-4ccf-a147-268ab75c2c38");
INSERT INTO R_PART
	VALUES ("a432acd5-c989-4c4f-8071-0b88be80aca6",
	"94bbf197-9cfc-4ccf-a147-268ab75c2c38",
	"48270ded-f6f5-4538-84ca-fc755d758ee6",
	0,
	0,
	'plays');
INSERT INTO O_RTIDA
	VALUES ("38602585-e65a-45a2-b36c-7437a1d7ab0e",
	"a432acd5-c989-4c4f-8071-0b88be80aca6",
	0,
	"94bbf197-9cfc-4ccf-a147-268ab75c2c38",
	"48270ded-f6f5-4538-84ca-fc755d758ee6");
INSERT INTO R_RTO
	VALUES ("a432acd5-c989-4c4f-8071-0b88be80aca6",
	"94bbf197-9cfc-4ccf-a147-268ab75c2c38",
	"48270ded-f6f5-4538-84ca-fc755d758ee6",
	0);
INSERT INTO R_OIR
	VALUES ("a432acd5-c989-4c4f-8071-0b88be80aca6",
	"94bbf197-9cfc-4ccf-a147-268ab75c2c38",
	"48270ded-f6f5-4538-84ca-fc755d758ee6",
	"00000000-0000-0000-0000-000000000000");
INSERT INTO R_FORM
	VALUES ("04fb0288-d0dc-4e13-810b-cbcd8303ccb2",
	"94bbf197-9cfc-4ccf-a147-268ab75c2c38",
	"094c3f8b-758b-4964-9a3a-7f6d287b82eb",
	1,
	0,
	'has');
INSERT INTO R_RGO
	VALUES ("04fb0288-d0dc-4e13-810b-cbcd8303ccb2",
	"94bbf197-9cfc-4ccf-a147-268ab75c2c38",
	"094c3f8b-758b-4964-9a3a-7f6d287b82eb");
INSERT INTO R_OIR
	VALUES ("04fb0288-d0dc-4e13-810b-cbcd8303ccb2",
	"94bbf197-9cfc-4ccf-a147-268ab75c2c38",
	"094c3f8b-758b-4964-9a3a-7f6d287b82eb",
	"00000000-0000-0000-0000-000000000000");
INSERT INTO PE_PE
	VALUES ("60827be1-6307-4366-947d-3482c172049e",
	1,
	"2e5272a8-d08d-4d31-9c31-e769bee957e6",
	"00000000-0000-0000-0000-000000000000",
	9);
INSERT INTO R_REL
	VALUES ("60827be1-6307-4366-947d-3482c172049e",
	4,
	'',
	"00000000-0000-0000-0000-000000000000");
INSERT INTO R_SIMP
	VALUES ("60827be1-6307-4366-947d-3482c172049e");
INSERT INTO R_PART
	VALUES ("a432acd5-c989-4c4f-8071-0b88be80aca6",
	"60827be1-6307-4366-947d-3482c172049e",
	"b744cae9-8fda-4630-8067-bba34acef54e",
	0,
	0,
	'contains_cards_for');
INSERT INTO O_RTIDA
	VALUES ("38602585-e65a-45a2-b36c-7437a1d7ab0e",
	"a432acd5-c989-4c4f-8071-0b88be80aca6",
	0,
	"60827be1-6307-4366-947d-3482c172049e",
	"b744cae9-8fda-4630-8067-bba34acef54e");
INSERT INTO R_RTO
	VALUES ("a432acd5-c989-4c4f-8071-0b88be80aca6",
	"60827be1-6307-4366-947d-3482c172049e",
	"b744cae9-8fda-4630-8067-bba34acef54e",
	0);
INSERT INTO R_OIR
	VALUES ("a432acd5-c989-4c4f-8071-0b88be80aca6",
	"60827be1-6307-4366-947d-3482c172049e",
	"b744cae9-8fda-4630-8067-bba34acef54e",
	"00000000-0000-0000-0000-000000000000");
INSERT INTO R_FORM
	VALUES ("24372e08-7943-4059-9c72-90db5de4cee2",
	"60827be1-6307-4366-947d-3482c172049e",
	"ad077b90-9a31-4af7-b092-9db51561c41b",
	0,
	0,
	'has');
INSERT INTO R_RGO
	VALUES ("24372e08-7943-4059-9c72-90db5de4cee2",
	"60827be1-6307-4366-947d-3482c172049e",
	"ad077b90-9a31-4af7-b092-9db51561c41b");
INSERT INTO R_OIR
	VALUES ("24372e08-7943-4059-9c72-90db5de4cee2",
	"60827be1-6307-4366-947d-3482c172049e",
	"ad077b90-9a31-4af7-b092-9db51561c41b",
	"00000000-0000-0000-0000-000000000000");
INSERT INTO PE_PE
	VALUES ("34448c08-0a16-4373-9010-501541561964",
	1,
	"2e5272a8-d08d-4d31-9c31-e769bee957e6",
	"00000000-0000-0000-0000-000000000000",
	9);
INSERT INTO R_REL
	VALUES ("34448c08-0a16-4373-9010-501541561964",
	5,
	'',
	"00000000-0000-0000-0000-000000000000");
INSERT INTO R_SIMP
	VALUES ("34448c08-0a16-4373-9010-501541561964");
INSERT INTO R_PART
	VALUES ("56e99542-222c-4328-bf84-766813710c27",
	"34448c08-0a16-4373-9010-501541561964",
	"10827c70-9493-4182-afbd-975e5c1fb81e",
	0,
	0,
	'moves_on');
INSERT INTO O_RTIDA
	VALUES ("1cdc4432-31f9-4f65-b288-8ba566f60819",
	"56e99542-222c-4328-bf84-766813710c27",
	0,
	"34448c08-0a16-4373-9010-501541561964",
	"10827c70-9493-4182-afbd-975e5c1fb81e");
INSERT INTO R_RTO
	VALUES ("56e99542-222c-4328-bf84-766813710c27",
	"34448c08-0a16-4373-9010-501541561964",
	"10827c70-9493-4182-afbd-975e5c1fb81e",
	0);
INSERT INTO R_OIR
	VALUES ("56e99542-222c-4328-bf84-766813710c27",
	"34448c08-0a16-4373-9010-501541561964",
	"10827c70-9493-4182-afbd-975e5c1fb81e",
	"00000000-0000-0000-0000-000000000000");
INSERT INTO R_FORM
	VALUES ("7badb553-3fa9-4709-b3a9-7f02c8a959c1",
	"34448c08-0a16-4373-9010-501541561964",
	"5882fb4e-f66c-4b86-81b7-bdd191d1dacf",
	1,
	0,
	'holds');
INSERT INTO R_RGO
	VALUES ("7badb553-3fa9-4709-b3a9-7f02c8a959c1",
	"34448c08-0a16-4373-9010-501541561964",
	"5882fb4e-f66c-4b86-81b7-bdd191d1dacf");
INSERT INTO R_OIR
	VALUES ("7badb553-3fa9-4709-b3a9-7f02c8a959c1",
	"34448c08-0a16-4373-9010-501541561964",
	"5882fb4e-f66c-4b86-81b7-bdd191d1dacf",
	"00000000-0000-0000-0000-000000000000");
INSERT INTO PE_PE
	VALUES ("6bf26d05-793a-42be-a858-99399fe1d4d2",
	1,
	"2e5272a8-d08d-4d31-9c31-e769bee957e6",
	"00000000-0000-0000-0000-000000000000",
	9);
INSERT INTO R_REL
	VALUES ("6bf26d05-793a-42be-a858-99399fe1d4d2",
	6,
	'',
	"00000000-0000-0000-0000-000000000000");
INSERT INTO R_SIMP
	VALUES ("6bf26d05-793a-42be-a858-99399fe1d4d2");
INSERT INTO R_PART
	VALUES ("04fb0288-d0dc-4e13-810b-cbcd8303ccb2",
	"6bf26d05-793a-42be-a858-99399fe1d4d2",
	"8db32181-53de-4ee7-8d96-841b8301d6a7",
	0,
	0,
	'ranks');
INSERT INTO O_RTIDA
	VALUES ("dd7be9cb-ed25-49d0-9629-87e3222f25dd",
	"04fb0288-d0dc-4e13-810b-cbcd8303ccb2",
	0,
	"6bf26d05-793a-42be-a858-99399fe1d4d2",
	"8db32181-53de-4ee7-8d96-841b8301d6a7");
INSERT INTO R_RTO
	VALUES ("04fb0288-d0dc-4e13-810b-cbcd8303ccb2",
	"6bf26d05-793a-42be-a858-99399fe1d4d2",
	"8db32181-53de-4ee7-8d96-841b8301d6a7",
	0);
INSERT INTO R_OIR
	VALUES ("04fb0288-d0dc-4e13-810b-cbcd8303ccb2",
	"6bf26d05-793a-42be-a858-99399fe1d4d2",
	"8db32181-53de-4ee7-8d96-841b8301d6a7",
	"00000000-0000-0000-0000-000000000000");
INSERT INTO R_FORM
	VALUES ("0cb8fbe3-9ad2-4b07-a656-9ff818fc717e",
	"6bf26d05-793a-42be-a858-99399fe1d4d2",
	"389f5b0f-8ac0-46be-ace2-b9e2982ea628",
	0,
	0,
	'ranked_by');
INSERT INTO R_RGO
	VALUES ("0cb8fbe3-9ad2-4b07-a656-9ff818fc717e",
	"6bf26d05-793a-42be-a858-99399fe1d4d2",
	"389f5b0f-8ac0-46be-ace2-b9e2982ea628");
INSERT INTO R_OIR
	VALUES ("0cb8fbe3-9ad2-4b07-a656-9ff818fc717e",
	"6bf26d05-793a-42be-a858-99399fe1d4d2",
	"389f5b0f-8ac0-46be-ace2-b9e2982ea628",
	"00000000-0000-0000-0000-000000000000");
INSERT INTO PE_PE
	VALUES ("070770e9-bb48-4762-a854-3f2640912f83",
	1,
	"2e5272a8-d08d-4d31-9c31-e769bee957e6",
	"00000000-0000-0000-0000-000000000000",
	9);
INSERT INTO R_REL
	VALUES ("070770e9-bb48-4762-a854-3f2640912f83",
	7,
	'',
	"00000000-0000-0000-0000-000000000000");
INSERT INTO R_SIMP
	VALUES ("070770e9-bb48-4762-a854-3f2640912f83");
INSERT INTO R_PART
	VALUES ("629012b4-4a72-4953-9ef3-c65f3b4f64bd",
	"070770e9-bb48-4762-a854-3f2640912f83",
	"8e4256e2-0235-41b3-acfd-9886bb402d05",
	0,
	1,
	'located_in');
INSERT INTO O_RTIDA
	VALUES ("744da407-3460-4ad1-9186-ce475e3a09b5",
	"629012b4-4a72-4953-9ef3-c65f3b4f64bd",
	0,
	"070770e9-bb48-4762-a854-3f2640912f83",
	"8e4256e2-0235-41b3-acfd-9886bb402d05");
INSERT INTO R_RTO
	VALUES ("629012b4-4a72-4953-9ef3-c65f3b4f64bd",
	"070770e9-bb48-4762-a854-3f2640912f83",
	"8e4256e2-0235-41b3-acfd-9886bb402d05",
	0);
INSERT INTO R_OIR
	VALUES ("629012b4-4a72-4953-9ef3-c65f3b4f64bd",
	"070770e9-bb48-4762-a854-3f2640912f83",
	"8e4256e2-0235-41b3-acfd-9886bb402d05",
	"00000000-0000-0000-0000-000000000000");
INSERT INTO R_FORM
	VALUES ("9c7320d0-0463-495f-b0ff-82713356c2d6",
	"070770e9-bb48-4762-a854-3f2640912f83",
	"560f3eda-0b59-4ea8-958d-a1c35c6a2810",
	1,
	1,
	'contains');
INSERT INTO R_RGO
	VALUES ("9c7320d0-0463-495f-b0ff-82713356c2d6",
	"070770e9-bb48-4762-a854-3f2640912f83",
	"560f3eda-0b59-4ea8-958d-a1c35c6a2810");
INSERT INTO R_OIR
	VALUES ("9c7320d0-0463-495f-b0ff-82713356c2d6",
	"070770e9-bb48-4762-a854-3f2640912f83",
	"560f3eda-0b59-4ea8-958d-a1c35c6a2810",
	"00000000-0000-0000-0000-000000000000");
INSERT INTO PE_PE
	VALUES ("b8dc9205-90bd-438c-9428-9a6008f11c1a",
	1,
	"2e5272a8-d08d-4d31-9c31-e769bee957e6",
	"00000000-0000-0000-0000-000000000000",
	9);
INSERT INTO R_REL
	VALUES ("b8dc9205-90bd-438c-9428-9a6008f11c1a",
	11,
	'',
	"00000000-0000-0000-0000-000000000000");
INSERT INTO R_SIMP
	VALUES ("b8dc9205-90bd-438c-9428-9a6008f11c1a");
INSERT INTO R_PART
	VALUES ("9c7320d0-0463-495f-b0ff-82713356c2d6",
	"b8dc9205-90bd-438c-9428-9a6008f11c1a",
	"1a241650-14e3-49ea-8e48-2e2d564baa08",
	0,
	0,
	'represents');
INSERT INTO O_RTIDA
	VALUES ("66625a09-367a-41ad-b883-b4708395d459",
	"9c7320d0-0463-495f-b0ff-82713356c2d6",
	0,
	"b8dc9205-90bd-438c-9428-9a6008f11c1a",
	"1a241650-14e3-49ea-8e48-2e2d564baa08");
INSERT INTO O_RTIDA
	VALUES ("fb8b17a4-11ed-4dfa-8570-873895b4957a",
	"9c7320d0-0463-495f-b0ff-82713356c2d6",
	0,
	"b8dc9205-90bd-438c-9428-9a6008f11c1a",
	"1a241650-14e3-49ea-8e48-2e2d564baa08");
INSERT INTO R_RTO
	VALUES ("9c7320d0-0463-495f-b0ff-82713356c2d6",
	"b8dc9205-90bd-438c-9428-9a6008f11c1a",
	"1a241650-14e3-49ea-8e48-2e2d564baa08",
	0);
INSERT INTO R_OIR
	VALUES ("9c7320d0-0463-495f-b0ff-82713356c2d6",
	"b8dc9205-90bd-438c-9428-9a6008f11c1a",
	"1a241650-14e3-49ea-8e48-2e2d564baa08",
	"00000000-0000-0000-0000-000000000000");
INSERT INTO R_FORM
	VALUES ("39b15838-024a-48e4-9d94-0f8677074cf4",
	"b8dc9205-90bd-438c-9428-9a6008f11c1a",
	"ceb48c7d-14fe-4ff9-b555-232ba3e79088",
	0,
	1,
	'represented_by');
INSERT INTO R_RGO
	VALUES ("39b15838-024a-48e4-9d94-0f8677074cf4",
	"b8dc9205-90bd-438c-9428-9a6008f11c1a",
	"ceb48c7d-14fe-4ff9-b555-232ba3e79088");
INSERT INTO R_OIR
	VALUES ("39b15838-024a-48e4-9d94-0f8677074cf4",
	"b8dc9205-90bd-438c-9428-9a6008f11c1a",
	"ceb48c7d-14fe-4ff9-b555-232ba3e79088",
	"00000000-0000-0000-0000-000000000000");
INSERT INTO PE_PE
	VALUES ("24f0b174-73be-41f5-9df8-7fc31bf4c767",
	1,
	"2e5272a8-d08d-4d31-9c31-e769bee957e6",
	"00000000-0000-0000-0000-000000000000",
	9);
INSERT INTO R_REL
	VALUES ("24f0b174-73be-41f5-9df8-7fc31bf4c767",
	13,
	'',
	"00000000-0000-0000-0000-000000000000");
INSERT INTO R_SIMP
	VALUES ("24f0b174-73be-41f5-9df8-7fc31bf4c767");
INSERT INTO R_PART
	VALUES ("7c8227df-316e-425f-b365-2c556d051d06",
	"24f0b174-73be-41f5-9df8-7fc31bf4c767",
	"ce92c648-5c4d-4a91-8071-eb794c8bca21",
	0,
	1,
	'occurs_in');
INSERT INTO O_RTIDA
	VALUES ("3f8a8b45-9a6b-4fa9-aca6-8088df1817f4",
	"7c8227df-316e-425f-b365-2c556d051d06",
	0,
	"24f0b174-73be-41f5-9df8-7fc31bf4c767",
	"ce92c648-5c4d-4a91-8071-eb794c8bca21");
INSERT INTO R_RTO
	VALUES ("7c8227df-316e-425f-b365-2c556d051d06",
	"24f0b174-73be-41f5-9df8-7fc31bf4c767",
	"ce92c648-5c4d-4a91-8071-eb794c8bca21",
	0);
INSERT INTO R_OIR
	VALUES ("7c8227df-316e-425f-b365-2c556d051d06",
	"24f0b174-73be-41f5-9df8-7fc31bf4c767",
	"ce92c648-5c4d-4a91-8071-eb794c8bca21",
	"00000000-0000-0000-0000-000000000000");
INSERT INTO R_FORM
	VALUES ("f49b4588-2f3c-4702-b2d0-222111339caf",
	"24f0b174-73be-41f5-9df8-7fc31bf4c767",
	"9f4b7ea9-9fa1-4df6-8a10-7d5007a2018c",
	1,
	1,
	'includes');
INSERT INTO R_RGO
	VALUES ("f49b4588-2f3c-4702-b2d0-222111339caf",
	"24f0b174-73be-41f5-9df8-7fc31bf4c767",
	"9f4b7ea9-9fa1-4df6-8a10-7d5007a2018c");
INSERT INTO R_OIR
	VALUES ("f49b4588-2f3c-4702-b2d0-222111339caf",
	"24f0b174-73be-41f5-9df8-7fc31bf4c767",
	"9f4b7ea9-9fa1-4df6-8a10-7d5007a2018c",
	"00000000-0000-0000-0000-000000000000");
INSERT INTO PE_PE
	VALUES ("b5b8f193-0512-4b4a-8638-b5be9f7fcda8",
	1,
	"2e5272a8-d08d-4d31-9c31-e769bee957e6",
	"00000000-0000-0000-0000-000000000000",
	9);
INSERT INTO R_REL
	VALUES ("b5b8f193-0512-4b4a-8638-b5be9f7fcda8",
	14,
	'',
	"00000000-0000-0000-0000-000000000000");
INSERT INTO R_SIMP
	VALUES ("b5b8f193-0512-4b4a-8638-b5be9f7fcda8");
INSERT INTO R_PART
	VALUES ("24372e08-7943-4059-9c72-90db5de4cee2",
	"b5b8f193-0512-4b4a-8638-b5be9f7fcda8",
	"a1242a3a-b0e6-46a3-a35e-45ee79bdb22b",
	0,
	1,
	'occurs_in');
INSERT INTO O_RTIDA
	VALUES ("6cddc50e-1d35-4450-8c92-a5d245a37834",
	"24372e08-7943-4059-9c72-90db5de4cee2",
	0,
	"b5b8f193-0512-4b4a-8638-b5be9f7fcda8",
	"a1242a3a-b0e6-46a3-a35e-45ee79bdb22b");
INSERT INTO R_RTO
	VALUES ("24372e08-7943-4059-9c72-90db5de4cee2",
	"b5b8f193-0512-4b4a-8638-b5be9f7fcda8",
	"a1242a3a-b0e6-46a3-a35e-45ee79bdb22b",
	0);
INSERT INTO R_OIR
	VALUES ("24372e08-7943-4059-9c72-90db5de4cee2",
	"b5b8f193-0512-4b4a-8638-b5be9f7fcda8",
	"a1242a3a-b0e6-46a3-a35e-45ee79bdb22b",
	"00000000-0000-0000-0000-000000000000");
INSERT INTO R_FORM
	VALUES ("f49b4588-2f3c-4702-b2d0-222111339caf",
	"b5b8f193-0512-4b4a-8638-b5be9f7fcda8",
	"fdb2df04-cb32-4601-8f11-9c0e94b7c56b",
	1,
	1,
	'includes');
INSERT INTO R_RGO
	VALUES ("f49b4588-2f3c-4702-b2d0-222111339caf",
	"b5b8f193-0512-4b4a-8638-b5be9f7fcda8",
	"fdb2df04-cb32-4601-8f11-9c0e94b7c56b");
INSERT INTO R_OIR
	VALUES ("f49b4588-2f3c-4702-b2d0-222111339caf",
	"b5b8f193-0512-4b4a-8638-b5be9f7fcda8",
	"fdb2df04-cb32-4601-8f11-9c0e94b7c56b",
	"00000000-0000-0000-0000-000000000000");
INSERT INTO PE_PE
	VALUES ("07b9435a-5fb8-477c-b019-a9d779fe8edd",
	1,
	"2e5272a8-d08d-4d31-9c31-e769bee957e6",
	"00000000-0000-0000-0000-000000000000",
	9);
INSERT INTO R_REL
	VALUES ("07b9435a-5fb8-477c-b019-a9d779fe8edd",
	16,
	'',
	"00000000-0000-0000-0000-000000000000");
INSERT INTO R_SIMP
	VALUES ("07b9435a-5fb8-477c-b019-a9d779fe8edd");
INSERT INTO R_PART
	VALUES ("7badb553-3fa9-4709-b3a9-7f02c8a959c1",
	"07b9435a-5fb8-477c-b019-a9d779fe8edd",
	"ba688f92-881c-4476-9d3f-55f8887c2e1c",
	0,
	0,
	'moves');
INSERT INTO O_RTIDA
	VALUES ("2d058561-2658-4825-9b3b-276430821575",
	"7badb553-3fa9-4709-b3a9-7f02c8a959c1",
	0,
	"07b9435a-5fb8-477c-b019-a9d779fe8edd",
	"ba688f92-881c-4476-9d3f-55f8887c2e1c");
INSERT INTO R_RTO
	VALUES ("7badb553-3fa9-4709-b3a9-7f02c8a959c1",
	"07b9435a-5fb8-477c-b019-a9d779fe8edd",
	"ba688f92-881c-4476-9d3f-55f8887c2e1c",
	0);
INSERT INTO R_OIR
	VALUES ("7badb553-3fa9-4709-b3a9-7f02c8a959c1",
	"07b9435a-5fb8-477c-b019-a9d779fe8edd",
	"ba688f92-881c-4476-9d3f-55f8887c2e1c",
	"00000000-0000-0000-0000-000000000000");
INSERT INTO R_FORM
	VALUES ("0cb8fbe3-9ad2-4b07-a656-9ff818fc717e",
	"07b9435a-5fb8-477c-b019-a9d779fe8edd",
	"9be7a3f7-aa4d-47c1-a2d7-e1378cbecaa6",
	0,
	0,
	'moved_by');
INSERT INTO R_RGO
	VALUES ("0cb8fbe3-9ad2-4b07-a656-9ff818fc717e",
	"07b9435a-5fb8-477c-b019-a9d779fe8edd",
	"9be7a3f7-aa4d-47c1-a2d7-e1378cbecaa6");
INSERT INTO R_OIR
	VALUES ("0cb8fbe3-9ad2-4b07-a656-9ff818fc717e",
	"07b9435a-5fb8-477c-b019-a9d779fe8edd",
	"9be7a3f7-aa4d-47c1-a2d7-e1378cbecaa6",
	"00000000-0000-0000-0000-000000000000");
INSERT INTO PE_PE
	VALUES ("b5d55626-1614-4f48-aa55-f16ba1708601",
	1,
	"2e5272a8-d08d-4d31-9c31-e769bee957e6",
	"00000000-0000-0000-0000-000000000000",
	9);
INSERT INTO R_REL
	VALUES ("b5d55626-1614-4f48-aa55-f16ba1708601",
	12,
	'',
	"00000000-0000-0000-0000-000000000000");
INSERT INTO R_SUBSUP
	VALUES ("b5d55626-1614-4f48-aa55-f16ba1708601");
INSERT INTO R_SUPER
	VALUES ("39d9fbc4-4bcc-4a58-a9a7-0e36c7930bef",
	"b5d55626-1614-4f48-aa55-f16ba1708601",
	"ada79914-51fe-4f36-989b-b0e535dfeceb");
INSERT INTO O_RTIDA
	VALUES ("040ce387-f0f2-4c90-a3da-71a4bd87a3ea",
	"39d9fbc4-4bcc-4a58-a9a7-0e36c7930bef",
	0,
	"b5d55626-1614-4f48-aa55-f16ba1708601",
	"ada79914-51fe-4f36-989b-b0e535dfeceb");
INSERT INTO R_RTO
	VALUES ("39d9fbc4-4bcc-4a58-a9a7-0e36c7930bef",
	"b5d55626-1614-4f48-aa55-f16ba1708601",
	"ada79914-51fe-4f36-989b-b0e535dfeceb",
	0);
INSERT INTO R_OIR
	VALUES ("39d9fbc4-4bcc-4a58-a9a7-0e36c7930bef",
	"b5d55626-1614-4f48-aa55-f16ba1708601",
	"ada79914-51fe-4f36-989b-b0e535dfeceb",
	"00000000-0000-0000-0000-000000000000");
INSERT INTO R_SUB
	VALUES ("053cfb36-a3f2-4128-a67f-6b87aaae86eb",
	"b5d55626-1614-4f48-aa55-f16ba1708601",
	"87f639c4-c8a9-4343-ae9c-a54cb7dc4402");
INSERT INTO R_RGO
	VALUES ("053cfb36-a3f2-4128-a67f-6b87aaae86eb",
	"b5d55626-1614-4f48-aa55-f16ba1708601",
	"87f639c4-c8a9-4343-ae9c-a54cb7dc4402");
INSERT INTO R_OIR
	VALUES ("053cfb36-a3f2-4128-a67f-6b87aaae86eb",
	"b5d55626-1614-4f48-aa55-f16ba1708601",
	"87f639c4-c8a9-4343-ae9c-a54cb7dc4402",
	"00000000-0000-0000-0000-000000000000");
INSERT INTO R_SUB
	VALUES ("f49b4588-2f3c-4702-b2d0-222111339caf",
	"b5d55626-1614-4f48-aa55-f16ba1708601",
	"d2ef5d11-8243-4a56-9401-5f15517fc67e");
INSERT INTO R_RGO
	VALUES ("f49b4588-2f3c-4702-b2d0-222111339caf",
	"b5d55626-1614-4f48-aa55-f16ba1708601",
	"d2ef5d11-8243-4a56-9401-5f15517fc67e");
INSERT INTO R_OIR
	VALUES ("f49b4588-2f3c-4702-b2d0-222111339caf",
	"b5d55626-1614-4f48-aa55-f16ba1708601",
	"d2ef5d11-8243-4a56-9401-5f15517fc67e",
	"00000000-0000-0000-0000-000000000000");
INSERT INTO PE_PE
	VALUES ("1875fcc0-d24a-4710-a91f-a2e466f6543c",
	1,
	"2e5272a8-d08d-4d31-9c31-e769bee957e6",
	"00000000-0000-0000-0000-000000000000",
	9);
INSERT INTO R_REL
	VALUES ("1875fcc0-d24a-4710-a91f-a2e466f6543c",
	1,
	'',
	"00000000-0000-0000-0000-000000000000");
INSERT INTO R_SIMP
	VALUES ("1875fcc0-d24a-4710-a91f-a2e466f6543c");
INSERT INTO R_PART
	VALUES ("a432acd5-c989-4c4f-8071-0b88be80aca6",
	"1875fcc0-d24a-4710-a91f-a2e466f6543c",
	"9d3df273-8741-46c9-b66e-66b66f8df47d",
	0,
	0,
	'keeps_score_for');
INSERT INTO O_RTIDA
	VALUES ("38602585-e65a-45a2-b36c-7437a1d7ab0e",
	"a432acd5-c989-4c4f-8071-0b88be80aca6",
	0,
	"1875fcc0-d24a-4710-a91f-a2e466f6543c",
	"9d3df273-8741-46c9-b66e-66b66f8df47d");
INSERT INTO R_RTO
	VALUES ("a432acd5-c989-4c4f-8071-0b88be80aca6",
	"1875fcc0-d24a-4710-a91f-a2e466f6543c",
	"9d3df273-8741-46c9-b66e-66b66f8df47d",
	0);
INSERT INTO R_OIR
	VALUES ("a432acd5-c989-4c4f-8071-0b88be80aca6",
	"1875fcc0-d24a-4710-a91f-a2e466f6543c",
	"9d3df273-8741-46c9-b66e-66b66f8df47d",
	"00000000-0000-0000-0000-000000000000");
INSERT INTO R_FORM
	VALUES ("56e99542-222c-4328-bf84-766813710c27",
	"1875fcc0-d24a-4710-a91f-a2e466f6543c",
	"2131366e-a417-4cf0-8088-9d08438991eb",
	0,
	0,
	'has');
INSERT INTO R_RGO
	VALUES ("56e99542-222c-4328-bf84-766813710c27",
	"1875fcc0-d24a-4710-a91f-a2e466f6543c",
	"2131366e-a417-4cf0-8088-9d08438991eb");
INSERT INTO R_OIR
	VALUES ("56e99542-222c-4328-bf84-766813710c27",
	"1875fcc0-d24a-4710-a91f-a2e466f6543c",
	"2131366e-a417-4cf0-8088-9d08438991eb",
	"00000000-0000-0000-0000-000000000000");
INSERT INTO PE_PE
	VALUES ("90df6f39-c067-4385-bb0e-6ed72d90963b",
	1,
	"2e5272a8-d08d-4d31-9c31-e769bee957e6",
	"00000000-0000-0000-0000-000000000000",
	9);
INSERT INTO R_REL
	VALUES ("90df6f39-c067-4385-bb0e-6ed72d90963b",
	9,
	'',
	"00000000-0000-0000-0000-000000000000");
INSERT INTO R_SIMP
	VALUES ("90df6f39-c067-4385-bb0e-6ed72d90963b");
INSERT INTO R_PART
	VALUES ("7c8227df-316e-425f-b365-2c556d051d06",
	"90df6f39-c067-4385-bb0e-6ed72d90963b",
	"ec92a803-6ecc-4b18-8070-b783f8a268e9",
	0,
	1,
	'located_in');
INSERT INTO O_RTIDA
	VALUES ("3f8a8b45-9a6b-4fa9-aca6-8088df1817f4",
	"7c8227df-316e-425f-b365-2c556d051d06",
	0,
	"90df6f39-c067-4385-bb0e-6ed72d90963b",
	"ec92a803-6ecc-4b18-8070-b783f8a268e9");
INSERT INTO R_RTO
	VALUES ("7c8227df-316e-425f-b365-2c556d051d06",
	"90df6f39-c067-4385-bb0e-6ed72d90963b",
	"ec92a803-6ecc-4b18-8070-b783f8a268e9",
	0);
INSERT INTO R_OIR
	VALUES ("7c8227df-316e-425f-b365-2c556d051d06",
	"90df6f39-c067-4385-bb0e-6ed72d90963b",
	"ec92a803-6ecc-4b18-8070-b783f8a268e9",
	"00000000-0000-0000-0000-000000000000");
INSERT INTO R_FORM
	VALUES ("9c7320d0-0463-495f-b0ff-82713356c2d6",
	"90df6f39-c067-4385-bb0e-6ed72d90963b",
	"27062e47-314f-49a1-8595-ae9fb7a03bbb",
	1,
	1,
	'contains');
INSERT INTO R_RGO
	VALUES ("9c7320d0-0463-495f-b0ff-82713356c2d6",
	"90df6f39-c067-4385-bb0e-6ed72d90963b",
	"27062e47-314f-49a1-8595-ae9fb7a03bbb");
INSERT INTO R_OIR
	VALUES ("9c7320d0-0463-495f-b0ff-82713356c2d6",
	"90df6f39-c067-4385-bb0e-6ed72d90963b",
	"27062e47-314f-49a1-8595-ae9fb7a03bbb",
	"00000000-0000-0000-0000-000000000000");
INSERT INTO PE_PE
	VALUES ("d52118fb-bb06-4c84-96f8-51e9b75dfc3a",
	1,
	"2e5272a8-d08d-4d31-9c31-e769bee957e6",
	"00000000-0000-0000-0000-000000000000",
	9);
INSERT INTO R_REL
	VALUES ("d52118fb-bb06-4c84-96f8-51e9b75dfc3a",
	8,
	'',
	"00000000-0000-0000-0000-000000000000");
INSERT INTO R_SIMP
	VALUES ("d52118fb-bb06-4c84-96f8-51e9b75dfc3a");
INSERT INTO R_PART
	VALUES ("24372e08-7943-4059-9c72-90db5de4cee2",
	"d52118fb-bb06-4c84-96f8-51e9b75dfc3a",
	"3bee0de0-6e2b-49bb-9592-4e8071866a49",
	0,
	1,
	'located_in');
INSERT INTO O_RTIDA
	VALUES ("6cddc50e-1d35-4450-8c92-a5d245a37834",
	"24372e08-7943-4059-9c72-90db5de4cee2",
	0,
	"d52118fb-bb06-4c84-96f8-51e9b75dfc3a",
	"3bee0de0-6e2b-49bb-9592-4e8071866a49");
INSERT INTO R_RTO
	VALUES ("24372e08-7943-4059-9c72-90db5de4cee2",
	"d52118fb-bb06-4c84-96f8-51e9b75dfc3a",
	"3bee0de0-6e2b-49bb-9592-4e8071866a49",
	0);
INSERT INTO R_OIR
	VALUES ("24372e08-7943-4059-9c72-90db5de4cee2",
	"d52118fb-bb06-4c84-96f8-51e9b75dfc3a",
	"3bee0de0-6e2b-49bb-9592-4e8071866a49",
	"00000000-0000-0000-0000-000000000000");
INSERT INTO R_FORM
	VALUES ("9c7320d0-0463-495f-b0ff-82713356c2d6",
	"d52118fb-bb06-4c84-96f8-51e9b75dfc3a",
	"5b02b33b-5afc-4f56-b1d7-aae456c752b6",
	1,
	1,
	'contains');
INSERT INTO R_RGO
	VALUES ("9c7320d0-0463-495f-b0ff-82713356c2d6",
	"d52118fb-bb06-4c84-96f8-51e9b75dfc3a",
	"5b02b33b-5afc-4f56-b1d7-aae456c752b6");
INSERT INTO R_OIR
	VALUES ("9c7320d0-0463-495f-b0ff-82713356c2d6",
	"d52118fb-bb06-4c84-96f8-51e9b75dfc3a",
	"5b02b33b-5afc-4f56-b1d7-aae456c752b6",
	"00000000-0000-0000-0000-000000000000");
INSERT INTO PE_PE
	VALUES ("8db548c4-ef3d-455e-a139-b3dd368278fe",
	1,
	"2e5272a8-d08d-4d31-9c31-e769bee957e6",
	"00000000-0000-0000-0000-000000000000",
	9);
INSERT INTO R_REL
	VALUES ("8db548c4-ef3d-455e-a139-b3dd368278fe",
	10,
	'',
	"00000000-0000-0000-0000-000000000000");
INSERT INTO R_ASSOC
	VALUES ("8db548c4-ef3d-455e-a139-b3dd368278fe");
INSERT INTO R_AONE
	VALUES ("39d9fbc4-4bcc-4a58-a9a7-0e36c7930bef",
	"8db548c4-ef3d-455e-a139-b3dd368278fe",
	"a2926850-72f9-40f9-b797-e7706dee30eb",
	1,
	1,
	'makes');
INSERT INTO O_RTIDA
	VALUES ("040ce387-f0f2-4c90-a3da-71a4bd87a3ea",
	"39d9fbc4-4bcc-4a58-a9a7-0e36c7930bef",
	0,
	"8db548c4-ef3d-455e-a139-b3dd368278fe",
	"a2926850-72f9-40f9-b797-e7706dee30eb");
INSERT INTO R_RTO
	VALUES ("39d9fbc4-4bcc-4a58-a9a7-0e36c7930bef",
	"8db548c4-ef3d-455e-a139-b3dd368278fe",
	"a2926850-72f9-40f9-b797-e7706dee30eb",
	0);
INSERT INTO R_OIR
	VALUES ("39d9fbc4-4bcc-4a58-a9a7-0e36c7930bef",
	"8db548c4-ef3d-455e-a139-b3dd368278fe",
	"a2926850-72f9-40f9-b797-e7706dee30eb",
	"00000000-0000-0000-0000-000000000000");
INSERT INTO R_AOTH
	VALUES ("04fb0288-d0dc-4e13-810b-cbcd8303ccb2",
	"8db548c4-ef3d-455e-a139-b3dd368278fe",
	"a6d9e08c-dd46-477d-8c16-43b506f81762",
	0,
	0,
	'made_by');
INSERT INTO O_RTIDA
	VALUES ("dd7be9cb-ed25-49d0-9629-87e3222f25dd",
	"04fb0288-d0dc-4e13-810b-cbcd8303ccb2",
	0,
	"8db548c4-ef3d-455e-a139-b3dd368278fe",
	"a6d9e08c-dd46-477d-8c16-43b506f81762");
INSERT INTO R_RTO
	VALUES ("04fb0288-d0dc-4e13-810b-cbcd8303ccb2",
	"8db548c4-ef3d-455e-a139-b3dd368278fe",
	"a6d9e08c-dd46-477d-8c16-43b506f81762",
	0);
INSERT INTO R_OIR
	VALUES ("04fb0288-d0dc-4e13-810b-cbcd8303ccb2",
	"8db548c4-ef3d-455e-a139-b3dd368278fe",
	"a6d9e08c-dd46-477d-8c16-43b506f81762",
	"00000000-0000-0000-0000-000000000000");
INSERT INTO R_ASSR
	VALUES ("39b15838-024a-48e4-9d94-0f8677074cf4",
	"8db548c4-ef3d-455e-a139-b3dd368278fe",
	"4cbd3105-ac0c-4475-883c-96a6477bb4b5",
	0);
INSERT INTO R_RGO
	VALUES ("39b15838-024a-48e4-9d94-0f8677074cf4",
	"8db548c4-ef3d-455e-a139-b3dd368278fe",
	"4cbd3105-ac0c-4475-883c-96a6477bb4b5");
INSERT INTO R_OIR
	VALUES ("39b15838-024a-48e4-9d94-0f8677074cf4",
	"8db548c4-ef3d-455e-a139-b3dd368278fe",
	"4cbd3105-ac0c-4475-883c-96a6477bb4b5",
	"00000000-0000-0000-0000-000000000000");
INSERT INTO PE_PE
	VALUES ("bbcb6bfe-95d9-4d8a-9f64-aba61c402954",
	1,
	"2e5272a8-d08d-4d31-9c31-e769bee957e6",
	"00000000-0000-0000-0000-000000000000",
	9);
INSERT INTO R_REL
	VALUES ("bbcb6bfe-95d9-4d8a-9f64-aba61c402954",
	15,
	'',
	"00000000-0000-0000-0000-000000000000");
INSERT INTO R_SIMP
	VALUES ("bbcb6bfe-95d9-4d8a-9f64-aba61c402954");
INSERT INTO R_PART
	VALUES ("0cb8fbe3-9ad2-4b07-a656-9ff818fc717e",
	"bbcb6bfe-95d9-4d8a-9f64-aba61c402954",
	"209bf1dd-4e38-4df7-98fd-32635574869a",
	0,
	0,
	'changes');
INSERT INTO O_RTIDA
	VALUES ("d2ad1fa5-42a3-4a9a-83d7-2e58a30eeb8a",
	"0cb8fbe3-9ad2-4b07-a656-9ff818fc717e",
	0,
	"bbcb6bfe-95d9-4d8a-9f64-aba61c402954",
	"209bf1dd-4e38-4df7-98fd-32635574869a");
INSERT INTO R_RTO
	VALUES ("0cb8fbe3-9ad2-4b07-a656-9ff818fc717e",
	"bbcb6bfe-95d9-4d8a-9f64-aba61c402954",
	"209bf1dd-4e38-4df7-98fd-32635574869a",
	0);
INSERT INTO R_OIR
	VALUES ("0cb8fbe3-9ad2-4b07-a656-9ff818fc717e",
	"bbcb6bfe-95d9-4d8a-9f64-aba61c402954",
	"209bf1dd-4e38-4df7-98fd-32635574869a",
	"00000000-0000-0000-0000-000000000000");
INSERT INTO R_FORM
	VALUES ("f49b4588-2f3c-4702-b2d0-222111339caf",
	"bbcb6bfe-95d9-4d8a-9f64-aba61c402954",
	"64540d72-6566-4a18-a55f-79c29db382b6",
	1,
	1,
	'changed_by');
INSERT INTO R_RGO
	VALUES ("f49b4588-2f3c-4702-b2d0-222111339caf",
	"bbcb6bfe-95d9-4d8a-9f64-aba61c402954",
	"64540d72-6566-4a18-a55f-79c29db382b6");
INSERT INTO R_OIR
	VALUES ("f49b4588-2f3c-4702-b2d0-222111339caf",
	"bbcb6bfe-95d9-4d8a-9f64-aba61c402954",
	"64540d72-6566-4a18-a55f-79c29db382b6",
	"00000000-0000-0000-0000-000000000000");
INSERT INTO PE_PE
	VALUES ("56e99542-222c-4328-bf84-766813710c27",
	1,
	"2e5272a8-d08d-4d31-9c31-e769bee957e6",
	"00000000-0000-0000-0000-000000000000",
	4);
INSERT INTO O_OBJ
	VALUES ("56e99542-222c-4328-bf84-766813710c27",
	'Board',
	1,
	'Board',
	'',
	"00000000-0000-0000-0000-000000000000");
INSERT INTO O_NBATTR
	VALUES ("1cdc4432-31f9-4f65-b288-8ba566f60819",
	"56e99542-222c-4328-bf84-766813710c27");
INSERT INTO O_BATTR
	VALUES ("1cdc4432-31f9-4f65-b288-8ba566f60819",
	"56e99542-222c-4328-bf84-766813710c27");
INSERT INTO O_ATTR
	VALUES ("1cdc4432-31f9-4f65-b288-8ba566f60819",
	"56e99542-222c-4328-bf84-766813710c27",
	"00000000-0000-0000-0000-000000000000",
	'board_id',
	'',
	'',
	'board_id',
	0,
	"5fb79df4-fa29-492c-a632-ff670eb8f714",
	'',
	'');
INSERT INTO O_REF
	VALUES ("56e99542-222c-4328-bf84-766813710c27",
	"a432acd5-c989-4c4f-8071-0b88be80aca6",
	0,
	"38602585-e65a-45a2-b36c-7437a1d7ab0e",
	"1875fcc0-d24a-4710-a91f-a2e466f6543c",
	"2131366e-a417-4cf0-8088-9d08438991eb",
	"9d3df273-8741-46c9-b66e-66b66f8df47d",
	"6ff4eab4-1070-4185-9c12-86247cde8149",
	"caee0f51-b84d-43b6-a183-d22085964568",
	"00000000-0000-0000-0000-000000000000",
	0,
	'',
	'Game',
	'game_number',
	'R1.''keeps_score_for''');
INSERT INTO O_RATTR
	VALUES ("6ff4eab4-1070-4185-9c12-86247cde8149",
	"56e99542-222c-4328-bf84-766813710c27",
	"38602585-e65a-45a2-b36c-7437a1d7ab0e",
	"a432acd5-c989-4c4f-8071-0b88be80aca6",
	0,
	'game_number');
INSERT INTO O_ATTR
	VALUES ("6ff4eab4-1070-4185-9c12-86247cde8149",
	"56e99542-222c-4328-bf84-766813710c27",
	"1cdc4432-31f9-4f65-b288-8ba566f60819",
	'game_number',
	'',
	'',
	'game_number',
	0,
	"ba5eda7a-def5-0000-0000-000000000007",
	'',
	'');
INSERT INTO O_ID
	VALUES (0,
	"56e99542-222c-4328-bf84-766813710c27");
INSERT INTO O_OIDA
	VALUES ("1cdc4432-31f9-4f65-b288-8ba566f60819",
	"56e99542-222c-4328-bf84-766813710c27",
	0,
	'board_id');
INSERT INTO O_ID
	VALUES (1,
	"56e99542-222c-4328-bf84-766813710c27");
INSERT INTO O_ID
	VALUES (2,
	"56e99542-222c-4328-bf84-766813710c27");
INSERT INTO PE_PE
	VALUES ("9c7320d0-0463-495f-b0ff-82713356c2d6",
	1,
	"2e5272a8-d08d-4d31-9c31-e769bee957e6",
	"00000000-0000-0000-0000-000000000000",
	4);
INSERT INTO O_OBJ
	VALUES ("9c7320d0-0463-495f-b0ff-82713356c2d6",
	'Card',
	2,
	'Card',
	'',
	"00000000-0000-0000-0000-000000000000");
INSERT INTO O_NBATTR
	VALUES ("66625a09-367a-41ad-b883-b4708395d459",
	"9c7320d0-0463-495f-b0ff-82713356c2d6");
INSERT INTO O_BATTR
	VALUES ("66625a09-367a-41ad-b883-b4708395d459",
	"9c7320d0-0463-495f-b0ff-82713356c2d6");
INSERT INTO O_ATTR
	VALUES ("66625a09-367a-41ad-b883-b4708395d459",
	"9c7320d0-0463-495f-b0ff-82713356c2d6",
	"00000000-0000-0000-0000-000000000000",
	'value',
	'',
	'',
	'value',
	0,
	"6ae33386-41bb-4685-ad4e-4cbde47a37ce",
	'',
	'');
INSERT INTO O_NBATTR
	VALUES ("fb8b17a4-11ed-4dfa-8570-873895b4957a",
	"9c7320d0-0463-495f-b0ff-82713356c2d6");
INSERT INTO O_BATTR
	VALUES ("fb8b17a4-11ed-4dfa-8570-873895b4957a",
	"9c7320d0-0463-495f-b0ff-82713356c2d6");
INSERT INTO O_ATTR
	VALUES ("fb8b17a4-11ed-4dfa-8570-873895b4957a",
	"9c7320d0-0463-495f-b0ff-82713356c2d6",
	"66625a09-367a-41ad-b883-b4708395d459",
	'suit',
	'',
	'',
	'suit',
	0,
	"914c0ffc-e377-4cf0-b9ea-f64aba64d095",
	'',
	'');
INSERT INTO O_REF
	VALUES ("9c7320d0-0463-495f-b0ff-82713356c2d6",
	"7c8227df-316e-425f-b365-2c556d051d06",
	0,
	"3f8a8b45-9a6b-4fa9-aca6-8088df1817f4",
	"90df6f39-c067-4385-bb0e-6ed72d90963b",
	"27062e47-314f-49a1-8595-ae9fb7a03bbb",
	"ec92a803-6ecc-4b18-8070-b783f8a268e9",
	"b2a95a9d-0d73-44cb-8b6b-0ef8ca9dcd2f",
	"86bbc123-26cf-4535-aecc-854b878af9d5",
	"00000000-0000-0000-0000-000000000000",
	0,
	'',
	'Hand',
	'hand_id',
	'R9.''located_in''');
INSERT INTO O_RATTR
	VALUES ("b2a95a9d-0d73-44cb-8b6b-0ef8ca9dcd2f",
	"9c7320d0-0463-495f-b0ff-82713356c2d6",
	"3f8a8b45-9a6b-4fa9-aca6-8088df1817f4",
	"7c8227df-316e-425f-b365-2c556d051d06",
	0,
	'hand_id');
INSERT INTO O_ATTR
	VALUES ("b2a95a9d-0d73-44cb-8b6b-0ef8ca9dcd2f",
	"9c7320d0-0463-495f-b0ff-82713356c2d6",
	"fb8b17a4-11ed-4dfa-8570-873895b4957a",
	'hand_id',
	'',
	'',
	'hand_id',
	0,
	"ba5eda7a-def5-0000-0000-000000000007",
	'',
	'');
INSERT INTO O_REF
	VALUES ("9c7320d0-0463-495f-b0ff-82713356c2d6",
	"24372e08-7943-4059-9c72-90db5de4cee2",
	0,
	"6cddc50e-1d35-4450-8c92-a5d245a37834",
	"d52118fb-bb06-4c84-96f8-51e9b75dfc3a",
	"5b02b33b-5afc-4f56-b1d7-aae456c752b6",
	"3bee0de0-6e2b-49bb-9592-4e8071866a49",
	"eb4cee9a-e6d2-44de-ad5f-0b26c59446b8",
	"d43e5e28-8578-4628-b2dd-36765b53f7da",
	"00000000-0000-0000-0000-000000000000",
	0,
	'',
	'Pile',
	'pile_id',
	'R8.''located_in''');
INSERT INTO O_RATTR
	VALUES ("eb4cee9a-e6d2-44de-ad5f-0b26c59446b8",
	"9c7320d0-0463-495f-b0ff-82713356c2d6",
	"6cddc50e-1d35-4450-8c92-a5d245a37834",
	"24372e08-7943-4059-9c72-90db5de4cee2",
	0,
	'pile_id');
INSERT INTO O_ATTR
	VALUES ("eb4cee9a-e6d2-44de-ad5f-0b26c59446b8",
	"9c7320d0-0463-495f-b0ff-82713356c2d6",
	"b2a95a9d-0d73-44cb-8b6b-0ef8ca9dcd2f",
	'pile_id',
	'',
	'',
	'pile_id',
	0,
	"ba5eda7a-def5-0000-0000-000000000007",
	'',
	'');
INSERT INTO O_REF
	VALUES ("9c7320d0-0463-495f-b0ff-82713356c2d6",
	"629012b4-4a72-4953-9ef3-c65f3b4f64bd",
	0,
	"744da407-3460-4ad1-9186-ce475e3a09b5",
	"070770e9-bb48-4762-a854-3f2640912f83",
	"560f3eda-0b59-4ea8-958d-a1c35c6a2810",
	"8e4256e2-0235-41b3-acfd-9886bb402d05",
	"a89417f4-b059-43d1-99ba-55d88d4685c7",
	"9ca5ca0b-23de-4fe6-8715-20832a1330a8",
	"00000000-0000-0000-0000-000000000000",
	0,
	'',
	'Deck',
	'deck_id',
	'R7.''located_in''');
INSERT INTO O_RATTR
	VALUES ("a89417f4-b059-43d1-99ba-55d88d4685c7",
	"9c7320d0-0463-495f-b0ff-82713356c2d6",
	"744da407-3460-4ad1-9186-ce475e3a09b5",
	"629012b4-4a72-4953-9ef3-c65f3b4f64bd",
	0,
	'deck_id');
INSERT INTO O_ATTR
	VALUES ("a89417f4-b059-43d1-99ba-55d88d4685c7",
	"9c7320d0-0463-495f-b0ff-82713356c2d6",
	"eb4cee9a-e6d2-44de-ad5f-0b26c59446b8",
	'deck_id',
	'',
	'',
	'deck_id',
	0,
	"ba5eda7a-def5-0000-0000-000000000007",
	'',
	'');
INSERT INTO O_ID
	VALUES (0,
	"9c7320d0-0463-495f-b0ff-82713356c2d6");
INSERT INTO O_OIDA
	VALUES ("66625a09-367a-41ad-b883-b4708395d459",
	"9c7320d0-0463-495f-b0ff-82713356c2d6",
	0,
	'value');
INSERT INTO O_OIDA
	VALUES ("fb8b17a4-11ed-4dfa-8570-873895b4957a",
	"9c7320d0-0463-495f-b0ff-82713356c2d6",
	0,
	'suit');
INSERT INTO O_ID
	VALUES (1,
	"9c7320d0-0463-495f-b0ff-82713356c2d6");
INSERT INTO O_ID
	VALUES (2,
	"9c7320d0-0463-495f-b0ff-82713356c2d6");
INSERT INTO PE_PE
	VALUES ("39b15838-024a-48e4-9d94-0f8677074cf4",
	1,
	"2e5272a8-d08d-4d31-9c31-e769bee957e6",
	"00000000-0000-0000-0000-000000000000",
	4);
INSERT INTO O_OBJ
	VALUES ("39b15838-024a-48e4-9d94-0f8677074cf4",
	'CardInPlay',
	3,
	'CardInPlay',
	'',
	"00000000-0000-0000-0000-000000000000");
INSERT INTO O_REF
	VALUES ("39b15838-024a-48e4-9d94-0f8677074cf4",
	"39d9fbc4-4bcc-4a58-a9a7-0e36c7930bef",
	0,
	"040ce387-f0f2-4c90-a3da-71a4bd87a3ea",
	"8db548c4-ef3d-455e-a139-b3dd368278fe",
	"4cbd3105-ac0c-4475-883c-96a6477bb4b5",
	"a2926850-72f9-40f9-b797-e7706dee30eb",
	"b68d1f04-72b5-4757-ba28-bd52aa1f2dc8",
	"8eaa55cc-6bca-4411-a3b8-cab8c2a6d57a",
	"00000000-0000-0000-0000-000000000000",
	0,
	'',
	'Play',
	'play_id',
	'R10.''makes''');
INSERT INTO O_RATTR
	VALUES ("b68d1f04-72b5-4757-ba28-bd52aa1f2dc8",
	"39b15838-024a-48e4-9d94-0f8677074cf4",
	"040ce387-f0f2-4c90-a3da-71a4bd87a3ea",
	"39d9fbc4-4bcc-4a58-a9a7-0e36c7930bef",
	0,
	'play_id');
INSERT INTO O_ATTR
	VALUES ("b68d1f04-72b5-4757-ba28-bd52aa1f2dc8",
	"39b15838-024a-48e4-9d94-0f8677074cf4",
	"00000000-0000-0000-0000-000000000000",
	'play_id',
	'',
	'',
	'play_id',
	0,
	"ba5eda7a-def5-0000-0000-000000000007",
	'',
	'');
INSERT INTO O_REF
	VALUES ("39b15838-024a-48e4-9d94-0f8677074cf4",
	"04fb0288-d0dc-4e13-810b-cbcd8303ccb2",
	0,
	"dd7be9cb-ed25-49d0-9629-87e3222f25dd",
	"8db548c4-ef3d-455e-a139-b3dd368278fe",
	"4cbd3105-ac0c-4475-883c-96a6477bb4b5",
	"a6d9e08c-dd46-477d-8c16-43b506f81762",
	"9c567736-3edc-4a0f-b8d2-622ee91c9a87",
	"6457c4c0-8d6f-4c6d-8003-4bfb655642b0",
	"00000000-0000-0000-0000-000000000000",
	0,
	'',
	'Player',
	'player_number',
	'R10.''made_by''');
INSERT INTO O_RATTR
	VALUES ("9c567736-3edc-4a0f-b8d2-622ee91c9a87",
	"39b15838-024a-48e4-9d94-0f8677074cf4",
	"dd7be9cb-ed25-49d0-9629-87e3222f25dd",
	"04fb0288-d0dc-4e13-810b-cbcd8303ccb2",
	0,
	'player_number');
INSERT INTO O_ATTR
	VALUES ("9c567736-3edc-4a0f-b8d2-622ee91c9a87",
	"39b15838-024a-48e4-9d94-0f8677074cf4",
	"b68d1f04-72b5-4757-ba28-bd52aa1f2dc8",
	'player_number',
	'',
	'',
	'player_number',
	0,
	"ba5eda7a-def5-0000-0000-000000000007",
	'',
	'');
INSERT INTO O_REF
	VALUES ("39b15838-024a-48e4-9d94-0f8677074cf4",
	"9c7320d0-0463-495f-b0ff-82713356c2d6",
	0,
	"66625a09-367a-41ad-b883-b4708395d459",
	"b8dc9205-90bd-438c-9428-9a6008f11c1a",
	"ceb48c7d-14fe-4ff9-b555-232ba3e79088",
	"1a241650-14e3-49ea-8e48-2e2d564baa08",
	"54b7e962-89de-4f64-a928-0ca1a0c0b283",
	"795bf14e-4d8a-4101-9988-cf8d31402dfc",
	"00000000-0000-0000-0000-000000000000",
	0,
	'',
	'Card',
	'value',
	'R11.''represents''');
INSERT INTO O_RATTR
	VALUES ("54b7e962-89de-4f64-a928-0ca1a0c0b283",
	"39b15838-024a-48e4-9d94-0f8677074cf4",
	"66625a09-367a-41ad-b883-b4708395d459",
	"9c7320d0-0463-495f-b0ff-82713356c2d6",
	0,
	'value');
INSERT INTO O_ATTR
	VALUES ("54b7e962-89de-4f64-a928-0ca1a0c0b283",
	"39b15838-024a-48e4-9d94-0f8677074cf4",
	"9c567736-3edc-4a0f-b8d2-622ee91c9a87",
	'value',
	'',
	'',
	'value',
	0,
	"ba5eda7a-def5-0000-0000-000000000007",
	'',
	'');
INSERT INTO O_REF
	VALUES ("39b15838-024a-48e4-9d94-0f8677074cf4",
	"9c7320d0-0463-495f-b0ff-82713356c2d6",
	0,
	"fb8b17a4-11ed-4dfa-8570-873895b4957a",
	"b8dc9205-90bd-438c-9428-9a6008f11c1a",
	"ceb48c7d-14fe-4ff9-b555-232ba3e79088",
	"1a241650-14e3-49ea-8e48-2e2d564baa08",
	"7780ec30-a425-463a-adb0-3230b5d65f00",
	"feae5f19-13cd-49cf-8a13-77b71a38c2c7",
	"00000000-0000-0000-0000-000000000000",
	0,
	'',
	'Card',
	'suit',
	'R11.''represents''');
INSERT INTO O_RATTR
	VALUES ("7780ec30-a425-463a-adb0-3230b5d65f00",
	"39b15838-024a-48e4-9d94-0f8677074cf4",
	"fb8b17a4-11ed-4dfa-8570-873895b4957a",
	"9c7320d0-0463-495f-b0ff-82713356c2d6",
	0,
	'suit');
INSERT INTO O_ATTR
	VALUES ("7780ec30-a425-463a-adb0-3230b5d65f00",
	"39b15838-024a-48e4-9d94-0f8677074cf4",
	"54b7e962-89de-4f64-a928-0ca1a0c0b283",
	'suit',
	'',
	'',
	'suit',
	0,
	"ba5eda7a-def5-0000-0000-000000000007",
	'',
	'');
INSERT INTO O_ID
	VALUES (0,
	"39b15838-024a-48e4-9d94-0f8677074cf4");
INSERT INTO O_OIDA
	VALUES ("b68d1f04-72b5-4757-ba28-bd52aa1f2dc8",
	"39b15838-024a-48e4-9d94-0f8677074cf4",
	0,
	'play_id');
INSERT INTO O_OIDA
	VALUES ("9c567736-3edc-4a0f-b8d2-622ee91c9a87",
	"39b15838-024a-48e4-9d94-0f8677074cf4",
	0,
	'player_number');
INSERT INTO O_ID
	VALUES (1,
	"39b15838-024a-48e4-9d94-0f8677074cf4");
INSERT INTO O_ID
	VALUES (2,
	"39b15838-024a-48e4-9d94-0f8677074cf4");
INSERT INTO PE_PE
	VALUES ("629012b4-4a72-4953-9ef3-c65f3b4f64bd",
	1,
	"2e5272a8-d08d-4d31-9c31-e769bee957e6",
	"00000000-0000-0000-0000-000000000000",
	4);
INSERT INTO O_OBJ
	VALUES ("629012b4-4a72-4953-9ef3-c65f3b4f64bd",
	'Deck',
	4,
	'Deck',
	'',
	"00000000-0000-0000-0000-000000000000");
INSERT INTO O_NBATTR
	VALUES ("744da407-3460-4ad1-9186-ce475e3a09b5",
	"629012b4-4a72-4953-9ef3-c65f3b4f64bd");
INSERT INTO O_BATTR
	VALUES ("744da407-3460-4ad1-9186-ce475e3a09b5",
	"629012b4-4a72-4953-9ef3-c65f3b4f64bd");
INSERT INTO O_ATTR
	VALUES ("744da407-3460-4ad1-9186-ce475e3a09b5",
	"629012b4-4a72-4953-9ef3-c65f3b4f64bd",
	"00000000-0000-0000-0000-000000000000",
	'deck_id',
	'',
	'',
	'deck_id',
	0,
	"5fb79df4-fa29-492c-a632-ff670eb8f714",
	'',
	'');
INSERT INTO O_REF
	VALUES ("629012b4-4a72-4953-9ef3-c65f3b4f64bd",
	"a432acd5-c989-4c4f-8071-0b88be80aca6",
	0,
	"38602585-e65a-45a2-b36c-7437a1d7ab0e",
	"38812fd0-72e9-4a54-ad8b-08e1a1bf6eb8",
	"9e7c5769-5d71-4c5e-a485-9aeaae07dc09",
	"984cdcd2-177e-493f-af68-799e4de0a097",
	"b0756168-e9a9-474c-9d5e-500134bf5685",
	"0fdc9401-9da8-4554-a1c2-5fd1c1aa6856",
	"00000000-0000-0000-0000-000000000000",
	0,
	'',
	'Game',
	'game_number',
	'R2.''contains_cards_for''');
INSERT INTO O_RATTR
	VALUES ("b0756168-e9a9-474c-9d5e-500134bf5685",
	"629012b4-4a72-4953-9ef3-c65f3b4f64bd",
	"38602585-e65a-45a2-b36c-7437a1d7ab0e",
	"a432acd5-c989-4c4f-8071-0b88be80aca6",
	0,
	'game_number');
INSERT INTO O_ATTR
	VALUES ("b0756168-e9a9-474c-9d5e-500134bf5685",
	"629012b4-4a72-4953-9ef3-c65f3b4f64bd",
	"744da407-3460-4ad1-9186-ce475e3a09b5",
	'game_number',
	'',
	'',
	'game_number',
	0,
	"ba5eda7a-def5-0000-0000-000000000007",
	'',
	'');
INSERT INTO O_ID
	VALUES (0,
	"629012b4-4a72-4953-9ef3-c65f3b4f64bd");
INSERT INTO O_OIDA
	VALUES ("744da407-3460-4ad1-9186-ce475e3a09b5",
	"629012b4-4a72-4953-9ef3-c65f3b4f64bd",
	0,
	'deck_id');
INSERT INTO O_ID
	VALUES (1,
	"629012b4-4a72-4953-9ef3-c65f3b4f64bd");
INSERT INTO O_ID
	VALUES (2,
	"629012b4-4a72-4953-9ef3-c65f3b4f64bd");
INSERT INTO PE_PE
	VALUES ("a432acd5-c989-4c4f-8071-0b88be80aca6",
	1,
	"2e5272a8-d08d-4d31-9c31-e769bee957e6",
	"00000000-0000-0000-0000-000000000000",
	4);
INSERT INTO O_OBJ
	VALUES ("a432acd5-c989-4c4f-8071-0b88be80aca6",
	'Game',
	5,
	'Game',
	'',
	"00000000-0000-0000-0000-000000000000");
INSERT INTO O_NBATTR
	VALUES ("38602585-e65a-45a2-b36c-7437a1d7ab0e",
	"a432acd5-c989-4c4f-8071-0b88be80aca6");
INSERT INTO O_BATTR
	VALUES ("38602585-e65a-45a2-b36c-7437a1d7ab0e",
	"a432acd5-c989-4c4f-8071-0b88be80aca6");
INSERT INTO O_ATTR
	VALUES ("38602585-e65a-45a2-b36c-7437a1d7ab0e",
	"a432acd5-c989-4c4f-8071-0b88be80aca6",
	"00000000-0000-0000-0000-000000000000",
	'game_number',
	'',
	'',
	'game_number',
	0,
	"5fb79df4-fa29-492c-a632-ff670eb8f714",
	'',
	'');
INSERT INTO O_NBATTR
	VALUES ("0736bdd1-6fb3-4cf2-8fde-2ed61b5d4d1c",
	"a432acd5-c989-4c4f-8071-0b88be80aca6");
INSERT INTO O_BATTR
	VALUES ("0736bdd1-6fb3-4cf2-8fde-2ed61b5d4d1c",
	"a432acd5-c989-4c4f-8071-0b88be80aca6");
INSERT INTO O_ATTR
	VALUES ("0736bdd1-6fb3-4cf2-8fde-2ed61b5d4d1c",
	"a432acd5-c989-4c4f-8071-0b88be80aca6",
	"38602585-e65a-45a2-b36c-7437a1d7ab0e",
	'current_state',
	'',
	'',
	'current_state',
	0,
	"ba5eda7a-def5-0000-0000-000000000006",
	'',
	'');
INSERT INTO O_ID
	VALUES (0,
	"a432acd5-c989-4c4f-8071-0b88be80aca6");
INSERT INTO O_OIDA
	VALUES ("38602585-e65a-45a2-b36c-7437a1d7ab0e",
	"a432acd5-c989-4c4f-8071-0b88be80aca6",
	0,
	'game_number');
INSERT INTO O_ID
	VALUES (1,
	"a432acd5-c989-4c4f-8071-0b88be80aca6");
INSERT INTO O_ID
	VALUES (2,
	"a432acd5-c989-4c4f-8071-0b88be80aca6");
INSERT INTO SM_ISM
	VALUES ("dcab244f-b6d6-4714-9309-e1da8987dd01",
	"a432acd5-c989-4c4f-8071-0b88be80aca6");
INSERT INTO SM_SM
	VALUES ("dcab244f-b6d6-4714-9309-e1da8987dd01",
	'',
	0);
INSERT INTO SM_MOORE
	VALUES ("dcab244f-b6d6-4714-9309-e1da8987dd01");
INSERT INTO SM_LEVT
	VALUES ("ebcf5a9a-edc9-4132-adab-6869356d37ba",
	"dcab244f-b6d6-4714-9309-e1da8987dd01",
	"00000000-0000-0000-0000-000000000000");
INSERT INTO SM_SEVT
	VALUES ("ebcf5a9a-edc9-4132-adab-6869356d37ba",
	"dcab244f-b6d6-4714-9309-e1da8987dd01",
	"00000000-0000-0000-0000-000000000000");
INSERT INTO SM_EVT
	VALUES ("ebcf5a9a-edc9-4132-adab-6869356d37ba",
	"dcab244f-b6d6-4714-9309-e1da8987dd01",
	"00000000-0000-0000-0000-000000000000",
	1,
	'FirstCribPicked',
	0,
	'',
	'Game1',
	'');
INSERT INTO SM_LEVT
	VALUES ("6100ffea-4c50-40d9-8ccf-096e19eadcb6",
	"dcab244f-b6d6-4714-9309-e1da8987dd01",
	"00000000-0000-0000-0000-000000000000");
INSERT INTO SM_SEVT
	VALUES ("6100ffea-4c50-40d9-8ccf-096e19eadcb6",
	"dcab244f-b6d6-4714-9309-e1da8987dd01",
	"00000000-0000-0000-0000-000000000000");
INSERT INTO SM_EVT
	VALUES ("6100ffea-4c50-40d9-8ccf-096e19eadcb6",
	"dcab244f-b6d6-4714-9309-e1da8987dd01",
	"00000000-0000-0000-0000-000000000000",
	2,
	'CardsDealt',
	0,
	'',
	'Game2',
	'');
INSERT INTO SM_LEVT
	VALUES ("20138408-c023-43b0-af83-87bd0ea1f6b0",
	"dcab244f-b6d6-4714-9309-e1da8987dd01",
	"00000000-0000-0000-0000-000000000000");
INSERT INTO SM_SEVT
	VALUES ("20138408-c023-43b0-af83-87bd0ea1f6b0",
	"dcab244f-b6d6-4714-9309-e1da8987dd01",
	"00000000-0000-0000-0000-000000000000");
INSERT INTO SM_EVT
	VALUES ("20138408-c023-43b0-af83-87bd0ea1f6b0",
	"dcab244f-b6d6-4714-9309-e1da8987dd01",
	"00000000-0000-0000-0000-000000000000",
	3,
	'CribCardsDiscarded',
	0,
	'',
	'Game3',
	'');
INSERT INTO SM_LEVT
	VALUES ("097d3ae3-3753-44c4-9a30-7e6f1570f563",
	"dcab244f-b6d6-4714-9309-e1da8987dd01",
	"00000000-0000-0000-0000-000000000000");
INSERT INTO SM_SEVT
	VALUES ("097d3ae3-3753-44c4-9a30-7e6f1570f563",
	"dcab244f-b6d6-4714-9309-e1da8987dd01",
	"00000000-0000-0000-0000-000000000000");
INSERT INTO SM_EVT
	VALUES ("097d3ae3-3753-44c4-9a30-7e6f1570f563",
	"dcab244f-b6d6-4714-9309-e1da8987dd01",
	"00000000-0000-0000-0000-000000000000",
	4,
	'AllCardsDiscarded',
	0,
	'',
	'Game4',
	'');
INSERT INTO SM_LEVT
	VALUES ("246c1e2a-7f53-4588-bbea-ed3182065474",
	"dcab244f-b6d6-4714-9309-e1da8987dd01",
	"00000000-0000-0000-0000-000000000000");
INSERT INTO SM_SEVT
	VALUES ("246c1e2a-7f53-4588-bbea-ed3182065474",
	"dcab244f-b6d6-4714-9309-e1da8987dd01",
	"00000000-0000-0000-0000-000000000000");
INSERT INTO SM_EVT
	VALUES ("246c1e2a-7f53-4588-bbea-ed3182065474",
	"dcab244f-b6d6-4714-9309-e1da8987dd01",
	"00000000-0000-0000-0000-000000000000",
	5,
	'ScoringComplete',
	0,
	'',
	'Game5',
	'');
INSERT INTO SM_LEVT
	VALUES ("ec02c039-d283-4ee1-a933-6c9d2901d226",
	"dcab244f-b6d6-4714-9309-e1da8987dd01",
	"00000000-0000-0000-0000-000000000000");
INSERT INTO SM_SEVT
	VALUES ("ec02c039-d283-4ee1-a933-6c9d2901d226",
	"dcab244f-b6d6-4714-9309-e1da8987dd01",
	"00000000-0000-0000-0000-000000000000");
INSERT INTO SM_EVT
	VALUES ("ec02c039-d283-4ee1-a933-6c9d2901d226",
	"dcab244f-b6d6-4714-9309-e1da8987dd01",
	"00000000-0000-0000-0000-000000000000",
	6,
	'ScoringPlayMade',
	0,
	'',
	'Game6',
	'');
INSERT INTO SM_LEVT
	VALUES ("b81f2423-f37a-456f-9a1d-ca0f8636f8ba",
	"dcab244f-b6d6-4714-9309-e1da8987dd01",
	"00000000-0000-0000-0000-000000000000");
INSERT INTO SM_SEVT
	VALUES ("b81f2423-f37a-456f-9a1d-ca0f8636f8ba",
	"dcab244f-b6d6-4714-9309-e1da8987dd01",
	"00000000-0000-0000-0000-000000000000");
INSERT INTO SM_EVT
	VALUES ("b81f2423-f37a-456f-9a1d-ca0f8636f8ba",
	"dcab244f-b6d6-4714-9309-e1da8987dd01",
	"00000000-0000-0000-0000-000000000000",
	7,
	'MaxScoreReached',
	0,
	'',
	'Game7',
	'');
INSERT INTO SM_LEVT
	VALUES ("a2d448d3-cd99-4c5e-8495-75dfc36561ce",
	"dcab244f-b6d6-4714-9309-e1da8987dd01",
	"00000000-0000-0000-0000-000000000000");
INSERT INTO SM_SEVT
	VALUES ("a2d448d3-cd99-4c5e-8495-75dfc36561ce",
	"dcab244f-b6d6-4714-9309-e1da8987dd01",
	"00000000-0000-0000-0000-000000000000");
INSERT INTO SM_EVT
	VALUES ("a2d448d3-cd99-4c5e-8495-75dfc36561ce",
	"dcab244f-b6d6-4714-9309-e1da8987dd01",
	"00000000-0000-0000-0000-000000000000",
	8,
	'ContinueScoring',
	0,
	'',
	'Game8',
	'');
INSERT INTO SM_LEVT
	VALUES ("c6663330-eb0b-4184-b493-270c3ae54ae1",
	"dcab244f-b6d6-4714-9309-e1da8987dd01",
	"00000000-0000-0000-0000-000000000000");
INSERT INTO SM_SEVT
	VALUES ("c6663330-eb0b-4184-b493-270c3ae54ae1",
	"dcab244f-b6d6-4714-9309-e1da8987dd01",
	"00000000-0000-0000-0000-000000000000");
INSERT INTO SM_EVT
	VALUES ("c6663330-eb0b-4184-b493-270c3ae54ae1",
	"dcab244f-b6d6-4714-9309-e1da8987dd01",
	"00000000-0000-0000-0000-000000000000",
	9,
	'ContinueDiscarding',
	0,
	'',
	'Game9',
	'');
INSERT INTO SM_STATE
	VALUES ("3d1041a6-cdbb-45a5-947b-91a9da35086c",
	"dcab244f-b6d6-4714-9309-e1da8987dd01",
	"00000000-0000-0000-0000-000000000000",
	'PickingFirstCrib',
	1,
	0);
INSERT INTO SM_SEME
	VALUES ("3d1041a6-cdbb-45a5-947b-91a9da35086c",
	"ebcf5a9a-edc9-4132-adab-6869356d37ba",
	"dcab244f-b6d6-4714-9309-e1da8987dd01",
	"00000000-0000-0000-0000-000000000000");
INSERT INTO SM_CH
	VALUES ("3d1041a6-cdbb-45a5-947b-91a9da35086c",
	"6100ffea-4c50-40d9-8ccf-096e19eadcb6",
	"dcab244f-b6d6-4714-9309-e1da8987dd01",
	"00000000-0000-0000-0000-000000000000",
	'');
INSERT INTO SM_SEME
	VALUES ("3d1041a6-cdbb-45a5-947b-91a9da35086c",
	"6100ffea-4c50-40d9-8ccf-096e19eadcb6",
	"dcab244f-b6d6-4714-9309-e1da8987dd01",
	"00000000-0000-0000-0000-000000000000");
INSERT INTO SM_CH
	VALUES ("3d1041a6-cdbb-45a5-947b-91a9da35086c",
	"20138408-c023-43b0-af83-87bd0ea1f6b0",
	"dcab244f-b6d6-4714-9309-e1da8987dd01",
	"00000000-0000-0000-0000-000000000000",
	'');
INSERT INTO SM_SEME
	VALUES ("3d1041a6-cdbb-45a5-947b-91a9da35086c",
	"20138408-c023-43b0-af83-87bd0ea1f6b0",
	"dcab244f-b6d6-4714-9309-e1da8987dd01",
	"00000000-0000-0000-0000-000000000000");
INSERT INTO SM_CH
	VALUES ("3d1041a6-cdbb-45a5-947b-91a9da35086c",
	"097d3ae3-3753-44c4-9a30-7e6f1570f563",
	"dcab244f-b6d6-4714-9309-e1da8987dd01",
	"00000000-0000-0000-0000-000000000000",
	'');
INSERT INTO SM_SEME
	VALUES ("3d1041a6-cdbb-45a5-947b-91a9da35086c",
	"097d3ae3-3753-44c4-9a30-7e6f1570f563",
	"dcab244f-b6d6-4714-9309-e1da8987dd01",
	"00000000-0000-0000-0000-000000000000");
INSERT INTO SM_CH
	VALUES ("3d1041a6-cdbb-45a5-947b-91a9da35086c",
	"246c1e2a-7f53-4588-bbea-ed3182065474",
	"dcab244f-b6d6-4714-9309-e1da8987dd01",
	"00000000-0000-0000-0000-000000000000",
	'');
INSERT INTO SM_SEME
	VALUES ("3d1041a6-cdbb-45a5-947b-91a9da35086c",
	"246c1e2a-7f53-4588-bbea-ed3182065474",
	"dcab244f-b6d6-4714-9309-e1da8987dd01",
	"00000000-0000-0000-0000-000000000000");
INSERT INTO SM_CH
	VALUES ("3d1041a6-cdbb-45a5-947b-91a9da35086c",
	"ec02c039-d283-4ee1-a933-6c9d2901d226",
	"dcab244f-b6d6-4714-9309-e1da8987dd01",
	"00000000-0000-0000-0000-000000000000",
	'');
INSERT INTO SM_SEME
	VALUES ("3d1041a6-cdbb-45a5-947b-91a9da35086c",
	"ec02c039-d283-4ee1-a933-6c9d2901d226",
	"dcab244f-b6d6-4714-9309-e1da8987dd01",
	"00000000-0000-0000-0000-000000000000");
INSERT INTO SM_CH
	VALUES ("3d1041a6-cdbb-45a5-947b-91a9da35086c",
	"b81f2423-f37a-456f-9a1d-ca0f8636f8ba",
	"dcab244f-b6d6-4714-9309-e1da8987dd01",
	"00000000-0000-0000-0000-000000000000",
	'');
INSERT INTO SM_SEME
	VALUES ("3d1041a6-cdbb-45a5-947b-91a9da35086c",
	"b81f2423-f37a-456f-9a1d-ca0f8636f8ba",
	"dcab244f-b6d6-4714-9309-e1da8987dd01",
	"00000000-0000-0000-0000-000000000000");
INSERT INTO SM_CH
	VALUES ("3d1041a6-cdbb-45a5-947b-91a9da35086c",
	"a2d448d3-cd99-4c5e-8495-75dfc36561ce",
	"dcab244f-b6d6-4714-9309-e1da8987dd01",
	"00000000-0000-0000-0000-000000000000",
	'');
INSERT INTO SM_SEME
	VALUES ("3d1041a6-cdbb-45a5-947b-91a9da35086c",
	"a2d448d3-cd99-4c5e-8495-75dfc36561ce",
	"dcab244f-b6d6-4714-9309-e1da8987dd01",
	"00000000-0000-0000-0000-000000000000");
INSERT INTO SM_CH
	VALUES ("3d1041a6-cdbb-45a5-947b-91a9da35086c",
	"c6663330-eb0b-4184-b493-270c3ae54ae1",
	"dcab244f-b6d6-4714-9309-e1da8987dd01",
	"00000000-0000-0000-0000-000000000000",
	'');
INSERT INTO SM_SEME
	VALUES ("3d1041a6-cdbb-45a5-947b-91a9da35086c",
	"c6663330-eb0b-4184-b493-270c3ae54ae1",
	"dcab244f-b6d6-4714-9309-e1da8987dd01",
	"00000000-0000-0000-0000-000000000000");
INSERT INTO SM_MOAH
	VALUES ("75a98d1b-12d6-416f-824d-0ed8b827c680",
	"dcab244f-b6d6-4714-9309-e1da8987dd01",
	"3d1041a6-cdbb-45a5-947b-91a9da35086c");
INSERT INTO SM_AH
	VALUES ("75a98d1b-12d6-416f-824d-0ed8b827c680",
	"dcab244f-b6d6-4714-9309-e1da8987dd01");
INSERT INTO SM_ACT
	VALUES ("75a98d1b-12d6-416f-824d-0ed8b827c680",
	"dcab244f-b6d6-4714-9309-e1da8987dd01",
	3,
	'begin
  null;
end',
	'',
	1);
INSERT INTO SM_STATE
	VALUES ("06a4b9f2-b2a4-46f8-99e9-9c6f9b325858",
	"dcab244f-b6d6-4714-9309-e1da8987dd01",
	"00000000-0000-0000-0000-000000000000",
	'Dealing',
	2,
	0);
INSERT INTO SM_CH
	VALUES ("06a4b9f2-b2a4-46f8-99e9-9c6f9b325858",
	"ebcf5a9a-edc9-4132-adab-6869356d37ba",
	"dcab244f-b6d6-4714-9309-e1da8987dd01",
	"00000000-0000-0000-0000-000000000000",
	'');
INSERT INTO SM_SEME
	VALUES ("06a4b9f2-b2a4-46f8-99e9-9c6f9b325858",
	"ebcf5a9a-edc9-4132-adab-6869356d37ba",
	"dcab244f-b6d6-4714-9309-e1da8987dd01",
	"00000000-0000-0000-0000-000000000000");
INSERT INTO SM_SEME
	VALUES ("06a4b9f2-b2a4-46f8-99e9-9c6f9b325858",
	"6100ffea-4c50-40d9-8ccf-096e19eadcb6",
	"dcab244f-b6d6-4714-9309-e1da8987dd01",
	"00000000-0000-0000-0000-000000000000");
INSERT INTO SM_CH
	VALUES ("06a4b9f2-b2a4-46f8-99e9-9c6f9b325858",
	"20138408-c023-43b0-af83-87bd0ea1f6b0",
	"dcab244f-b6d6-4714-9309-e1da8987dd01",
	"00000000-0000-0000-0000-000000000000",
	'');
INSERT INTO SM_SEME
	VALUES ("06a4b9f2-b2a4-46f8-99e9-9c6f9b325858",
	"20138408-c023-43b0-af83-87bd0ea1f6b0",
	"dcab244f-b6d6-4714-9309-e1da8987dd01",
	"00000000-0000-0000-0000-000000000000");
INSERT INTO SM_CH
	VALUES ("06a4b9f2-b2a4-46f8-99e9-9c6f9b325858",
	"097d3ae3-3753-44c4-9a30-7e6f1570f563",
	"dcab244f-b6d6-4714-9309-e1da8987dd01",
	"00000000-0000-0000-0000-000000000000",
	'');
INSERT INTO SM_SEME
	VALUES ("06a4b9f2-b2a4-46f8-99e9-9c6f9b325858",
	"097d3ae3-3753-44c4-9a30-7e6f1570f563",
	"dcab244f-b6d6-4714-9309-e1da8987dd01",
	"00000000-0000-0000-0000-000000000000");
INSERT INTO SM_CH
	VALUES ("06a4b9f2-b2a4-46f8-99e9-9c6f9b325858",
	"246c1e2a-7f53-4588-bbea-ed3182065474",
	"dcab244f-b6d6-4714-9309-e1da8987dd01",
	"00000000-0000-0000-0000-000000000000",
	'');
INSERT INTO SM_SEME
	VALUES ("06a4b9f2-b2a4-46f8-99e9-9c6f9b325858",
	"246c1e2a-7f53-4588-bbea-ed3182065474",
	"dcab244f-b6d6-4714-9309-e1da8987dd01",
	"00000000-0000-0000-0000-000000000000");
INSERT INTO SM_CH
	VALUES ("06a4b9f2-b2a4-46f8-99e9-9c6f9b325858",
	"ec02c039-d283-4ee1-a933-6c9d2901d226",
	"dcab244f-b6d6-4714-9309-e1da8987dd01",
	"00000000-0000-0000-0000-000000000000",
	'');
INSERT INTO SM_SEME
	VALUES ("06a4b9f2-b2a4-46f8-99e9-9c6f9b325858",
	"ec02c039-d283-4ee1-a933-6c9d2901d226",
	"dcab244f-b6d6-4714-9309-e1da8987dd01",
	"00000000-0000-0000-0000-000000000000");
INSERT INTO SM_CH
	VALUES ("06a4b9f2-b2a4-46f8-99e9-9c6f9b325858",
	"b81f2423-f37a-456f-9a1d-ca0f8636f8ba",
	"dcab244f-b6d6-4714-9309-e1da8987dd01",
	"00000000-0000-0000-0000-000000000000",
	'');
INSERT INTO SM_SEME
	VALUES ("06a4b9f2-b2a4-46f8-99e9-9c6f9b325858",
	"b81f2423-f37a-456f-9a1d-ca0f8636f8ba",
	"dcab244f-b6d6-4714-9309-e1da8987dd01",
	"00000000-0000-0000-0000-000000000000");
INSERT INTO SM_CH
	VALUES ("06a4b9f2-b2a4-46f8-99e9-9c6f9b325858",
	"a2d448d3-cd99-4c5e-8495-75dfc36561ce",
	"dcab244f-b6d6-4714-9309-e1da8987dd01",
	"00000000-0000-0000-0000-000000000000",
	'');
INSERT INTO SM_SEME
	VALUES ("06a4b9f2-b2a4-46f8-99e9-9c6f9b325858",
	"a2d448d3-cd99-4c5e-8495-75dfc36561ce",
	"dcab244f-b6d6-4714-9309-e1da8987dd01",
	"00000000-0000-0000-0000-000000000000");
INSERT INTO SM_CH
	VALUES ("06a4b9f2-b2a4-46f8-99e9-9c6f9b325858",
	"c6663330-eb0b-4184-b493-270c3ae54ae1",
	"dcab244f-b6d6-4714-9309-e1da8987dd01",
	"00000000-0000-0000-0000-000000000000",
	'');
INSERT INTO SM_SEME
	VALUES ("06a4b9f2-b2a4-46f8-99e9-9c6f9b325858",
	"c6663330-eb0b-4184-b493-270c3ae54ae1",
	"dcab244f-b6d6-4714-9309-e1da8987dd01",
	"00000000-0000-0000-0000-000000000000");
INSERT INTO SM_MOAH
	VALUES ("411081f4-88a3-4884-be53-70480f8fb48e",
	"dcab244f-b6d6-4714-9309-e1da8987dd01",
	"06a4b9f2-b2a4-46f8-99e9-9c6f9b325858");
INSERT INTO SM_AH
	VALUES ("411081f4-88a3-4884-be53-70480f8fb48e",
	"dcab244f-b6d6-4714-9309-e1da8987dd01");
INSERT INTO SM_ACT
	VALUES ("411081f4-88a3-4884-be53-70480f8fb48e",
	"dcab244f-b6d6-4714-9309-e1da8987dd01",
	3,
	'begin
  null;
end',
	'',
	1);
INSERT INTO SM_STATE
	VALUES ("4c92e969-706a-41f7-bcd3-a462f05782ba",
	"dcab244f-b6d6-4714-9309-e1da8987dd01",
	"00000000-0000-0000-0000-000000000000",
	'DiscardingToCrib',
	3,
	0);
INSERT INTO SM_CH
	VALUES ("4c92e969-706a-41f7-bcd3-a462f05782ba",
	"ebcf5a9a-edc9-4132-adab-6869356d37ba",
	"dcab244f-b6d6-4714-9309-e1da8987dd01",
	"00000000-0000-0000-0000-000000000000",
	'');
INSERT INTO SM_SEME
	VALUES ("4c92e969-706a-41f7-bcd3-a462f05782ba",
	"ebcf5a9a-edc9-4132-adab-6869356d37ba",
	"dcab244f-b6d6-4714-9309-e1da8987dd01",
	"00000000-0000-0000-0000-000000000000");
INSERT INTO SM_CH
	VALUES ("4c92e969-706a-41f7-bcd3-a462f05782ba",
	"6100ffea-4c50-40d9-8ccf-096e19eadcb6",
	"dcab244f-b6d6-4714-9309-e1da8987dd01",
	"00000000-0000-0000-0000-000000000000",
	'');
INSERT INTO SM_SEME
	VALUES ("4c92e969-706a-41f7-bcd3-a462f05782ba",
	"6100ffea-4c50-40d9-8ccf-096e19eadcb6",
	"dcab244f-b6d6-4714-9309-e1da8987dd01",
	"00000000-0000-0000-0000-000000000000");
INSERT INTO SM_SEME
	VALUES ("4c92e969-706a-41f7-bcd3-a462f05782ba",
	"20138408-c023-43b0-af83-87bd0ea1f6b0",
	"dcab244f-b6d6-4714-9309-e1da8987dd01",
	"00000000-0000-0000-0000-000000000000");
INSERT INTO SM_CH
	VALUES ("4c92e969-706a-41f7-bcd3-a462f05782ba",
	"097d3ae3-3753-44c4-9a30-7e6f1570f563",
	"dcab244f-b6d6-4714-9309-e1da8987dd01",
	"00000000-0000-0000-0000-000000000000",
	'');
INSERT INTO SM_SEME
	VALUES ("4c92e969-706a-41f7-bcd3-a462f05782ba",
	"097d3ae3-3753-44c4-9a30-7e6f1570f563",
	"dcab244f-b6d6-4714-9309-e1da8987dd01",
	"00000000-0000-0000-0000-000000000000");
INSERT INTO SM_CH
	VALUES ("4c92e969-706a-41f7-bcd3-a462f05782ba",
	"246c1e2a-7f53-4588-bbea-ed3182065474",
	"dcab244f-b6d6-4714-9309-e1da8987dd01",
	"00000000-0000-0000-0000-000000000000",
	'');
INSERT INTO SM_SEME
	VALUES ("4c92e969-706a-41f7-bcd3-a462f05782ba",
	"246c1e2a-7f53-4588-bbea-ed3182065474",
	"dcab244f-b6d6-4714-9309-e1da8987dd01",
	"00000000-0000-0000-0000-000000000000");
INSERT INTO SM_CH
	VALUES ("4c92e969-706a-41f7-bcd3-a462f05782ba",
	"ec02c039-d283-4ee1-a933-6c9d2901d226",
	"dcab244f-b6d6-4714-9309-e1da8987dd01",
	"00000000-0000-0000-0000-000000000000",
	'');
INSERT INTO SM_SEME
	VALUES ("4c92e969-706a-41f7-bcd3-a462f05782ba",
	"ec02c039-d283-4ee1-a933-6c9d2901d226",
	"dcab244f-b6d6-4714-9309-e1da8987dd01",
	"00000000-0000-0000-0000-000000000000");
INSERT INTO SM_CH
	VALUES ("4c92e969-706a-41f7-bcd3-a462f05782ba",
	"b81f2423-f37a-456f-9a1d-ca0f8636f8ba",
	"dcab244f-b6d6-4714-9309-e1da8987dd01",
	"00000000-0000-0000-0000-000000000000",
	'');
INSERT INTO SM_SEME
	VALUES ("4c92e969-706a-41f7-bcd3-a462f05782ba",
	"b81f2423-f37a-456f-9a1d-ca0f8636f8ba",
	"dcab244f-b6d6-4714-9309-e1da8987dd01",
	"00000000-0000-0000-0000-000000000000");
INSERT INTO SM_CH
	VALUES ("4c92e969-706a-41f7-bcd3-a462f05782ba",
	"a2d448d3-cd99-4c5e-8495-75dfc36561ce",
	"dcab244f-b6d6-4714-9309-e1da8987dd01",
	"00000000-0000-0000-0000-000000000000",
	'');
INSERT INTO SM_SEME
	VALUES ("4c92e969-706a-41f7-bcd3-a462f05782ba",
	"a2d448d3-cd99-4c5e-8495-75dfc36561ce",
	"dcab244f-b6d6-4714-9309-e1da8987dd01",
	"00000000-0000-0000-0000-000000000000");
INSERT INTO SM_CH
	VALUES ("4c92e969-706a-41f7-bcd3-a462f05782ba",
	"c6663330-eb0b-4184-b493-270c3ae54ae1",
	"dcab244f-b6d6-4714-9309-e1da8987dd01",
	"00000000-0000-0000-0000-000000000000",
	'');
INSERT INTO SM_SEME
	VALUES ("4c92e969-706a-41f7-bcd3-a462f05782ba",
	"c6663330-eb0b-4184-b493-270c3ae54ae1",
	"dcab244f-b6d6-4714-9309-e1da8987dd01",
	"00000000-0000-0000-0000-000000000000");
INSERT INTO SM_MOAH
	VALUES ("2f13b0bb-f141-4a75-9ed7-c3645718f27f",
	"dcab244f-b6d6-4714-9309-e1da8987dd01",
	"4c92e969-706a-41f7-bcd3-a462f05782ba");
INSERT INTO SM_AH
	VALUES ("2f13b0bb-f141-4a75-9ed7-c3645718f27f",
	"dcab244f-b6d6-4714-9309-e1da8987dd01");
INSERT INTO SM_ACT
	VALUES ("2f13b0bb-f141-4a75-9ed7-c3645718f27f",
	"dcab244f-b6d6-4714-9309-e1da8987dd01",
	3,
	'begin
  null;
end',
	'',
	1);
INSERT INTO SM_STATE
	VALUES ("977dd1ec-997d-48f9-b5fa-f2fb3e666819",
	"dcab244f-b6d6-4714-9309-e1da8987dd01",
	"00000000-0000-0000-0000-000000000000",
	'DiscardingToPile',
	4,
	0);
INSERT INTO SM_CH
	VALUES ("977dd1ec-997d-48f9-b5fa-f2fb3e666819",
	"ebcf5a9a-edc9-4132-adab-6869356d37ba",
	"dcab244f-b6d6-4714-9309-e1da8987dd01",
	"00000000-0000-0000-0000-000000000000",
	'');
INSERT INTO SM_SEME
	VALUES ("977dd1ec-997d-48f9-b5fa-f2fb3e666819",
	"ebcf5a9a-edc9-4132-adab-6869356d37ba",
	"dcab244f-b6d6-4714-9309-e1da8987dd01",
	"00000000-0000-0000-0000-000000000000");
INSERT INTO SM_CH
	VALUES ("977dd1ec-997d-48f9-b5fa-f2fb3e666819",
	"6100ffea-4c50-40d9-8ccf-096e19eadcb6",
	"dcab244f-b6d6-4714-9309-e1da8987dd01",
	"00000000-0000-0000-0000-000000000000",
	'');
INSERT INTO SM_SEME
	VALUES ("977dd1ec-997d-48f9-b5fa-f2fb3e666819",
	"6100ffea-4c50-40d9-8ccf-096e19eadcb6",
	"dcab244f-b6d6-4714-9309-e1da8987dd01",
	"00000000-0000-0000-0000-000000000000");
INSERT INTO SM_CH
	VALUES ("977dd1ec-997d-48f9-b5fa-f2fb3e666819",
	"20138408-c023-43b0-af83-87bd0ea1f6b0",
	"dcab244f-b6d6-4714-9309-e1da8987dd01",
	"00000000-0000-0000-0000-000000000000",
	'');
INSERT INTO SM_SEME
	VALUES ("977dd1ec-997d-48f9-b5fa-f2fb3e666819",
	"20138408-c023-43b0-af83-87bd0ea1f6b0",
	"dcab244f-b6d6-4714-9309-e1da8987dd01",
	"00000000-0000-0000-0000-000000000000");
INSERT INTO SM_SEME
	VALUES ("977dd1ec-997d-48f9-b5fa-f2fb3e666819",
	"097d3ae3-3753-44c4-9a30-7e6f1570f563",
	"dcab244f-b6d6-4714-9309-e1da8987dd01",
	"00000000-0000-0000-0000-000000000000");
INSERT INTO SM_CH
	VALUES ("977dd1ec-997d-48f9-b5fa-f2fb3e666819",
	"246c1e2a-7f53-4588-bbea-ed3182065474",
	"dcab244f-b6d6-4714-9309-e1da8987dd01",
	"00000000-0000-0000-0000-000000000000",
	'');
INSERT INTO SM_SEME
	VALUES ("977dd1ec-997d-48f9-b5fa-f2fb3e666819",
	"246c1e2a-7f53-4588-bbea-ed3182065474",
	"dcab244f-b6d6-4714-9309-e1da8987dd01",
	"00000000-0000-0000-0000-000000000000");
INSERT INTO SM_SEME
	VALUES ("977dd1ec-997d-48f9-b5fa-f2fb3e666819",
	"ec02c039-d283-4ee1-a933-6c9d2901d226",
	"dcab244f-b6d6-4714-9309-e1da8987dd01",
	"00000000-0000-0000-0000-000000000000");
INSERT INTO SM_CH
	VALUES ("977dd1ec-997d-48f9-b5fa-f2fb3e666819",
	"b81f2423-f37a-456f-9a1d-ca0f8636f8ba",
	"dcab244f-b6d6-4714-9309-e1da8987dd01",
	"00000000-0000-0000-0000-000000000000",
	'');
INSERT INTO SM_SEME
	VALUES ("977dd1ec-997d-48f9-b5fa-f2fb3e666819",
	"b81f2423-f37a-456f-9a1d-ca0f8636f8ba",
	"dcab244f-b6d6-4714-9309-e1da8987dd01",
	"00000000-0000-0000-0000-000000000000");
INSERT INTO SM_CH
	VALUES ("977dd1ec-997d-48f9-b5fa-f2fb3e666819",
	"a2d448d3-cd99-4c5e-8495-75dfc36561ce",
	"dcab244f-b6d6-4714-9309-e1da8987dd01",
	"00000000-0000-0000-0000-000000000000",
	'');
INSERT INTO SM_SEME
	VALUES ("977dd1ec-997d-48f9-b5fa-f2fb3e666819",
	"a2d448d3-cd99-4c5e-8495-75dfc36561ce",
	"dcab244f-b6d6-4714-9309-e1da8987dd01",
	"00000000-0000-0000-0000-000000000000");
INSERT INTO SM_CH
	VALUES ("977dd1ec-997d-48f9-b5fa-f2fb3e666819",
	"c6663330-eb0b-4184-b493-270c3ae54ae1",
	"dcab244f-b6d6-4714-9309-e1da8987dd01",
	"00000000-0000-0000-0000-000000000000",
	'');
INSERT INTO SM_SEME
	VALUES ("977dd1ec-997d-48f9-b5fa-f2fb3e666819",
	"c6663330-eb0b-4184-b493-270c3ae54ae1",
	"dcab244f-b6d6-4714-9309-e1da8987dd01",
	"00000000-0000-0000-0000-000000000000");
INSERT INTO SM_MOAH
	VALUES ("30f0a5f0-4f2c-4355-9f05-0c31937f1c48",
	"dcab244f-b6d6-4714-9309-e1da8987dd01",
	"977dd1ec-997d-48f9-b5fa-f2fb3e666819");
INSERT INTO SM_AH
	VALUES ("30f0a5f0-4f2c-4355-9f05-0c31937f1c48",
	"dcab244f-b6d6-4714-9309-e1da8987dd01");
INSERT INTO SM_ACT
	VALUES ("30f0a5f0-4f2c-4355-9f05-0c31937f1c48",
	"dcab244f-b6d6-4714-9309-e1da8987dd01",
	3,
	'begin
  null;
end',
	'',
	1);
INSERT INTO SM_STATE
	VALUES ("3409f54c-907d-465b-9cbd-112331090b6f",
	"dcab244f-b6d6-4714-9309-e1da8987dd01",
	"00000000-0000-0000-0000-000000000000",
	'Scoring',
	5,
	0);
INSERT INTO SM_CH
	VALUES ("3409f54c-907d-465b-9cbd-112331090b6f",
	"ebcf5a9a-edc9-4132-adab-6869356d37ba",
	"dcab244f-b6d6-4714-9309-e1da8987dd01",
	"00000000-0000-0000-0000-000000000000",
	'');
INSERT INTO SM_SEME
	VALUES ("3409f54c-907d-465b-9cbd-112331090b6f",
	"ebcf5a9a-edc9-4132-adab-6869356d37ba",
	"dcab244f-b6d6-4714-9309-e1da8987dd01",
	"00000000-0000-0000-0000-000000000000");
INSERT INTO SM_CH
	VALUES ("3409f54c-907d-465b-9cbd-112331090b6f",
	"6100ffea-4c50-40d9-8ccf-096e19eadcb6",
	"dcab244f-b6d6-4714-9309-e1da8987dd01",
	"00000000-0000-0000-0000-000000000000",
	'');
INSERT INTO SM_SEME
	VALUES ("3409f54c-907d-465b-9cbd-112331090b6f",
	"6100ffea-4c50-40d9-8ccf-096e19eadcb6",
	"dcab244f-b6d6-4714-9309-e1da8987dd01",
	"00000000-0000-0000-0000-000000000000");
INSERT INTO SM_CH
	VALUES ("3409f54c-907d-465b-9cbd-112331090b6f",
	"20138408-c023-43b0-af83-87bd0ea1f6b0",
	"dcab244f-b6d6-4714-9309-e1da8987dd01",
	"00000000-0000-0000-0000-000000000000",
	'');
INSERT INTO SM_SEME
	VALUES ("3409f54c-907d-465b-9cbd-112331090b6f",
	"20138408-c023-43b0-af83-87bd0ea1f6b0",
	"dcab244f-b6d6-4714-9309-e1da8987dd01",
	"00000000-0000-0000-0000-000000000000");
INSERT INTO SM_CH
	VALUES ("3409f54c-907d-465b-9cbd-112331090b6f",
	"097d3ae3-3753-44c4-9a30-7e6f1570f563",
	"dcab244f-b6d6-4714-9309-e1da8987dd01",
	"00000000-0000-0000-0000-000000000000",
	'');
INSERT INTO SM_SEME
	VALUES ("3409f54c-907d-465b-9cbd-112331090b6f",
	"097d3ae3-3753-44c4-9a30-7e6f1570f563",
	"dcab244f-b6d6-4714-9309-e1da8987dd01",
	"00000000-0000-0000-0000-000000000000");
INSERT INTO SM_SEME
	VALUES ("3409f54c-907d-465b-9cbd-112331090b6f",
	"246c1e2a-7f53-4588-bbea-ed3182065474",
	"dcab244f-b6d6-4714-9309-e1da8987dd01",
	"00000000-0000-0000-0000-000000000000");
INSERT INTO SM_SEME
	VALUES ("3409f54c-907d-465b-9cbd-112331090b6f",
	"ec02c039-d283-4ee1-a933-6c9d2901d226",
	"dcab244f-b6d6-4714-9309-e1da8987dd01",
	"00000000-0000-0000-0000-000000000000");
INSERT INTO SM_CH
	VALUES ("3409f54c-907d-465b-9cbd-112331090b6f",
	"b81f2423-f37a-456f-9a1d-ca0f8636f8ba",
	"dcab244f-b6d6-4714-9309-e1da8987dd01",
	"00000000-0000-0000-0000-000000000000",
	'');
INSERT INTO SM_SEME
	VALUES ("3409f54c-907d-465b-9cbd-112331090b6f",
	"b81f2423-f37a-456f-9a1d-ca0f8636f8ba",
	"dcab244f-b6d6-4714-9309-e1da8987dd01",
	"00000000-0000-0000-0000-000000000000");
INSERT INTO SM_CH
	VALUES ("3409f54c-907d-465b-9cbd-112331090b6f",
	"a2d448d3-cd99-4c5e-8495-75dfc36561ce",
	"dcab244f-b6d6-4714-9309-e1da8987dd01",
	"00000000-0000-0000-0000-000000000000",
	'');
INSERT INTO SM_SEME
	VALUES ("3409f54c-907d-465b-9cbd-112331090b6f",
	"a2d448d3-cd99-4c5e-8495-75dfc36561ce",
	"dcab244f-b6d6-4714-9309-e1da8987dd01",
	"00000000-0000-0000-0000-000000000000");
INSERT INTO SM_CH
	VALUES ("3409f54c-907d-465b-9cbd-112331090b6f",
	"c6663330-eb0b-4184-b493-270c3ae54ae1",
	"dcab244f-b6d6-4714-9309-e1da8987dd01",
	"00000000-0000-0000-0000-000000000000",
	'');
INSERT INTO SM_SEME
	VALUES ("3409f54c-907d-465b-9cbd-112331090b6f",
	"c6663330-eb0b-4184-b493-270c3ae54ae1",
	"dcab244f-b6d6-4714-9309-e1da8987dd01",
	"00000000-0000-0000-0000-000000000000");
INSERT INTO SM_MOAH
	VALUES ("888e8432-a7af-40d3-9029-1f272b548f34",
	"dcab244f-b6d6-4714-9309-e1da8987dd01",
	"3409f54c-907d-465b-9cbd-112331090b6f");
INSERT INTO SM_AH
	VALUES ("888e8432-a7af-40d3-9029-1f272b548f34",
	"dcab244f-b6d6-4714-9309-e1da8987dd01");
INSERT INTO SM_ACT
	VALUES ("888e8432-a7af-40d3-9029-1f272b548f34",
	"dcab244f-b6d6-4714-9309-e1da8987dd01",
	3,
	'begin
  null;
end',
	'',
	1);
INSERT INTO SM_STATE
	VALUES ("0e68d588-26ad-4ba0-a526-80db954d90bd",
	"dcab244f-b6d6-4714-9309-e1da8987dd01",
	"00000000-0000-0000-0000-000000000000",
	'Pegging',
	6,
	0);
INSERT INTO SM_CH
	VALUES ("0e68d588-26ad-4ba0-a526-80db954d90bd",
	"ebcf5a9a-edc9-4132-adab-6869356d37ba",
	"dcab244f-b6d6-4714-9309-e1da8987dd01",
	"00000000-0000-0000-0000-000000000000",
	'');
INSERT INTO SM_SEME
	VALUES ("0e68d588-26ad-4ba0-a526-80db954d90bd",
	"ebcf5a9a-edc9-4132-adab-6869356d37ba",
	"dcab244f-b6d6-4714-9309-e1da8987dd01",
	"00000000-0000-0000-0000-000000000000");
INSERT INTO SM_CH
	VALUES ("0e68d588-26ad-4ba0-a526-80db954d90bd",
	"6100ffea-4c50-40d9-8ccf-096e19eadcb6",
	"dcab244f-b6d6-4714-9309-e1da8987dd01",
	"00000000-0000-0000-0000-000000000000",
	'');
INSERT INTO SM_SEME
	VALUES ("0e68d588-26ad-4ba0-a526-80db954d90bd",
	"6100ffea-4c50-40d9-8ccf-096e19eadcb6",
	"dcab244f-b6d6-4714-9309-e1da8987dd01",
	"00000000-0000-0000-0000-000000000000");
INSERT INTO SM_CH
	VALUES ("0e68d588-26ad-4ba0-a526-80db954d90bd",
	"20138408-c023-43b0-af83-87bd0ea1f6b0",
	"dcab244f-b6d6-4714-9309-e1da8987dd01",
	"00000000-0000-0000-0000-000000000000",
	'');
INSERT INTO SM_SEME
	VALUES ("0e68d588-26ad-4ba0-a526-80db954d90bd",
	"20138408-c023-43b0-af83-87bd0ea1f6b0",
	"dcab244f-b6d6-4714-9309-e1da8987dd01",
	"00000000-0000-0000-0000-000000000000");
INSERT INTO SM_CH
	VALUES ("0e68d588-26ad-4ba0-a526-80db954d90bd",
	"097d3ae3-3753-44c4-9a30-7e6f1570f563",
	"dcab244f-b6d6-4714-9309-e1da8987dd01",
	"00000000-0000-0000-0000-000000000000",
	'');
INSERT INTO SM_SEME
	VALUES ("0e68d588-26ad-4ba0-a526-80db954d90bd",
	"097d3ae3-3753-44c4-9a30-7e6f1570f563",
	"dcab244f-b6d6-4714-9309-e1da8987dd01",
	"00000000-0000-0000-0000-000000000000");
INSERT INTO SM_CH
	VALUES ("0e68d588-26ad-4ba0-a526-80db954d90bd",
	"246c1e2a-7f53-4588-bbea-ed3182065474",
	"dcab244f-b6d6-4714-9309-e1da8987dd01",
	"00000000-0000-0000-0000-000000000000",
	'');
INSERT INTO SM_SEME
	VALUES ("0e68d588-26ad-4ba0-a526-80db954d90bd",
	"246c1e2a-7f53-4588-bbea-ed3182065474",
	"dcab244f-b6d6-4714-9309-e1da8987dd01",
	"00000000-0000-0000-0000-000000000000");
INSERT INTO SM_CH
	VALUES ("0e68d588-26ad-4ba0-a526-80db954d90bd",
	"ec02c039-d283-4ee1-a933-6c9d2901d226",
	"dcab244f-b6d6-4714-9309-e1da8987dd01",
	"00000000-0000-0000-0000-000000000000",
	'');
INSERT INTO SM_SEME
	VALUES ("0e68d588-26ad-4ba0-a526-80db954d90bd",
	"ec02c039-d283-4ee1-a933-6c9d2901d226",
	"dcab244f-b6d6-4714-9309-e1da8987dd01",
	"00000000-0000-0000-0000-000000000000");
INSERT INTO SM_SEME
	VALUES ("0e68d588-26ad-4ba0-a526-80db954d90bd",
	"b81f2423-f37a-456f-9a1d-ca0f8636f8ba",
	"dcab244f-b6d6-4714-9309-e1da8987dd01",
	"00000000-0000-0000-0000-000000000000");
INSERT INTO SM_SEME
	VALUES ("0e68d588-26ad-4ba0-a526-80db954d90bd",
	"a2d448d3-cd99-4c5e-8495-75dfc36561ce",
	"dcab244f-b6d6-4714-9309-e1da8987dd01",
	"00000000-0000-0000-0000-000000000000");
INSERT INTO SM_SEME
	VALUES ("0e68d588-26ad-4ba0-a526-80db954d90bd",
	"c6663330-eb0b-4184-b493-270c3ae54ae1",
	"dcab244f-b6d6-4714-9309-e1da8987dd01",
	"00000000-0000-0000-0000-000000000000");
INSERT INTO SM_MOAH
	VALUES ("3626b3e4-e38b-4a42-9aac-c9cdf9d445d9",
	"dcab244f-b6d6-4714-9309-e1da8987dd01",
	"0e68d588-26ad-4ba0-a526-80db954d90bd");
INSERT INTO SM_AH
	VALUES ("3626b3e4-e38b-4a42-9aac-c9cdf9d445d9",
	"dcab244f-b6d6-4714-9309-e1da8987dd01");
INSERT INTO SM_ACT
	VALUES ("3626b3e4-e38b-4a42-9aac-c9cdf9d445d9",
	"dcab244f-b6d6-4714-9309-e1da8987dd01",
	3,
	'begin
  null;
end',
	'',
	1);
INSERT INTO SM_STATE
	VALUES ("0db86bce-777e-4b26-bb8f-61540fee556c",
	"dcab244f-b6d6-4714-9309-e1da8987dd01",
	"00000000-0000-0000-0000-000000000000",
	'EndOfGame',
	7,
	0);
INSERT INTO SM_CH
	VALUES ("0db86bce-777e-4b26-bb8f-61540fee556c",
	"ebcf5a9a-edc9-4132-adab-6869356d37ba",
	"dcab244f-b6d6-4714-9309-e1da8987dd01",
	"00000000-0000-0000-0000-000000000000",
	'');
INSERT INTO SM_SEME
	VALUES ("0db86bce-777e-4b26-bb8f-61540fee556c",
	"ebcf5a9a-edc9-4132-adab-6869356d37ba",
	"dcab244f-b6d6-4714-9309-e1da8987dd01",
	"00000000-0000-0000-0000-000000000000");
INSERT INTO SM_CH
	VALUES ("0db86bce-777e-4b26-bb8f-61540fee556c",
	"6100ffea-4c50-40d9-8ccf-096e19eadcb6",
	"dcab244f-b6d6-4714-9309-e1da8987dd01",
	"00000000-0000-0000-0000-000000000000",
	'');
INSERT INTO SM_SEME
	VALUES ("0db86bce-777e-4b26-bb8f-61540fee556c",
	"6100ffea-4c50-40d9-8ccf-096e19eadcb6",
	"dcab244f-b6d6-4714-9309-e1da8987dd01",
	"00000000-0000-0000-0000-000000000000");
INSERT INTO SM_CH
	VALUES ("0db86bce-777e-4b26-bb8f-61540fee556c",
	"20138408-c023-43b0-af83-87bd0ea1f6b0",
	"dcab244f-b6d6-4714-9309-e1da8987dd01",
	"00000000-0000-0000-0000-000000000000",
	'');
INSERT INTO SM_SEME
	VALUES ("0db86bce-777e-4b26-bb8f-61540fee556c",
	"20138408-c023-43b0-af83-87bd0ea1f6b0",
	"dcab244f-b6d6-4714-9309-e1da8987dd01",
	"00000000-0000-0000-0000-000000000000");
INSERT INTO SM_CH
	VALUES ("0db86bce-777e-4b26-bb8f-61540fee556c",
	"097d3ae3-3753-44c4-9a30-7e6f1570f563",
	"dcab244f-b6d6-4714-9309-e1da8987dd01",
	"00000000-0000-0000-0000-000000000000",
	'');
INSERT INTO SM_SEME
	VALUES ("0db86bce-777e-4b26-bb8f-61540fee556c",
	"097d3ae3-3753-44c4-9a30-7e6f1570f563",
	"dcab244f-b6d6-4714-9309-e1da8987dd01",
	"00000000-0000-0000-0000-000000000000");
INSERT INTO SM_CH
	VALUES ("0db86bce-777e-4b26-bb8f-61540fee556c",
	"246c1e2a-7f53-4588-bbea-ed3182065474",
	"dcab244f-b6d6-4714-9309-e1da8987dd01",
	"00000000-0000-0000-0000-000000000000",
	'');
INSERT INTO SM_SEME
	VALUES ("0db86bce-777e-4b26-bb8f-61540fee556c",
	"246c1e2a-7f53-4588-bbea-ed3182065474",
	"dcab244f-b6d6-4714-9309-e1da8987dd01",
	"00000000-0000-0000-0000-000000000000");
INSERT INTO SM_CH
	VALUES ("0db86bce-777e-4b26-bb8f-61540fee556c",
	"ec02c039-d283-4ee1-a933-6c9d2901d226",
	"dcab244f-b6d6-4714-9309-e1da8987dd01",
	"00000000-0000-0000-0000-000000000000",
	'');
INSERT INTO SM_SEME
	VALUES ("0db86bce-777e-4b26-bb8f-61540fee556c",
	"ec02c039-d283-4ee1-a933-6c9d2901d226",
	"dcab244f-b6d6-4714-9309-e1da8987dd01",
	"00000000-0000-0000-0000-000000000000");
INSERT INTO SM_CH
	VALUES ("0db86bce-777e-4b26-bb8f-61540fee556c",
	"b81f2423-f37a-456f-9a1d-ca0f8636f8ba",
	"dcab244f-b6d6-4714-9309-e1da8987dd01",
	"00000000-0000-0000-0000-000000000000",
	'');
INSERT INTO SM_SEME
	VALUES ("0db86bce-777e-4b26-bb8f-61540fee556c",
	"b81f2423-f37a-456f-9a1d-ca0f8636f8ba",
	"dcab244f-b6d6-4714-9309-e1da8987dd01",
	"00000000-0000-0000-0000-000000000000");
INSERT INTO SM_CH
	VALUES ("0db86bce-777e-4b26-bb8f-61540fee556c",
	"a2d448d3-cd99-4c5e-8495-75dfc36561ce",
	"dcab244f-b6d6-4714-9309-e1da8987dd01",
	"00000000-0000-0000-0000-000000000000",
	'');
INSERT INTO SM_SEME
	VALUES ("0db86bce-777e-4b26-bb8f-61540fee556c",
	"a2d448d3-cd99-4c5e-8495-75dfc36561ce",
	"dcab244f-b6d6-4714-9309-e1da8987dd01",
	"00000000-0000-0000-0000-000000000000");
INSERT INTO SM_CH
	VALUES ("0db86bce-777e-4b26-bb8f-61540fee556c",
	"c6663330-eb0b-4184-b493-270c3ae54ae1",
	"dcab244f-b6d6-4714-9309-e1da8987dd01",
	"00000000-0000-0000-0000-000000000000",
	'');
INSERT INTO SM_SEME
	VALUES ("0db86bce-777e-4b26-bb8f-61540fee556c",
	"c6663330-eb0b-4184-b493-270c3ae54ae1",
	"dcab244f-b6d6-4714-9309-e1da8987dd01",
	"00000000-0000-0000-0000-000000000000");
INSERT INTO SM_MOAH
	VALUES ("e7e265d0-741a-4390-b08e-5392764169bd",
	"dcab244f-b6d6-4714-9309-e1da8987dd01",
	"0db86bce-777e-4b26-bb8f-61540fee556c");
INSERT INTO SM_AH
	VALUES ("e7e265d0-741a-4390-b08e-5392764169bd",
	"dcab244f-b6d6-4714-9309-e1da8987dd01");
INSERT INTO SM_ACT
	VALUES ("e7e265d0-741a-4390-b08e-5392764169bd",
	"dcab244f-b6d6-4714-9309-e1da8987dd01",
	3,
	'begin
  null;
end',
	'',
	1);
INSERT INTO SM_NSTXN
	VALUES ("c9c915ac-3193-4abe-b0f8-2eeb88801c8a",
	"dcab244f-b6d6-4714-9309-e1da8987dd01",
	"3d1041a6-cdbb-45a5-947b-91a9da35086c",
	"ebcf5a9a-edc9-4132-adab-6869356d37ba",
	"00000000-0000-0000-0000-000000000000");
INSERT INTO SM_TAH
	VALUES ("10f30431-cd34-4a2f-8faa-05d76ab477c4",
	"dcab244f-b6d6-4714-9309-e1da8987dd01",
	"c9c915ac-3193-4abe-b0f8-2eeb88801c8a");
INSERT INTO SM_AH
	VALUES ("10f30431-cd34-4a2f-8faa-05d76ab477c4",
	"dcab244f-b6d6-4714-9309-e1da8987dd01");
INSERT INTO SM_ACT
	VALUES ("10f30431-cd34-4a2f-8faa-05d76ab477c4",
	"dcab244f-b6d6-4714-9309-e1da8987dd01",
	3,
	'',
	'',
	-1);
INSERT INTO SM_TXN
	VALUES ("c9c915ac-3193-4abe-b0f8-2eeb88801c8a",
	"dcab244f-b6d6-4714-9309-e1da8987dd01",
	"06a4b9f2-b2a4-46f8-99e9-9c6f9b325858",
	"00000000-0000-0000-0000-000000000000");
INSERT INTO SM_NSTXN
	VALUES ("3ce44054-760c-4af4-901a-f7e9e2b60f26",
	"dcab244f-b6d6-4714-9309-e1da8987dd01",
	"06a4b9f2-b2a4-46f8-99e9-9c6f9b325858",
	"6100ffea-4c50-40d9-8ccf-096e19eadcb6",
	"00000000-0000-0000-0000-000000000000");
INSERT INTO SM_TAH
	VALUES ("31f10bc5-a080-42d7-a146-89eb11c249ef",
	"dcab244f-b6d6-4714-9309-e1da8987dd01",
	"3ce44054-760c-4af4-901a-f7e9e2b60f26");
INSERT INTO SM_AH
	VALUES ("31f10bc5-a080-42d7-a146-89eb11c249ef",
	"dcab244f-b6d6-4714-9309-e1da8987dd01");
INSERT INTO SM_ACT
	VALUES ("31f10bc5-a080-42d7-a146-89eb11c249ef",
	"dcab244f-b6d6-4714-9309-e1da8987dd01",
	3,
	'',
	'',
	-1);
INSERT INTO SM_TXN
	VALUES ("3ce44054-760c-4af4-901a-f7e9e2b60f26",
	"dcab244f-b6d6-4714-9309-e1da8987dd01",
	"4c92e969-706a-41f7-bcd3-a462f05782ba",
	"00000000-0000-0000-0000-000000000000");
INSERT INTO SM_NSTXN
	VALUES ("0c25ef37-b85c-43f8-99da-b4db6c4ea2e6",
	"dcab244f-b6d6-4714-9309-e1da8987dd01",
	"4c92e969-706a-41f7-bcd3-a462f05782ba",
	"20138408-c023-43b0-af83-87bd0ea1f6b0",
	"00000000-0000-0000-0000-000000000000");
INSERT INTO SM_TAH
	VALUES ("6a0a0d75-2163-4d7f-b839-ce50bb540a92",
	"dcab244f-b6d6-4714-9309-e1da8987dd01",
	"0c25ef37-b85c-43f8-99da-b4db6c4ea2e6");
INSERT INTO SM_AH
	VALUES ("6a0a0d75-2163-4d7f-b839-ce50bb540a92",
	"dcab244f-b6d6-4714-9309-e1da8987dd01");
INSERT INTO SM_ACT
	VALUES ("6a0a0d75-2163-4d7f-b839-ce50bb540a92",
	"dcab244f-b6d6-4714-9309-e1da8987dd01",
	3,
	'',
	'',
	-1);
INSERT INTO SM_TXN
	VALUES ("0c25ef37-b85c-43f8-99da-b4db6c4ea2e6",
	"dcab244f-b6d6-4714-9309-e1da8987dd01",
	"977dd1ec-997d-48f9-b5fa-f2fb3e666819",
	"00000000-0000-0000-0000-000000000000");
INSERT INTO SM_NSTXN
	VALUES ("fb7afe69-d6de-423e-8f34-cb92599ea88d",
	"dcab244f-b6d6-4714-9309-e1da8987dd01",
	"977dd1ec-997d-48f9-b5fa-f2fb3e666819",
	"097d3ae3-3753-44c4-9a30-7e6f1570f563",
	"00000000-0000-0000-0000-000000000000");
INSERT INTO SM_TAH
	VALUES ("70f70a13-1987-45c8-8f5a-e0aafc8cd478",
	"dcab244f-b6d6-4714-9309-e1da8987dd01",
	"fb7afe69-d6de-423e-8f34-cb92599ea88d");
INSERT INTO SM_AH
	VALUES ("70f70a13-1987-45c8-8f5a-e0aafc8cd478",
	"dcab244f-b6d6-4714-9309-e1da8987dd01");
INSERT INTO SM_ACT
	VALUES ("70f70a13-1987-45c8-8f5a-e0aafc8cd478",
	"dcab244f-b6d6-4714-9309-e1da8987dd01",
	3,
	'',
	'',
	-1);
INSERT INTO SM_TXN
	VALUES ("fb7afe69-d6de-423e-8f34-cb92599ea88d",
	"dcab244f-b6d6-4714-9309-e1da8987dd01",
	"3409f54c-907d-465b-9cbd-112331090b6f",
	"00000000-0000-0000-0000-000000000000");
INSERT INTO SM_NSTXN
	VALUES ("2afa642a-73e2-4445-a431-ccc2d0cdc327",
	"dcab244f-b6d6-4714-9309-e1da8987dd01",
	"977dd1ec-997d-48f9-b5fa-f2fb3e666819",
	"ec02c039-d283-4ee1-a933-6c9d2901d226",
	"00000000-0000-0000-0000-000000000000");
INSERT INTO SM_TAH
	VALUES ("cd962e62-73f5-427e-851b-3649f82aedd2",
	"dcab244f-b6d6-4714-9309-e1da8987dd01",
	"2afa642a-73e2-4445-a431-ccc2d0cdc327");
INSERT INTO SM_AH
	VALUES ("cd962e62-73f5-427e-851b-3649f82aedd2",
	"dcab244f-b6d6-4714-9309-e1da8987dd01");
INSERT INTO SM_ACT
	VALUES ("cd962e62-73f5-427e-851b-3649f82aedd2",
	"dcab244f-b6d6-4714-9309-e1da8987dd01",
	3,
	'',
	'',
	-1);
INSERT INTO SM_TXN
	VALUES ("2afa642a-73e2-4445-a431-ccc2d0cdc327",
	"dcab244f-b6d6-4714-9309-e1da8987dd01",
	"0e68d588-26ad-4ba0-a526-80db954d90bd",
	"00000000-0000-0000-0000-000000000000");
INSERT INTO SM_NSTXN
	VALUES ("de685f1b-aa78-4db0-a4d9-6a0f16af78a7",
	"dcab244f-b6d6-4714-9309-e1da8987dd01",
	"3409f54c-907d-465b-9cbd-112331090b6f",
	"246c1e2a-7f53-4588-bbea-ed3182065474",
	"00000000-0000-0000-0000-000000000000");
INSERT INTO SM_TAH
	VALUES ("bca62dd8-a232-4b73-9762-c19d939eb7bc",
	"dcab244f-b6d6-4714-9309-e1da8987dd01",
	"de685f1b-aa78-4db0-a4d9-6a0f16af78a7");
INSERT INTO SM_AH
	VALUES ("bca62dd8-a232-4b73-9762-c19d939eb7bc",
	"dcab244f-b6d6-4714-9309-e1da8987dd01");
INSERT INTO SM_ACT
	VALUES ("bca62dd8-a232-4b73-9762-c19d939eb7bc",
	"dcab244f-b6d6-4714-9309-e1da8987dd01",
	3,
	'',
	'',
	-1);
INSERT INTO SM_TXN
	VALUES ("de685f1b-aa78-4db0-a4d9-6a0f16af78a7",
	"dcab244f-b6d6-4714-9309-e1da8987dd01",
	"06a4b9f2-b2a4-46f8-99e9-9c6f9b325858",
	"00000000-0000-0000-0000-000000000000");
INSERT INTO SM_NSTXN
	VALUES ("7e6c79ae-594c-4df0-bf01-98406c9cd2b5",
	"dcab244f-b6d6-4714-9309-e1da8987dd01",
	"3409f54c-907d-465b-9cbd-112331090b6f",
	"ec02c039-d283-4ee1-a933-6c9d2901d226",
	"00000000-0000-0000-0000-000000000000");
INSERT INTO SM_TAH
	VALUES ("6de320c9-b232-46df-9353-72dcda5f8b34",
	"dcab244f-b6d6-4714-9309-e1da8987dd01",
	"7e6c79ae-594c-4df0-bf01-98406c9cd2b5");
INSERT INTO SM_AH
	VALUES ("6de320c9-b232-46df-9353-72dcda5f8b34",
	"dcab244f-b6d6-4714-9309-e1da8987dd01");
INSERT INTO SM_ACT
	VALUES ("6de320c9-b232-46df-9353-72dcda5f8b34",
	"dcab244f-b6d6-4714-9309-e1da8987dd01",
	3,
	'',
	'',
	-1);
INSERT INTO SM_TXN
	VALUES ("7e6c79ae-594c-4df0-bf01-98406c9cd2b5",
	"dcab244f-b6d6-4714-9309-e1da8987dd01",
	"0e68d588-26ad-4ba0-a526-80db954d90bd",
	"00000000-0000-0000-0000-000000000000");
INSERT INTO SM_NSTXN
	VALUES ("5e53e21c-da63-45c0-bac4-7e2912622f61",
	"dcab244f-b6d6-4714-9309-e1da8987dd01",
	"0e68d588-26ad-4ba0-a526-80db954d90bd",
	"b81f2423-f37a-456f-9a1d-ca0f8636f8ba",
	"00000000-0000-0000-0000-000000000000");
INSERT INTO SM_TAH
	VALUES ("e1683afa-7819-4763-aa1a-e652f6c41928",
	"dcab244f-b6d6-4714-9309-e1da8987dd01",
	"5e53e21c-da63-45c0-bac4-7e2912622f61");
INSERT INTO SM_AH
	VALUES ("e1683afa-7819-4763-aa1a-e652f6c41928",
	"dcab244f-b6d6-4714-9309-e1da8987dd01");
INSERT INTO SM_ACT
	VALUES ("e1683afa-7819-4763-aa1a-e652f6c41928",
	"dcab244f-b6d6-4714-9309-e1da8987dd01",
	3,
	'',
	'',
	-1);
INSERT INTO SM_TXN
	VALUES ("5e53e21c-da63-45c0-bac4-7e2912622f61",
	"dcab244f-b6d6-4714-9309-e1da8987dd01",
	"0db86bce-777e-4b26-bb8f-61540fee556c",
	"00000000-0000-0000-0000-000000000000");
INSERT INTO SM_NSTXN
	VALUES ("134c85be-928c-48b2-b024-4e89658c95c7",
	"dcab244f-b6d6-4714-9309-e1da8987dd01",
	"0e68d588-26ad-4ba0-a526-80db954d90bd",
	"a2d448d3-cd99-4c5e-8495-75dfc36561ce",
	"00000000-0000-0000-0000-000000000000");
INSERT INTO SM_TAH
	VALUES ("e39fea60-7432-4465-84f3-ab86d5b2edfa",
	"dcab244f-b6d6-4714-9309-e1da8987dd01",
	"134c85be-928c-48b2-b024-4e89658c95c7");
INSERT INTO SM_AH
	VALUES ("e39fea60-7432-4465-84f3-ab86d5b2edfa",
	"dcab244f-b6d6-4714-9309-e1da8987dd01");
INSERT INTO SM_ACT
	VALUES ("e39fea60-7432-4465-84f3-ab86d5b2edfa",
	"dcab244f-b6d6-4714-9309-e1da8987dd01",
	3,
	'',
	'',
	-1);
INSERT INTO SM_TXN
	VALUES ("134c85be-928c-48b2-b024-4e89658c95c7",
	"dcab244f-b6d6-4714-9309-e1da8987dd01",
	"3409f54c-907d-465b-9cbd-112331090b6f",
	"00000000-0000-0000-0000-000000000000");
INSERT INTO SM_NSTXN
	VALUES ("cae45474-f8e8-4cea-aafc-5ccc0b36fb55",
	"dcab244f-b6d6-4714-9309-e1da8987dd01",
	"0e68d588-26ad-4ba0-a526-80db954d90bd",
	"c6663330-eb0b-4184-b493-270c3ae54ae1",
	"00000000-0000-0000-0000-000000000000");
INSERT INTO SM_TAH
	VALUES ("36b79f4f-5473-46b3-92f5-5854b82887a6",
	"dcab244f-b6d6-4714-9309-e1da8987dd01",
	"cae45474-f8e8-4cea-aafc-5ccc0b36fb55");
INSERT INTO SM_AH
	VALUES ("36b79f4f-5473-46b3-92f5-5854b82887a6",
	"dcab244f-b6d6-4714-9309-e1da8987dd01");
INSERT INTO SM_ACT
	VALUES ("36b79f4f-5473-46b3-92f5-5854b82887a6",
	"dcab244f-b6d6-4714-9309-e1da8987dd01",
	3,
	'',
	'',
	-1);
INSERT INTO SM_TXN
	VALUES ("cae45474-f8e8-4cea-aafc-5ccc0b36fb55",
	"dcab244f-b6d6-4714-9309-e1da8987dd01",
	"977dd1ec-997d-48f9-b5fa-f2fb3e666819",
	"00000000-0000-0000-0000-000000000000");
INSERT INTO PE_PE
	VALUES ("7c8227df-316e-425f-b365-2c556d051d06",
	1,
	"2e5272a8-d08d-4d31-9c31-e769bee957e6",
	"00000000-0000-0000-0000-000000000000",
	4);
INSERT INTO O_OBJ
	VALUES ("7c8227df-316e-425f-b365-2c556d051d06",
	'Hand',
	6,
	'Hand',
	'',
	"00000000-0000-0000-0000-000000000000");
INSERT INTO O_NBATTR
	VALUES ("3f8a8b45-9a6b-4fa9-aca6-8088df1817f4",
	"7c8227df-316e-425f-b365-2c556d051d06");
INSERT INTO O_BATTR
	VALUES ("3f8a8b45-9a6b-4fa9-aca6-8088df1817f4",
	"7c8227df-316e-425f-b365-2c556d051d06");
INSERT INTO O_ATTR
	VALUES ("3f8a8b45-9a6b-4fa9-aca6-8088df1817f4",
	"7c8227df-316e-425f-b365-2c556d051d06",
	"00000000-0000-0000-0000-000000000000",
	'hand_id',
	'',
	'',
	'hand_id',
	0,
	"5fb79df4-fa29-492c-a632-ff670eb8f714",
	'',
	'');
INSERT INTO O_ID
	VALUES (0,
	"7c8227df-316e-425f-b365-2c556d051d06");
INSERT INTO O_OIDA
	VALUES ("3f8a8b45-9a6b-4fa9-aca6-8088df1817f4",
	"7c8227df-316e-425f-b365-2c556d051d06",
	0,
	'hand_id');
INSERT INTO O_ID
	VALUES (1,
	"7c8227df-316e-425f-b365-2c556d051d06");
INSERT INTO O_ID
	VALUES (2,
	"7c8227df-316e-425f-b365-2c556d051d06");
INSERT INTO PE_PE
	VALUES ("053cfb36-a3f2-4128-a67f-6b87aaae86eb",
	1,
	"2e5272a8-d08d-4d31-9c31-e769bee957e6",
	"00000000-0000-0000-0000-000000000000",
	4);
INSERT INTO O_OBJ
	VALUES ("053cfb36-a3f2-4128-a67f-6b87aaae86eb",
	'NormalPlay',
	7,
	'NormalPlay',
	'',
	"00000000-0000-0000-0000-000000000000");
INSERT INTO O_REF
	VALUES ("053cfb36-a3f2-4128-a67f-6b87aaae86eb",
	"39d9fbc4-4bcc-4a58-a9a7-0e36c7930bef",
	0,
	"040ce387-f0f2-4c90-a3da-71a4bd87a3ea",
	"b5d55626-1614-4f48-aa55-f16ba1708601",
	"87f639c4-c8a9-4343-ae9c-a54cb7dc4402",
	"ada79914-51fe-4f36-989b-b0e535dfeceb",
	"ceb0d6e6-a74e-49b6-8d78-638a9ab5e411",
	"5f5bbf32-1a52-4f84-b645-a4ee6f4cbfd1",
	"00000000-0000-0000-0000-000000000000",
	0,
	'',
	'Play',
	'play_id',
	'R12');
INSERT INTO O_RATTR
	VALUES ("ceb0d6e6-a74e-49b6-8d78-638a9ab5e411",
	"053cfb36-a3f2-4128-a67f-6b87aaae86eb",
	"040ce387-f0f2-4c90-a3da-71a4bd87a3ea",
	"39d9fbc4-4bcc-4a58-a9a7-0e36c7930bef",
	0,
	'play_id');
INSERT INTO O_ATTR
	VALUES ("ceb0d6e6-a74e-49b6-8d78-638a9ab5e411",
	"053cfb36-a3f2-4128-a67f-6b87aaae86eb",
	"00000000-0000-0000-0000-000000000000",
	'play_id',
	'',
	'',
	'play_id',
	0,
	"ba5eda7a-def5-0000-0000-000000000007",
	'',
	'');
INSERT INTO O_ID
	VALUES (0,
	"053cfb36-a3f2-4128-a67f-6b87aaae86eb");
INSERT INTO O_OIDA
	VALUES ("ceb0d6e6-a74e-49b6-8d78-638a9ab5e411",
	"053cfb36-a3f2-4128-a67f-6b87aaae86eb",
	0,
	'play_id');
INSERT INTO O_ID
	VALUES (1,
	"053cfb36-a3f2-4128-a67f-6b87aaae86eb");
INSERT INTO O_ID
	VALUES (2,
	"053cfb36-a3f2-4128-a67f-6b87aaae86eb");
INSERT INTO PE_PE
	VALUES ("7badb553-3fa9-4709-b3a9-7f02c8a959c1",
	1,
	"2e5272a8-d08d-4d31-9c31-e769bee957e6",
	"00000000-0000-0000-0000-000000000000",
	4);
INSERT INTO O_OBJ
	VALUES ("7badb553-3fa9-4709-b3a9-7f02c8a959c1",
	'Peg',
	8,
	'Peg',
	'',
	"00000000-0000-0000-0000-000000000000");
INSERT INTO O_NBATTR
	VALUES ("2d058561-2658-4825-9b3b-276430821575",
	"7badb553-3fa9-4709-b3a9-7f02c8a959c1");
INSERT INTO O_BATTR
	VALUES ("2d058561-2658-4825-9b3b-276430821575",
	"7badb553-3fa9-4709-b3a9-7f02c8a959c1");
INSERT INTO O_ATTR
	VALUES ("2d058561-2658-4825-9b3b-276430821575",
	"7badb553-3fa9-4709-b3a9-7f02c8a959c1",
	"00000000-0000-0000-0000-000000000000",
	'peg_id',
	'',
	'',
	'peg_id',
	0,
	"5fb79df4-fa29-492c-a632-ff670eb8f714",
	'',
	'');
INSERT INTO O_REF
	VALUES ("7badb553-3fa9-4709-b3a9-7f02c8a959c1",
	"56e99542-222c-4328-bf84-766813710c27",
	0,
	"1cdc4432-31f9-4f65-b288-8ba566f60819",
	"34448c08-0a16-4373-9010-501541561964",
	"5882fb4e-f66c-4b86-81b7-bdd191d1dacf",
	"10827c70-9493-4182-afbd-975e5c1fb81e",
	"04388b27-f777-4c51-8851-debf72396a31",
	"b7a18d2b-8c1e-40cb-9523-e01a0e206817",
	"00000000-0000-0000-0000-000000000000",
	0,
	'',
	'Board',
	'board_id',
	'R5.''moves_on''');
INSERT INTO O_RATTR
	VALUES ("04388b27-f777-4c51-8851-debf72396a31",
	"7badb553-3fa9-4709-b3a9-7f02c8a959c1",
	"1cdc4432-31f9-4f65-b288-8ba566f60819",
	"56e99542-222c-4328-bf84-766813710c27",
	0,
	'board_id');
INSERT INTO O_ATTR
	VALUES ("04388b27-f777-4c51-8851-debf72396a31",
	"7badb553-3fa9-4709-b3a9-7f02c8a959c1",
	"2d058561-2658-4825-9b3b-276430821575",
	'board_id',
	'',
	'',
	'board_id',
	0,
	"ba5eda7a-def5-0000-0000-000000000007",
	'',
	'');
INSERT INTO O_ID
	VALUES (0,
	"7badb553-3fa9-4709-b3a9-7f02c8a959c1");
INSERT INTO O_OIDA
	VALUES ("2d058561-2658-4825-9b3b-276430821575",
	"7badb553-3fa9-4709-b3a9-7f02c8a959c1",
	0,
	'peg_id');
INSERT INTO O_ID
	VALUES (1,
	"7badb553-3fa9-4709-b3a9-7f02c8a959c1");
INSERT INTO O_ID
	VALUES (2,
	"7badb553-3fa9-4709-b3a9-7f02c8a959c1");
INSERT INTO PE_PE
	VALUES ("24372e08-7943-4059-9c72-90db5de4cee2",
	1,
	"2e5272a8-d08d-4d31-9c31-e769bee957e6",
	"00000000-0000-0000-0000-000000000000",
	4);
INSERT INTO O_OBJ
	VALUES ("24372e08-7943-4059-9c72-90db5de4cee2",
	'Pile',
	9,
	'Pile',
	'',
	"00000000-0000-0000-0000-000000000000");
INSERT INTO O_NBATTR
	VALUES ("6cddc50e-1d35-4450-8c92-a5d245a37834",
	"24372e08-7943-4059-9c72-90db5de4cee2");
INSERT INTO O_BATTR
	VALUES ("6cddc50e-1d35-4450-8c92-a5d245a37834",
	"24372e08-7943-4059-9c72-90db5de4cee2");
INSERT INTO O_ATTR
	VALUES ("6cddc50e-1d35-4450-8c92-a5d245a37834",
	"24372e08-7943-4059-9c72-90db5de4cee2",
	"00000000-0000-0000-0000-000000000000",
	'pile_id',
	'',
	'',
	'pile_id',
	0,
	"5fb79df4-fa29-492c-a632-ff670eb8f714",
	'',
	'');
INSERT INTO O_REF
	VALUES ("24372e08-7943-4059-9c72-90db5de4cee2",
	"a432acd5-c989-4c4f-8071-0b88be80aca6",
	0,
	"38602585-e65a-45a2-b36c-7437a1d7ab0e",
	"60827be1-6307-4366-947d-3482c172049e",
	"ad077b90-9a31-4af7-b092-9db51561c41b",
	"b744cae9-8fda-4630-8067-bba34acef54e",
	"5ef06f88-a8c5-4d29-9070-89be7153b4d9",
	"16cb916c-11d1-4926-9568-c6c8da4a2cbb",
	"00000000-0000-0000-0000-000000000000",
	0,
	'',
	'Game',
	'game_number',
	'R4.''contains_cards_for''');
INSERT INTO O_RATTR
	VALUES ("5ef06f88-a8c5-4d29-9070-89be7153b4d9",
	"24372e08-7943-4059-9c72-90db5de4cee2",
	"38602585-e65a-45a2-b36c-7437a1d7ab0e",
	"a432acd5-c989-4c4f-8071-0b88be80aca6",
	0,
	'game_number');
INSERT INTO O_ATTR
	VALUES ("5ef06f88-a8c5-4d29-9070-89be7153b4d9",
	"24372e08-7943-4059-9c72-90db5de4cee2",
	"6cddc50e-1d35-4450-8c92-a5d245a37834",
	'game_number',
	'',
	'',
	'game_number',
	0,
	"ba5eda7a-def5-0000-0000-000000000007",
	'',
	'');
INSERT INTO O_ID
	VALUES (0,
	"24372e08-7943-4059-9c72-90db5de4cee2");
INSERT INTO O_OIDA
	VALUES ("6cddc50e-1d35-4450-8c92-a5d245a37834",
	"24372e08-7943-4059-9c72-90db5de4cee2",
	0,
	'pile_id');
INSERT INTO O_ID
	VALUES (1,
	"24372e08-7943-4059-9c72-90db5de4cee2");
INSERT INTO O_ID
	VALUES (2,
	"24372e08-7943-4059-9c72-90db5de4cee2");
INSERT INTO PE_PE
	VALUES ("39d9fbc4-4bcc-4a58-a9a7-0e36c7930bef",
	1,
	"2e5272a8-d08d-4d31-9c31-e769bee957e6",
	"00000000-0000-0000-0000-000000000000",
	4);
INSERT INTO O_OBJ
	VALUES ("39d9fbc4-4bcc-4a58-a9a7-0e36c7930bef",
	'Play',
	10,
	'Play',
	'',
	"00000000-0000-0000-0000-000000000000");
INSERT INTO O_NBATTR
	VALUES ("040ce387-f0f2-4c90-a3da-71a4bd87a3ea",
	"39d9fbc4-4bcc-4a58-a9a7-0e36c7930bef");
INSERT INTO O_BATTR
	VALUES ("040ce387-f0f2-4c90-a3da-71a4bd87a3ea",
	"39d9fbc4-4bcc-4a58-a9a7-0e36c7930bef");
INSERT INTO O_ATTR
	VALUES ("040ce387-f0f2-4c90-a3da-71a4bd87a3ea",
	"39d9fbc4-4bcc-4a58-a9a7-0e36c7930bef",
	"00000000-0000-0000-0000-000000000000",
	'play_id',
	'',
	'',
	'play_id',
	0,
	"5fb79df4-fa29-492c-a632-ff670eb8f714",
	'',
	'');
INSERT INTO O_ID
	VALUES (0,
	"39d9fbc4-4bcc-4a58-a9a7-0e36c7930bef");
INSERT INTO O_OIDA
	VALUES ("040ce387-f0f2-4c90-a3da-71a4bd87a3ea",
	"39d9fbc4-4bcc-4a58-a9a7-0e36c7930bef",
	0,
	'play_id');
INSERT INTO O_ID
	VALUES (1,
	"39d9fbc4-4bcc-4a58-a9a7-0e36c7930bef");
INSERT INTO O_ID
	VALUES (2,
	"39d9fbc4-4bcc-4a58-a9a7-0e36c7930bef");
INSERT INTO PE_PE
	VALUES ("04fb0288-d0dc-4e13-810b-cbcd8303ccb2",
	1,
	"2e5272a8-d08d-4d31-9c31-e769bee957e6",
	"00000000-0000-0000-0000-000000000000",
	4);
INSERT INTO O_OBJ
	VALUES ("04fb0288-d0dc-4e13-810b-cbcd8303ccb2",
	'Player',
	11,
	'Player',
	'',
	"00000000-0000-0000-0000-000000000000");
INSERT INTO O_NBATTR
	VALUES ("dd7be9cb-ed25-49d0-9629-87e3222f25dd",
	"04fb0288-d0dc-4e13-810b-cbcd8303ccb2");
INSERT INTO O_BATTR
	VALUES ("dd7be9cb-ed25-49d0-9629-87e3222f25dd",
	"04fb0288-d0dc-4e13-810b-cbcd8303ccb2");
INSERT INTO O_ATTR
	VALUES ("dd7be9cb-ed25-49d0-9629-87e3222f25dd",
	"04fb0288-d0dc-4e13-810b-cbcd8303ccb2",
	"00000000-0000-0000-0000-000000000000",
	'player_number',
	'',
	'',
	'player_number',
	0,
	"5fb79df4-fa29-492c-a632-ff670eb8f714",
	'',
	'');
INSERT INTO O_NBATTR
	VALUES ("746baec6-5661-4c38-b779-18704a1363c3",
	"04fb0288-d0dc-4e13-810b-cbcd8303ccb2");
INSERT INTO O_BATTR
	VALUES ("746baec6-5661-4c38-b779-18704a1363c3",
	"04fb0288-d0dc-4e13-810b-cbcd8303ccb2");
INSERT INTO O_ATTR
	VALUES ("746baec6-5661-4c38-b779-18704a1363c3",
	"04fb0288-d0dc-4e13-810b-cbcd8303ccb2",
	"dd7be9cb-ed25-49d0-9629-87e3222f25dd",
	'name',
	'',
	'',
	'name',
	0,
	"8bf86884-0ab3-4c11-a113-218312b4aeae",
	'',
	'');
INSERT INTO O_REF
	VALUES ("04fb0288-d0dc-4e13-810b-cbcd8303ccb2",
	"a432acd5-c989-4c4f-8071-0b88be80aca6",
	0,
	"38602585-e65a-45a2-b36c-7437a1d7ab0e",
	"94bbf197-9cfc-4ccf-a147-268ab75c2c38",
	"094c3f8b-758b-4964-9a3a-7f6d287b82eb",
	"48270ded-f6f5-4538-84ca-fc755d758ee6",
	"f29585db-b156-4556-a622-dc3d7f14cd61",
	"5c310b14-08d2-48d7-9bfd-a0320a372bcf",
	"00000000-0000-0000-0000-000000000000",
	0,
	'',
	'Game',
	'game_number',
	'R3.''plays''');
INSERT INTO O_RATTR
	VALUES ("f29585db-b156-4556-a622-dc3d7f14cd61",
	"04fb0288-d0dc-4e13-810b-cbcd8303ccb2",
	"38602585-e65a-45a2-b36c-7437a1d7ab0e",
	"a432acd5-c989-4c4f-8071-0b88be80aca6",
	0,
	'game_number');
INSERT INTO O_ATTR
	VALUES ("f29585db-b156-4556-a622-dc3d7f14cd61",
	"04fb0288-d0dc-4e13-810b-cbcd8303ccb2",
	"746baec6-5661-4c38-b779-18704a1363c3",
	'game_number',
	'',
	'',
	'game_number',
	0,
	"ba5eda7a-def5-0000-0000-000000000007",
	'',
	'');
INSERT INTO O_ID
	VALUES (0,
	"04fb0288-d0dc-4e13-810b-cbcd8303ccb2");
INSERT INTO O_OIDA
	VALUES ("dd7be9cb-ed25-49d0-9629-87e3222f25dd",
	"04fb0288-d0dc-4e13-810b-cbcd8303ccb2",
	0,
	'player_number');
INSERT INTO O_ID
	VALUES (1,
	"04fb0288-d0dc-4e13-810b-cbcd8303ccb2");
INSERT INTO O_ID
	VALUES (2,
	"04fb0288-d0dc-4e13-810b-cbcd8303ccb2");
INSERT INTO PE_PE
	VALUES ("0cb8fbe3-9ad2-4b07-a656-9ff818fc717e",
	1,
	"2e5272a8-d08d-4d31-9c31-e769bee957e6",
	"00000000-0000-0000-0000-000000000000",
	4);
INSERT INTO O_OBJ
	VALUES ("0cb8fbe3-9ad2-4b07-a656-9ff818fc717e",
	'Score',
	12,
	'Score',
	'',
	"00000000-0000-0000-0000-000000000000");
INSERT INTO O_REF
	VALUES ("0cb8fbe3-9ad2-4b07-a656-9ff818fc717e",
	"7badb553-3fa9-4709-b3a9-7f02c8a959c1",
	0,
	"2d058561-2658-4825-9b3b-276430821575",
	"07b9435a-5fb8-477c-b019-a9d779fe8edd",
	"9be7a3f7-aa4d-47c1-a2d7-e1378cbecaa6",
	"ba688f92-881c-4476-9d3f-55f8887c2e1c",
	"771b22d2-0b3e-40eb-8079-a164d6890dc0",
	"e5470a9f-ce36-4e6b-a8b6-40f20dd47c58",
	"00000000-0000-0000-0000-000000000000",
	0,
	'',
	'Peg',
	'peg_id',
	'R16.''moves''');
INSERT INTO O_RATTR
	VALUES ("771b22d2-0b3e-40eb-8079-a164d6890dc0",
	"0cb8fbe3-9ad2-4b07-a656-9ff818fc717e",
	"2d058561-2658-4825-9b3b-276430821575",
	"7badb553-3fa9-4709-b3a9-7f02c8a959c1",
	0,
	'peg_id');
INSERT INTO O_ATTR
	VALUES ("771b22d2-0b3e-40eb-8079-a164d6890dc0",
	"0cb8fbe3-9ad2-4b07-a656-9ff818fc717e",
	"00000000-0000-0000-0000-000000000000",
	'peg_id',
	'',
	'',
	'peg_id',
	0,
	"ba5eda7a-def5-0000-0000-000000000007",
	'',
	'');
INSERT INTO O_REF
	VALUES ("0cb8fbe3-9ad2-4b07-a656-9ff818fc717e",
	"04fb0288-d0dc-4e13-810b-cbcd8303ccb2",
	0,
	"dd7be9cb-ed25-49d0-9629-87e3222f25dd",
	"6bf26d05-793a-42be-a858-99399fe1d4d2",
	"389f5b0f-8ac0-46be-ace2-b9e2982ea628",
	"8db32181-53de-4ee7-8d96-841b8301d6a7",
	"d2ad1fa5-42a3-4a9a-83d7-2e58a30eeb8a",
	"c8613975-1274-4a32-b368-014be3686d75",
	"00000000-0000-0000-0000-000000000000",
	0,
	'',
	'Player',
	'player_number',
	'R6.''ranks''');
INSERT INTO O_RATTR
	VALUES ("d2ad1fa5-42a3-4a9a-83d7-2e58a30eeb8a",
	"0cb8fbe3-9ad2-4b07-a656-9ff818fc717e",
	"dd7be9cb-ed25-49d0-9629-87e3222f25dd",
	"04fb0288-d0dc-4e13-810b-cbcd8303ccb2",
	0,
	'player_number');
INSERT INTO O_ATTR
	VALUES ("d2ad1fa5-42a3-4a9a-83d7-2e58a30eeb8a",
	"0cb8fbe3-9ad2-4b07-a656-9ff818fc717e",
	"771b22d2-0b3e-40eb-8079-a164d6890dc0",
	'player_number',
	'',
	'',
	'player_number',
	0,
	"ba5eda7a-def5-0000-0000-000000000007",
	'',
	'');
INSERT INTO O_ID
	VALUES (0,
	"0cb8fbe3-9ad2-4b07-a656-9ff818fc717e");
INSERT INTO O_OIDA
	VALUES ("d2ad1fa5-42a3-4a9a-83d7-2e58a30eeb8a",
	"0cb8fbe3-9ad2-4b07-a656-9ff818fc717e",
	0,
	'player_number');
INSERT INTO O_ID
	VALUES (1,
	"0cb8fbe3-9ad2-4b07-a656-9ff818fc717e");
INSERT INTO O_ID
	VALUES (2,
	"0cb8fbe3-9ad2-4b07-a656-9ff818fc717e");
INSERT INTO PE_PE
	VALUES ("f49b4588-2f3c-4702-b2d0-222111339caf",
	1,
	"2e5272a8-d08d-4d31-9c31-e769bee957e6",
	"00000000-0000-0000-0000-000000000000",
	4);
INSERT INTO O_OBJ
	VALUES ("f49b4588-2f3c-4702-b2d0-222111339caf",
	'ScoringPlay',
	13,
	'ScoringPlay',
	'',
	"00000000-0000-0000-0000-000000000000");
INSERT INTO O_REF
	VALUES ("f49b4588-2f3c-4702-b2d0-222111339caf",
	"24372e08-7943-4059-9c72-90db5de4cee2",
	0,
	"6cddc50e-1d35-4450-8c92-a5d245a37834",
	"b5b8f193-0512-4b4a-8638-b5be9f7fcda8",
	"fdb2df04-cb32-4601-8f11-9c0e94b7c56b",
	"a1242a3a-b0e6-46a3-a35e-45ee79bdb22b",
	"904c94fc-8313-4a41-b5ad-c33ffd94b794",
	"50b5e657-f6d9-4d02-8b44-ee65df9a8fd9",
	"00000000-0000-0000-0000-000000000000",
	0,
	'',
	'Pile',
	'pile_id',
	'R14.''occurs_in''');
INSERT INTO O_RATTR
	VALUES ("904c94fc-8313-4a41-b5ad-c33ffd94b794",
	"f49b4588-2f3c-4702-b2d0-222111339caf",
	"6cddc50e-1d35-4450-8c92-a5d245a37834",
	"24372e08-7943-4059-9c72-90db5de4cee2",
	0,
	'pile_id');
INSERT INTO O_ATTR
	VALUES ("904c94fc-8313-4a41-b5ad-c33ffd94b794",
	"f49b4588-2f3c-4702-b2d0-222111339caf",
	"00000000-0000-0000-0000-000000000000",
	'pile_id',
	'',
	'',
	'pile_id',
	0,
	"ba5eda7a-def5-0000-0000-000000000007",
	'',
	'');
INSERT INTO O_REF
	VALUES ("f49b4588-2f3c-4702-b2d0-222111339caf",
	"7c8227df-316e-425f-b365-2c556d051d06",
	0,
	"3f8a8b45-9a6b-4fa9-aca6-8088df1817f4",
	"24f0b174-73be-41f5-9df8-7fc31bf4c767",
	"9f4b7ea9-9fa1-4df6-8a10-7d5007a2018c",
	"ce92c648-5c4d-4a91-8071-eb794c8bca21",
	"3d6640e7-0115-479e-87fd-e45fef677c78",
	"c20a3115-560e-461b-808c-9582cf3335fb",
	"00000000-0000-0000-0000-000000000000",
	0,
	'',
	'Hand',
	'hand_id',
	'R13.''occurs_in''');
INSERT INTO O_RATTR
	VALUES ("3d6640e7-0115-479e-87fd-e45fef677c78",
	"f49b4588-2f3c-4702-b2d0-222111339caf",
	"3f8a8b45-9a6b-4fa9-aca6-8088df1817f4",
	"7c8227df-316e-425f-b365-2c556d051d06",
	0,
	'hand_id');
INSERT INTO O_ATTR
	VALUES ("3d6640e7-0115-479e-87fd-e45fef677c78",
	"f49b4588-2f3c-4702-b2d0-222111339caf",
	"904c94fc-8313-4a41-b5ad-c33ffd94b794",
	'hand_id',
	'',
	'',
	'hand_id',
	0,
	"ba5eda7a-def5-0000-0000-000000000007",
	'',
	'');
INSERT INTO O_REF
	VALUES ("f49b4588-2f3c-4702-b2d0-222111339caf",
	"39d9fbc4-4bcc-4a58-a9a7-0e36c7930bef",
	0,
	"040ce387-f0f2-4c90-a3da-71a4bd87a3ea",
	"b5d55626-1614-4f48-aa55-f16ba1708601",
	"d2ef5d11-8243-4a56-9401-5f15517fc67e",
	"ada79914-51fe-4f36-989b-b0e535dfeceb",
	"9ab8e403-463d-4ca9-837f-ae502e906c2a",
	"7df37cf2-597c-4ef5-8171-d4b8b84a1d19",
	"00000000-0000-0000-0000-000000000000",
	0,
	'',
	'Play',
	'play_id',
	'R12');
INSERT INTO O_RATTR
	VALUES ("9ab8e403-463d-4ca9-837f-ae502e906c2a",
	"f49b4588-2f3c-4702-b2d0-222111339caf",
	"040ce387-f0f2-4c90-a3da-71a4bd87a3ea",
	"39d9fbc4-4bcc-4a58-a9a7-0e36c7930bef",
	0,
	'play_id');
INSERT INTO O_ATTR
	VALUES ("9ab8e403-463d-4ca9-837f-ae502e906c2a",
	"f49b4588-2f3c-4702-b2d0-222111339caf",
	"3d6640e7-0115-479e-87fd-e45fef677c78",
	'play_id',
	'',
	'',
	'play_id',
	0,
	"ba5eda7a-def5-0000-0000-000000000007",
	'',
	'');
INSERT INTO O_REF
	VALUES ("f49b4588-2f3c-4702-b2d0-222111339caf",
	"0cb8fbe3-9ad2-4b07-a656-9ff818fc717e",
	0,
	"d2ad1fa5-42a3-4a9a-83d7-2e58a30eeb8a",
	"bbcb6bfe-95d9-4d8a-9f64-aba61c402954",
	"64540d72-6566-4a18-a55f-79c29db382b6",
	"209bf1dd-4e38-4df7-98fd-32635574869a",
	"555cc054-0cde-4fa2-a040-ec18fbcdafa9",
	"c21f8a78-2df8-48d5-84c3-c54e6351c9fe",
	"00000000-0000-0000-0000-000000000000",
	0,
	'',
	'Score',
	'player_number',
	'R15.''changes''');
INSERT INTO O_RATTR
	VALUES ("555cc054-0cde-4fa2-a040-ec18fbcdafa9",
	"f49b4588-2f3c-4702-b2d0-222111339caf",
	"dd7be9cb-ed25-49d0-9629-87e3222f25dd",
	"04fb0288-d0dc-4e13-810b-cbcd8303ccb2",
	0,
	'player_number');
INSERT INTO O_ATTR
	VALUES ("555cc054-0cde-4fa2-a040-ec18fbcdafa9",
	"f49b4588-2f3c-4702-b2d0-222111339caf",
	"9ab8e403-463d-4ca9-837f-ae502e906c2a",
	'player_number',
	'',
	'',
	'player_number',
	0,
	"ba5eda7a-def5-0000-0000-000000000007",
	'',
	'');
INSERT INTO O_ID
	VALUES (0,
	"f49b4588-2f3c-4702-b2d0-222111339caf");
INSERT INTO O_OIDA
	VALUES ("9ab8e403-463d-4ca9-837f-ae502e906c2a",
	"f49b4588-2f3c-4702-b2d0-222111339caf",
	0,
	'play_id');
INSERT INTO O_ID
	VALUES (1,
	"f49b4588-2f3c-4702-b2d0-222111339caf");
INSERT INTO O_ID
	VALUES (2,
	"f49b4588-2f3c-4702-b2d0-222111339caf");
INSERT INTO PE_PE
	VALUES ("a4b808b3-7014-4d16-893b-6494a964a141",
	1,
	"00000000-0000-0000-0000-000000000000",
	"3695b73f-386b-46cf-8350-2d1e248946b4",
	7);
INSERT INTO EP_PKG
	VALUES ("a4b808b3-7014-4d16-893b-6494a964a141",
	"00000000-0000-0000-0000-000000000000",
	"3e47de70-c044-49ac-aa51-609f9a9423e1",
	'functions',
	'',
	0);
INSERT INTO PE_PE
	VALUES ("662c2e2a-2e02-4e92-8e0d-49717e307b1d",
	1,
	"a4b808b3-7014-4d16-893b-6494a964a141",
	"00000000-0000-0000-0000-000000000000",
	1);
INSERT INTO S_SYNC
	VALUES ("662c2e2a-2e02-4e92-8e0d-49717e307b1d",
	"00000000-0000-0000-0000-000000000000",
	'play',
	'',
	'begin
  null;
end',
	"80d88408-21ae-4588-b36f-119a99eb4a88",
	3,
	'',
	1);
INSERT INTO S_SPARM
	VALUES ("ac5c984c-36f4-491d-8fea-58e521b68c10",
	"662c2e2a-2e02-4e92-8e0d-49717e307b1d",
	'card',
	"3dba6f2f-4b41-4076-a530-ede67aba03b2",
	0,
	'',
	"00000000-0000-0000-0000-000000000000",
	'');
INSERT INTO PE_PE
	VALUES ("8d0785fc-8bed-4f96-98dd-4bd984306080",
	1,
	"760678ed-52e3-4bbb-8a87-b9bffb70f8ee",
	"00000000-0000-0000-0000-000000000000",
	7);
INSERT INTO EP_PKG
	VALUES ("8d0785fc-8bed-4f96-98dd-4bd984306080",
	"00000000-0000-0000-0000-000000000000",
	"3e47de70-c044-49ac-aa51-609f9a9423e1",
	'Shared',
	'',
	0);
INSERT INTO PE_PE
	VALUES ("914c0ffc-e377-4cf0-b9ea-f64aba64d095",
	1,
	"8d0785fc-8bed-4f96-98dd-4bd984306080",
	"00000000-0000-0000-0000-000000000000",
	3);
INSERT INTO S_DT
	VALUES ("914c0ffc-e377-4cf0-b9ea-f64aba64d095",
	"00000000-0000-0000-0000-000000000000",
	'SuitType',
	'',
	'');
INSERT INTO S_UDT
	VALUES ("914c0ffc-e377-4cf0-b9ea-f64aba64d095",
	"dedb668f-e762-4b19-a662-d483f0349b0a",
	0,
	'enum ( CLUBS, HEARTS, SPADES, DIAMONDS )');
INSERT INTO PE_PE
	VALUES ("3dba6f2f-4b41-4076-a530-ede67aba03b2",
	1,
	"8d0785fc-8bed-4f96-98dd-4bd984306080",
	"00000000-0000-0000-0000-000000000000",
	3);
INSERT INTO S_DT
	VALUES ("3dba6f2f-4b41-4076-a530-ede67aba03b2",
	"00000000-0000-0000-0000-000000000000",
	'CardType',
	'',
	'');
INSERT INTO S_UDT
	VALUES ("3dba6f2f-4b41-4076-a530-ede67aba03b2",
	"dedb668f-e762-4b19-a662-d483f0349b0a",
	0,
	'structure
    value: integer;     
    suit: SuitType;     
  end structure');
INSERT INTO PE_PE
	VALUES ("a3d326f1-e60f-428b-8c76-66f859fde1a4",
	1,
	"8d0785fc-8bed-4f96-98dd-4bd984306080",
	"00000000-0000-0000-0000-000000000000",
	3);
INSERT INTO S_DT
	VALUES ("a3d326f1-e60f-428b-8c76-66f859fde1a4",
	"00000000-0000-0000-0000-000000000000",
	'sequence of CardType',
	'',
	'');
INSERT INTO S_UDT
	VALUES ("a3d326f1-e60f-428b-8c76-66f859fde1a4",
	"dedb668f-e762-4b19-a662-d483f0349b0a",
	0,
	'');
INSERT INTO PE_PE
	VALUES ("5fb79df4-fa29-492c-a632-ff670eb8f714",
	1,
	"8d0785fc-8bed-4f96-98dd-4bd984306080",
	"00000000-0000-0000-0000-000000000000",
	3);
INSERT INTO S_DT
	VALUES ("5fb79df4-fa29-492c-a632-ff670eb8f714",
	"00000000-0000-0000-0000-000000000000",
	'MASLunique',
	'',
	'');
INSERT INTO S_UDT
	VALUES ("5fb79df4-fa29-492c-a632-ff670eb8f714",
	"dedb668f-e762-4b19-a662-d483f0349b0a",
	0,
	'');
INSERT INTO PE_PE
	VALUES ("219c31c4-4ae8-4c20-837d-9794bc4960d1",
	1,
	"8d0785fc-8bed-4f96-98dd-4bd984306080",
	"00000000-0000-0000-0000-000000000000",
	6);
INSERT INTO C_I
	VALUES ("219c31c4-4ae8-4c20-837d-9794bc4960d1",
	"00000000-0000-0000-0000-000000000000",
	'Game',
	'');
INSERT INTO C_EP
	VALUES ("e799384d-a103-48bf-ab01-7d093568b1b4",
	"219c31c4-4ae8-4c20-837d-9794bc4960d1",
	0,
	'play',
	'');
INSERT INTO C_IO
	VALUES ("e799384d-a103-48bf-ab01-7d093568b1b4",
	"80d88408-21ae-4588-b36f-119a99eb4a88",
	'play',
	'',
	0,
	'',
	"00000000-0000-0000-0000-000000000000");
INSERT INTO C_PP
	VALUES ("f8bae1dd-b570-4dcc-84d8-220c336387d9",
	"e799384d-a103-48bf-ab01-7d093568b1b4",
	"3dba6f2f-4b41-4076-a530-ede67aba03b2",
	'card',
	'',
	0,
	'',
	"00000000-0000-0000-0000-000000000000");
INSERT INTO PE_PE
	VALUES ("eac8bb4a-3d45-4c2c-93d4-af2986870523",
	1,
	"8d0785fc-8bed-4f96-98dd-4bd984306080",
	"00000000-0000-0000-0000-000000000000",
	6);
INSERT INTO C_I
	VALUES ("eac8bb4a-3d45-4c2c-93d4-af2986870523",
	"00000000-0000-0000-0000-000000000000",
	'GamePlayerLogic',
	'');
INSERT INTO C_EP
	VALUES ("4ed6b056-4ce8-45c5-b937-a37f1cca42e9",
	"eac8bb4a-3d45-4c2c-93d4-af2986870523",
	0,
	'nextPeggingPlay',
	'');
INSERT INTO C_IO
	VALUES ("4ed6b056-4ce8-45c5-b937-a37f1cca42e9",
	"80d88408-21ae-4588-b36f-119a99eb4a88",
	'nextPeggingPlay',
	'',
	0,
	'',
	"00000000-0000-0000-0000-000000000000");
INSERT INTO C_PP
	VALUES ("a0dc2166-2b66-40bc-9f91-9002176e49c9",
	"4ed6b056-4ce8-45c5-b937-a37f1cca42e9",
	"a3d326f1-e60f-428b-8c76-66f859fde1a4",
	'cards',
	'',
	0,
	'',
	"00000000-0000-0000-0000-000000000000");
INSERT INTO C_PP
	VALUES ("00347a11-297f-41ab-83ab-a614d4bf5f06",
	"4ed6b056-4ce8-45c5-b937-a37f1cca42e9",
	"a3d326f1-e60f-428b-8c76-66f859fde1a4",
	'pile_cards',
	'',
	0,
	'',
	"a0dc2166-2b66-40bc-9f91-9002176e49c9");
INSERT INTO C_EP
	VALUES ("723d6a8d-8261-40b7-a48f-3aa0071e2658",
	"eac8bb4a-3d45-4c2c-93d4-af2986870523",
	0,
	'nextDiscard',
	'');
INSERT INTO C_IO
	VALUES ("723d6a8d-8261-40b7-a48f-3aa0071e2658",
	"80d88408-21ae-4588-b36f-119a99eb4a88",
	'nextDiscard',
	'',
	0,
	'',
	"4ed6b056-4ce8-45c5-b937-a37f1cca42e9");
INSERT INTO C_PP
	VALUES ("bb72b131-f729-4e74-93b5-9bf91a7e27fc",
	"723d6a8d-8261-40b7-a48f-3aa0071e2658",
	"a3d326f1-e60f-428b-8c76-66f859fde1a4",
	'cards',
	'',
	0,
	'',
	"00000000-0000-0000-0000-000000000000");
INSERT INTO C_PP
	VALUES ("2bf2d488-d72c-4591-987e-5c6baeafa41b",
	"723d6a8d-8261-40b7-a48f-3aa0071e2658",
	"f8d2bf75-a86e-44e0-beb5-3ab7e715689f",
	'my_crib',
	'',
	0,
	'',
	"bb72b131-f729-4e74-93b5-9bf91a7e27fc");
INSERT INTO EP_PKG
	VALUES ("a7c471a2-2e30-4ea2-9c7a-b063e0f5cd45",
	"3e47de70-c044-49ac-aa51-609f9a9423e1",
	"3e47de70-c044-49ac-aa51-609f9a9423e1",
	'types',
	'',
	0);
INSERT INTO PE_PE
	VALUES ("dedb668f-e762-4b19-a662-d483f0349b0a",
	1,
	"a7c471a2-2e30-4ea2-9c7a-b063e0f5cd45",
	"00000000-0000-0000-0000-000000000000",
	3);
INSERT INTO S_DT
	VALUES ("dedb668f-e762-4b19-a662-d483f0349b0a",
	"00000000-0000-0000-0000-000000000000",
	'MASLtype',
	'',
	'');
INSERT INTO S_UDT
	VALUES ("dedb668f-e762-4b19-a662-d483f0349b0a",
	"ba5eda7a-def5-0000-0000-000000000004",
	0,
	'');
INSERT INTO PE_PE
	VALUES ("0a46886c-c94b-405f-9153-e6437aa88a03",
	1,
	"a7c471a2-2e30-4ea2-9c7a-b063e0f5cd45",
	"00000000-0000-0000-0000-000000000000",
	3);
INSERT INTO S_DT
	VALUES ("0a46886c-c94b-405f-9153-e6437aa88a03",
	"00000000-0000-0000-0000-000000000000",
	'instance',
	'',
	'');
INSERT INTO S_UDT
	VALUES ("0a46886c-c94b-405f-9153-e6437aa88a03",
	"dedb668f-e762-4b19-a662-d483f0349b0a",
	0,
	'');
INSERT INTO PE_PE
	VALUES ("481f60cc-1a81-4526-8118-1303cf5d23d9",
	1,
	"a7c471a2-2e30-4ea2-9c7a-b063e0f5cd45",
	"00000000-0000-0000-0000-000000000000",
	3);
INSERT INTO S_DT
	VALUES ("481f60cc-1a81-4526-8118-1303cf5d23d9",
	"00000000-0000-0000-0000-000000000000",
	'structure',
	'',
	'');
INSERT INTO S_UDT
	VALUES ("481f60cc-1a81-4526-8118-1303cf5d23d9",
	"dedb668f-e762-4b19-a662-d483f0349b0a",
	0,
	'');
INSERT INTO PE_PE
	VALUES ("1ae96071-76b7-4d4e-987d-b729bf099e41",
	1,
	"a7c471a2-2e30-4ea2-9c7a-b063e0f5cd45",
	"00000000-0000-0000-0000-000000000000",
	3);
INSERT INTO S_DT
	VALUES ("1ae96071-76b7-4d4e-987d-b729bf099e41",
	"00000000-0000-0000-0000-000000000000",
	'enum',
	'',
	'');
INSERT INTO S_UDT
	VALUES ("1ae96071-76b7-4d4e-987d-b729bf099e41",
	"dedb668f-e762-4b19-a662-d483f0349b0a",
	0,
	'');
INSERT INTO PE_PE
	VALUES ("25fc127d-ab05-4301-b93b-2f70c0af87bb",
	1,
	"a7c471a2-2e30-4ea2-9c7a-b063e0f5cd45",
	"00000000-0000-0000-0000-000000000000",
	3);
INSERT INTO S_DT
	VALUES ("25fc127d-ab05-4301-b93b-2f70c0af87bb",
	"00000000-0000-0000-0000-000000000000",
	'device',
	'',
	'');
INSERT INTO S_UDT
	VALUES ("25fc127d-ab05-4301-b93b-2f70c0af87bb",
	"dedb668f-e762-4b19-a662-d483f0349b0a",
	0,
	'');
INSERT INTO PE_PE
	VALUES ("bd3fbd9e-e2d1-4e48-b71a-6576a43af602",
	1,
	"a7c471a2-2e30-4ea2-9c7a-b063e0f5cd45",
	"00000000-0000-0000-0000-000000000000",
	3);
INSERT INTO S_DT
	VALUES ("bd3fbd9e-e2d1-4e48-b71a-6576a43af602",
	"00000000-0000-0000-0000-000000000000",
	'event',
	'',
	'');
INSERT INTO S_UDT
	VALUES ("bd3fbd9e-e2d1-4e48-b71a-6576a43af602",
	"ba5eda7a-def5-0000-0000-00000000000a",
	0,
	'');
INSERT INTO PE_PE
	VALUES ("4eb1b3cb-9db5-4a1a-bf5e-51d9c69cfdce",
	1,
	"a7c471a2-2e30-4ea2-9c7a-b063e0f5cd45",
	"00000000-0000-0000-0000-000000000000",
	3);
INSERT INTO S_DT
	VALUES ("4eb1b3cb-9db5-4a1a-bf5e-51d9c69cfdce",
	"00000000-0000-0000-0000-000000000000",
	'timer',
	'',
	'');
INSERT INTO S_UDT
	VALUES ("4eb1b3cb-9db5-4a1a-bf5e-51d9c69cfdce",
	"ba5eda7a-def5-0000-0000-00000000000f",
	0,
	'');
INSERT INTO PE_PE
	VALUES ("5bfff0af-6825-45f5-9eb1-62c8f78d4ba7",
	1,
	"a7c471a2-2e30-4ea2-9c7a-b063e0f5cd45",
	"00000000-0000-0000-0000-000000000000",
	3);
INSERT INTO S_DT
	VALUES ("5bfff0af-6825-45f5-9eb1-62c8f78d4ba7",
	"00000000-0000-0000-0000-000000000000",
	'timestamp',
	'',
	'');
INSERT INTO S_UDT
	VALUES ("5bfff0af-6825-45f5-9eb1-62c8f78d4ba7",
	"dedb668f-e762-4b19-a662-d483f0349b0a",
	0,
	'');
INSERT INTO PE_PE
	VALUES ("81fbcc64-3ac2-492d-9928-1d97c04b9acb",
	1,
	"a7c471a2-2e30-4ea2-9c7a-b063e0f5cd45",
	"00000000-0000-0000-0000-000000000000",
	3);
INSERT INTO S_DT
	VALUES ("81fbcc64-3ac2-492d-9928-1d97c04b9acb",
	"00000000-0000-0000-0000-000000000000",
	'duration',
	'',
	'');
INSERT INTO S_UDT
	VALUES ("81fbcc64-3ac2-492d-9928-1d97c04b9acb",
	"ba5eda7a-def5-0000-0000-000000000002",
	0,
	'');
INSERT INTO PE_PE
	VALUES ("22e21124-0301-4193-90a6-86f49083b337",
	1,
	"a7c471a2-2e30-4ea2-9c7a-b063e0f5cd45",
	"00000000-0000-0000-0000-000000000000",
	3);
INSERT INTO S_DT
	VALUES ("22e21124-0301-4193-90a6-86f49083b337",
	"00000000-0000-0000-0000-000000000000",
	'date',
	'',
	'');
INSERT INTO S_UDT
	VALUES ("22e21124-0301-4193-90a6-86f49083b337",
	"ba5eda7a-def5-0000-0000-00000000000e",
	0,
	'');
INSERT INTO PE_PE
	VALUES ("87cd4835-98c5-4db8-93ec-bef27b5dea59",
	1,
	"a7c471a2-2e30-4ea2-9c7a-b063e0f5cd45",
	"00000000-0000-0000-0000-000000000000",
	3);
INSERT INTO S_DT
	VALUES ("87cd4835-98c5-4db8-93ec-bef27b5dea59",
	"00000000-0000-0000-0000-000000000000",
	'wstring',
	'',
	'');
INSERT INTO S_UDT
	VALUES ("87cd4835-98c5-4db8-93ec-bef27b5dea59",
	"ba5eda7a-def5-0000-0000-000000000004",
	0,
	'');
INSERT INTO PE_PE
	VALUES ("8bf86884-0ab3-4c11-a113-218312b4aeae",
	1,
	"a7c471a2-2e30-4ea2-9c7a-b063e0f5cd45",
	"00000000-0000-0000-0000-000000000000",
	3);
INSERT INTO S_DT
	VALUES ("8bf86884-0ab3-4c11-a113-218312b4aeae",
	"00000000-0000-0000-0000-000000000000",
	'string',
	'',
	'');
INSERT INTO S_UDT
	VALUES ("8bf86884-0ab3-4c11-a113-218312b4aeae",
	"ba5eda7a-def5-0000-0000-000000000004",
	0,
	'');
INSERT INTO PE_PE
	VALUES ("38329d03-8090-4984-acdc-236b11be7a46",
	1,
	"a7c471a2-2e30-4ea2-9c7a-b063e0f5cd45",
	"00000000-0000-0000-0000-000000000000",
	3);
INSERT INTO S_DT
	VALUES ("38329d03-8090-4984-acdc-236b11be7a46",
	"00000000-0000-0000-0000-000000000000",
	'real',
	'',
	'');
INSERT INTO S_UDT
	VALUES ("38329d03-8090-4984-acdc-236b11be7a46",
	"ba5eda7a-def5-0000-0000-000000000003",
	0,
	'');
INSERT INTO PE_PE
	VALUES ("be2bc3dd-5f08-4d2c-a2df-a4f9eead1e9e",
	1,
	"a7c471a2-2e30-4ea2-9c7a-b063e0f5cd45",
	"00000000-0000-0000-0000-000000000000",
	3);
INSERT INTO S_DT
	VALUES ("be2bc3dd-5f08-4d2c-a2df-a4f9eead1e9e",
	"00000000-0000-0000-0000-000000000000",
	'long_integer',
	'',
	'');
INSERT INTO S_UDT
	VALUES ("be2bc3dd-5f08-4d2c-a2df-a4f9eead1e9e",
	"ba5eda7a-def5-0000-0000-000000000002",
	0,
	'');
INSERT INTO PE_PE
	VALUES ("a426acbc-d528-4bd0-af20-9344b0dd9a4e",
	1,
	"a7c471a2-2e30-4ea2-9c7a-b063e0f5cd45",
	"00000000-0000-0000-0000-000000000000",
	3);
INSERT INTO S_DT
	VALUES ("a426acbc-d528-4bd0-af20-9344b0dd9a4e",
	"00000000-0000-0000-0000-000000000000",
	'byte',
	'',
	'');
INSERT INTO S_UDT
	VALUES ("a426acbc-d528-4bd0-af20-9344b0dd9a4e",
	"ba5eda7a-def5-0000-0000-000000000002",
	0,
	'');
INSERT INTO PE_PE
	VALUES ("36b3b952-3ed4-4313-b979-4b1c7c855292",
	1,
	"a7c471a2-2e30-4ea2-9c7a-b063e0f5cd45",
	"00000000-0000-0000-0000-000000000000",
	3);
INSERT INTO S_DT
	VALUES ("36b3b952-3ed4-4313-b979-4b1c7c855292",
	"00000000-0000-0000-0000-000000000000",
	'wcharacter',
	'',
	'');
INSERT INTO S_UDT
	VALUES ("36b3b952-3ed4-4313-b979-4b1c7c855292",
	"ba5eda7a-def5-0000-0000-000000000002",
	0,
	'');
INSERT INTO PE_PE
	VALUES ("522e9748-1179-4144-8690-f8e168087d1a",
	1,
	"a7c471a2-2e30-4ea2-9c7a-b063e0f5cd45",
	"00000000-0000-0000-0000-000000000000",
	3);
INSERT INTO S_DT
	VALUES ("522e9748-1179-4144-8690-f8e168087d1a",
	"00000000-0000-0000-0000-000000000000",
	'character',
	'',
	'');
INSERT INTO S_UDT
	VALUES ("522e9748-1179-4144-8690-f8e168087d1a",
	"ba5eda7a-def5-0000-0000-000000000002",
	0,
	'');
INSERT INTO PE_PE
	VALUES ("6ae33386-41bb-4685-ad4e-4cbde47a37ce",
	1,
	"a7c471a2-2e30-4ea2-9c7a-b063e0f5cd45",
	"00000000-0000-0000-0000-000000000000",
	3);
INSERT INTO S_DT
	VALUES ("6ae33386-41bb-4685-ad4e-4cbde47a37ce",
	"00000000-0000-0000-0000-000000000000",
	'integer',
	'',
	'');
INSERT INTO S_UDT
	VALUES ("6ae33386-41bb-4685-ad4e-4cbde47a37ce",
	"ba5eda7a-def5-0000-0000-000000000002",
	0,
	'');
INSERT INTO PE_PE
	VALUES ("f8d2bf75-a86e-44e0-beb5-3ab7e715689f",
	1,
	"a7c471a2-2e30-4ea2-9c7a-b063e0f5cd45",
	"00000000-0000-0000-0000-000000000000",
	3);
INSERT INTO S_DT
	VALUES ("f8d2bf75-a86e-44e0-beb5-3ab7e715689f",
	"00000000-0000-0000-0000-000000000000",
	'boolean',
	'',
	'');
INSERT INTO S_UDT
	VALUES ("f8d2bf75-a86e-44e0-beb5-3ab7e715689f",
	"ba5eda7a-def5-0000-0000-000000000001",
	0,
	'');
INSERT INTO PE_PE
	VALUES ("80d88408-21ae-4588-b36f-119a99eb4a88",
	1,
	"a7c471a2-2e30-4ea2-9c7a-b063e0f5cd45",
	"00000000-0000-0000-0000-000000000000",
	3);
INSERT INTO S_DT
	VALUES ("80d88408-21ae-4588-b36f-119a99eb4a88",
	"00000000-0000-0000-0000-000000000000",
	'void',
	'',
	'');
INSERT INTO S_UDT
	VALUES ("80d88408-21ae-4588-b36f-119a99eb4a88",
	"ba5eda7a-def5-0000-0000-000000000000",
	0,
	'');
-- root-types-contained: SystemModel_c
-- BP 7.1 content: StreamData syschar: 3 persistence-version: 7.1.6

INSERT INTO S_SYS
	VALUES ("f62b3d8c-b857-45d0-b53b-09384ea93800",
	'Logic',
	1);
INSERT INTO EP_PKG
	VALUES ("577a60a4-105f-4a60-bfc4-1580a174bbb1",
	"f62b3d8c-b857-45d0-b53b-09384ea93800",
	"f62b3d8c-b857-45d0-b53b-09384ea93800",
	'types',
	'',
	0);
INSERT INTO PE_PE
	VALUES ("bb461d7b-554e-498f-9605-c3dcf6c99b04",
	1,
	"577a60a4-105f-4a60-bfc4-1580a174bbb1",
	"00000000-0000-0000-0000-000000000000",
	3);
INSERT INTO S_DT
	VALUES ("bb461d7b-554e-498f-9605-c3dcf6c99b04",
	"00000000-0000-0000-0000-000000000000",
	'MASLtype',
	'',
	'');
INSERT INTO S_UDT
	VALUES ("bb461d7b-554e-498f-9605-c3dcf6c99b04",
	"ba5eda7a-def5-0000-0000-000000000004",
	0,
	'');
INSERT INTO PE_PE
	VALUES ("e444eb9e-ac54-4d2b-884d-271706765030",
	1,
	"577a60a4-105f-4a60-bfc4-1580a174bbb1",
	"00000000-0000-0000-0000-000000000000",
	3);
INSERT INTO S_DT
	VALUES ("e444eb9e-ac54-4d2b-884d-271706765030",
	"00000000-0000-0000-0000-000000000000",
	'instance',
	'',
	'');
INSERT INTO S_UDT
	VALUES ("e444eb9e-ac54-4d2b-884d-271706765030",
	"bb461d7b-554e-498f-9605-c3dcf6c99b04",
	0,
	'');
INSERT INTO PE_PE
	VALUES ("25b715e6-78de-4d58-89d3-c25dc99b11dd",
	1,
	"577a60a4-105f-4a60-bfc4-1580a174bbb1",
	"00000000-0000-0000-0000-000000000000",
	3);
INSERT INTO S_DT
	VALUES ("25b715e6-78de-4d58-89d3-c25dc99b11dd",
	"00000000-0000-0000-0000-000000000000",
	'structure',
	'',
	'');
INSERT INTO S_UDT
	VALUES ("25b715e6-78de-4d58-89d3-c25dc99b11dd",
	"bb461d7b-554e-498f-9605-c3dcf6c99b04",
	0,
	'');
INSERT INTO PE_PE
	VALUES ("98354d86-3fac-4538-9846-12dd702be448",
	1,
	"577a60a4-105f-4a60-bfc4-1580a174bbb1",
	"00000000-0000-0000-0000-000000000000",
	3);
INSERT INTO S_DT
	VALUES ("98354d86-3fac-4538-9846-12dd702be448",
	"00000000-0000-0000-0000-000000000000",
	'enum',
	'',
	'');
INSERT INTO S_UDT
	VALUES ("98354d86-3fac-4538-9846-12dd702be448",
	"bb461d7b-554e-498f-9605-c3dcf6c99b04",
	0,
	'');
INSERT INTO PE_PE
	VALUES ("2bda5d03-4ca1-4861-84aa-0a2c8693bf5d",
	1,
	"577a60a4-105f-4a60-bfc4-1580a174bbb1",
	"00000000-0000-0000-0000-000000000000",
	3);
INSERT INTO S_DT
	VALUES ("2bda5d03-4ca1-4861-84aa-0a2c8693bf5d",
	"00000000-0000-0000-0000-000000000000",
	'device',
	'',
	'');
INSERT INTO S_UDT
	VALUES ("2bda5d03-4ca1-4861-84aa-0a2c8693bf5d",
	"bb461d7b-554e-498f-9605-c3dcf6c99b04",
	0,
	'');
INSERT INTO PE_PE
	VALUES ("6a3e832f-7a8e-4128-985a-d17617e8b56c",
	1,
	"577a60a4-105f-4a60-bfc4-1580a174bbb1",
	"00000000-0000-0000-0000-000000000000",
	3);
INSERT INTO S_DT
	VALUES ("6a3e832f-7a8e-4128-985a-d17617e8b56c",
	"00000000-0000-0000-0000-000000000000",
	'event',
	'',
	'');
INSERT INTO S_UDT
	VALUES ("6a3e832f-7a8e-4128-985a-d17617e8b56c",
	"ba5eda7a-def5-0000-0000-00000000000a",
	0,
	'');
INSERT INTO PE_PE
	VALUES ("d547a530-eb7c-4c3c-a7da-286b23d271af",
	1,
	"577a60a4-105f-4a60-bfc4-1580a174bbb1",
	"00000000-0000-0000-0000-000000000000",
	3);
INSERT INTO S_DT
	VALUES ("d547a530-eb7c-4c3c-a7da-286b23d271af",
	"00000000-0000-0000-0000-000000000000",
	'timer',
	'',
	'');
INSERT INTO S_UDT
	VALUES ("d547a530-eb7c-4c3c-a7da-286b23d271af",
	"ba5eda7a-def5-0000-0000-00000000000f",
	0,
	'');
INSERT INTO PE_PE
	VALUES ("0ec65f50-0e5f-4e24-a64f-df3ea7fcfb17",
	1,
	"577a60a4-105f-4a60-bfc4-1580a174bbb1",
	"00000000-0000-0000-0000-000000000000",
	3);
INSERT INTO S_DT
	VALUES ("0ec65f50-0e5f-4e24-a64f-df3ea7fcfb17",
	"00000000-0000-0000-0000-000000000000",
	'timestamp',
	'',
	'');
INSERT INTO S_UDT
	VALUES ("0ec65f50-0e5f-4e24-a64f-df3ea7fcfb17",
	"bb461d7b-554e-498f-9605-c3dcf6c99b04",
	0,
	'');
INSERT INTO PE_PE
	VALUES ("2eafcff7-0fe8-497d-805f-b7b25e518ceb",
	1,
	"577a60a4-105f-4a60-bfc4-1580a174bbb1",
	"00000000-0000-0000-0000-000000000000",
	3);
INSERT INTO S_DT
	VALUES ("2eafcff7-0fe8-497d-805f-b7b25e518ceb",
	"00000000-0000-0000-0000-000000000000",
	'duration',
	'',
	'');
INSERT INTO S_UDT
	VALUES ("2eafcff7-0fe8-497d-805f-b7b25e518ceb",
	"ba5eda7a-def5-0000-0000-000000000002",
	0,
	'');
INSERT INTO PE_PE
	VALUES ("52228a74-dcea-463e-a0c8-6db01fc6ae16",
	1,
	"577a60a4-105f-4a60-bfc4-1580a174bbb1",
	"00000000-0000-0000-0000-000000000000",
	3);
INSERT INTO S_DT
	VALUES ("52228a74-dcea-463e-a0c8-6db01fc6ae16",
	"00000000-0000-0000-0000-000000000000",
	'date',
	'',
	'');
INSERT INTO S_UDT
	VALUES ("52228a74-dcea-463e-a0c8-6db01fc6ae16",
	"ba5eda7a-def5-0000-0000-00000000000e",
	0,
	'');
INSERT INTO PE_PE
	VALUES ("2ab2cba8-16da-4b71-8ff3-b6b462405acd",
	1,
	"577a60a4-105f-4a60-bfc4-1580a174bbb1",
	"00000000-0000-0000-0000-000000000000",
	3);
INSERT INTO S_DT
	VALUES ("2ab2cba8-16da-4b71-8ff3-b6b462405acd",
	"00000000-0000-0000-0000-000000000000",
	'wstring',
	'',
	'');
INSERT INTO S_UDT
	VALUES ("2ab2cba8-16da-4b71-8ff3-b6b462405acd",
	"ba5eda7a-def5-0000-0000-000000000004",
	0,
	'');
INSERT INTO PE_PE
	VALUES ("540a8be3-af77-432d-b38b-2ae058af9c9d",
	1,
	"577a60a4-105f-4a60-bfc4-1580a174bbb1",
	"00000000-0000-0000-0000-000000000000",
	3);
INSERT INTO S_DT
	VALUES ("540a8be3-af77-432d-b38b-2ae058af9c9d",
	"00000000-0000-0000-0000-000000000000",
	'string',
	'',
	'');
INSERT INTO S_UDT
	VALUES ("540a8be3-af77-432d-b38b-2ae058af9c9d",
	"ba5eda7a-def5-0000-0000-000000000004",
	0,
	'');
INSERT INTO PE_PE
	VALUES ("daa3b8a8-6b5b-43e3-9a1b-86e5abceb8fe",
	1,
	"577a60a4-105f-4a60-bfc4-1580a174bbb1",
	"00000000-0000-0000-0000-000000000000",
	3);
INSERT INTO S_DT
	VALUES ("daa3b8a8-6b5b-43e3-9a1b-86e5abceb8fe",
	"00000000-0000-0000-0000-000000000000",
	'real',
	'',
	'');
INSERT INTO S_UDT
	VALUES ("daa3b8a8-6b5b-43e3-9a1b-86e5abceb8fe",
	"ba5eda7a-def5-0000-0000-000000000003",
	0,
	'');
INSERT INTO PE_PE
	VALUES ("dd9fb14a-6b0c-4e3e-8c66-277eb3405e5e",
	1,
	"577a60a4-105f-4a60-bfc4-1580a174bbb1",
	"00000000-0000-0000-0000-000000000000",
	3);
INSERT INTO S_DT
	VALUES ("dd9fb14a-6b0c-4e3e-8c66-277eb3405e5e",
	"00000000-0000-0000-0000-000000000000",
	'long_integer',
	'',
	'');
INSERT INTO S_UDT
	VALUES ("dd9fb14a-6b0c-4e3e-8c66-277eb3405e5e",
	"ba5eda7a-def5-0000-0000-000000000002",
	0,
	'');
INSERT INTO PE_PE
	VALUES ("85b34a6b-cc00-4f26-a739-7de4fc04e2b2",
	1,
	"577a60a4-105f-4a60-bfc4-1580a174bbb1",
	"00000000-0000-0000-0000-000000000000",
	3);
INSERT INTO S_DT
	VALUES ("85b34a6b-cc00-4f26-a739-7de4fc04e2b2",
	"00000000-0000-0000-0000-000000000000",
	'byte',
	'',
	'');
INSERT INTO S_UDT
	VALUES ("85b34a6b-cc00-4f26-a739-7de4fc04e2b2",
	"ba5eda7a-def5-0000-0000-000000000002",
	0,
	'');
INSERT INTO PE_PE
	VALUES ("3598a07e-a6a5-4706-8396-582fd492edb0",
	1,
	"577a60a4-105f-4a60-bfc4-1580a174bbb1",
	"00000000-0000-0000-0000-000000000000",
	3);
INSERT INTO S_DT
	VALUES ("3598a07e-a6a5-4706-8396-582fd492edb0",
	"00000000-0000-0000-0000-000000000000",
	'wcharacter',
	'',
	'');
INSERT INTO S_UDT
	VALUES ("3598a07e-a6a5-4706-8396-582fd492edb0",
	"ba5eda7a-def5-0000-0000-000000000002",
	0,
	'');
INSERT INTO PE_PE
	VALUES ("8cd0c6ac-170e-49e8-a278-26566391a5c0",
	1,
	"577a60a4-105f-4a60-bfc4-1580a174bbb1",
	"00000000-0000-0000-0000-000000000000",
	3);
INSERT INTO S_DT
	VALUES ("8cd0c6ac-170e-49e8-a278-26566391a5c0",
	"00000000-0000-0000-0000-000000000000",
	'character',
	'',
	'');
INSERT INTO S_UDT
	VALUES ("8cd0c6ac-170e-49e8-a278-26566391a5c0",
	"ba5eda7a-def5-0000-0000-000000000002",
	0,
	'');
INSERT INTO PE_PE
	VALUES ("2a95a11f-efe7-4b4f-b07a-2f66aff725e0",
	1,
	"577a60a4-105f-4a60-bfc4-1580a174bbb1",
	"00000000-0000-0000-0000-000000000000",
	3);
INSERT INTO S_DT
	VALUES ("2a95a11f-efe7-4b4f-b07a-2f66aff725e0",
	"00000000-0000-0000-0000-000000000000",
	'integer',
	'',
	'');
INSERT INTO S_UDT
	VALUES ("2a95a11f-efe7-4b4f-b07a-2f66aff725e0",
	"ba5eda7a-def5-0000-0000-000000000002",
	0,
	'');
INSERT INTO PE_PE
	VALUES ("5a08567a-fa40-4228-a904-8bb10716c61d",
	1,
	"577a60a4-105f-4a60-bfc4-1580a174bbb1",
	"00000000-0000-0000-0000-000000000000",
	3);
INSERT INTO S_DT
	VALUES ("5a08567a-fa40-4228-a904-8bb10716c61d",
	"00000000-0000-0000-0000-000000000000",
	'boolean',
	'',
	'');
INSERT INTO S_UDT
	VALUES ("5a08567a-fa40-4228-a904-8bb10716c61d",
	"ba5eda7a-def5-0000-0000-000000000001",
	0,
	'');
INSERT INTO PE_PE
	VALUES ("c17def56-5d3e-42b1-b7d3-272c860d4ae9",
	1,
	"577a60a4-105f-4a60-bfc4-1580a174bbb1",
	"00000000-0000-0000-0000-000000000000",
	3);
INSERT INTO S_DT
	VALUES ("c17def56-5d3e-42b1-b7d3-272c860d4ae9",
	"00000000-0000-0000-0000-000000000000",
	'void',
	'',
	'');
INSERT INTO S_UDT
	VALUES ("c17def56-5d3e-42b1-b7d3-272c860d4ae9",
	"ba5eda7a-def5-0000-0000-000000000000",
	0,
	'');
INSERT INTO EP_PKG
	VALUES ("55112c53-1782-4846-a796-d8e7ebaf2e7f",
	"f62b3d8c-b857-45d0-b53b-09384ea93800",
	"f62b3d8c-b857-45d0-b53b-09384ea93800",
	'Logic',
	'masl_domain',
	0);
INSERT INTO PE_PE
	VALUES ("d9338bdb-5473-4f55-a9af-cc688f2e93c6",
	1,
	"55112c53-1782-4846-a796-d8e7ebaf2e7f",
	"00000000-0000-0000-0000-000000000000",
	2);
INSERT INTO C_C
	VALUES ("d9338bdb-5473-4f55-a9af-cc688f2e93c6",
	"00000000-0000-0000-0000-000000000000",
	"00000000-0000-0000-0000-000000000000",
	'Logic',
	'',
	0,
	"00000000-0000-0000-0000-000000000000",
	0,
	'');
INSERT INTO C_PO
	VALUES ("16558673-3463-44b6-9c9d-d4f984fe381e",
	"d9338bdb-5473-4f55-a9af-cc688f2e93c6",
	'Logic',
	0,
	0);
INSERT INTO C_IR
	VALUES ("081c3b72-f73a-4a11-af60-14117215392b",
	"18f58219-223f-4532-9863-49215af9c62f",
	"00000000-0000-0000-0000-000000000000",
	"16558673-3463-44b6-9c9d-d4f984fe381e");
INSERT INTO C_P
	VALUES ("081c3b72-f73a-4a11-af60-14117215392b",
	'Logic',
	'Unnamed_Interface',
	'',
	'Logic::Logic::Logic');
INSERT INTO SPR_PEP
	VALUES ("f7342a63-e172-44f3-97f6-d78cbc1dbf4e",
	"ac599a94-bf91-4ff9-a981-389daac9287d",
	"081c3b72-f73a-4a11-af60-14117215392b");
INSERT INTO SPR_PO
	VALUES ("f7342a63-e172-44f3-97f6-d78cbc1dbf4e",
	'nextPeggingPlay',
	'',
	'',
	3,
	0);
INSERT INTO SPR_PEP
	VALUES ("585b2514-4dfb-4162-a63c-fca6410318da",
	"ca3f384c-2950-47bf-b619-fb977a4281a8",
	"081c3b72-f73a-4a11-af60-14117215392b");
INSERT INTO SPR_PO
	VALUES ("585b2514-4dfb-4162-a63c-fca6410318da",
	'nextDiscard',
	'',
	'',
	3,
	0);
INSERT INTO C_PO
	VALUES ("70dc7127-911a-43f9-bd32-61821416b8a0",
	"d9338bdb-5473-4f55-a9af-cc688f2e93c6",
	'GameControl',
	0,
	0);
INSERT INTO C_IR
	VALUES ("16334b71-8069-4828-a80d-2002a51f34d9",
	"a2b570e8-3e9b-4c63-a892-03a6ebc82c48",
	"00000000-0000-0000-0000-000000000000",
	"70dc7127-911a-43f9-bd32-61821416b8a0");
INSERT INTO C_R
	VALUES ("16334b71-8069-4828-a80d-2002a51f34d9",
	'LogicGameControl',
	'',
	'Unnamed_Interface',
	'Logic::GameControl::LogicGameControl');
INSERT INTO SPR_REP
	VALUES ("4b0fd2cd-68dc-4607-a5b9-58f801515680",
	"2629d92b-433e-4040-b8d6-6b13a7198a98",
	"16334b71-8069-4828-a80d-2002a51f34d9");
INSERT INTO SPR_RO
	VALUES ("4b0fd2cd-68dc-4607-a5b9-58f801515680",
	'play',
	'',
	'',
	3,
	1);
INSERT INTO PE_PE
	VALUES ("3eac26cd-15fd-44bc-bcc4-377136bedec1",
	1,
	"00000000-0000-0000-0000-000000000000",
	"d9338bdb-5473-4f55-a9af-cc688f2e93c6",
	7);
INSERT INTO EP_PKG
	VALUES ("3eac26cd-15fd-44bc-bcc4-377136bedec1",
	"00000000-0000-0000-0000-000000000000",
	"f62b3d8c-b857-45d0-b53b-09384ea93800",
	'Logic',
	'',
	0);
INSERT INTO PE_PE
	VALUES ("c877d095-4ee3-42df-b728-1756b9a3b9b9",
	1,
	"3eac26cd-15fd-44bc-bcc4-377136bedec1",
	"00000000-0000-0000-0000-000000000000",
	3);
INSERT INTO S_DT
	VALUES ("c877d095-4ee3-42df-b728-1756b9a3b9b9",
	"00000000-0000-0000-0000-000000000000",
	'inst_ref<Scenario>',
	'',
	'');
INSERT INTO S_IRDT
	VALUES ("c877d095-4ee3-42df-b728-1756b9a3b9b9",
	0,
	"69558133-f611-4466-8981-67bf51e6457e");
INSERT INTO PE_PE
	VALUES ("6af97507-3d5d-440e-82e1-8f1345c6c831",
	1,
	"3eac26cd-15fd-44bc-bcc4-377136bedec1",
	"00000000-0000-0000-0000-000000000000",
	3);
INSERT INTO S_DT
	VALUES ("6af97507-3d5d-440e-82e1-8f1345c6c831",
	"00000000-0000-0000-0000-000000000000",
	'inst_ref_set<Scenario>',
	'',
	'');
INSERT INTO S_IRDT
	VALUES ("6af97507-3d5d-440e-82e1-8f1345c6c831",
	1,
	"69558133-f611-4466-8981-67bf51e6457e");
INSERT INTO PE_PE
	VALUES ("9c62f283-d7b5-4b9e-b594-54312bf3b5c1",
	1,
	"3eac26cd-15fd-44bc-bcc4-377136bedec1",
	"00000000-0000-0000-0000-000000000000",
	3);
INSERT INTO S_DT
	VALUES ("9c62f283-d7b5-4b9e-b594-54312bf3b5c1",
	"00000000-0000-0000-0000-000000000000",
	'inst_ref<CribDiscardScenario>',
	'',
	'');
INSERT INTO S_IRDT
	VALUES ("9c62f283-d7b5-4b9e-b594-54312bf3b5c1",
	0,
	"95f9a4e4-692c-49a4-8ae7-fb18bb40c651");
INSERT INTO PE_PE
	VALUES ("d0d674ce-5f55-4fe7-8848-e05453807f5d",
	1,
	"3eac26cd-15fd-44bc-bcc4-377136bedec1",
	"00000000-0000-0000-0000-000000000000",
	3);
INSERT INTO S_DT
	VALUES ("d0d674ce-5f55-4fe7-8848-e05453807f5d",
	"00000000-0000-0000-0000-000000000000",
	'inst_ref_set<CribDiscardScenario>',
	'',
	'');
INSERT INTO S_IRDT
	VALUES ("d0d674ce-5f55-4fe7-8848-e05453807f5d",
	1,
	"95f9a4e4-692c-49a4-8ae7-fb18bb40c651");
INSERT INTO PE_PE
	VALUES ("cfeb6b32-3391-4798-b135-2dd2cf314e55",
	1,
	"3eac26cd-15fd-44bc-bcc4-377136bedec1",
	"00000000-0000-0000-0000-000000000000",
	3);
INSERT INTO S_DT
	VALUES ("cfeb6b32-3391-4798-b135-2dd2cf314e55",
	"00000000-0000-0000-0000-000000000000",
	'inst_ref<PeggingScenario>',
	'',
	'');
INSERT INTO S_IRDT
	VALUES ("cfeb6b32-3391-4798-b135-2dd2cf314e55",
	0,
	"28899f10-9455-4da3-8f03-0992862cc1a5");
INSERT INTO PE_PE
	VALUES ("3d112644-3029-48a8-b924-67cd2dba42b4",
	1,
	"3eac26cd-15fd-44bc-bcc4-377136bedec1",
	"00000000-0000-0000-0000-000000000000",
	3);
INSERT INTO S_DT
	VALUES ("3d112644-3029-48a8-b924-67cd2dba42b4",
	"00000000-0000-0000-0000-000000000000",
	'inst_ref_set<PeggingScenario>',
	'',
	'');
INSERT INTO S_IRDT
	VALUES ("3d112644-3029-48a8-b924-67cd2dba42b4",
	1,
	"28899f10-9455-4da3-8f03-0992862cc1a5");
INSERT INTO PE_PE
	VALUES ("2acb24d3-f7c0-4efe-920f-9c460251d722",
	1,
	"3eac26cd-15fd-44bc-bcc4-377136bedec1",
	"00000000-0000-0000-0000-000000000000",
	9);
INSERT INTO R_REL
	VALUES ("2acb24d3-f7c0-4efe-920f-9c460251d722",
	1,
	'',
	"00000000-0000-0000-0000-000000000000");
INSERT INTO R_SUBSUP
	VALUES ("2acb24d3-f7c0-4efe-920f-9c460251d722");
INSERT INTO R_SUPER
	VALUES ("69558133-f611-4466-8981-67bf51e6457e",
	"2acb24d3-f7c0-4efe-920f-9c460251d722",
	"77c0e98d-d256-402d-a214-f78329b824cf");
INSERT INTO O_RTIDA
	VALUES ("7149d7b3-0856-4a2d-ab02-23f1fe1c7755",
	"69558133-f611-4466-8981-67bf51e6457e",
	0,
	"2acb24d3-f7c0-4efe-920f-9c460251d722",
	"77c0e98d-d256-402d-a214-f78329b824cf");
INSERT INTO R_RTO
	VALUES ("69558133-f611-4466-8981-67bf51e6457e",
	"2acb24d3-f7c0-4efe-920f-9c460251d722",
	"77c0e98d-d256-402d-a214-f78329b824cf",
	0);
INSERT INTO R_OIR
	VALUES ("69558133-f611-4466-8981-67bf51e6457e",
	"2acb24d3-f7c0-4efe-920f-9c460251d722",
	"77c0e98d-d256-402d-a214-f78329b824cf",
	"00000000-0000-0000-0000-000000000000");
INSERT INTO R_SUB
	VALUES ("28899f10-9455-4da3-8f03-0992862cc1a5",
	"2acb24d3-f7c0-4efe-920f-9c460251d722",
	"0d904050-65c9-4ad8-abd1-b8ee7bcad13a");
INSERT INTO R_RGO
	VALUES ("28899f10-9455-4da3-8f03-0992862cc1a5",
	"2acb24d3-f7c0-4efe-920f-9c460251d722",
	"0d904050-65c9-4ad8-abd1-b8ee7bcad13a");
INSERT INTO R_OIR
	VALUES ("28899f10-9455-4da3-8f03-0992862cc1a5",
	"2acb24d3-f7c0-4efe-920f-9c460251d722",
	"0d904050-65c9-4ad8-abd1-b8ee7bcad13a",
	"00000000-0000-0000-0000-000000000000");
INSERT INTO R_SUB
	VALUES ("95f9a4e4-692c-49a4-8ae7-fb18bb40c651",
	"2acb24d3-f7c0-4efe-920f-9c460251d722",
	"87523fa5-bce6-4d79-aeda-97c6992675a0");
INSERT INTO R_RGO
	VALUES ("95f9a4e4-692c-49a4-8ae7-fb18bb40c651",
	"2acb24d3-f7c0-4efe-920f-9c460251d722",
	"87523fa5-bce6-4d79-aeda-97c6992675a0");
INSERT INTO R_OIR
	VALUES ("95f9a4e4-692c-49a4-8ae7-fb18bb40c651",
	"2acb24d3-f7c0-4efe-920f-9c460251d722",
	"87523fa5-bce6-4d79-aeda-97c6992675a0",
	"00000000-0000-0000-0000-000000000000");
INSERT INTO PE_PE
	VALUES ("95f9a4e4-692c-49a4-8ae7-fb18bb40c651",
	1,
	"3eac26cd-15fd-44bc-bcc4-377136bedec1",
	"00000000-0000-0000-0000-000000000000",
	4);
INSERT INTO O_OBJ
	VALUES ("95f9a4e4-692c-49a4-8ae7-fb18bb40c651",
	'CribDiscardScenario',
	2,
	'CribDiscardScenario',
	'',
	"00000000-0000-0000-0000-000000000000");
INSERT INTO O_TFR
	VALUES ("940ba5f4-a510-40b6-9a3b-39f4d19d127f",
	"95f9a4e4-692c-49a4-8ae7-fb18bb40c651",
	'calculatePlay',
	'',
	"c17def56-5d3e-42b1-b7d3-272c860d4ae9",
	1,
	'begin
  null;
end',
	3,
	'',
	"00000000-0000-0000-0000-000000000000",
	1);
INSERT INTO O_NBATTR
	VALUES ("e8fef614-dad5-4b0c-86f1-094839e887a6",
	"95f9a4e4-692c-49a4-8ae7-fb18bb40c651");
INSERT INTO O_BATTR
	VALUES ("e8fef614-dad5-4b0c-86f1-094839e887a6",
	"95f9a4e4-692c-49a4-8ae7-fb18bb40c651");
INSERT INTO O_ATTR
	VALUES ("e8fef614-dad5-4b0c-86f1-094839e887a6",
	"95f9a4e4-692c-49a4-8ae7-fb18bb40c651",
	"00000000-0000-0000-0000-000000000000",
	'cards',
	'',
	'',
	'cards',
	0,
	"58d06cac-c7e0-4d58-b195-fc9851cc0720",
	'',
	'');
INSERT INTO O_NBATTR
	VALUES ("3ae61c5a-914b-496f-b305-a0305ab299b2",
	"95f9a4e4-692c-49a4-8ae7-fb18bb40c651");
INSERT INTO O_BATTR
	VALUES ("3ae61c5a-914b-496f-b305-a0305ab299b2",
	"95f9a4e4-692c-49a4-8ae7-fb18bb40c651");
INSERT INTO O_ATTR
	VALUES ("3ae61c5a-914b-496f-b305-a0305ab299b2",
	"95f9a4e4-692c-49a4-8ae7-fb18bb40c651",
	"e8fef614-dad5-4b0c-86f1-094839e887a6",
	'my_crib',
	'',
	'',
	'my_crib',
	0,
	"5a08567a-fa40-4228-a904-8bb10716c61d",
	'',
	'');
INSERT INTO O_REF
	VALUES ("95f9a4e4-692c-49a4-8ae7-fb18bb40c651",
	"69558133-f611-4466-8981-67bf51e6457e",
	0,
	"7149d7b3-0856-4a2d-ab02-23f1fe1c7755",
	"2acb24d3-f7c0-4efe-920f-9c460251d722",
	"87523fa5-bce6-4d79-aeda-97c6992675a0",
	"77c0e98d-d256-402d-a214-f78329b824cf",
	"b66595fd-4f10-42f7-a49e-92900d80f63a",
	"6374a4eb-46e4-476a-b024-44ea112f6a7f",
	"00000000-0000-0000-0000-000000000000",
	0,
	'',
	'Scenario',
	'scenario_id',
	'R1');
INSERT INTO O_RATTR
	VALUES ("b66595fd-4f10-42f7-a49e-92900d80f63a",
	"95f9a4e4-692c-49a4-8ae7-fb18bb40c651",
	"7149d7b3-0856-4a2d-ab02-23f1fe1c7755",
	"69558133-f611-4466-8981-67bf51e6457e",
	0,
	'scenario_id');
INSERT INTO O_ATTR
	VALUES ("b66595fd-4f10-42f7-a49e-92900d80f63a",
	"95f9a4e4-692c-49a4-8ae7-fb18bb40c651",
	"3ae61c5a-914b-496f-b305-a0305ab299b2",
	'scenario_id',
	'',
	'',
	'scenario_id',
	0,
	"ba5eda7a-def5-0000-0000-000000000007",
	'',
	'');
INSERT INTO O_ID
	VALUES (0,
	"95f9a4e4-692c-49a4-8ae7-fb18bb40c651");
INSERT INTO O_OIDA
	VALUES ("b66595fd-4f10-42f7-a49e-92900d80f63a",
	"95f9a4e4-692c-49a4-8ae7-fb18bb40c651",
	0,
	'scenario_id');
INSERT INTO O_ID
	VALUES (1,
	"95f9a4e4-692c-49a4-8ae7-fb18bb40c651");
INSERT INTO O_ID
	VALUES (2,
	"95f9a4e4-692c-49a4-8ae7-fb18bb40c651");
INSERT INTO PE_PE
	VALUES ("28899f10-9455-4da3-8f03-0992862cc1a5",
	1,
	"3eac26cd-15fd-44bc-bcc4-377136bedec1",
	"00000000-0000-0000-0000-000000000000",
	4);
INSERT INTO O_OBJ
	VALUES ("28899f10-9455-4da3-8f03-0992862cc1a5",
	'PeggingScenario',
	3,
	'PeggingScenario',
	'',
	"00000000-0000-0000-0000-000000000000");
INSERT INTO O_TFR
	VALUES ("33796c92-f505-451c-975a-e9dd868d4a14",
	"28899f10-9455-4da3-8f03-0992862cc1a5",
	'calculatePlay',
	'',
	"c17def56-5d3e-42b1-b7d3-272c860d4ae9",
	1,
	'begin
  null;
end',
	3,
	'',
	"00000000-0000-0000-0000-000000000000",
	1);
INSERT INTO O_NBATTR
	VALUES ("d41b600b-314e-4049-a8f0-83a2f0197d3a",
	"28899f10-9455-4da3-8f03-0992862cc1a5");
INSERT INTO O_BATTR
	VALUES ("d41b600b-314e-4049-a8f0-83a2f0197d3a",
	"28899f10-9455-4da3-8f03-0992862cc1a5");
INSERT INTO O_ATTR
	VALUES ("d41b600b-314e-4049-a8f0-83a2f0197d3a",
	"28899f10-9455-4da3-8f03-0992862cc1a5",
	"00000000-0000-0000-0000-000000000000",
	'cards',
	'',
	'',
	'cards',
	0,
	"58d06cac-c7e0-4d58-b195-fc9851cc0720",
	'',
	'');
INSERT INTO O_NBATTR
	VALUES ("49a4e332-6e12-4125-b30f-1e58ad1ecec3",
	"28899f10-9455-4da3-8f03-0992862cc1a5");
INSERT INTO O_BATTR
	VALUES ("49a4e332-6e12-4125-b30f-1e58ad1ecec3",
	"28899f10-9455-4da3-8f03-0992862cc1a5");
INSERT INTO O_ATTR
	VALUES ("49a4e332-6e12-4125-b30f-1e58ad1ecec3",
	"28899f10-9455-4da3-8f03-0992862cc1a5",
	"d41b600b-314e-4049-a8f0-83a2f0197d3a",
	'pile_cards',
	'',
	'',
	'pile_cards',
	0,
	"58d06cac-c7e0-4d58-b195-fc9851cc0720",
	'',
	'');
INSERT INTO O_REF
	VALUES ("28899f10-9455-4da3-8f03-0992862cc1a5",
	"69558133-f611-4466-8981-67bf51e6457e",
	0,
	"7149d7b3-0856-4a2d-ab02-23f1fe1c7755",
	"2acb24d3-f7c0-4efe-920f-9c460251d722",
	"0d904050-65c9-4ad8-abd1-b8ee7bcad13a",
	"77c0e98d-d256-402d-a214-f78329b824cf",
	"aa251e35-5436-4f92-9310-9c7ba4076e9f",
	"23038eab-00a4-4099-9d55-71794b23fdbd",
	"00000000-0000-0000-0000-000000000000",
	0,
	'',
	'Scenario',
	'scenario_id',
	'R1');
INSERT INTO O_RATTR
	VALUES ("aa251e35-5436-4f92-9310-9c7ba4076e9f",
	"28899f10-9455-4da3-8f03-0992862cc1a5",
	"7149d7b3-0856-4a2d-ab02-23f1fe1c7755",
	"69558133-f611-4466-8981-67bf51e6457e",
	0,
	'scenario_id');
INSERT INTO O_ATTR
	VALUES ("aa251e35-5436-4f92-9310-9c7ba4076e9f",
	"28899f10-9455-4da3-8f03-0992862cc1a5",
	"49a4e332-6e12-4125-b30f-1e58ad1ecec3",
	'scenario_id',
	'',
	'',
	'scenario_id',
	0,
	"ba5eda7a-def5-0000-0000-000000000007",
	'',
	'');
INSERT INTO O_ID
	VALUES (0,
	"28899f10-9455-4da3-8f03-0992862cc1a5");
INSERT INTO O_OIDA
	VALUES ("aa251e35-5436-4f92-9310-9c7ba4076e9f",
	"28899f10-9455-4da3-8f03-0992862cc1a5",
	0,
	'scenario_id');
INSERT INTO O_ID
	VALUES (1,
	"28899f10-9455-4da3-8f03-0992862cc1a5");
INSERT INTO O_ID
	VALUES (2,
	"28899f10-9455-4da3-8f03-0992862cc1a5");
INSERT INTO PE_PE
	VALUES ("69558133-f611-4466-8981-67bf51e6457e",
	1,
	"3eac26cd-15fd-44bc-bcc4-377136bedec1",
	"00000000-0000-0000-0000-000000000000",
	4);
INSERT INTO O_OBJ
	VALUES ("69558133-f611-4466-8981-67bf51e6457e",
	'Scenario',
	1,
	'Scenario',
	'',
	"00000000-0000-0000-0000-000000000000");
INSERT INTO O_TFR
	VALUES ("c0ad91fb-2fdc-4bb0-a881-d641c45815ee",
	"69558133-f611-4466-8981-67bf51e6457e",
	'calculatePlay',
	'',
	"c17def56-5d3e-42b1-b7d3-272c860d4ae9",
	1,
	'',
	3,
	'',
	"00000000-0000-0000-0000-000000000000",
	0);
INSERT INTO O_NBATTR
	VALUES ("7149d7b3-0856-4a2d-ab02-23f1fe1c7755",
	"69558133-f611-4466-8981-67bf51e6457e");
INSERT INTO O_BATTR
	VALUES ("7149d7b3-0856-4a2d-ab02-23f1fe1c7755",
	"69558133-f611-4466-8981-67bf51e6457e");
INSERT INTO O_ATTR
	VALUES ("7149d7b3-0856-4a2d-ab02-23f1fe1c7755",
	"69558133-f611-4466-8981-67bf51e6457e",
	"00000000-0000-0000-0000-000000000000",
	'scenario_id',
	'',
	'',
	'scenario_id',
	0,
	"3a61d4cd-a069-472a-9bfe-df36be28186b",
	'',
	'');
INSERT INTO O_ID
	VALUES (0,
	"69558133-f611-4466-8981-67bf51e6457e");
INSERT INTO O_OIDA
	VALUES ("7149d7b3-0856-4a2d-ab02-23f1fe1c7755",
	"69558133-f611-4466-8981-67bf51e6457e",
	0,
	'scenario_id');
INSERT INTO O_ID
	VALUES (1,
	"69558133-f611-4466-8981-67bf51e6457e");
INSERT INTO O_ID
	VALUES (2,
	"69558133-f611-4466-8981-67bf51e6457e");
INSERT INTO PE_PE
	VALUES ("9a7aa8c7-9f45-419e-ae67-466e95e066cd",
	1,
	"00000000-0000-0000-0000-000000000000",
	"d9338bdb-5473-4f55-a9af-cc688f2e93c6",
	7);
INSERT INTO EP_PKG
	VALUES ("9a7aa8c7-9f45-419e-ae67-466e95e066cd",
	"00000000-0000-0000-0000-000000000000",
	"f62b3d8c-b857-45d0-b53b-09384ea93800",
	'functions',
	'',
	0);
INSERT INTO PE_PE
	VALUES ("90138c38-3c17-4fa7-9ff6-6bd61cb78e81",
	1,
	"9a7aa8c7-9f45-419e-ae67-466e95e066cd",
	"00000000-0000-0000-0000-000000000000",
	1);
INSERT INTO S_SYNC
	VALUES ("90138c38-3c17-4fa7-9ff6-6bd61cb78e81",
	"00000000-0000-0000-0000-000000000000",
	'nextPeggingPlay',
	'',
	'',
	"c17def56-5d3e-42b1-b7d3-272c860d4ae9",
	3,
	'',
	1);
INSERT INTO S_SPARM
	VALUES ("c69c1228-b4a9-4777-afe4-fb8162d7a76c",
	"90138c38-3c17-4fa7-9ff6-6bd61cb78e81",
	'cards',
	"58d06cac-c7e0-4d58-b195-fc9851cc0720",
	0,
	'',
	"00000000-0000-0000-0000-000000000000",
	'');
INSERT INTO S_SPARM
	VALUES ("f6c8319c-6fa5-4e8e-a0a9-9d9a948d37a4",
	"90138c38-3c17-4fa7-9ff6-6bd61cb78e81",
	'pile_cards',
	"58d06cac-c7e0-4d58-b195-fc9851cc0720",
	0,
	'',
	"c69c1228-b4a9-4777-afe4-fb8162d7a76c",
	'');
INSERT INTO PE_PE
	VALUES ("43ee547b-f760-4dd9-abc8-8b4d56d42622",
	1,
	"9a7aa8c7-9f45-419e-ae67-466e95e066cd",
	"00000000-0000-0000-0000-000000000000",
	1);
INSERT INTO S_SYNC
	VALUES ("43ee547b-f760-4dd9-abc8-8b4d56d42622",
	"00000000-0000-0000-0000-000000000000",
	'nextDiscard',
	'',
	'',
	"c17def56-5d3e-42b1-b7d3-272c860d4ae9",
	3,
	'',
	1);
INSERT INTO S_SPARM
	VALUES ("19c71ce6-5fbc-4a12-82f8-605bd8519885",
	"43ee547b-f760-4dd9-abc8-8b4d56d42622",
	'cards',
	"58d06cac-c7e0-4d58-b195-fc9851cc0720",
	0,
	'',
	"00000000-0000-0000-0000-000000000000",
	'');
INSERT INTO S_SPARM
	VALUES ("5c11eb64-8d13-420f-9da6-6bf1c3199f0e",
	"43ee547b-f760-4dd9-abc8-8b4d56d42622",
	'my_crib',
	"5a08567a-fa40-4228-a904-8bb10716c61d",
	0,
	'',
	"19c71ce6-5fbc-4a12-82f8-605bd8519885",
	'');
INSERT INTO PE_PE
	VALUES ("8767e6f1-d312-4433-b2cd-2daf1d37557b",
	1,
	"55112c53-1782-4846-a796-d8e7ebaf2e7f",
	"00000000-0000-0000-0000-000000000000",
	7);
INSERT INTO EP_PKG
	VALUES ("8767e6f1-d312-4433-b2cd-2daf1d37557b",
	"00000000-0000-0000-0000-000000000000",
	"f62b3d8c-b857-45d0-b53b-09384ea93800",
	'Shared',
	'',
	0);
INSERT INTO PE_PE
	VALUES ("58d06cac-c7e0-4d58-b195-fc9851cc0720",
	1,
	"8767e6f1-d312-4433-b2cd-2daf1d37557b",
	"00000000-0000-0000-0000-000000000000",
	3);
INSERT INTO S_DT
	VALUES ("58d06cac-c7e0-4d58-b195-fc9851cc0720",
	"00000000-0000-0000-0000-000000000000",
	'sequence of Game::CardType',
	'',
	'');
INSERT INTO S_UDT
	VALUES ("58d06cac-c7e0-4d58-b195-fc9851cc0720",
	"bb461d7b-554e-498f-9605-c3dcf6c99b04",
	0,
	'');
INSERT INTO PE_PE
	VALUES ("89781d37-802d-4154-ab8d-e8d37b2ae361",
	1,
	"8767e6f1-d312-4433-b2cd-2daf1d37557b",
	"00000000-0000-0000-0000-000000000000",
	3);
INSERT INTO S_DT
	VALUES ("89781d37-802d-4154-ab8d-e8d37b2ae361",
	"00000000-0000-0000-0000-000000000000",
	'Game::CardType',
	'',
	'');
INSERT INTO S_UDT
	VALUES ("89781d37-802d-4154-ab8d-e8d37b2ae361",
	"bb461d7b-554e-498f-9605-c3dcf6c99b04",
	0,
	'');
INSERT INTO PE_PE
	VALUES ("3a61d4cd-a069-472a-9bfe-df36be28186b",
	1,
	"8767e6f1-d312-4433-b2cd-2daf1d37557b",
	"00000000-0000-0000-0000-000000000000",
	3);
INSERT INTO S_DT
	VALUES ("3a61d4cd-a069-472a-9bfe-df36be28186b",
	"00000000-0000-0000-0000-000000000000",
	'MASLunique',
	'',
	'');
INSERT INTO S_UDT
	VALUES ("3a61d4cd-a069-472a-9bfe-df36be28186b",
	"bb461d7b-554e-498f-9605-c3dcf6c99b04",
	0,
	'');
INSERT INTO PE_PE
	VALUES ("18f58219-223f-4532-9863-49215af9c62f",
	1,
	"8767e6f1-d312-4433-b2cd-2daf1d37557b",
	"00000000-0000-0000-0000-000000000000",
	6);
INSERT INTO C_I
	VALUES ("18f58219-223f-4532-9863-49215af9c62f",
	"00000000-0000-0000-0000-000000000000",
	'Logic',
	'');
INSERT INTO C_EP
	VALUES ("ac599a94-bf91-4ff9-a981-389daac9287d",
	"18f58219-223f-4532-9863-49215af9c62f",
	0,
	'nextPeggingPlay',
	'');
INSERT INTO C_IO
	VALUES ("ac599a94-bf91-4ff9-a981-389daac9287d",
	"c17def56-5d3e-42b1-b7d3-272c860d4ae9",
	'nextPeggingPlay',
	'',
	0,
	'',
	"00000000-0000-0000-0000-000000000000");
INSERT INTO C_PP
	VALUES ("66dbdf80-cd2a-4b77-8768-ce56e71b7d83",
	"ac599a94-bf91-4ff9-a981-389daac9287d",
	"58d06cac-c7e0-4d58-b195-fc9851cc0720",
	'cards',
	'',
	0,
	'',
	"00000000-0000-0000-0000-000000000000");
INSERT INTO C_PP
	VALUES ("9d13b9a3-c2be-45ff-b55d-d3ed8e00d89c",
	"ac599a94-bf91-4ff9-a981-389daac9287d",
	"58d06cac-c7e0-4d58-b195-fc9851cc0720",
	'pile_cards',
	'',
	0,
	'',
	"66dbdf80-cd2a-4b77-8768-ce56e71b7d83");
INSERT INTO C_EP
	VALUES ("ca3f384c-2950-47bf-b619-fb977a4281a8",
	"18f58219-223f-4532-9863-49215af9c62f",
	0,
	'nextDiscard',
	'');
INSERT INTO C_IO
	VALUES ("ca3f384c-2950-47bf-b619-fb977a4281a8",
	"c17def56-5d3e-42b1-b7d3-272c860d4ae9",
	'nextDiscard',
	'',
	0,
	'',
	"ac599a94-bf91-4ff9-a981-389daac9287d");
INSERT INTO C_PP
	VALUES ("633c06ef-07f2-4f5d-ae4f-01c92ce81f1e",
	"ca3f384c-2950-47bf-b619-fb977a4281a8",
	"58d06cac-c7e0-4d58-b195-fc9851cc0720",
	'cards',
	'',
	0,
	'',
	"00000000-0000-0000-0000-000000000000");
INSERT INTO C_PP
	VALUES ("34b99369-cf69-4cb5-a986-1eb66d3d16d4",
	"ca3f384c-2950-47bf-b619-fb977a4281a8",
	"5a08567a-fa40-4228-a904-8bb10716c61d",
	'my_crib',
	'',
	0,
	'',
	"633c06ef-07f2-4f5d-ae4f-01c92ce81f1e");
INSERT INTO PE_PE
	VALUES ("a2b570e8-3e9b-4c63-a892-03a6ebc82c48",
	1,
	"8767e6f1-d312-4433-b2cd-2daf1d37557b",
	"00000000-0000-0000-0000-000000000000",
	6);
INSERT INTO C_I
	VALUES ("a2b570e8-3e9b-4c63-a892-03a6ebc82c48",
	"00000000-0000-0000-0000-000000000000",
	'LogicGameControl',
	'');
INSERT INTO C_EP
	VALUES ("2629d92b-433e-4040-b8d6-6b13a7198a98",
	"a2b570e8-3e9b-4c63-a892-03a6ebc82c48",
	0,
	'play',
	'');
INSERT INTO C_IO
	VALUES ("2629d92b-433e-4040-b8d6-6b13a7198a98",
	"c17def56-5d3e-42b1-b7d3-272c860d4ae9",
	'play',
	'',
	0,
	'',
	"00000000-0000-0000-0000-000000000000");
INSERT INTO C_PP
	VALUES ("ff726326-6f68-4f83-a06a-9879e8e1d594",
	"2629d92b-433e-4040-b8d6-6b13a7198a98",
	"89781d37-802d-4154-ab8d-e8d37b2ae361",
	'card',
	'',
	0,
	'',
	"00000000-0000-0000-0000-000000000000");
