-- root-types-contained: SystemModel_c,PackageableElement_c,DataType_c,CoreDataType_c,UserDataType_c
-- BP 7.1 content: StreamData syschar: 3 persistence-version: 7.1.5

INSERT INTO S_SYS
	VALUES ("48ceec92-22de-4049-aede-2ce4108e0cbc",
	'udt_assignment',
	1);
INSERT INTO EP_PKG
	VALUES ("becdb204-859c-4bfe-bbdc-202262dec9b7",
	"48ceec92-22de-4049-aede-2ce4108e0cbc",
	"48ceec92-22de-4049-aede-2ce4108e0cbc",
	'udt_assignment',
	'',
	0);
INSERT INTO PE_PE
	VALUES ("c5cf5ca9-13f5-476c-9eeb-f072fc9c2175",
	1,
	"becdb204-859c-4bfe-bbdc-202262dec9b7",
	"00000000-0000-0000-0000-000000000000",
	2);
INSERT INTO C_C
	VALUES ("c5cf5ca9-13f5-476c-9eeb-f072fc9c2175",
	"00000000-0000-0000-0000-000000000000",
	"00000000-0000-0000-0000-000000000000",
	'udt_assignment',
	'',
	0,
	"00000000-0000-0000-0000-000000000000",
	0,
	'');
INSERT INTO PE_PE
	VALUES ("807928bf-88fc-4c2c-af32-21771e49e3d0",
	1,
	"00000000-0000-0000-0000-000000000000",
	"c5cf5ca9-13f5-476c-9eeb-f072fc9c2175",
	7);
INSERT INTO EP_PKG
	VALUES ("807928bf-88fc-4c2c-af32-21771e49e3d0",
	"00000000-0000-0000-0000-000000000000",
	"48ceec92-22de-4049-aede-2ce4108e0cbc",
	'udt_assignment',
	'',
	0);
INSERT INTO PE_PE
	VALUES ("b3f138d8-ebf7-4bc7-8d29-f80d4e853599",
	1,
	"807928bf-88fc-4c2c-af32-21771e49e3d0",
	"00000000-0000-0000-0000-000000000000",
	4);
INSERT INTO O_OBJ
	VALUES ("b3f138d8-ebf7-4bc7-8d29-f80d4e853599",
	'udt_assignment',
	1,
	'KEY',
	'',
	"00000000-0000-0000-0000-000000000000");
INSERT INTO O_TFR
	VALUES ("e84c153c-3a08-432d-aaf5-93faf674ed9d",
	"b3f138d8-ebf7-4bc7-8d29-f80d4e853599",
	'udt_assignment_test',
	'',
	"ba5eda7a-def5-0000-0000-000000000000",
	1,
	'x = param.udt + 1;
x = param.sdt.member;
x = param.irdt.attribute;
if(param.udt == param.udt2)
end if;
if(param.edt == param.edt2)
end if;
if(not param.bool_udt)
end if;',
	1,
	'',
	"00000000-0000-0000-0000-000000000000");
INSERT INTO O_TPARM
	VALUES ("dfbf44a1-663e-47cf-a5a3-000341b32728",
	"e84c153c-3a08-432d-aaf5-93faf674ed9d",
	'udt',
	"f9e2a356-88a4-48ef-8a48-6e690f8471ee",
	0,
	'',
	"00000000-0000-0000-0000-000000000000",
	'');
INSERT INTO O_TPARM
	VALUES ("f08dd72c-5f97-4a30-a2ff-e754b0b6e05b",
	"e84c153c-3a08-432d-aaf5-93faf674ed9d",
	'sdt',
	"6cf23002-7cf0-458b-90d4-13c14740491a",
	0,
	'',
	"dfbf44a1-663e-47cf-a5a3-000341b32728",
	'');
INSERT INTO O_TPARM
	VALUES ("05031452-9acd-4364-a859-9dc140b2faa6",
	"e84c153c-3a08-432d-aaf5-93faf674ed9d",
	'irdt',
	"7b0b5d70-30d4-4f48-9e70-b30053c26c58",
	0,
	'',
	"f08dd72c-5f97-4a30-a2ff-e754b0b6e05b",
	'');
INSERT INTO O_TPARM
	VALUES ("de97fcf6-a659-4172-b1e0-c1326259a3a6",
	"e84c153c-3a08-432d-aaf5-93faf674ed9d",
	'udt2',
	"a0f41421-25ab-41ba-84ff-74442044a094",
	0,
	'',
	"05031452-9acd-4364-a859-9dc140b2faa6",
	'');
INSERT INTO O_TPARM
	VALUES ("73d80a6a-2964-41f0-a418-4e8f11ac4b6f",
	"e84c153c-3a08-432d-aaf5-93faf674ed9d",
	'edt',
	"f923237f-f20c-47d9-bd80-c9ed540c3562",
	0,
	'',
	"de97fcf6-a659-4172-b1e0-c1326259a3a6",
	'');
INSERT INTO O_TPARM
	VALUES ("6b009d90-21df-4290-a80e-63db0f222ca0",
	"e84c153c-3a08-432d-aaf5-93faf674ed9d",
	'edt2',
	"5470a442-9c92-4e4c-8054-75a1e03ae566",
	0,
	'',
	"73d80a6a-2964-41f0-a418-4e8f11ac4b6f",
	'');
INSERT INTO O_TPARM
	VALUES ("706b50a8-cd8f-47ab-96ab-27d00a443d31",
	"e84c153c-3a08-432d-aaf5-93faf674ed9d",
	'bool_udt',
	"5f281387-fb03-48b7-9bf1-f2083486c371",
	0,
	'',
	"6b009d90-21df-4290-a80e-63db0f222ca0",
	'');
INSERT INTO ACT_OPB
	VALUES ("fb590751-4ec5-48bb-b0ca-763fa4799876",
	"e84c153c-3a08-432d-aaf5-93faf674ed9d");
INSERT INTO ACT_ACT
	VALUES ("fb590751-4ec5-48bb-b0ca-763fa4799876",
	'operation',
	0,
	"7e9648c3-53a3-417d-a401-bf0d2e46e467",
	"00000000-0000-0000-0000-000000000000",
	0,
	'udt_assignment::udt_assignment_test',
	"00000000-0000-0000-0000-000000000000");
INSERT INTO ACT_BLK
	VALUES ("7e9648c3-53a3-417d-a401-bf0d2e46e467",
	0,
	0,
	0,
	'',
	'',
	'',
	8,
	1,
	0,
	0,
	0,
	0,
	0,
	0,
	0,
	0,
	0,
	0,
	0,
	"fb590751-4ec5-48bb-b0ca-763fa4799876",
	"00000000-0000-0000-0000-000000000000");
INSERT INTO ACT_SMT
	VALUES ("7788f8c9-2886-4b9d-a330-c80e76afcd6f",
	"7e9648c3-53a3-417d-a401-bf0d2e46e467",
	"90b81c95-711f-4de8-8b0c-0cac55528d29",
	1,
	1,
	'udt_assignment::udt_assignment_test line: 1');
INSERT INTO ACT_AI
	VALUES ("7788f8c9-2886-4b9d-a330-c80e76afcd6f",
	"cba36f35-202c-4efd-8dc1-2f67f9dfec3b",
	"d17a1eec-4a27-4720-82df-dc91948117c4",
	0,
	0);
INSERT INTO ACT_SMT
	VALUES ("90b81c95-711f-4de8-8b0c-0cac55528d29",
	"7e9648c3-53a3-417d-a401-bf0d2e46e467",
	"164e5e35-2c56-44a3-8cea-861058df8892",
	2,
	1,
	'udt_assignment::udt_assignment_test line: 2');
INSERT INTO ACT_AI
	VALUES ("90b81c95-711f-4de8-8b0c-0cac55528d29",
	"98f8c065-db21-4fad-aab7-730fc8e22b62",
	"843c79f5-140f-483a-898b-f8504947c9ff",
	0,
	0);
INSERT INTO ACT_SMT
	VALUES ("164e5e35-2c56-44a3-8cea-861058df8892",
	"7e9648c3-53a3-417d-a401-bf0d2e46e467",
	"35e6a24a-0dbc-4cff-8cb4-2f10eb1f0cba",
	3,
	1,
	'udt_assignment::udt_assignment_test line: 3');
INSERT INTO ACT_AI
	VALUES ("164e5e35-2c56-44a3-8cea-861058df8892",
	"ca4c2e88-25c7-47f5-abb2-e023ebe8fcc9",
	"89b7dff9-76b2-49c4-92f6-aebe66108135",
	0,
	0);
INSERT INTO ACT_SMT
	VALUES ("35e6a24a-0dbc-4cff-8cb4-2f10eb1f0cba",
	"7e9648c3-53a3-417d-a401-bf0d2e46e467",
	"2f2fec11-87e5-4b62-b511-7c0f72ef6ed1",
	4,
	1,
	'udt_assignment::udt_assignment_test line: 4');
INSERT INTO ACT_IF
	VALUES ("35e6a24a-0dbc-4cff-8cb4-2f10eb1f0cba",
	"2d4207ab-86ca-4798-85ac-556b225d49f3",
	"c7380700-c5b6-4467-9be9-c7293c3edef1",
	"00000000-0000-0000-0000-000000000000",
	"00000000-0000-0000-0000-000000000000");
INSERT INTO ACT_SMT
	VALUES ("2f2fec11-87e5-4b62-b511-7c0f72ef6ed1",
	"7e9648c3-53a3-417d-a401-bf0d2e46e467",
	"4daddab8-1d76-426b-ad00-f1b1351d6afa",
	6,
	1,
	'udt_assignment::udt_assignment_test line: 6');
INSERT INTO ACT_IF
	VALUES ("2f2fec11-87e5-4b62-b511-7c0f72ef6ed1",
	"aec8b5af-3d31-4ac3-b0bf-53d8a2fb39aa",
	"ab470e75-4920-4d73-acf6-f8cb89c6ceb1",
	"00000000-0000-0000-0000-000000000000",
	"00000000-0000-0000-0000-000000000000");
INSERT INTO ACT_SMT
	VALUES ("4daddab8-1d76-426b-ad00-f1b1351d6afa",
	"7e9648c3-53a3-417d-a401-bf0d2e46e467",
	"00000000-0000-0000-0000-000000000000",
	8,
	1,
	'udt_assignment::udt_assignment_test line: 8');
INSERT INTO ACT_IF
	VALUES ("4daddab8-1d76-426b-ad00-f1b1351d6afa",
	"b15bddad-06a9-455b-988c-b7cf58eaed24",
	"d83f367d-71b7-4ace-a108-4e076f91e22f",
	"00000000-0000-0000-0000-000000000000",
	"00000000-0000-0000-0000-000000000000");
INSERT INTO V_VAL
	VALUES ("d17a1eec-4a27-4720-82df-dc91948117c4",
	1,
	1,
	1,
	1,
	1,
	0,
	0,
	0,
	0,
	"f9e2a356-88a4-48ef-8a48-6e690f8471ee",
	"7e9648c3-53a3-417d-a401-bf0d2e46e467");
INSERT INTO V_TVL
	VALUES ("d17a1eec-4a27-4720-82df-dc91948117c4",
	"85ef73b2-569c-445c-88b7-42e85b44f52e");
INSERT INTO V_VAL
	VALUES ("1aea5864-2ec2-409c-a2ea-eebd072ab445",
	0,
	0,
	1,
	11,
	13,
	0,
	0,
	0,
	0,
	"f9e2a356-88a4-48ef-8a48-6e690f8471ee",
	"7e9648c3-53a3-417d-a401-bf0d2e46e467");
INSERT INTO V_PVL
	VALUES ("1aea5864-2ec2-409c-a2ea-eebd072ab445",
	"00000000-0000-0000-0000-000000000000",
	"00000000-0000-0000-0000-000000000000",
	"dfbf44a1-663e-47cf-a5a3-000341b32728",
	"00000000-0000-0000-0000-000000000000");
INSERT INTO V_VAL
	VALUES ("cba36f35-202c-4efd-8dc1-2f67f9dfec3b",
	0,
	0,
	-1,
	-1,
	-1,
	0,
	0,
	0,
	0,
	"f9e2a356-88a4-48ef-8a48-6e690f8471ee",
	"7e9648c3-53a3-417d-a401-bf0d2e46e467");
INSERT INTO V_BIN
	VALUES ("cba36f35-202c-4efd-8dc1-2f67f9dfec3b",
	"96f4862f-bebf-4aa0-baba-b97de5280857",
	"1aea5864-2ec2-409c-a2ea-eebd072ab445",
	'+');
INSERT INTO V_VAL
	VALUES ("96f4862f-bebf-4aa0-baba-b97de5280857",
	0,
	0,
	1,
	17,
	17,
	0,
	0,
	0,
	0,
	"ba5eda7a-def5-0000-0000-000000000002",
	"7e9648c3-53a3-417d-a401-bf0d2e46e467");
INSERT INTO V_LIN
	VALUES ("96f4862f-bebf-4aa0-baba-b97de5280857",
	'1');
INSERT INTO V_VAL
	VALUES ("843c79f5-140f-483a-898b-f8504947c9ff",
	1,
	0,
	2,
	1,
	1,
	0,
	0,
	0,
	0,
	"f9e2a356-88a4-48ef-8a48-6e690f8471ee",
	"7e9648c3-53a3-417d-a401-bf0d2e46e467");
INSERT INTO V_TVL
	VALUES ("843c79f5-140f-483a-898b-f8504947c9ff",
	"85ef73b2-569c-445c-88b7-42e85b44f52e");
INSERT INTO V_VAL
	VALUES ("1587ce9d-8667-46bd-9493-fc9299b2911a",
	0,
	0,
	2,
	15,
	17,
	0,
	0,
	0,
	0,
	"6cf23002-7cf0-458b-90d4-13c14740491a",
	"7e9648c3-53a3-417d-a401-bf0d2e46e467");
INSERT INTO V_PVL
	VALUES ("1587ce9d-8667-46bd-9493-fc9299b2911a",
	"00000000-0000-0000-0000-000000000000",
	"00000000-0000-0000-0000-000000000000",
	"f08dd72c-5f97-4a30-a2ff-e754b0b6e05b",
	"00000000-0000-0000-0000-000000000000");
INSERT INTO V_VAL
	VALUES ("98f8c065-db21-4fad-aab7-730fc8e22b62",
	0,
	0,
	2,
	15,
	20,
	0,
	0,
	0,
	0,
	"ba5eda7a-def5-0000-0000-000000000002",
	"7e9648c3-53a3-417d-a401-bf0d2e46e467");
INSERT INTO V_MVL
	VALUES ("98f8c065-db21-4fad-aab7-730fc8e22b62",
	"1587ce9d-8667-46bd-9493-fc9299b2911a",
	"78ee78ce-d2f0-4097-9cd6-8a136bd78cfc",
	"57f50565-18cb-49f2-8ee7-2d486be7f788");
INSERT INTO V_VAL
	VALUES ("89b7dff9-76b2-49c4-92f6-aebe66108135",
	1,
	0,
	3,
	1,
	1,
	0,
	0,
	0,
	0,
	"f9e2a356-88a4-48ef-8a48-6e690f8471ee",
	"7e9648c3-53a3-417d-a401-bf0d2e46e467");
INSERT INTO V_TVL
	VALUES ("89b7dff9-76b2-49c4-92f6-aebe66108135",
	"85ef73b2-569c-445c-88b7-42e85b44f52e");
INSERT INTO V_VAL
	VALUES ("cd762961-6c92-487b-afb3-b09bdbee6a21",
	0,
	0,
	3,
	16,
	19,
	0,
	0,
	0,
	0,
	"7b0b5d70-30d4-4f48-9e70-b30053c26c58",
	"7e9648c3-53a3-417d-a401-bf0d2e46e467");
INSERT INTO V_PVL
	VALUES ("cd762961-6c92-487b-afb3-b09bdbee6a21",
	"00000000-0000-0000-0000-000000000000",
	"00000000-0000-0000-0000-000000000000",
	"05031452-9acd-4364-a859-9dc140b2faa6",
	"00000000-0000-0000-0000-000000000000");
INSERT INTO V_VAL
	VALUES ("ca4c2e88-25c7-47f5-abb2-e023ebe8fcc9",
	0,
	0,
	3,
	16,
	24,
	0,
	0,
	0,
	0,
	"ba5eda7a-def5-0000-0000-000000000002",
	"7e9648c3-53a3-417d-a401-bf0d2e46e467");
INSERT INTO V_AVL
	VALUES ("ca4c2e88-25c7-47f5-abb2-e023ebe8fcc9",
	"cd762961-6c92-487b-afb3-b09bdbee6a21",
	"b51a050b-b14d-415c-94a7-e9197986ce29",
	"614bba03-e05a-4de1-b65e-c0493c6bda58");
INSERT INTO V_VAL
	VALUES ("f9710567-afda-4b0f-a891-51518dbe0dd2",
	0,
	0,
	4,
	10,
	12,
	0,
	0,
	0,
	0,
	"f9e2a356-88a4-48ef-8a48-6e690f8471ee",
	"7e9648c3-53a3-417d-a401-bf0d2e46e467");
INSERT INTO V_PVL
	VALUES ("f9710567-afda-4b0f-a891-51518dbe0dd2",
	"00000000-0000-0000-0000-000000000000",
	"00000000-0000-0000-0000-000000000000",
	"dfbf44a1-663e-47cf-a5a3-000341b32728",
	"00000000-0000-0000-0000-000000000000");
INSERT INTO V_VAL
	VALUES ("c7380700-c5b6-4467-9be9-c7293c3edef1",
	0,
	0,
	-1,
	-1,
	-1,
	0,
	0,
	0,
	0,
	"ba5eda7a-def5-0000-0000-000000000001",
	"7e9648c3-53a3-417d-a401-bf0d2e46e467");
INSERT INTO V_BIN
	VALUES ("c7380700-c5b6-4467-9be9-c7293c3edef1",
	"38398f2d-f6a7-43b0-beaf-6d5b46710e80",
	"f9710567-afda-4b0f-a891-51518dbe0dd2",
	'==');
INSERT INTO V_VAL
	VALUES ("38398f2d-f6a7-43b0-beaf-6d5b46710e80",
	0,
	0,
	4,
	23,
	26,
	0,
	0,
	0,
	0,
	"a0f41421-25ab-41ba-84ff-74442044a094",
	"7e9648c3-53a3-417d-a401-bf0d2e46e467");
INSERT INTO V_PVL
	VALUES ("38398f2d-f6a7-43b0-beaf-6d5b46710e80",
	"00000000-0000-0000-0000-000000000000",
	"00000000-0000-0000-0000-000000000000",
	"de97fcf6-a659-4172-b1e0-c1326259a3a6",
	"00000000-0000-0000-0000-000000000000");
INSERT INTO V_VAL
	VALUES ("f4764d89-a964-4352-b325-9ef2867f2e85",
	0,
	0,
	6,
	10,
	12,
	0,
	0,
	0,
	0,
	"f923237f-f20c-47d9-bd80-c9ed540c3562",
	"7e9648c3-53a3-417d-a401-bf0d2e46e467");
INSERT INTO V_PVL
	VALUES ("f4764d89-a964-4352-b325-9ef2867f2e85",
	"00000000-0000-0000-0000-000000000000",
	"00000000-0000-0000-0000-000000000000",
	"73d80a6a-2964-41f0-a418-4e8f11ac4b6f",
	"00000000-0000-0000-0000-000000000000");
INSERT INTO V_VAL
	VALUES ("ab470e75-4920-4d73-acf6-f8cb89c6ceb1",
	0,
	0,
	-1,
	-1,
	-1,
	0,
	0,
	0,
	0,
	"ba5eda7a-def5-0000-0000-000000000001",
	"7e9648c3-53a3-417d-a401-bf0d2e46e467");
INSERT INTO V_BIN
	VALUES ("ab470e75-4920-4d73-acf6-f8cb89c6ceb1",
	"cbb98b76-8e78-4d8b-a43b-fc032273b5f2",
	"f4764d89-a964-4352-b325-9ef2867f2e85",
	'==');
INSERT INTO V_VAL
	VALUES ("cbb98b76-8e78-4d8b-a43b-fc032273b5f2",
	0,
	0,
	6,
	23,
	26,
	0,
	0,
	0,
	0,
	"5470a442-9c92-4e4c-8054-75a1e03ae566",
	"7e9648c3-53a3-417d-a401-bf0d2e46e467");
INSERT INTO V_PVL
	VALUES ("cbb98b76-8e78-4d8b-a43b-fc032273b5f2",
	"00000000-0000-0000-0000-000000000000",
	"00000000-0000-0000-0000-000000000000",
	"6b009d90-21df-4290-a80e-63db0f222ca0",
	"00000000-0000-0000-0000-000000000000");
INSERT INTO V_VAL
	VALUES ("8049a658-1c4f-425e-b794-3c6d9a05050d",
	0,
	0,
	8,
	14,
	21,
	0,
	0,
	0,
	0,
	"5f281387-fb03-48b7-9bf1-f2083486c371",
	"7e9648c3-53a3-417d-a401-bf0d2e46e467");
INSERT INTO V_PVL
	VALUES ("8049a658-1c4f-425e-b794-3c6d9a05050d",
	"00000000-0000-0000-0000-000000000000",
	"00000000-0000-0000-0000-000000000000",
	"706b50a8-cd8f-47ab-96ab-27d00a443d31",
	"00000000-0000-0000-0000-000000000000");
INSERT INTO V_VAL
	VALUES ("d83f367d-71b7-4ace-a108-4e076f91e22f",
	0,
	0,
	-1,
	-1,
	-1,
	0,
	0,
	0,
	0,
	"ba5eda7a-def5-0000-0000-000000000001",
	"7e9648c3-53a3-417d-a401-bf0d2e46e467");
INSERT INTO V_UNY
	VALUES ("d83f367d-71b7-4ace-a108-4e076f91e22f",
	"8049a658-1c4f-425e-b794-3c6d9a05050d",
	'not');
INSERT INTO V_VAR
	VALUES ("85ef73b2-569c-445c-88b7-42e85b44f52e",
	"7e9648c3-53a3-417d-a401-bf0d2e46e467",
	'x',
	1,
	"f9e2a356-88a4-48ef-8a48-6e690f8471ee");
INSERT INTO V_TRN
	VALUES ("85ef73b2-569c-445c-88b7-42e85b44f52e",
	"00000000-0000-0000-0000-000000000000",
	'');
INSERT INTO V_LOC
	VALUES ("89c4de3f-5746-4d6d-819e-08a4cc88d708",
	1,
	1,
	1,
	"85ef73b2-569c-445c-88b7-42e85b44f52e");
INSERT INTO V_LOC
	VALUES ("f464288d-658f-47aa-9d7a-711ac0fd5c0a",
	2,
	1,
	1,
	"85ef73b2-569c-445c-88b7-42e85b44f52e");
INSERT INTO V_LOC
	VALUES ("cecda088-2258-40f2-ae1c-e1986b53fd9f",
	3,
	1,
	1,
	"85ef73b2-569c-445c-88b7-42e85b44f52e");
INSERT INTO ACT_BLK
	VALUES ("2d4207ab-86ca-4798-85ac-556b225d49f3",
	0,
	0,
	0,
	'',
	'',
	'',
	0,
	0,
	0,
	0,
	0,
	0,
	0,
	0,
	0,
	0,
	0,
	0,
	0,
	"fb590751-4ec5-48bb-b0ca-763fa4799876",
	"00000000-0000-0000-0000-000000000000");
INSERT INTO ACT_BLK
	VALUES ("aec8b5af-3d31-4ac3-b0bf-53d8a2fb39aa",
	0,
	0,
	0,
	'',
	'',
	'',
	0,
	0,
	0,
	0,
	0,
	0,
	0,
	0,
	0,
	0,
	0,
	0,
	0,
	"fb590751-4ec5-48bb-b0ca-763fa4799876",
	"00000000-0000-0000-0000-000000000000");
INSERT INTO ACT_BLK
	VALUES ("b15bddad-06a9-455b-988c-b7cf58eaed24",
	0,
	0,
	0,
	'',
	'',
	'',
	0,
	0,
	0,
	0,
	0,
	0,
	0,
	0,
	0,
	0,
	0,
	0,
	0,
	"fb590751-4ec5-48bb-b0ca-763fa4799876",
	"00000000-0000-0000-0000-000000000000");
INSERT INTO O_ID
	VALUES (0,
	"b3f138d8-ebf7-4bc7-8d29-f80d4e853599");
INSERT INTO O_ID
	VALUES (1,
	"b3f138d8-ebf7-4bc7-8d29-f80d4e853599");
INSERT INTO O_ID
	VALUES (2,
	"b3f138d8-ebf7-4bc7-8d29-f80d4e853599");
INSERT INTO PE_PE
	VALUES ("a0f41421-25ab-41ba-84ff-74442044a094",
	1,
	"807928bf-88fc-4c2c-af32-21771e49e3d0",
	"00000000-0000-0000-0000-000000000000",
	3);
INSERT INTO S_DT
	VALUES ("a0f41421-25ab-41ba-84ff-74442044a094",
	"00000000-0000-0000-0000-000000000000",
	'UDT1',
	'',
	'');
INSERT INTO S_UDT
	VALUES ("a0f41421-25ab-41ba-84ff-74442044a094",
	"ba5eda7a-def5-0000-0000-000000000002",
	0);
INSERT INTO PE_PE
	VALUES ("f9e2a356-88a4-48ef-8a48-6e690f8471ee",
	1,
	"807928bf-88fc-4c2c-af32-21771e49e3d0",
	"00000000-0000-0000-0000-000000000000",
	3);
INSERT INTO S_DT
	VALUES ("f9e2a356-88a4-48ef-8a48-6e690f8471ee",
	"00000000-0000-0000-0000-000000000000",
	'UDT2',
	'',
	'');
INSERT INTO S_UDT
	VALUES ("f9e2a356-88a4-48ef-8a48-6e690f8471ee",
	"a0f41421-25ab-41ba-84ff-74442044a094",
	0);
INSERT INTO PE_PE
	VALUES ("57f50565-18cb-49f2-8ee7-2d486be7f788",
	1,
	"807928bf-88fc-4c2c-af32-21771e49e3d0",
	"00000000-0000-0000-0000-000000000000",
	3);
INSERT INTO S_DT
	VALUES ("57f50565-18cb-49f2-8ee7-2d486be7f788",
	"00000000-0000-0000-0000-000000000000",
	'SDT',
	'',
	'');
INSERT INTO S_SDT
	VALUES ("57f50565-18cb-49f2-8ee7-2d486be7f788");
INSERT INTO S_MBR
	VALUES ("78ee78ce-d2f0-4097-9cd6-8a136bd78cfc",
	'member',
	'',
	"57f50565-18cb-49f2-8ee7-2d486be7f788",
	"ba5eda7a-def5-0000-0000-000000000002",
	"00000000-0000-0000-0000-000000000000",
	'');
INSERT INTO PE_PE
	VALUES ("b51a050b-b14d-415c-94a7-e9197986ce29",
	1,
	"807928bf-88fc-4c2c-af32-21771e49e3d0",
	"00000000-0000-0000-0000-000000000000",
	4);
INSERT INTO O_OBJ
	VALUES ("b51a050b-b14d-415c-94a7-e9197986ce29",
	'IRDT',
	2,
	'KEY',
	'',
	"00000000-0000-0000-0000-000000000000");
INSERT INTO O_NBATTR
	VALUES ("614bba03-e05a-4de1-b65e-c0493c6bda58",
	"b51a050b-b14d-415c-94a7-e9197986ce29");
INSERT INTO O_BATTR
	VALUES ("614bba03-e05a-4de1-b65e-c0493c6bda58",
	"b51a050b-b14d-415c-94a7-e9197986ce29");
INSERT INTO O_ATTR
	VALUES ("614bba03-e05a-4de1-b65e-c0493c6bda58",
	"b51a050b-b14d-415c-94a7-e9197986ce29",
	"00000000-0000-0000-0000-000000000000",
	'attribute',
	'',
	'',
	'attribute',
	0,
	"ba5eda7a-def5-0000-0000-000000000002",
	'',
	'');
INSERT INTO O_ID
	VALUES (0,
	"b51a050b-b14d-415c-94a7-e9197986ce29");
INSERT INTO O_ID
	VALUES (1,
	"b51a050b-b14d-415c-94a7-e9197986ce29");
INSERT INTO O_ID
	VALUES (2,
	"b51a050b-b14d-415c-94a7-e9197986ce29");
INSERT INTO PE_PE
	VALUES ("6cf23002-7cf0-458b-90d4-13c14740491a",
	1,
	"807928bf-88fc-4c2c-af32-21771e49e3d0",
	"00000000-0000-0000-0000-000000000000",
	3);
INSERT INTO S_DT
	VALUES ("6cf23002-7cf0-458b-90d4-13c14740491a",
	"00000000-0000-0000-0000-000000000000",
	'SDT_UDT',
	'',
	'');
INSERT INTO S_UDT
	VALUES ("6cf23002-7cf0-458b-90d4-13c14740491a",
	"57f50565-18cb-49f2-8ee7-2d486be7f788",
	0);
INSERT INTO PE_PE
	VALUES ("7b0b5d70-30d4-4f48-9e70-b30053c26c58",
	1,
	"807928bf-88fc-4c2c-af32-21771e49e3d0",
	"00000000-0000-0000-0000-000000000000",
	3);
INSERT INTO S_DT
	VALUES ("7b0b5d70-30d4-4f48-9e70-b30053c26c58",
	"00000000-0000-0000-0000-000000000000",
	'IRDT_UDT',
	'',
	'');
INSERT INTO S_UDT
	VALUES ("7b0b5d70-30d4-4f48-9e70-b30053c26c58",
	"bdbba021-a736-44d8-88c4-ff10f00728ce",
	0);
INSERT INTO PE_PE
	VALUES ("bdbba021-a736-44d8-88c4-ff10f00728ce",
	1,
	"807928bf-88fc-4c2c-af32-21771e49e3d0",
	"00000000-0000-0000-0000-000000000000",
	3);
INSERT INTO S_DT
	VALUES ("bdbba021-a736-44d8-88c4-ff10f00728ce",
	"00000000-0000-0000-0000-000000000000",
	'inst_ref<IRDT>',
	'',
	'');
INSERT INTO S_IRDT
	VALUES ("bdbba021-a736-44d8-88c4-ff10f00728ce",
	0,
	"b51a050b-b14d-415c-94a7-e9197986ce29");
INSERT INTO PE_PE
	VALUES ("a7f0349d-5fdd-46c9-96d4-0905991ef03e",
	1,
	"807928bf-88fc-4c2c-af32-21771e49e3d0",
	"00000000-0000-0000-0000-000000000000",
	3);
INSERT INTO S_DT
	VALUES ("a7f0349d-5fdd-46c9-96d4-0905991ef03e",
	"00000000-0000-0000-0000-000000000000",
	'inst_ref_set<IRDT>',
	'',
	'');
INSERT INTO S_IRDT
	VALUES ("a7f0349d-5fdd-46c9-96d4-0905991ef03e",
	1,
	"b51a050b-b14d-415c-94a7-e9197986ce29");
INSERT INTO PE_PE
	VALUES ("84f9deeb-2b19-49d0-94c8-64a90171672c",
	1,
	"807928bf-88fc-4c2c-af32-21771e49e3d0",
	"00000000-0000-0000-0000-000000000000",
	3);
INSERT INTO S_DT
	VALUES ("84f9deeb-2b19-49d0-94c8-64a90171672c",
	"00000000-0000-0000-0000-000000000000",
	'EDT',
	'',
	'');
INSERT INTO S_EDT
	VALUES ("84f9deeb-2b19-49d0-94c8-64a90171672c");
INSERT INTO S_ENUM
	VALUES ("c81b7172-5ebc-496a-b7ba-835d85c07243",
	'enum',
	'',
	"84f9deeb-2b19-49d0-94c8-64a90171672c",
	"00000000-0000-0000-0000-000000000000");
INSERT INTO PE_PE
	VALUES ("f923237f-f20c-47d9-bd80-c9ed540c3562",
	1,
	"807928bf-88fc-4c2c-af32-21771e49e3d0",
	"00000000-0000-0000-0000-000000000000",
	3);
INSERT INTO S_DT
	VALUES ("f923237f-f20c-47d9-bd80-c9ed540c3562",
	"00000000-0000-0000-0000-000000000000",
	'EDT_UDT',
	'',
	'');
INSERT INTO S_UDT
	VALUES ("f923237f-f20c-47d9-bd80-c9ed540c3562",
	"84f9deeb-2b19-49d0-94c8-64a90171672c",
	0);
INSERT INTO PE_PE
	VALUES ("5470a442-9c92-4e4c-8054-75a1e03ae566",
	1,
	"807928bf-88fc-4c2c-af32-21771e49e3d0",
	"00000000-0000-0000-0000-000000000000",
	3);
INSERT INTO S_DT
	VALUES ("5470a442-9c92-4e4c-8054-75a1e03ae566",
	"00000000-0000-0000-0000-000000000000",
	'EDT_UDT_2',
	'',
	'');
INSERT INTO S_UDT
	VALUES ("5470a442-9c92-4e4c-8054-75a1e03ae566",
	"84f9deeb-2b19-49d0-94c8-64a90171672c",
	0);
INSERT INTO PE_PE
	VALUES ("5f281387-fb03-48b7-9bf1-f2083486c371",
	1,
	"807928bf-88fc-4c2c-af32-21771e49e3d0",
	"00000000-0000-0000-0000-000000000000",
	3);
INSERT INTO S_DT
	VALUES ("5f281387-fb03-48b7-9bf1-f2083486c371",
	"00000000-0000-0000-0000-000000000000",
	'bool_udt',
	'',
	'');
INSERT INTO S_UDT
	VALUES ("5f281387-fb03-48b7-9bf1-f2083486c371",
	"ba5eda7a-def5-0000-0000-000000000001",
	0);
INSERT INTO PE_PE
	VALUES ("ba5eda7a-def5-0000-0000-000000000000",
	1,
	"00000000-0000-0000-0000-000000000000",
	"00000000-0000-0000-0000-000000000000",
	3);
INSERT INTO S_DT
	VALUES ("ba5eda7a-def5-0000-0000-000000000000",
	"00000000-0000-0000-0000-000000000000",
	'void',
	'',
	'');
INSERT INTO S_CDT
	VALUES ("ba5eda7a-def5-0000-0000-000000000000",
	0);
INSERT INTO PE_PE
	VALUES ("ba5eda7a-def5-0000-0000-000000000001",
	1,
	"00000000-0000-0000-0000-000000000000",
	"00000000-0000-0000-0000-000000000000",
	3);
INSERT INTO S_DT
	VALUES ("ba5eda7a-def5-0000-0000-000000000001",
	"00000000-0000-0000-0000-000000000000",
	'boolean',
	'',
	'');
INSERT INTO S_CDT
	VALUES ("ba5eda7a-def5-0000-0000-000000000001",
	1);
INSERT INTO PE_PE
	VALUES ("ba5eda7a-def5-0000-0000-000000000002",
	1,
	"00000000-0000-0000-0000-000000000000",
	"00000000-0000-0000-0000-000000000000",
	3);
INSERT INTO S_DT
	VALUES ("ba5eda7a-def5-0000-0000-000000000002",
	"00000000-0000-0000-0000-000000000000",
	'integer',
	'',
	'');
INSERT INTO S_CDT
	VALUES ("ba5eda7a-def5-0000-0000-000000000002",
	2);
INSERT INTO PE_PE
	VALUES ("ba5eda7a-def5-0000-0000-000000000003",
	1,
	"00000000-0000-0000-0000-000000000000",
	"00000000-0000-0000-0000-000000000000",
	3);
INSERT INTO S_DT
	VALUES ("ba5eda7a-def5-0000-0000-000000000003",
	"00000000-0000-0000-0000-000000000000",
	'real',
	'',
	'');
INSERT INTO S_CDT
	VALUES ("ba5eda7a-def5-0000-0000-000000000003",
	3);
INSERT INTO PE_PE
	VALUES ("ba5eda7a-def5-0000-0000-000000000004",
	1,
	"00000000-0000-0000-0000-000000000000",
	"00000000-0000-0000-0000-000000000000",
	3);
INSERT INTO S_DT
	VALUES ("ba5eda7a-def5-0000-0000-000000000004",
	"00000000-0000-0000-0000-000000000000",
	'string',
	'',
	'');
INSERT INTO S_CDT
	VALUES ("ba5eda7a-def5-0000-0000-000000000004",
	4);
INSERT INTO PE_PE
	VALUES ("ba5eda7a-def5-0000-0000-000000000005",
	1,
	"00000000-0000-0000-0000-000000000000",
	"00000000-0000-0000-0000-000000000000",
	3);
INSERT INTO S_DT
	VALUES ("ba5eda7a-def5-0000-0000-000000000005",
	"00000000-0000-0000-0000-000000000000",
	'unique_id',
	'',
	'');
INSERT INTO S_CDT
	VALUES ("ba5eda7a-def5-0000-0000-000000000005",
	5);
INSERT INTO PE_PE
	VALUES ("ba5eda7a-def5-0000-0000-000000000006",
	1,
	"00000000-0000-0000-0000-000000000000",
	"00000000-0000-0000-0000-000000000000",
	3);
INSERT INTO S_DT
	VALUES ("ba5eda7a-def5-0000-0000-000000000006",
	"00000000-0000-0000-0000-000000000000",
	'state<State_Model>',
	'',
	'');
INSERT INTO S_CDT
	VALUES ("ba5eda7a-def5-0000-0000-000000000006",
	6);
INSERT INTO PE_PE
	VALUES ("ba5eda7a-def5-0000-0000-000000000007",
	1,
	"00000000-0000-0000-0000-000000000000",
	"00000000-0000-0000-0000-000000000000",
	3);
INSERT INTO S_DT
	VALUES ("ba5eda7a-def5-0000-0000-000000000007",
	"00000000-0000-0000-0000-000000000000",
	'same_as<Base_Attribute>',
	'',
	'');
INSERT INTO S_CDT
	VALUES ("ba5eda7a-def5-0000-0000-000000000007",
	7);
INSERT INTO PE_PE
	VALUES ("ba5eda7a-def5-0000-0000-000000000008",
	1,
	"00000000-0000-0000-0000-000000000000",
	"00000000-0000-0000-0000-000000000000",
	3);
INSERT INTO S_DT
	VALUES ("ba5eda7a-def5-0000-0000-000000000008",
	"00000000-0000-0000-0000-000000000000",
	'inst_ref<Object>',
	'',
	'');
INSERT INTO S_CDT
	VALUES ("ba5eda7a-def5-0000-0000-000000000008",
	8);
INSERT INTO PE_PE
	VALUES ("ba5eda7a-def5-0000-0000-000000000009",
	1,
	"00000000-0000-0000-0000-000000000000",
	"00000000-0000-0000-0000-000000000000",
	3);
INSERT INTO S_DT
	VALUES ("ba5eda7a-def5-0000-0000-000000000009",
	"00000000-0000-0000-0000-000000000000",
	'inst_ref_set<Object>',
	'',
	'');
INSERT INTO S_CDT
	VALUES ("ba5eda7a-def5-0000-0000-000000000009",
	9);
INSERT INTO PE_PE
	VALUES ("ba5eda7a-def5-0000-0000-00000000000a",
	1,
	"00000000-0000-0000-0000-000000000000",
	"00000000-0000-0000-0000-000000000000",
	3);
INSERT INTO S_DT
	VALUES ("ba5eda7a-def5-0000-0000-00000000000a",
	"00000000-0000-0000-0000-000000000000",
	'inst<Event>',
	'',
	'');
INSERT INTO S_CDT
	VALUES ("ba5eda7a-def5-0000-0000-00000000000a",
	10);
INSERT INTO PE_PE
	VALUES ("ba5eda7a-def5-0000-0000-00000000000b",
	1,
	"00000000-0000-0000-0000-000000000000",
	"00000000-0000-0000-0000-000000000000",
	3);
INSERT INTO S_DT
	VALUES ("ba5eda7a-def5-0000-0000-00000000000b",
	"00000000-0000-0000-0000-000000000000",
	'inst<Mapping>',
	'',
	'');
INSERT INTO S_CDT
	VALUES ("ba5eda7a-def5-0000-0000-00000000000b",
	11);
INSERT INTO PE_PE
	VALUES ("ba5eda7a-def5-0000-0000-00000000000c",
	1,
	"00000000-0000-0000-0000-000000000000",
	"00000000-0000-0000-0000-000000000000",
	3);
INSERT INTO S_DT
	VALUES ("ba5eda7a-def5-0000-0000-00000000000c",
	"00000000-0000-0000-0000-000000000000",
	'inst_ref<Mapping>',
	'',
	'');
INSERT INTO S_CDT
	VALUES ("ba5eda7a-def5-0000-0000-00000000000c",
	12);
INSERT INTO PE_PE
	VALUES ("ba5eda7a-def5-0000-0000-00000000000d",
	1,
	"00000000-0000-0000-0000-000000000000",
	"00000000-0000-0000-0000-000000000000",
	3);
INSERT INTO S_DT
	VALUES ("ba5eda7a-def5-0000-0000-00000000000d",
	"00000000-0000-0000-0000-000000000000",
	'component_ref',
	'',
	'');
INSERT INTO S_CDT
	VALUES ("ba5eda7a-def5-0000-0000-00000000000d",
	13);
INSERT INTO PE_PE
	VALUES ("ba5eda7a-def5-0000-0000-00000000000e",
	1,
	"00000000-0000-0000-0000-000000000000",
	"00000000-0000-0000-0000-000000000000",
	3);
INSERT INTO S_DT
	VALUES ("ba5eda7a-def5-0000-0000-00000000000e",
	"00000000-0000-0000-0000-000000000000",
	'date',
	'',
	'');
INSERT INTO S_UDT
	VALUES ("ba5eda7a-def5-0000-0000-00000000000e",
	"ba5eda7a-def5-0000-0000-00000000000b",
	1);
INSERT INTO PE_PE
	VALUES ("ba5eda7a-def5-0000-0000-00000000000f",
	1,
	"00000000-0000-0000-0000-000000000000",
	"00000000-0000-0000-0000-000000000000",
	3);
INSERT INTO S_DT
	VALUES ("ba5eda7a-def5-0000-0000-00000000000f",
	"00000000-0000-0000-0000-000000000000",
	'inst_ref<Timer>',
	'',
	'');
INSERT INTO S_UDT
	VALUES ("ba5eda7a-def5-0000-0000-00000000000f",
	"ba5eda7a-def5-0000-0000-00000000000c",
	3);
INSERT INTO PE_PE
	VALUES ("ba5eda7a-def5-0000-0000-000000000010",
	1,
	"00000000-0000-0000-0000-000000000000",
	"00000000-0000-0000-0000-000000000000",
	3);
INSERT INTO S_DT
	VALUES ("ba5eda7a-def5-0000-0000-000000000010",
	"00000000-0000-0000-0000-000000000000",
	'timestamp',
	'',
	'');
INSERT INTO S_UDT
	VALUES ("ba5eda7a-def5-0000-0000-000000000010",
	"ba5eda7a-def5-0000-0000-00000000000b",
	2);
