-- root-types-contained: SystemModel_c,PackageableElement_c,DataType_c,CoreDataType_c,UserDataType_c
-- BP 7.1 content: StreamData syschar: 3 persistence-version: 7.1.6

INSERT INTO S_SYS
	VALUES ("8d9b971e-98c0-4710-b7d2-12b9caaa82ca",
	'RealizedClassOnwer',
	1);
INSERT INTO EP_PKG
	VALUES ("b0c6ad37-5e3c-46f1-81eb-3d7bf6b64935",
	"8d9b971e-98c0-4710-b7d2-12b9caaa82ca",
	"8d9b971e-98c0-4710-b7d2-12b9caaa82ca",
	'Model',
	'',
	0);
INSERT INTO PE_PE
	VALUES ("a191d283-5c66-4c6b-8a79-3d2a34e5d21d",
	1,
	"b0c6ad37-5e3c-46f1-81eb-3d7bf6b64935",
	"00000000-0000-0000-0000-000000000000",
	5);
INSERT INTO S_EE
	VALUES ("a191d283-5c66-4c6b-8a79-3d2a34e5d21d",
	'Logging',
	'',
	'LOG',
	"00000000-0000-0000-0000-000000000000",
	'',
	'Logging',
	1);
INSERT INTO S_BRG
	VALUES ("89642211-8ede-4113-be02-e5ab20e1e7ec",
	"a191d283-5c66-4c6b-8a79-3d2a34e5d21d",
	'LogSuccess',
	'',
	0,
	"ba5eda7a-def5-0000-0000-000000000000",
	'',
	1,
	'');
INSERT INTO S_BPARM
	VALUES ("36220784-d681-4a00-bfee-5cf8168bb4ff",
	"89642211-8ede-4113-be02-e5ab20e1e7ec",
	'message',
	"ba5eda7a-def5-0000-0000-000000000004",
	0,
	'',
	"00000000-0000-0000-0000-000000000000",
	'');
INSERT INTO ACT_BRB
	VALUES ("bd7d30f8-07f3-4d9f-8978-35248de15e94",
	"89642211-8ede-4113-be02-e5ab20e1e7ec");
INSERT INTO ACT_ACT
	VALUES ("bd7d30f8-07f3-4d9f-8978-35248de15e94",
	'bridge',
	0,
	"8f587e8f-3acd-45a2-8b1a-39fcf30ecf7a",
	"00000000-0000-0000-0000-000000000000",
	0,
	'Logging::LogSuccess',
	"00000000-0000-0000-0000-000000000000");
INSERT INTO ACT_BLK
	VALUES ("8f587e8f-3acd-45a2-8b1a-39fcf30ecf7a",
	0,
	0,
	0,
	'',
	'',
	'',
	0,
	0,
	0,
	0,
	0,
	0,
	0,
	0,
	0,
	0,
	0,
	0,
	0,
	"bd7d30f8-07f3-4d9f-8978-35248de15e94",
	"00000000-0000-0000-0000-000000000000");
INSERT INTO S_BRG
	VALUES ("c52d8031-c33e-4f9f-a5b1-919a157aa0c0",
	"a191d283-5c66-4c6b-8a79-3d2a34e5d21d",
	'LogFailure',
	'',
	0,
	"ba5eda7a-def5-0000-0000-000000000000",
	'',
	1,
	'');
INSERT INTO S_BPARM
	VALUES ("756e1370-abc5-4a40-8096-13b6fade3299",
	"c52d8031-c33e-4f9f-a5b1-919a157aa0c0",
	'message',
	"ba5eda7a-def5-0000-0000-000000000004",
	0,
	'',
	"00000000-0000-0000-0000-000000000000",
	'');
INSERT INTO ACT_BRB
	VALUES ("c02584d5-ce3a-4806-80df-d75328822ffb",
	"c52d8031-c33e-4f9f-a5b1-919a157aa0c0");
INSERT INTO ACT_ACT
	VALUES ("c02584d5-ce3a-4806-80df-d75328822ffb",
	'bridge',
	0,
	"eaf19ef2-df96-4d57-9991-c20ca41be7a4",
	"00000000-0000-0000-0000-000000000000",
	0,
	'Logging::LogFailure',
	"00000000-0000-0000-0000-000000000000");
INSERT INTO ACT_BLK
	VALUES ("eaf19ef2-df96-4d57-9991-c20ca41be7a4",
	0,
	0,
	0,
	'',
	'',
	'',
	0,
	0,
	0,
	0,
	0,
	0,
	0,
	0,
	0,
	0,
	0,
	0,
	0,
	"c02584d5-ce3a-4806-80df-d75328822ffb",
	"00000000-0000-0000-0000-000000000000");
INSERT INTO S_BRG
	VALUES ("48ea3d15-892a-48aa-9602-0030fcd1a73e",
	"a191d283-5c66-4c6b-8a79-3d2a34e5d21d",
	'LogInteger',
	'',
	0,
	"ba5eda7a-def5-0000-0000-000000000000",
	'',
	1,
	'');
INSERT INTO S_BPARM
	VALUES ("e64c3b02-43cf-415a-8401-28b294e666f9",
	"48ea3d15-892a-48aa-9602-0030fcd1a73e",
	'message',
	"ba5eda7a-def5-0000-0000-000000000002",
	0,
	'',
	"00000000-0000-0000-0000-000000000000",
	'');
INSERT INTO ACT_BRB
	VALUES ("cbd7dac3-a3dc-4c69-8d49-1e9995419d1d",
	"48ea3d15-892a-48aa-9602-0030fcd1a73e");
INSERT INTO ACT_ACT
	VALUES ("cbd7dac3-a3dc-4c69-8d49-1e9995419d1d",
	'bridge',
	0,
	"72680f5e-d7c5-4043-8e4c-e1b7cac183ad",
	"00000000-0000-0000-0000-000000000000",
	0,
	'Logging::LogInteger',
	"00000000-0000-0000-0000-000000000000");
INSERT INTO ACT_BLK
	VALUES ("72680f5e-d7c5-4043-8e4c-e1b7cac183ad",
	0,
	0,
	0,
	'',
	'',
	'',
	0,
	0,
	0,
	0,
	0,
	0,
	0,
	0,
	0,
	0,
	0,
	0,
	0,
	"cbd7dac3-a3dc-4c69-8d49-1e9995419d1d",
	"00000000-0000-0000-0000-000000000000");
INSERT INTO S_BRG
	VALUES ("c26add10-1d53-4eff-8322-1da999f94613",
	"a191d283-5c66-4c6b-8a79-3d2a34e5d21d",
	'LogInfo',
	'',
	0,
	"ba5eda7a-def5-0000-0000-000000000000",
	'',
	1,
	'');
INSERT INTO S_BPARM
	VALUES ("fcb08452-d280-4b31-907d-a135f491f7e9",
	"c26add10-1d53-4eff-8322-1da999f94613",
	'message',
	"ba5eda7a-def5-0000-0000-000000000004",
	0,
	'',
	"00000000-0000-0000-0000-000000000000",
	'');
INSERT INTO ACT_BRB
	VALUES ("088b55ce-41e6-41de-a152-9f6d368df2d8",
	"c26add10-1d53-4eff-8322-1da999f94613");
INSERT INTO ACT_ACT
	VALUES ("088b55ce-41e6-41de-a152-9f6d368df2d8",
	'bridge',
	0,
	"16b43c3c-329d-48ec-b046-a062e545ca1b",
	"00000000-0000-0000-0000-000000000000",
	0,
	'Logging::LogInfo',
	"00000000-0000-0000-0000-000000000000");
INSERT INTO ACT_BLK
	VALUES ("16b43c3c-329d-48ec-b046-a062e545ca1b",
	0,
	0,
	0,
	'',
	'',
	'',
	0,
	0,
	0,
	0,
	0,
	0,
	0,
	0,
	0,
	0,
	0,
	0,
	0,
	"088b55ce-41e6-41de-a152-9f6d368df2d8",
	"00000000-0000-0000-0000-000000000000");
INSERT INTO PE_PE
	VALUES ("0a273b46-19f9-4bc8-aee4-dc59ab66385b",
	1,
	"b0c6ad37-5e3c-46f1-81eb-3d7bf6b64935",
	"00000000-0000-0000-0000-000000000000",
	5);
INSERT INTO S_EE
	VALUES ("0a273b46-19f9-4bc8-aee4-dc59ab66385b",
	'RealizedClass',
	'',
	'RealizedClass',
	"00000000-0000-0000-0000-000000000000",
	'',
	'RealizedClass',
	1);
INSERT INTO S_BRG
	VALUES ("308bea0a-6bff-41a8-99e2-be0fcf1da68f",
	"0a273b46-19f9-4bc8-aee4-dc59ab66385b",
	'ReturnUniqueID',
	'',
	0,
	"ba5eda7a-def5-0000-0000-000000000005",
	'',
	1,
	'');
INSERT INTO ACT_BRB
	VALUES ("24fb71e5-7d83-4199-9cc6-2891aa91cebf",
	"308bea0a-6bff-41a8-99e2-be0fcf1da68f");
INSERT INTO ACT_ACT
	VALUES ("24fb71e5-7d83-4199-9cc6-2891aa91cebf",
	'bridge',
	0,
	"88d1675d-fd49-463f-bdfa-a1bf4c2d7ca2",
	"00000000-0000-0000-0000-000000000000",
	0,
	'RealizedClass::ReturnUniqueID',
	"00000000-0000-0000-0000-000000000000");
INSERT INTO ACT_BLK
	VALUES ("88d1675d-fd49-463f-bdfa-a1bf4c2d7ca2",
	0,
	0,
	0,
	'',
	'',
	'',
	0,
	0,
	0,
	0,
	0,
	0,
	0,
	0,
	0,
	0,
	0,
	0,
	0,
	"24fb71e5-7d83-4199-9cc6-2891aa91cebf",
	"00000000-0000-0000-0000-000000000000");
INSERT INTO S_BRG
	VALUES ("fdc3c660-aa29-429b-9f04-b2bae059cdd6",
	"0a273b46-19f9-4bc8-aee4-dc59ab66385b",
	'ReturnBoolean',
	'',
	0,
	"ba5eda7a-def5-0000-0000-000000000001",
	'',
	1,
	'');
INSERT INTO ACT_BRB
	VALUES ("a85cdea6-820c-4d82-a2be-061ed0b27556",
	"fdc3c660-aa29-429b-9f04-b2bae059cdd6");
INSERT INTO ACT_ACT
	VALUES ("a85cdea6-820c-4d82-a2be-061ed0b27556",
	'bridge',
	0,
	"505a14fe-8c0f-44d6-9fbf-7cd65498c651",
	"00000000-0000-0000-0000-000000000000",
	0,
	'RealizedClass::ReturnBoolean',
	"00000000-0000-0000-0000-000000000000");
INSERT INTO ACT_BLK
	VALUES ("505a14fe-8c0f-44d6-9fbf-7cd65498c651",
	0,
	0,
	0,
	'',
	'',
	'',
	0,
	0,
	0,
	0,
	0,
	0,
	0,
	0,
	0,
	0,
	0,
	0,
	0,
	"a85cdea6-820c-4d82-a2be-061ed0b27556",
	"00000000-0000-0000-0000-000000000000");
INSERT INTO S_BRG
	VALUES ("981d672d-28b8-4ea4-b011-5c8d24e2b3e2",
	"0a273b46-19f9-4bc8-aee4-dc59ab66385b",
	'ReturnReal',
	'',
	0,
	"ba5eda7a-def5-0000-0000-000000000003",
	'',
	1,
	'');
INSERT INTO ACT_BRB
	VALUES ("ef9379a1-0b70-472e-817e-288825ddd66b",
	"981d672d-28b8-4ea4-b011-5c8d24e2b3e2");
INSERT INTO ACT_ACT
	VALUES ("ef9379a1-0b70-472e-817e-288825ddd66b",
	'bridge',
	0,
	"42438c45-919f-40aa-8451-26eb95463fb8",
	"00000000-0000-0000-0000-000000000000",
	0,
	'RealizedClass::ReturnReal',
	"00000000-0000-0000-0000-000000000000");
INSERT INTO ACT_BLK
	VALUES ("42438c45-919f-40aa-8451-26eb95463fb8",
	0,
	0,
	0,
	'',
	'',
	'',
	0,
	0,
	0,
	0,
	0,
	0,
	0,
	0,
	0,
	0,
	0,
	0,
	0,
	"ef9379a1-0b70-472e-817e-288825ddd66b",
	"00000000-0000-0000-0000-000000000000");
INSERT INTO S_BRG
	VALUES ("01af6c06-e68b-4306-bc3f-14d02a2ecf2a",
	"0a273b46-19f9-4bc8-aee4-dc59ab66385b",
	'ReturnString',
	'',
	0,
	"ba5eda7a-def5-0000-0000-000000000004",
	'',
	1,
	'');
INSERT INTO ACT_BRB
	VALUES ("a8b8075d-d72d-4758-b5ba-bb341994d222",
	"01af6c06-e68b-4306-bc3f-14d02a2ecf2a");
INSERT INTO ACT_ACT
	VALUES ("a8b8075d-d72d-4758-b5ba-bb341994d222",
	'bridge',
	0,
	"fecd910c-657b-4135-ae43-ef0183f269c5",
	"00000000-0000-0000-0000-000000000000",
	0,
	'RealizedClass::ReturnString',
	"00000000-0000-0000-0000-000000000000");
INSERT INTO ACT_BLK
	VALUES ("fecd910c-657b-4135-ae43-ef0183f269c5",
	0,
	0,
	0,
	'',
	'',
	'',
	0,
	0,
	0,
	0,
	0,
	0,
	0,
	0,
	0,
	0,
	0,
	0,
	0,
	"a8b8075d-d72d-4758-b5ba-bb341994d222",
	"00000000-0000-0000-0000-000000000000");
INSERT INTO S_BRG
	VALUES ("f4190db7-4a7c-407a-b75a-a299f6d82249",
	"0a273b46-19f9-4bc8-aee4-dc59ab66385b",
	'ReturnInteger',
	'',
	0,
	"ba5eda7a-def5-0000-0000-000000000002",
	'',
	1,
	'');
INSERT INTO ACT_BRB
	VALUES ("ae07b050-b029-4848-acbb-7a37f735f7a0",
	"f4190db7-4a7c-407a-b75a-a299f6d82249");
INSERT INTO ACT_ACT
	VALUES ("ae07b050-b029-4848-acbb-7a37f735f7a0",
	'bridge',
	0,
	"78cd5d76-3184-4bda-8d2a-5d64f6e7b01e",
	"00000000-0000-0000-0000-000000000000",
	0,
	'RealizedClass::ReturnInteger',
	"00000000-0000-0000-0000-000000000000");
INSERT INTO ACT_BLK
	VALUES ("78cd5d76-3184-4bda-8d2a-5d64f6e7b01e",
	0,
	0,
	0,
	'',
	'',
	'',
	0,
	0,
	0,
	0,
	0,
	0,
	0,
	0,
	0,
	0,
	0,
	0,
	0,
	"ae07b050-b029-4848-acbb-7a37f735f7a0",
	"00000000-0000-0000-0000-000000000000");
INSERT INTO S_BRG
	VALUES ("3db60475-ef13-479a-a845-e3ec7ba3a672",
	"0a273b46-19f9-4bc8-aee4-dc59ab66385b",
	'ByValueAndByRef',
	'',
	0,
	"ba5eda7a-def5-0000-0000-000000000000",
	'',
	1,
	'');
INSERT INTO S_BPARM
	VALUES ("fa4047f8-3b70-4d5b-8674-9816cf730884",
	"3db60475-ef13-479a-a845-e3ec7ba3a672",
	'sentence',
	"ba5eda7a-def5-0000-0000-000000000004",
	1,
	'',
	"d62e1116-d15c-42fa-9f85-8788622e0391",
	'');
INSERT INTO S_BPARM
	VALUES ("d62e1116-d15c-42fa-9f85-8788622e0391",
	"3db60475-ef13-479a-a845-e3ec7ba3a672",
	'word',
	"ba5eda7a-def5-0000-0000-000000000004",
	0,
	'',
	"427e4867-7777-429e-b395-2b315ef324d4",
	'');
INSERT INTO S_BPARM
	VALUES ("427e4867-7777-429e-b395-2b315ef324d4",
	"3db60475-ef13-479a-a845-e3ec7ba3a672",
	'digit',
	"ba5eda7a-def5-0000-0000-000000000002",
	1,
	'',
	"b05b3cfb-7218-4db4-b159-e3a5e92282db",
	'');
INSERT INTO S_BPARM
	VALUES ("b05b3cfb-7218-4db4-b159-e3a5e92282db",
	"3db60475-ef13-479a-a845-e3ec7ba3a672",
	'number',
	"ba5eda7a-def5-0000-0000-000000000002",
	0,
	'',
	"00000000-0000-0000-0000-000000000000",
	'');
INSERT INTO ACT_BRB
	VALUES ("b1aa0d45-e4f9-48f2-a9b9-5e05dfd1e365",
	"3db60475-ef13-479a-a845-e3ec7ba3a672");
INSERT INTO ACT_ACT
	VALUES ("b1aa0d45-e4f9-48f2-a9b9-5e05dfd1e365",
	'bridge',
	0,
	"8e8d9cd2-bc71-4797-a43f-83255d0053db",
	"00000000-0000-0000-0000-000000000000",
	0,
	'RealizedClass::ByValueAndByRef',
	"00000000-0000-0000-0000-000000000000");
INSERT INTO ACT_BLK
	VALUES ("8e8d9cd2-bc71-4797-a43f-83255d0053db",
	0,
	0,
	0,
	'',
	'',
	'',
	0,
	0,
	0,
	0,
	0,
	0,
	0,
	0,
	0,
	0,
	0,
	0,
	0,
	"b1aa0d45-e4f9-48f2-a9b9-5e05dfd1e365",
	"00000000-0000-0000-0000-000000000000");
INSERT INTO S_BRG
	VALUES ("19290c40-c508-4b62-9715-dce7aff30c84",
	"0a273b46-19f9-4bc8-aee4-dc59ab66385b",
	'ByValue',
	'',
	0,
	"ba5eda7a-def5-0000-0000-000000000000",
	'',
	1,
	'');
INSERT INTO S_BPARM
	VALUES ("9092bb02-f532-4a5d-82f5-43e758d1b7c3",
	"19290c40-c508-4b62-9715-dce7aff30c84",
	'word',
	"ba5eda7a-def5-0000-0000-000000000004",
	0,
	'',
	"1615de9b-205f-4bc2-b8f6-9e90bbf82306",
	'');
INSERT INTO S_BPARM
	VALUES ("1615de9b-205f-4bc2-b8f6-9e90bbf82306",
	"19290c40-c508-4b62-9715-dce7aff30c84",
	'logic',
	"ba5eda7a-def5-0000-0000-000000000001",
	0,
	'',
	"47d7b4f0-1a44-40db-9702-ec10160caca5",
	'');
INSERT INTO S_BPARM
	VALUES ("47d7b4f0-1a44-40db-9702-ec10160caca5",
	"19290c40-c508-4b62-9715-dce7aff30c84",
	'fraction',
	"ba5eda7a-def5-0000-0000-000000000003",
	0,
	'',
	"0258150b-b6f4-465e-8901-a8facd1544ff",
	'');
INSERT INTO S_BPARM
	VALUES ("0258150b-b6f4-465e-8901-a8facd1544ff",
	"19290c40-c508-4b62-9715-dce7aff30c84",
	'number',
	"ba5eda7a-def5-0000-0000-000000000002",
	0,
	'',
	"00000000-0000-0000-0000-000000000000",
	'');
INSERT INTO ACT_BRB
	VALUES ("af6a6968-abe2-40fd-87ce-01258acbf2fd",
	"19290c40-c508-4b62-9715-dce7aff30c84");
INSERT INTO ACT_ACT
	VALUES ("af6a6968-abe2-40fd-87ce-01258acbf2fd",
	'bridge',
	0,
	"e53505ec-965c-4d4b-bbfd-ca1ba519052a",
	"00000000-0000-0000-0000-000000000000",
	0,
	'RealizedClass::ByValue',
	"00000000-0000-0000-0000-000000000000");
INSERT INTO ACT_BLK
	VALUES ("e53505ec-965c-4d4b-bbfd-ca1ba519052a",
	0,
	0,
	0,
	'',
	'',
	'',
	0,
	0,
	0,
	0,
	0,
	0,
	0,
	0,
	0,
	0,
	0,
	0,
	0,
	"af6a6968-abe2-40fd-87ce-01258acbf2fd",
	"00000000-0000-0000-0000-000000000000");
INSERT INTO S_BRG
	VALUES ("8387fdea-0ebe-42a6-a28c-3d24a37509e1",
	"0a273b46-19f9-4bc8-aee4-dc59ab66385b",
	'ByRef',
	'',
	0,
	"ba5eda7a-def5-0000-0000-000000000000",
	'',
	1,
	'');
INSERT INTO S_BPARM
	VALUES ("da8ebbbd-456f-4046-9550-3eb0db817700",
	"8387fdea-0ebe-42a6-a28c-3d24a37509e1",
	'word',
	"ba5eda7a-def5-0000-0000-000000000004",
	1,
	'',
	"45ef5537-6c09-4144-a6bb-99e5980695b1",
	'');
INSERT INTO S_BPARM
	VALUES ("45ef5537-6c09-4144-a6bb-99e5980695b1",
	"8387fdea-0ebe-42a6-a28c-3d24a37509e1",
	'logic',
	"ba5eda7a-def5-0000-0000-000000000001",
	1,
	'',
	"be10b576-2206-448f-857b-01f8977c0eca",
	'');
INSERT INTO S_BPARM
	VALUES ("be10b576-2206-448f-857b-01f8977c0eca",
	"8387fdea-0ebe-42a6-a28c-3d24a37509e1",
	'fraction',
	"ba5eda7a-def5-0000-0000-000000000003",
	1,
	'',
	"db33ba95-c9cd-41d2-8a77-8fc9a944bdff",
	'');
INSERT INTO S_BPARM
	VALUES ("db33ba95-c9cd-41d2-8a77-8fc9a944bdff",
	"8387fdea-0ebe-42a6-a28c-3d24a37509e1",
	'number',
	"ba5eda7a-def5-0000-0000-000000000002",
	1,
	'',
	"00000000-0000-0000-0000-000000000000",
	'');
INSERT INTO ACT_BRB
	VALUES ("436b9bf2-5c37-4b0f-9873-21f6e9fcb3c4",
	"8387fdea-0ebe-42a6-a28c-3d24a37509e1");
INSERT INTO ACT_ACT
	VALUES ("436b9bf2-5c37-4b0f-9873-21f6e9fcb3c4",
	'bridge',
	0,
	"0c44f43a-a954-4c03-ae54-101501d77116",
	"00000000-0000-0000-0000-000000000000",
	0,
	'RealizedClass::ByRef',
	"00000000-0000-0000-0000-000000000000");
INSERT INTO ACT_BLK
	VALUES ("0c44f43a-a954-4c03-ae54-101501d77116",
	0,
	0,
	0,
	'',
	'',
	'',
	0,
	0,
	0,
	0,
	0,
	0,
	0,
	0,
	0,
	0,
	0,
	0,
	0,
	"436b9bf2-5c37-4b0f-9873-21f6e9fcb3c4",
	"00000000-0000-0000-0000-000000000000");
INSERT INTO S_BRG
	VALUES ("d0186256-1ff4-42b2-9068-19c48504c46a",
	"0a273b46-19f9-4bc8-aee4-dc59ab66385b",
	'getCounter',
	'',
	0,
	"ba5eda7a-def5-0000-0000-000000000002",
	'',
	1,
	'');
INSERT INTO ACT_BRB
	VALUES ("f9563421-6d80-4c96-afd5-81b250c010f2",
	"d0186256-1ff4-42b2-9068-19c48504c46a");
INSERT INTO ACT_ACT
	VALUES ("f9563421-6d80-4c96-afd5-81b250c010f2",
	'bridge',
	0,
	"eb1c2ce9-e052-4fba-be9f-44391939e869",
	"00000000-0000-0000-0000-000000000000",
	0,
	'RealizedClass::getCounter',
	"00000000-0000-0000-0000-000000000000");
INSERT INTO ACT_BLK
	VALUES ("eb1c2ce9-e052-4fba-be9f-44391939e869",
	0,
	0,
	0,
	'',
	'',
	'',
	0,
	0,
	0,
	0,
	0,
	0,
	0,
	0,
	0,
	0,
	0,
	0,
	0,
	"f9563421-6d80-4c96-afd5-81b250c010f2",
	"00000000-0000-0000-0000-000000000000");
INSERT INTO EP_PKG
	VALUES ("09422a5d-3cda-492c-9889-e5c884335dc0",
	"8d9b971e-98c0-4710-b7d2-12b9caaa82ca",
	"8d9b971e-98c0-4710-b7d2-12b9caaa82ca",
	'System',
	'',
	0);
INSERT INTO PE_PE
	VALUES ("ecc29653-34e5-4535-99a4-cddbbfb8666a",
	1,
	"09422a5d-3cda-492c-9889-e5c884335dc0",
	"00000000-0000-0000-0000-000000000000",
	2);
INSERT INTO C_C
	VALUES ("ecc29653-34e5-4535-99a4-cddbbfb8666a",
	"00000000-0000-0000-0000-000000000000",
	"00000000-0000-0000-0000-000000000000",
	'OnwerComponent',
	'',
	0,
	"00000000-0000-0000-0000-000000000000",
	0,
	'');
INSERT INTO PE_PE
	VALUES ("0ee6bd80-b31b-4e66-950a-56bd4d35bbd8",
	1,
	"00000000-0000-0000-0000-000000000000",
	"ecc29653-34e5-4535-99a4-cddbbfb8666a",
	7);
INSERT INTO EP_PKG
	VALUES ("0ee6bd80-b31b-4e66-950a-56bd4d35bbd8",
	"00000000-0000-0000-0000-000000000000",
	"8d9b971e-98c0-4710-b7d2-12b9caaa82ca",
	'Testing',
	'',
	0);
INSERT INTO PE_PE
	VALUES ("f9444ede-f868-4e27-934d-bde5fe77b756",
	1,
	"0ee6bd80-b31b-4e66-950a-56bd4d35bbd8",
	"00000000-0000-0000-0000-000000000000",
	1);
INSERT INTO S_SYNC
	VALUES ("f9444ede-f868-4e27-934d-bde5fe77b756",
	"00000000-0000-0000-0000-000000000000",
	'test',
	'',
	'counter = RealizedClass::getCounter();
LOG::LogInfo(message:"Counter value"); 
LOG::LogInteger(message:counter);',
	"ba5eda7a-def5-0000-0000-000000000000",
	1,
	'');
INSERT INTO ACT_FNB
	VALUES ("ebd7e16d-e3e2-47bd-8b11-bd19d0a92757",
	"f9444ede-f868-4e27-934d-bde5fe77b756");
INSERT INTO ACT_ACT
	VALUES ("ebd7e16d-e3e2-47bd-8b11-bd19d0a92757",
	'function',
	0,
	"7d7eee7a-a59b-42fe-8476-f90d42aca2a2",
	"00000000-0000-0000-0000-000000000000",
	0,
	'test',
	"00000000-0000-0000-0000-000000000000");
INSERT INTO ACT_BLK
	VALUES ("7d7eee7a-a59b-42fe-8476-f90d42aca2a2",
	0,
	0,
	0,
	'LOG',
	'',
	'',
	3,
	1,
	3,
	1,
	0,
	0,
	0,
	0,
	0,
	0,
	0,
	0,
	0,
	"ebd7e16d-e3e2-47bd-8b11-bd19d0a92757",
	"00000000-0000-0000-0000-000000000000");
INSERT INTO ACT_SMT
	VALUES ("93c06619-9357-43e6-a5d9-4b3341f351fc",
	"7d7eee7a-a59b-42fe-8476-f90d42aca2a2",
	"2aaa97fd-774e-4dd4-8be0-c2851cae36ed",
	1,
	1,
	'test line: 1');
INSERT INTO ACT_AI
	VALUES ("93c06619-9357-43e6-a5d9-4b3341f351fc",
	"8b6ad3bd-ecdd-406c-b17a-cbc6afe64943",
	"ade6e5b2-6f67-4bb0-8fb6-f281ccda0205",
	0,
	0);
INSERT INTO ACT_SMT
	VALUES ("2aaa97fd-774e-4dd4-8be0-c2851cae36ed",
	"7d7eee7a-a59b-42fe-8476-f90d42aca2a2",
	"49be9d20-02ad-4228-b9c2-f68a82961831",
	2,
	1,
	'test line: 2');
INSERT INTO ACT_BRG
	VALUES ("2aaa97fd-774e-4dd4-8be0-c2851cae36ed",
	"c26add10-1d53-4eff-8322-1da999f94613",
	2,
	6,
	2,
	1);
INSERT INTO ACT_SMT
	VALUES ("49be9d20-02ad-4228-b9c2-f68a82961831",
	"7d7eee7a-a59b-42fe-8476-f90d42aca2a2",
	"00000000-0000-0000-0000-000000000000",
	3,
	1,
	'test line: 3');
INSERT INTO ACT_BRG
	VALUES ("49be9d20-02ad-4228-b9c2-f68a82961831",
	"48ea3d15-892a-48aa-9602-0030fcd1a73e",
	3,
	6,
	3,
	1);
INSERT INTO V_VAL
	VALUES ("ade6e5b2-6f67-4bb0-8fb6-f281ccda0205",
	1,
	1,
	1,
	1,
	7,
	0,
	0,
	0,
	0,
	"ba5eda7a-def5-0000-0000-000000000002",
	"7d7eee7a-a59b-42fe-8476-f90d42aca2a2");
INSERT INTO V_TVL
	VALUES ("ade6e5b2-6f67-4bb0-8fb6-f281ccda0205",
	"ccaa3ef0-0d1f-45f7-89e2-18daca94bf15");
INSERT INTO V_VAL
	VALUES ("8b6ad3bd-ecdd-406c-b17a-cbc6afe64943",
	0,
	0,
	1,
	26,
	-1,
	0,
	0,
	0,
	0,
	"ba5eda7a-def5-0000-0000-000000000002",
	"7d7eee7a-a59b-42fe-8476-f90d42aca2a2");
INSERT INTO V_BRV
	VALUES ("8b6ad3bd-ecdd-406c-b17a-cbc6afe64943",
	"d0186256-1ff4-42b2-9068-19c48504c46a",
	1,
	1,
	11);
INSERT INTO V_VAL
	VALUES ("c4a54a32-21d7-42a6-96c4-8f317a864a3c",
	0,
	0,
	2,
	22,
	35,
	0,
	0,
	0,
	0,
	"ba5eda7a-def5-0000-0000-000000000004",
	"7d7eee7a-a59b-42fe-8476-f90d42aca2a2");
INSERT INTO V_LST
	VALUES ("c4a54a32-21d7-42a6-96c4-8f317a864a3c",
	'Counter value');
INSERT INTO V_PAR
	VALUES ("c4a54a32-21d7-42a6-96c4-8f317a864a3c",
	"2aaa97fd-774e-4dd4-8be0-c2851cae36ed",
	"00000000-0000-0000-0000-000000000000",
	'message',
	"00000000-0000-0000-0000-000000000000",
	2,
	14);
INSERT INTO V_VAL
	VALUES ("a06a59ff-4232-4442-8c93-9b77de2dbf72",
	0,
	0,
	3,
	25,
	31,
	0,
	0,
	0,
	0,
	"ba5eda7a-def5-0000-0000-000000000002",
	"7d7eee7a-a59b-42fe-8476-f90d42aca2a2");
INSERT INTO V_TVL
	VALUES ("a06a59ff-4232-4442-8c93-9b77de2dbf72",
	"ccaa3ef0-0d1f-45f7-89e2-18daca94bf15");
INSERT INTO V_PAR
	VALUES ("a06a59ff-4232-4442-8c93-9b77de2dbf72",
	"49be9d20-02ad-4228-b9c2-f68a82961831",
	"00000000-0000-0000-0000-000000000000",
	'message',
	"00000000-0000-0000-0000-000000000000",
	3,
	17);
INSERT INTO V_VAR
	VALUES ("ccaa3ef0-0d1f-45f7-89e2-18daca94bf15",
	"7d7eee7a-a59b-42fe-8476-f90d42aca2a2",
	'counter',
	1,
	"ba5eda7a-def5-0000-0000-000000000002");
INSERT INTO V_TRN
	VALUES ("ccaa3ef0-0d1f-45f7-89e2-18daca94bf15",
	"00000000-0000-0000-0000-000000000000",
	'');
INSERT INTO PE_PE
	VALUES ("ba5eda7a-def5-0000-0000-000000000000",
	1,
	"00000000-0000-0000-0000-000000000000",
	"00000000-0000-0000-0000-000000000000",
	3);
INSERT INTO S_DT
	VALUES ("ba5eda7a-def5-0000-0000-000000000000",
	"00000000-0000-0000-0000-000000000000",
	'void',
	'',
	'');
INSERT INTO S_CDT
	VALUES ("ba5eda7a-def5-0000-0000-000000000000",
	0);
INSERT INTO PE_PE
	VALUES ("ba5eda7a-def5-0000-0000-000000000001",
	1,
	"00000000-0000-0000-0000-000000000000",
	"00000000-0000-0000-0000-000000000000",
	3);
INSERT INTO S_DT
	VALUES ("ba5eda7a-def5-0000-0000-000000000001",
	"00000000-0000-0000-0000-000000000000",
	'boolean',
	'',
	'');
INSERT INTO S_CDT
	VALUES ("ba5eda7a-def5-0000-0000-000000000001",
	1);
INSERT INTO PE_PE
	VALUES ("ba5eda7a-def5-0000-0000-000000000002",
	1,
	"00000000-0000-0000-0000-000000000000",
	"00000000-0000-0000-0000-000000000000",
	3);
INSERT INTO S_DT
	VALUES ("ba5eda7a-def5-0000-0000-000000000002",
	"00000000-0000-0000-0000-000000000000",
	'integer',
	'',
	'');
INSERT INTO S_CDT
	VALUES ("ba5eda7a-def5-0000-0000-000000000002",
	2);
INSERT INTO PE_PE
	VALUES ("ba5eda7a-def5-0000-0000-000000000003",
	1,
	"00000000-0000-0000-0000-000000000000",
	"00000000-0000-0000-0000-000000000000",
	3);
INSERT INTO S_DT
	VALUES ("ba5eda7a-def5-0000-0000-000000000003",
	"00000000-0000-0000-0000-000000000000",
	'real',
	'',
	'');
INSERT INTO S_CDT
	VALUES ("ba5eda7a-def5-0000-0000-000000000003",
	3);
INSERT INTO PE_PE
	VALUES ("ba5eda7a-def5-0000-0000-000000000004",
	1,
	"00000000-0000-0000-0000-000000000000",
	"00000000-0000-0000-0000-000000000000",
	3);
INSERT INTO S_DT
	VALUES ("ba5eda7a-def5-0000-0000-000000000004",
	"00000000-0000-0000-0000-000000000000",
	'string',
	'',
	'');
INSERT INTO S_CDT
	VALUES ("ba5eda7a-def5-0000-0000-000000000004",
	4);
INSERT INTO PE_PE
	VALUES ("ba5eda7a-def5-0000-0000-000000000005",
	1,
	"00000000-0000-0000-0000-000000000000",
	"00000000-0000-0000-0000-000000000000",
	3);
INSERT INTO S_DT
	VALUES ("ba5eda7a-def5-0000-0000-000000000005",
	"00000000-0000-0000-0000-000000000000",
	'unique_id',
	'',
	'');
INSERT INTO S_CDT
	VALUES ("ba5eda7a-def5-0000-0000-000000000005",
	5);
INSERT INTO PE_PE
	VALUES ("ba5eda7a-def5-0000-0000-000000000006",
	1,
	"00000000-0000-0000-0000-000000000000",
	"00000000-0000-0000-0000-000000000000",
	3);
INSERT INTO S_DT
	VALUES ("ba5eda7a-def5-0000-0000-000000000006",
	"00000000-0000-0000-0000-000000000000",
	'state<State_Model>',
	'',
	'');
INSERT INTO S_CDT
	VALUES ("ba5eda7a-def5-0000-0000-000000000006",
	6);
INSERT INTO PE_PE
	VALUES ("ba5eda7a-def5-0000-0000-000000000007",
	1,
	"00000000-0000-0000-0000-000000000000",
	"00000000-0000-0000-0000-000000000000",
	3);
INSERT INTO S_DT
	VALUES ("ba5eda7a-def5-0000-0000-000000000007",
	"00000000-0000-0000-0000-000000000000",
	'same_as<Base_Attribute>',
	'',
	'');
INSERT INTO S_CDT
	VALUES ("ba5eda7a-def5-0000-0000-000000000007",
	7);
INSERT INTO PE_PE
	VALUES ("ba5eda7a-def5-0000-0000-000000000008",
	1,
	"00000000-0000-0000-0000-000000000000",
	"00000000-0000-0000-0000-000000000000",
	3);
INSERT INTO S_DT
	VALUES ("ba5eda7a-def5-0000-0000-000000000008",
	"00000000-0000-0000-0000-000000000000",
	'inst_ref<Object>',
	'',
	'');
INSERT INTO S_CDT
	VALUES ("ba5eda7a-def5-0000-0000-000000000008",
	8);
INSERT INTO PE_PE
	VALUES ("ba5eda7a-def5-0000-0000-000000000009",
	1,
	"00000000-0000-0000-0000-000000000000",
	"00000000-0000-0000-0000-000000000000",
	3);
INSERT INTO S_DT
	VALUES ("ba5eda7a-def5-0000-0000-000000000009",
	"00000000-0000-0000-0000-000000000000",
	'inst_ref_set<Object>',
	'',
	'');
INSERT INTO S_CDT
	VALUES ("ba5eda7a-def5-0000-0000-000000000009",
	9);
INSERT INTO PE_PE
	VALUES ("ba5eda7a-def5-0000-0000-00000000000a",
	1,
	"00000000-0000-0000-0000-000000000000",
	"00000000-0000-0000-0000-000000000000",
	3);
INSERT INTO S_DT
	VALUES ("ba5eda7a-def5-0000-0000-00000000000a",
	"00000000-0000-0000-0000-000000000000",
	'inst<Event>',
	'',
	'');
INSERT INTO S_CDT
	VALUES ("ba5eda7a-def5-0000-0000-00000000000a",
	10);
INSERT INTO PE_PE
	VALUES ("ba5eda7a-def5-0000-0000-00000000000b",
	1,
	"00000000-0000-0000-0000-000000000000",
	"00000000-0000-0000-0000-000000000000",
	3);
INSERT INTO S_DT
	VALUES ("ba5eda7a-def5-0000-0000-00000000000b",
	"00000000-0000-0000-0000-000000000000",
	'inst<Mapping>',
	'',
	'');
INSERT INTO S_CDT
	VALUES ("ba5eda7a-def5-0000-0000-00000000000b",
	11);
INSERT INTO PE_PE
	VALUES ("ba5eda7a-def5-0000-0000-00000000000c",
	1,
	"00000000-0000-0000-0000-000000000000",
	"00000000-0000-0000-0000-000000000000",
	3);
INSERT INTO S_DT
	VALUES ("ba5eda7a-def5-0000-0000-00000000000c",
	"00000000-0000-0000-0000-000000000000",
	'inst_ref<Mapping>',
	'',
	'');
INSERT INTO S_CDT
	VALUES ("ba5eda7a-def5-0000-0000-00000000000c",
	12);
INSERT INTO PE_PE
	VALUES ("ba5eda7a-def5-0000-0000-00000000000d",
	1,
	"00000000-0000-0000-0000-000000000000",
	"00000000-0000-0000-0000-000000000000",
	3);
INSERT INTO S_DT
	VALUES ("ba5eda7a-def5-0000-0000-00000000000d",
	"00000000-0000-0000-0000-000000000000",
	'component_ref',
	'',
	'');
INSERT INTO S_CDT
	VALUES ("ba5eda7a-def5-0000-0000-00000000000d",
	13);
INSERT INTO PE_PE
	VALUES ("ba5eda7a-def5-0000-0000-00000000000e",
	1,
	"00000000-0000-0000-0000-000000000000",
	"00000000-0000-0000-0000-000000000000",
	3);
INSERT INTO S_DT
	VALUES ("ba5eda7a-def5-0000-0000-00000000000e",
	"00000000-0000-0000-0000-000000000000",
	'date',
	'',
	'');
INSERT INTO S_UDT
	VALUES ("ba5eda7a-def5-0000-0000-00000000000e",
	"ba5eda7a-def5-0000-0000-00000000000b",
	1);
INSERT INTO PE_PE
	VALUES ("ba5eda7a-def5-0000-0000-00000000000f",
	1,
	"00000000-0000-0000-0000-000000000000",
	"00000000-0000-0000-0000-000000000000",
	3);
INSERT INTO S_DT
	VALUES ("ba5eda7a-def5-0000-0000-00000000000f",
	"00000000-0000-0000-0000-000000000000",
	'inst_ref<Timer>',
	'',
	'');
INSERT INTO S_UDT
	VALUES ("ba5eda7a-def5-0000-0000-00000000000f",
	"ba5eda7a-def5-0000-0000-00000000000c",
	3);
INSERT INTO PE_PE
	VALUES ("ba5eda7a-def5-0000-0000-000000000010",
	1,
	"00000000-0000-0000-0000-000000000000",
	"00000000-0000-0000-0000-000000000000",
	3);
INSERT INTO S_DT
	VALUES ("ba5eda7a-def5-0000-0000-000000000010",
	"00000000-0000-0000-0000-000000000000",
	'timestamp',
	'',
	'');
INSERT INTO S_UDT
	VALUES ("ba5eda7a-def5-0000-0000-000000000010",
	"ba5eda7a-def5-0000-0000-00000000000b",
	2);
