-- root-types-contained: SystemModel_c,PackageableElement_c,DataType_c,CoreDataType_c,UserDataType_c
-- BP 7.1 content: StreamData syschar: 3 persistence-version: 7.1.6

INSERT INTO S_SYS
	VALUES ("68ae755d-1417-48da-b395-752b3389c031",
	'calc_test',
	1);
INSERT INTO EP_PKG
	VALUES ("96a80ad1-db0d-477b-86b2-a47b69152b3c",
	"68ae755d-1417-48da-b395-752b3389c031",
	"68ae755d-1417-48da-b395-752b3389c031",
	'calc_test',
	'masl_domain',
	0);
INSERT INTO PE_PE
	VALUES ("2b74500d-fc28-4c00-b566-83c3e43048ca",
	1,
	"96a80ad1-db0d-477b-86b2-a47b69152b3c",
	"00000000-0000-0000-0000-000000000000",
	7);
INSERT INTO EP_PKG
	VALUES ("2b74500d-fc28-4c00-b566-83c3e43048ca",
	"00000000-0000-0000-0000-000000000000",
	"68ae755d-1417-48da-b395-752b3389c031",
	'Shared',
	'',
	0);
INSERT INTO PE_PE
	VALUES ("6bf3ef4d-a630-4110-b493-9a8c56445956",
	1,
	"2b74500d-fc28-4c00-b566-83c3e43048ca",
	"00000000-0000-0000-0000-000000000000",
	6);
INSERT INTO C_I
	VALUES ("6bf3ef4d-a630-4110-b493-9a8c56445956",
	"00000000-0000-0000-0000-000000000000",
	'keyIO',
	'');
INSERT INTO C_EP
	VALUES ("17e5d352-19e0-4813-b9bb-d447eca1808a",
	"6bf3ef4d-a630-4110-b493-9a8c56445956",
	-1,
	'key',
	'');
INSERT INTO C_IO
	VALUES ("17e5d352-19e0-4813-b9bb-d447eca1808a",
	"ba5eda7a-def5-0000-0000-000000000000",
	'key',
	'',
	0,
	'',
	"00000000-0000-0000-0000-000000000000");
INSERT INTO C_PP
	VALUES ("d50015d4-5bd7-443c-b70a-2de520864067",
	"17e5d352-19e0-4813-b9bb-d447eca1808a",
	"ba5eda7a-def5-0000-0000-000000000002",
	'code',
	'',
	0,
	'',
	"00000000-0000-0000-0000-000000000000");
INSERT INTO C_EP
	VALUES ("1b0a66c0-9429-4c6b-bd80-48ae8ec41355",
	"6bf3ef4d-a630-4110-b493-9a8c56445956",
	-1,
	'clear',
	'');
INSERT INTO C_IO
	VALUES ("1b0a66c0-9429-4c6b-bd80-48ae8ec41355",
	"ba5eda7a-def5-0000-0000-000000000000",
	'clear',
	'',
	0,
	'',
	"17e5d352-19e0-4813-b9bb-d447eca1808a");
INSERT INTO PE_PE
	VALUES ("02d6cbb8-8455-4e8b-995c-c250ef52491a",
	1,
	"2b74500d-fc28-4c00-b566-83c3e43048ca",
	"00000000-0000-0000-0000-000000000000",
	6);
INSERT INTO C_I
	VALUES ("02d6cbb8-8455-4e8b-995c-c250ef52491a",
	"00000000-0000-0000-0000-000000000000",
	'calc_test',
	'');
INSERT INTO C_EP
	VALUES ("f6a54703-5ee2-435d-9fdd-55caec2af4d1",
	"02d6cbb8-8455-4e8b-995c-c250ef52491a",
	-1,
	'result',
	'');
INSERT INTO C_IO
	VALUES ("f6a54703-5ee2-435d-9fdd-55caec2af4d1",
	"ba5eda7a-def5-0000-0000-000000000000",
	'result',
	'',
	0,
	'',
	"00000000-0000-0000-0000-000000000000");
INSERT INTO C_PP
	VALUES ("c02a1b10-f77a-4621-8500-e2cb8eae8051",
	"f6a54703-5ee2-435d-9fdd-55caec2af4d1",
	"ba5eda7a-def5-0000-0000-000000000003",
	'value',
	'',
	0,
	'',
	"00000000-0000-0000-0000-000000000000");
INSERT INTO C_EP
	VALUES ("6af3bafd-574b-4083-a6de-ae5756e59d1a",
	"02d6cbb8-8455-4e8b-995c-c250ef52491a",
	-1,
	'error',
	'');
INSERT INTO C_IO
	VALUES ("6af3bafd-574b-4083-a6de-ae5756e59d1a",
	"ba5eda7a-def5-0000-0000-000000000000",
	'error',
	'',
	0,
	'',
	"f6a54703-5ee2-435d-9fdd-55caec2af4d1");
INSERT INTO C_PP
	VALUES ("c0e79403-830e-4402-832e-9089582cc797",
	"6af3bafd-574b-4083-a6de-ae5756e59d1a",
	"ba5eda7a-def5-0000-0000-000000000004",
	'message',
	'',
	0,
	'',
	"00000000-0000-0000-0000-000000000000");
INSERT INTO PE_PE
	VALUES ("efeb43d2-93ed-4e98-9ce6-50858d42b725",
	1,
	"96a80ad1-db0d-477b-86b2-a47b69152b3c",
	"00000000-0000-0000-0000-000000000000",
	2);
INSERT INTO C_C
	VALUES ("efeb43d2-93ed-4e98-9ce6-50858d42b725",
	"00000000-0000-0000-0000-000000000000",
	"00000000-0000-0000-0000-000000000000",
	'calc_test',
	'',
	0,
	"00000000-0000-0000-0000-000000000000",
	0,
	'');
INSERT INTO C_PO
	VALUES ("3f4ba719-6c39-48e7-8998-3ca5d6d69636",
	"efeb43d2-93ed-4e98-9ce6-50858d42b725",
	'keyIO',
	0,
	0);
INSERT INTO C_IR
	VALUES ("290e35c0-edc0-4e06-9522-4230e22adbbb",
	"6bf3ef4d-a630-4110-b493-9a8c56445956",
	"00000000-0000-0000-0000-000000000000",
	"3f4ba719-6c39-48e7-8998-3ca5d6d69636");
INSERT INTO C_R
	VALUES ("290e35c0-edc0-4e06-9522-4230e22adbbb",
	'keyIO',
	'',
	'Unnamed Interface',
	'calc_test::keyIO::keyIO');
INSERT INTO SPR_REP
	VALUES ("1fea367d-0176-47b4-805d-208055f696bf",
	"17e5d352-19e0-4813-b9bb-d447eca1808a",
	"290e35c0-edc0-4e06-9522-4230e22adbbb");
INSERT INTO SPR_RO
	VALUES ("1fea367d-0176-47b4-805d-208055f696bf",
	'key',
	'',
	'begin
  null;
end service;',
	3,
	1);
INSERT INTO SPR_REP
	VALUES ("3669563a-7b94-4818-8c6d-d497c0ce4ecd",
	"1b0a66c0-9429-4c6b-bd80-48ae8ec41355",
	"290e35c0-edc0-4e06-9522-4230e22adbbb");
INSERT INTO SPR_RO
	VALUES ("3669563a-7b94-4818-8c6d-d497c0ce4ecd",
	'clear',
	'',
	'begin
  null;
end service;',
	3,
	1);
INSERT INTO C_PO
	VALUES ("7fd6fdd4-9795-40f7-ac66-9a8b7eeaa3db",
	"efeb43d2-93ed-4e98-9ce6-50858d42b725",
	'calc_test',
	0,
	0);
INSERT INTO C_IR
	VALUES ("a8230c8b-ff8e-470a-8fda-401ec05877b5",
	"02d6cbb8-8455-4e8b-995c-c250ef52491a",
	"00000000-0000-0000-0000-000000000000",
	"7fd6fdd4-9795-40f7-ac66-9a8b7eeaa3db");
INSERT INTO C_P
	VALUES ("a8230c8b-ff8e-470a-8fda-401ec05877b5",
	'calc_test',
	'Unnamed Interface',
	'',
	'calc_test::calc_test::calc_test');
INSERT INTO SPR_PEP
	VALUES ("1f848290-bf77-419f-a124-937cf3f530ba",
	"f6a54703-5ee2-435d-9fdd-55caec2af4d1",
	"a8230c8b-ff8e-470a-8fda-401ec05877b5");
INSERT INTO SPR_PO
	VALUES ("1f848290-bf77-419f-a124-937cf3f530ba",
	'result',
	'',
	'',
	3,
	5);
INSERT INTO SPR_PEP
	VALUES ("93035577-7685-432e-94c2-e586e80229df",
	"6af3bafd-574b-4083-a6de-ae5756e59d1a",
	"a8230c8b-ff8e-470a-8fda-401ec05877b5");
INSERT INTO SPR_PO
	VALUES ("93035577-7685-432e-94c2-e586e80229df",
	'error',
	'',
	'begin
  null;
end service;',
	3,
	1);
INSERT INTO PE_PE
	VALUES ("628bb6b2-0ef4-4c3b-8d3b-62267b713dc0",
	1,
	"00000000-0000-0000-0000-000000000000",
	"efeb43d2-93ed-4e98-9ce6-50858d42b725",
	7);
INSERT INTO EP_PKG
	VALUES ("628bb6b2-0ef4-4c3b-8d3b-62267b713dc0",
	"00000000-0000-0000-0000-000000000000",
	"68ae755d-1417-48da-b395-752b3389c031",
	'functions',
	'',
	0);
INSERT INTO PE_PE
	VALUES ("ace6ef2d-6b25-48e5-b12c-1fad00c37471",
	1,
	"628bb6b2-0ef4-4c3b-8d3b-62267b713dc0",
	"00000000-0000-0000-0000-000000000000",
	1);
INSERT INTO S_SYNC
	VALUES ("ace6ef2d-6b25-48e5-b12c-1fad00c37471",
	"00000000-0000-0000-0000-000000000000",
	'result',
	'',
	'begin
  console << "Result: " << value << endl;
end service;',
	"ba5eda7a-def5-0000-0000-000000000000",
	3,
	'',
	1);
INSERT INTO S_SPARM
	VALUES ("1e8b8819-22ac-4b21-bf2b-4015ed0c73ef",
	"ace6ef2d-6b25-48e5-b12c-1fad00c37471",
	'value',
	"ba5eda7a-def5-0000-0000-000000000003",
	0,
	'',
	"00000000-0000-0000-0000-000000000000",
	'');
INSERT INTO PE_PE
	VALUES ("b9f30da2-3cee-4adc-94bb-b2527864fb17",
	1,
	"628bb6b2-0ef4-4c3b-8d3b-62267b713dc0",
	"00000000-0000-0000-0000-000000000000",
	1);
INSERT INTO S_SYNC
	VALUES ("b9f30da2-3cee-4adc-94bb-b2527864fb17",
	"00000000-0000-0000-0000-000000000000",
	'error',
	'',
	'begin
  console << "Error: " << message << endl;
end service;',
	"ba5eda7a-def5-0000-0000-000000000000",
	3,
	'',
	1);
INSERT INTO S_SPARM
	VALUES ("d34c0588-f279-4c26-a9b1-413acb5c16c8",
	"b9f30da2-3cee-4adc-94bb-b2527864fb17",
	'message',
	"ba5eda7a-def5-0000-0000-000000000004",
	0,
	'',
	"00000000-0000-0000-0000-000000000000",
	'');
INSERT INTO PE_PE
	VALUES ("15387b7c-ae70-42cf-9941-38742e90f6ae",
	1,
	"00000000-0000-0000-0000-000000000000",
	"efeb43d2-93ed-4e98-9ce6-50858d42b725",
	7);
INSERT INTO EP_PKG
	VALUES ("15387b7c-ae70-42cf-9941-38742e90f6ae",
	"00000000-0000-0000-0000-000000000000",
	"68ae755d-1417-48da-b395-752b3389c031",
	'testcases',
	'',
	0);
INSERT INTO PE_PE
	VALUES ("f246373a-970e-4bd0-bc18-22fb1ec37b5b",
	1,
	"15387b7c-ae70-42cf-9941-38742e90f6ae",
	"00000000-0000-0000-0000-000000000000",
	1);
INSERT INTO S_SYNC
	VALUES ("f246373a-970e-4bd0-bc18-22fb1ec37b5b",
	"00000000-0000-0000-0000-000000000000",
	'testcase1',
	'',
	'begin
  keyIO~>clear();
  // 1 + 2 =
  keyIO~>key( 1 );
  keyIO~>key( 10 );
  keyIO~>key( 2 );
  keyIO~>key( 14 );
  // 3.0
end service;',
	"ba5eda7a-def5-0000-0000-000000000000",
	1,
	'',
	1);
INSERT INTO PE_PE
	VALUES ("3c8ab90b-c805-4e38-882a-2c5ac1e0959a",
	1,
	"15387b7c-ae70-42cf-9941-38742e90f6ae",
	"00000000-0000-0000-0000-000000000000",
	1);
INSERT INTO S_SYNC
	VALUES ("3c8ab90b-c805-4e38-882a-2c5ac1e0959a",
	"00000000-0000-0000-0000-000000000000",
	'testcase2',
	'',
	'begin
  keyIO~>clear();
  // 1 + 2 + 3 =
  keyIO~>key( 1 );
  keyIO~>key( 10 );
  keyIO~>key( 2 );
  keyIO~>key( 10 );
  // 3.0
  keyIO~>key( 3 );
  keyIO~>key( 14 );
// 6.0
end service;',
	"ba5eda7a-def5-0000-0000-000000000000",
	1,
	'',
	1);
INSERT INTO PE_PE
	VALUES ("c6d6a981-ed13-4ab2-8214-15b9c6c9de56",
	1,
	"15387b7c-ae70-42cf-9941-38742e90f6ae",
	"00000000-0000-0000-0000-000000000000",
	1);
INSERT INTO S_SYNC
	VALUES ("c6d6a981-ed13-4ab2-8214-15b9c6c9de56",
	"00000000-0000-0000-0000-000000000000",
	'testcase3',
	'',
	'begin
  keyIO~>clear();
  // 7.5 - 4.3 =
  keyIO~>key( 7 );
  keyIO~>key( 15 );
  keyIO~>key( 5 );
  keyIO~>key( 11 );
  keyIO~>key( 4 );
  keyIO~>key( 15 );
  keyIO~>key( 3 );
  keyIO~>key( 14 );
  // 3.2
end service;',
	"ba5eda7a-def5-0000-0000-000000000000",
	1,
	'',
	1);
INSERT INTO PE_PE
	VALUES ("d57c133f-b796-46bf-832b-0bc15240be30",
	1,
	"15387b7c-ae70-42cf-9941-38742e90f6ae",
	"00000000-0000-0000-0000-000000000000",
	1);
INSERT INTO S_SYNC
	VALUES ("d57c133f-b796-46bf-832b-0bc15240be30",
	"00000000-0000-0000-0000-000000000000",
	'testcase4',
	'',
	'begin
  keyIO~>clear();
  // 12 * 3 =
  keyIO~>key( 1 );
  keyIO~>key( 2 );
  keyIO~>key( 12 );
  keyIO~>key( 3 );
  keyIO~>key( 14 );
  // 36.0
end service;',
	"ba5eda7a-def5-0000-0000-000000000000",
	1,
	'',
	1);
INSERT INTO EP_PKG
	VALUES ("8d18343e-2a07-4520-b3b2-14273b5e2561",
	"68ae755d-1417-48da-b395-752b3389c031",
	"68ae755d-1417-48da-b395-752b3389c031",
	'types',
	'',
	0);
INSERT INTO PE_PE
	VALUES ("3c9cb629-4c10-4890-ad51-2e7de377b0a3",
	1,
	"8d18343e-2a07-4520-b3b2-14273b5e2561",
	"00000000-0000-0000-0000-000000000000",
	3);
INSERT INTO S_DT
	VALUES ("3c9cb629-4c10-4890-ad51-2e7de377b0a3",
	"00000000-0000-0000-0000-000000000000",
	'MASLtype',
	'',
	'');
INSERT INTO S_UDT
	VALUES ("3c9cb629-4c10-4890-ad51-2e7de377b0a3",
	"ba5eda7a-def5-0000-0000-000000000004",
	0,
	'');
INSERT INTO PE_PE
	VALUES ("2c14acee-fd64-4b59-bdf5-3d9cde605f16",
	1,
	"8d18343e-2a07-4520-b3b2-14273b5e2561",
	"00000000-0000-0000-0000-000000000000",
	3);
INSERT INTO S_DT
	VALUES ("2c14acee-fd64-4b59-bdf5-3d9cde605f16",
	"00000000-0000-0000-0000-000000000000",
	'instance',
	'',
	'');
INSERT INTO S_UDT
	VALUES ("2c14acee-fd64-4b59-bdf5-3d9cde605f16",
	"3c9cb629-4c10-4890-ad51-2e7de377b0a3",
	0,
	'');
INSERT INTO PE_PE
	VALUES ("543a0c94-589a-46a3-91cb-8c4fb346ca57",
	1,
	"8d18343e-2a07-4520-b3b2-14273b5e2561",
	"00000000-0000-0000-0000-000000000000",
	3);
INSERT INTO S_DT
	VALUES ("543a0c94-589a-46a3-91cb-8c4fb346ca57",
	"00000000-0000-0000-0000-000000000000",
	'structure',
	'',
	'');
INSERT INTO S_UDT
	VALUES ("543a0c94-589a-46a3-91cb-8c4fb346ca57",
	"3c9cb629-4c10-4890-ad51-2e7de377b0a3",
	0,
	'');
INSERT INTO PE_PE
	VALUES ("85f8ceed-5ac0-452f-beae-204dc806019f",
	1,
	"8d18343e-2a07-4520-b3b2-14273b5e2561",
	"00000000-0000-0000-0000-000000000000",
	3);
INSERT INTO S_DT
	VALUES ("85f8ceed-5ac0-452f-beae-204dc806019f",
	"00000000-0000-0000-0000-000000000000",
	'enum',
	'',
	'');
INSERT INTO S_UDT
	VALUES ("85f8ceed-5ac0-452f-beae-204dc806019f",
	"3c9cb629-4c10-4890-ad51-2e7de377b0a3",
	0,
	'');
INSERT INTO PE_PE
	VALUES ("79c9fe5a-c703-49f1-9422-708123c357af",
	1,
	"8d18343e-2a07-4520-b3b2-14273b5e2561",
	"00000000-0000-0000-0000-000000000000",
	3);
INSERT INTO S_DT
	VALUES ("79c9fe5a-c703-49f1-9422-708123c357af",
	"00000000-0000-0000-0000-000000000000",
	'device',
	'',
	'');
INSERT INTO S_UDT
	VALUES ("79c9fe5a-c703-49f1-9422-708123c357af",
	"3c9cb629-4c10-4890-ad51-2e7de377b0a3",
	0,
	'');
INSERT INTO PE_PE
	VALUES ("d232476b-a42b-42e7-ae4c-efd44b4cd796",
	1,
	"8d18343e-2a07-4520-b3b2-14273b5e2561",
	"00000000-0000-0000-0000-000000000000",
	3);
INSERT INTO S_DT
	VALUES ("d232476b-a42b-42e7-ae4c-efd44b4cd796",
	"00000000-0000-0000-0000-000000000000",
	'event',
	'',
	'');
INSERT INTO S_UDT
	VALUES ("d232476b-a42b-42e7-ae4c-efd44b4cd796",
	"ba5eda7a-def5-0000-0000-00000000000a",
	0,
	'');
INSERT INTO PE_PE
	VALUES ("d4b7ef04-3532-4865-85a5-eb21805c6e60",
	1,
	"8d18343e-2a07-4520-b3b2-14273b5e2561",
	"00000000-0000-0000-0000-000000000000",
	3);
INSERT INTO S_DT
	VALUES ("d4b7ef04-3532-4865-85a5-eb21805c6e60",
	"00000000-0000-0000-0000-000000000000",
	'timer',
	'',
	'');
INSERT INTO S_UDT
	VALUES ("d4b7ef04-3532-4865-85a5-eb21805c6e60",
	"ba5eda7a-def5-0000-0000-00000000000f",
	0,
	'');
INSERT INTO PE_PE
	VALUES ("eb184a21-58ea-4bb0-b0c2-64f7da0c40b3",
	1,
	"8d18343e-2a07-4520-b3b2-14273b5e2561",
	"00000000-0000-0000-0000-000000000000",
	3);
INSERT INTO S_DT
	VALUES ("eb184a21-58ea-4bb0-b0c2-64f7da0c40b3",
	"00000000-0000-0000-0000-000000000000",
	'timestamp',
	'',
	'');
INSERT INTO S_UDT
	VALUES ("eb184a21-58ea-4bb0-b0c2-64f7da0c40b3",
	"3c9cb629-4c10-4890-ad51-2e7de377b0a3",
	0,
	'');
INSERT INTO PE_PE
	VALUES ("d1b29c60-072e-4126-b791-8d229772bb7b",
	1,
	"8d18343e-2a07-4520-b3b2-14273b5e2561",
	"00000000-0000-0000-0000-000000000000",
	3);
INSERT INTO S_DT
	VALUES ("d1b29c60-072e-4126-b791-8d229772bb7b",
	"00000000-0000-0000-0000-000000000000",
	'duration',
	'',
	'');
INSERT INTO S_UDT
	VALUES ("d1b29c60-072e-4126-b791-8d229772bb7b",
	"ba5eda7a-def5-0000-0000-000000000002",
	0,
	'');
INSERT INTO PE_PE
	VALUES ("e22bc505-ea44-4aa5-9b0b-1f70a6ce9688",
	1,
	"8d18343e-2a07-4520-b3b2-14273b5e2561",
	"00000000-0000-0000-0000-000000000000",
	3);
INSERT INTO S_DT
	VALUES ("e22bc505-ea44-4aa5-9b0b-1f70a6ce9688",
	"00000000-0000-0000-0000-000000000000",
	'date',
	'',
	'');
INSERT INTO S_UDT
	VALUES ("e22bc505-ea44-4aa5-9b0b-1f70a6ce9688",
	"ba5eda7a-def5-0000-0000-00000000000e",
	0,
	'');
INSERT INTO PE_PE
	VALUES ("49187cc8-418f-4fc5-9fc6-3f8df5285b13",
	1,
	"8d18343e-2a07-4520-b3b2-14273b5e2561",
	"00000000-0000-0000-0000-000000000000",
	3);
INSERT INTO S_DT
	VALUES ("49187cc8-418f-4fc5-9fc6-3f8df5285b13",
	"00000000-0000-0000-0000-000000000000",
	'wstring',
	'',
	'');
INSERT INTO S_UDT
	VALUES ("49187cc8-418f-4fc5-9fc6-3f8df5285b13",
	"ba5eda7a-def5-0000-0000-000000000004",
	0,
	'');
INSERT INTO PE_PE
	VALUES ("4313907c-97ad-4adf-b7e1-3483f78e2f8b",
	1,
	"8d18343e-2a07-4520-b3b2-14273b5e2561",
	"00000000-0000-0000-0000-000000000000",
	3);
INSERT INTO S_DT
	VALUES ("4313907c-97ad-4adf-b7e1-3483f78e2f8b",
	"00000000-0000-0000-0000-000000000000",
	'string',
	'',
	'');
INSERT INTO S_UDT
	VALUES ("4313907c-97ad-4adf-b7e1-3483f78e2f8b",
	"ba5eda7a-def5-0000-0000-000000000004",
	0,
	'');
INSERT INTO PE_PE
	VALUES ("059ef93d-92e6-485b-8c61-4d59294f78a1",
	1,
	"8d18343e-2a07-4520-b3b2-14273b5e2561",
	"00000000-0000-0000-0000-000000000000",
	3);
INSERT INTO S_DT
	VALUES ("059ef93d-92e6-485b-8c61-4d59294f78a1",
	"00000000-0000-0000-0000-000000000000",
	'real',
	'',
	'');
INSERT INTO S_UDT
	VALUES ("059ef93d-92e6-485b-8c61-4d59294f78a1",
	"ba5eda7a-def5-0000-0000-000000000003",
	0,
	'');
INSERT INTO PE_PE
	VALUES ("2729ab78-2943-4cb4-b1d4-8215f3e70ead",
	1,
	"8d18343e-2a07-4520-b3b2-14273b5e2561",
	"00000000-0000-0000-0000-000000000000",
	3);
INSERT INTO S_DT
	VALUES ("2729ab78-2943-4cb4-b1d4-8215f3e70ead",
	"00000000-0000-0000-0000-000000000000",
	'long_integer',
	'',
	'');
INSERT INTO S_UDT
	VALUES ("2729ab78-2943-4cb4-b1d4-8215f3e70ead",
	"ba5eda7a-def5-0000-0000-000000000002",
	0,
	'');
INSERT INTO PE_PE
	VALUES ("312e24d4-5a80-4a5d-b673-66b7c2bf6845",
	1,
	"8d18343e-2a07-4520-b3b2-14273b5e2561",
	"00000000-0000-0000-0000-000000000000",
	3);
INSERT INTO S_DT
	VALUES ("312e24d4-5a80-4a5d-b673-66b7c2bf6845",
	"00000000-0000-0000-0000-000000000000",
	'byte',
	'',
	'');
INSERT INTO S_UDT
	VALUES ("312e24d4-5a80-4a5d-b673-66b7c2bf6845",
	"ba5eda7a-def5-0000-0000-000000000002",
	0,
	'');
INSERT INTO PE_PE
	VALUES ("cb0039b0-4bff-492c-9433-6a8b71a15b8c",
	1,
	"8d18343e-2a07-4520-b3b2-14273b5e2561",
	"00000000-0000-0000-0000-000000000000",
	3);
INSERT INTO S_DT
	VALUES ("cb0039b0-4bff-492c-9433-6a8b71a15b8c",
	"00000000-0000-0000-0000-000000000000",
	'wcharacter',
	'',
	'');
INSERT INTO S_UDT
	VALUES ("cb0039b0-4bff-492c-9433-6a8b71a15b8c",
	"ba5eda7a-def5-0000-0000-000000000002",
	0,
	'');
INSERT INTO PE_PE
	VALUES ("f3937fec-2c51-44e1-bd3b-4e6c96f8722d",
	1,
	"8d18343e-2a07-4520-b3b2-14273b5e2561",
	"00000000-0000-0000-0000-000000000000",
	3);
INSERT INTO S_DT
	VALUES ("f3937fec-2c51-44e1-bd3b-4e6c96f8722d",
	"00000000-0000-0000-0000-000000000000",
	'character',
	'',
	'');
INSERT INTO S_UDT
	VALUES ("f3937fec-2c51-44e1-bd3b-4e6c96f8722d",
	"ba5eda7a-def5-0000-0000-000000000002",
	0,
	'');
INSERT INTO PE_PE
	VALUES ("88140e4c-6d61-45d6-ab43-c3a549073e92",
	1,
	"8d18343e-2a07-4520-b3b2-14273b5e2561",
	"00000000-0000-0000-0000-000000000000",
	3);
INSERT INTO S_DT
	VALUES ("88140e4c-6d61-45d6-ab43-c3a549073e92",
	"00000000-0000-0000-0000-000000000000",
	'integer',
	'',
	'');
INSERT INTO S_UDT
	VALUES ("88140e4c-6d61-45d6-ab43-c3a549073e92",
	"ba5eda7a-def5-0000-0000-000000000002",
	0,
	'');
INSERT INTO PE_PE
	VALUES ("fe6fad4a-5f66-4990-ae54-00939e936a42",
	1,
	"8d18343e-2a07-4520-b3b2-14273b5e2561",
	"00000000-0000-0000-0000-000000000000",
	3);
INSERT INTO S_DT
	VALUES ("fe6fad4a-5f66-4990-ae54-00939e936a42",
	"00000000-0000-0000-0000-000000000000",
	'boolean',
	'',
	'');
INSERT INTO S_UDT
	VALUES ("fe6fad4a-5f66-4990-ae54-00939e936a42",
	"ba5eda7a-def5-0000-0000-000000000001",
	0,
	'');
INSERT INTO PE_PE
	VALUES ("46865378-64d1-40b5-89bf-115079542660",
	1,
	"8d18343e-2a07-4520-b3b2-14273b5e2561",
	"00000000-0000-0000-0000-000000000000",
	3);
INSERT INTO S_DT
	VALUES ("46865378-64d1-40b5-89bf-115079542660",
	"00000000-0000-0000-0000-000000000000",
	'void',
	'',
	'');
INSERT INTO S_UDT
	VALUES ("46865378-64d1-40b5-89bf-115079542660",
	"ba5eda7a-def5-0000-0000-000000000000",
	0,
	'');
INSERT INTO PE_PE
	VALUES ("1b141a76-7a50-4118-a17b-dda5b0e153bb",
	1,
	"8d18343e-2a07-4520-b3b2-14273b5e2561",
	"00000000-0000-0000-0000-000000000000",
	3);
INSERT INTO S_DT
	VALUES ("1b141a76-7a50-4118-a17b-dda5b0e153bb",
	"00000000-0000-0000-0000-000000000000",
	'MASLunique',
	'',
	'');
INSERT INTO S_UDT
	VALUES ("1b141a76-7a50-4118-a17b-dda5b0e153bb",
	"3c9cb629-4c10-4890-ad51-2e7de377b0a3",
	0,
	'');
INSERT INTO PE_PE
	VALUES ("ba5eda7a-def5-0000-0000-000000000000",
	1,
	"00000000-0000-0000-0000-000000000000",
	"00000000-0000-0000-0000-000000000000",
	3);
INSERT INTO S_DT
	VALUES ("ba5eda7a-def5-0000-0000-000000000000",
	"00000000-0000-0000-0000-000000000000",
	'void',
	'',
	'');
INSERT INTO S_CDT
	VALUES ("ba5eda7a-def5-0000-0000-000000000000",
	0);
INSERT INTO PE_PE
	VALUES ("ba5eda7a-def5-0000-0000-000000000001",
	1,
	"00000000-0000-0000-0000-000000000000",
	"00000000-0000-0000-0000-000000000000",
	3);
INSERT INTO S_DT
	VALUES ("ba5eda7a-def5-0000-0000-000000000001",
	"00000000-0000-0000-0000-000000000000",
	'boolean',
	'',
	'');
INSERT INTO S_CDT
	VALUES ("ba5eda7a-def5-0000-0000-000000000001",
	1);
INSERT INTO PE_PE
	VALUES ("ba5eda7a-def5-0000-0000-000000000002",
	1,
	"00000000-0000-0000-0000-000000000000",
	"00000000-0000-0000-0000-000000000000",
	3);
INSERT INTO S_DT
	VALUES ("ba5eda7a-def5-0000-0000-000000000002",
	"00000000-0000-0000-0000-000000000000",
	'integer',
	'',
	'');
INSERT INTO S_CDT
	VALUES ("ba5eda7a-def5-0000-0000-000000000002",
	2);
INSERT INTO PE_PE
	VALUES ("ba5eda7a-def5-0000-0000-000000000003",
	1,
	"00000000-0000-0000-0000-000000000000",
	"00000000-0000-0000-0000-000000000000",
	3);
INSERT INTO S_DT
	VALUES ("ba5eda7a-def5-0000-0000-000000000003",
	"00000000-0000-0000-0000-000000000000",
	'real',
	'',
	'');
INSERT INTO S_CDT
	VALUES ("ba5eda7a-def5-0000-0000-000000000003",
	3);
INSERT INTO PE_PE
	VALUES ("ba5eda7a-def5-0000-0000-000000000004",
	1,
	"00000000-0000-0000-0000-000000000000",
	"00000000-0000-0000-0000-000000000000",
	3);
INSERT INTO S_DT
	VALUES ("ba5eda7a-def5-0000-0000-000000000004",
	"00000000-0000-0000-0000-000000000000",
	'string',
	'',
	'');
INSERT INTO S_CDT
	VALUES ("ba5eda7a-def5-0000-0000-000000000004",
	4);
INSERT INTO PE_PE
	VALUES ("ba5eda7a-def5-0000-0000-000000000005",
	1,
	"00000000-0000-0000-0000-000000000000",
	"00000000-0000-0000-0000-000000000000",
	3);
INSERT INTO S_DT
	VALUES ("ba5eda7a-def5-0000-0000-000000000005",
	"00000000-0000-0000-0000-000000000000",
	'unique_id',
	'',
	'');
INSERT INTO S_CDT
	VALUES ("ba5eda7a-def5-0000-0000-000000000005",
	5);
INSERT INTO PE_PE
	VALUES ("ba5eda7a-def5-0000-0000-000000000006",
	1,
	"00000000-0000-0000-0000-000000000000",
	"00000000-0000-0000-0000-000000000000",
	3);
INSERT INTO S_DT
	VALUES ("ba5eda7a-def5-0000-0000-000000000006",
	"00000000-0000-0000-0000-000000000000",
	'state<State_Model>',
	'',
	'');
INSERT INTO S_CDT
	VALUES ("ba5eda7a-def5-0000-0000-000000000006",
	6);
INSERT INTO PE_PE
	VALUES ("ba5eda7a-def5-0000-0000-000000000007",
	1,
	"00000000-0000-0000-0000-000000000000",
	"00000000-0000-0000-0000-000000000000",
	3);
INSERT INTO S_DT
	VALUES ("ba5eda7a-def5-0000-0000-000000000007",
	"00000000-0000-0000-0000-000000000000",
	'same_as<Base_Attribute>',
	'',
	'');
INSERT INTO S_CDT
	VALUES ("ba5eda7a-def5-0000-0000-000000000007",
	7);
INSERT INTO PE_PE
	VALUES ("ba5eda7a-def5-0000-0000-000000000008",
	1,
	"00000000-0000-0000-0000-000000000000",
	"00000000-0000-0000-0000-000000000000",
	3);
INSERT INTO S_DT
	VALUES ("ba5eda7a-def5-0000-0000-000000000008",
	"00000000-0000-0000-0000-000000000000",
	'inst_ref<Object>',
	'',
	'');
INSERT INTO S_CDT
	VALUES ("ba5eda7a-def5-0000-0000-000000000008",
	8);
INSERT INTO PE_PE
	VALUES ("ba5eda7a-def5-0000-0000-000000000009",
	1,
	"00000000-0000-0000-0000-000000000000",
	"00000000-0000-0000-0000-000000000000",
	3);
INSERT INTO S_DT
	VALUES ("ba5eda7a-def5-0000-0000-000000000009",
	"00000000-0000-0000-0000-000000000000",
	'inst_ref_set<Object>',
	'',
	'');
INSERT INTO S_CDT
	VALUES ("ba5eda7a-def5-0000-0000-000000000009",
	9);
INSERT INTO PE_PE
	VALUES ("ba5eda7a-def5-0000-0000-00000000000a",
	1,
	"00000000-0000-0000-0000-000000000000",
	"00000000-0000-0000-0000-000000000000",
	3);
INSERT INTO S_DT
	VALUES ("ba5eda7a-def5-0000-0000-00000000000a",
	"00000000-0000-0000-0000-000000000000",
	'inst<Event>',
	'',
	'');
INSERT INTO S_CDT
	VALUES ("ba5eda7a-def5-0000-0000-00000000000a",
	10);
INSERT INTO PE_PE
	VALUES ("ba5eda7a-def5-0000-0000-00000000000b",
	1,
	"00000000-0000-0000-0000-000000000000",
	"00000000-0000-0000-0000-000000000000",
	3);
INSERT INTO S_DT
	VALUES ("ba5eda7a-def5-0000-0000-00000000000b",
	"00000000-0000-0000-0000-000000000000",
	'inst<Mapping>',
	'',
	'');
INSERT INTO S_CDT
	VALUES ("ba5eda7a-def5-0000-0000-00000000000b",
	11);
INSERT INTO PE_PE
	VALUES ("ba5eda7a-def5-0000-0000-00000000000c",
	1,
	"00000000-0000-0000-0000-000000000000",
	"00000000-0000-0000-0000-000000000000",
	3);
INSERT INTO S_DT
	VALUES ("ba5eda7a-def5-0000-0000-00000000000c",
	"00000000-0000-0000-0000-000000000000",
	'inst_ref<Mapping>',
	'',
	'');
INSERT INTO S_CDT
	VALUES ("ba5eda7a-def5-0000-0000-00000000000c",
	12);
INSERT INTO PE_PE
	VALUES ("ba5eda7a-def5-0000-0000-00000000000d",
	1,
	"00000000-0000-0000-0000-000000000000",
	"00000000-0000-0000-0000-000000000000",
	3);
INSERT INTO S_DT
	VALUES ("ba5eda7a-def5-0000-0000-00000000000d",
	"00000000-0000-0000-0000-000000000000",
	'component_ref',
	'',
	'');
INSERT INTO S_CDT
	VALUES ("ba5eda7a-def5-0000-0000-00000000000d",
	13);
INSERT INTO PE_PE
	VALUES ("ba5eda7a-def5-0000-0000-00000000000e",
	1,
	"00000000-0000-0000-0000-000000000000",
	"00000000-0000-0000-0000-000000000000",
	3);
INSERT INTO S_DT
	VALUES ("ba5eda7a-def5-0000-0000-00000000000e",
	"00000000-0000-0000-0000-000000000000",
	'date',
	'',
	'');
INSERT INTO S_UDT
	VALUES ("ba5eda7a-def5-0000-0000-00000000000e",
	"ba5eda7a-def5-0000-0000-00000000000b",
	1,
	'');
INSERT INTO PE_PE
	VALUES ("ba5eda7a-def5-0000-0000-00000000000f",
	1,
	"00000000-0000-0000-0000-000000000000",
	"00000000-0000-0000-0000-000000000000",
	3);
INSERT INTO S_DT
	VALUES ("ba5eda7a-def5-0000-0000-00000000000f",
	"00000000-0000-0000-0000-000000000000",
	'inst_ref<Timer>',
	'',
	'');
INSERT INTO S_UDT
	VALUES ("ba5eda7a-def5-0000-0000-00000000000f",
	"ba5eda7a-def5-0000-0000-00000000000c",
	3,
	'');
INSERT INTO PE_PE
	VALUES ("ba5eda7a-def5-0000-0000-000000000010",
	1,
	"00000000-0000-0000-0000-000000000000",
	"00000000-0000-0000-0000-000000000000",
	3);
INSERT INTO S_DT
	VALUES ("ba5eda7a-def5-0000-0000-000000000010",
	"00000000-0000-0000-0000-000000000000",
	'timestamp',
	'',
	'');
INSERT INTO S_UDT
	VALUES ("ba5eda7a-def5-0000-0000-000000000010",
	"ba5eda7a-def5-0000-0000-00000000000b",
	2,
	'');
