-- root-types-contained: SystemModel_c,PackageableElement_c,DataType_c,CoreDataType_c,UserDataType_c
-- BP 7.1 content: StreamData syschar: 3 persistence-version: 7.1.6

INSERT INTO S_SYS
	VALUES ("3e47de70-c044-49ac-aa51-609f9a9423e1",
	'Game',
	1);
INSERT INTO EP_PKG
	VALUES ("a7c471a2-2e30-4ea2-9c7a-b063e0f5cd45",
	"3e47de70-c044-49ac-aa51-609f9a9423e1",
	"3e47de70-c044-49ac-aa51-609f9a9423e1",
	'types',
	'',
	0);
INSERT INTO PE_PE
	VALUES ("dedb668f-e762-4b19-a662-d483f0349b0a",
	1,
	"a7c471a2-2e30-4ea2-9c7a-b063e0f5cd45",
	"00000000-0000-0000-0000-000000000000",
	3);
INSERT INTO S_DT
	VALUES ("dedb668f-e762-4b19-a662-d483f0349b0a",
	"00000000-0000-0000-0000-000000000000",
	'MASLtype',
	'',
	'');
INSERT INTO S_UDT
	VALUES ("dedb668f-e762-4b19-a662-d483f0349b0a",
	"ba5eda7a-def5-0000-0000-000000000004",
	0,
	'');
INSERT INTO PE_PE
	VALUES ("0a46886c-c94b-405f-9153-e6437aa88a03",
	1,
	"a7c471a2-2e30-4ea2-9c7a-b063e0f5cd45",
	"00000000-0000-0000-0000-000000000000",
	3);
INSERT INTO S_DT
	VALUES ("0a46886c-c94b-405f-9153-e6437aa88a03",
	"00000000-0000-0000-0000-000000000000",
	'instance',
	'',
	'');
INSERT INTO S_UDT
	VALUES ("0a46886c-c94b-405f-9153-e6437aa88a03",
	"dedb668f-e762-4b19-a662-d483f0349b0a",
	0,
	'');
INSERT INTO PE_PE
	VALUES ("481f60cc-1a81-4526-8118-1303cf5d23d9",
	1,
	"a7c471a2-2e30-4ea2-9c7a-b063e0f5cd45",
	"00000000-0000-0000-0000-000000000000",
	3);
INSERT INTO S_DT
	VALUES ("481f60cc-1a81-4526-8118-1303cf5d23d9",
	"00000000-0000-0000-0000-000000000000",
	'structure',
	'',
	'');
INSERT INTO S_UDT
	VALUES ("481f60cc-1a81-4526-8118-1303cf5d23d9",
	"dedb668f-e762-4b19-a662-d483f0349b0a",
	0,
	'');
INSERT INTO PE_PE
	VALUES ("1ae96071-76b7-4d4e-987d-b729bf099e41",
	1,
	"a7c471a2-2e30-4ea2-9c7a-b063e0f5cd45",
	"00000000-0000-0000-0000-000000000000",
	3);
INSERT INTO S_DT
	VALUES ("1ae96071-76b7-4d4e-987d-b729bf099e41",
	"00000000-0000-0000-0000-000000000000",
	'enum',
	'',
	'');
INSERT INTO S_UDT
	VALUES ("1ae96071-76b7-4d4e-987d-b729bf099e41",
	"dedb668f-e762-4b19-a662-d483f0349b0a",
	0,
	'');
INSERT INTO PE_PE
	VALUES ("25fc127d-ab05-4301-b93b-2f70c0af87bb",
	1,
	"a7c471a2-2e30-4ea2-9c7a-b063e0f5cd45",
	"00000000-0000-0000-0000-000000000000",
	3);
INSERT INTO S_DT
	VALUES ("25fc127d-ab05-4301-b93b-2f70c0af87bb",
	"00000000-0000-0000-0000-000000000000",
	'device',
	'',
	'');
INSERT INTO S_UDT
	VALUES ("25fc127d-ab05-4301-b93b-2f70c0af87bb",
	"dedb668f-e762-4b19-a662-d483f0349b0a",
	0,
	'');
INSERT INTO PE_PE
	VALUES ("bd3fbd9e-e2d1-4e48-b71a-6576a43af602",
	1,
	"a7c471a2-2e30-4ea2-9c7a-b063e0f5cd45",
	"00000000-0000-0000-0000-000000000000",
	3);
INSERT INTO S_DT
	VALUES ("bd3fbd9e-e2d1-4e48-b71a-6576a43af602",
	"00000000-0000-0000-0000-000000000000",
	'event',
	'',
	'');
INSERT INTO S_UDT
	VALUES ("bd3fbd9e-e2d1-4e48-b71a-6576a43af602",
	"ba5eda7a-def5-0000-0000-00000000000a",
	0,
	'');
INSERT INTO PE_PE
	VALUES ("4eb1b3cb-9db5-4a1a-bf5e-51d9c69cfdce",
	1,
	"a7c471a2-2e30-4ea2-9c7a-b063e0f5cd45",
	"00000000-0000-0000-0000-000000000000",
	3);
INSERT INTO S_DT
	VALUES ("4eb1b3cb-9db5-4a1a-bf5e-51d9c69cfdce",
	"00000000-0000-0000-0000-000000000000",
	'timer',
	'',
	'');
INSERT INTO S_UDT
	VALUES ("4eb1b3cb-9db5-4a1a-bf5e-51d9c69cfdce",
	"ba5eda7a-def5-0000-0000-00000000000f",
	0,
	'');
INSERT INTO PE_PE
	VALUES ("5bfff0af-6825-45f5-9eb1-62c8f78d4ba7",
	1,
	"a7c471a2-2e30-4ea2-9c7a-b063e0f5cd45",
	"00000000-0000-0000-0000-000000000000",
	3);
INSERT INTO S_DT
	VALUES ("5bfff0af-6825-45f5-9eb1-62c8f78d4ba7",
	"00000000-0000-0000-0000-000000000000",
	'timestamp',
	'',
	'');
INSERT INTO S_UDT
	VALUES ("5bfff0af-6825-45f5-9eb1-62c8f78d4ba7",
	"dedb668f-e762-4b19-a662-d483f0349b0a",
	0,
	'');
INSERT INTO PE_PE
	VALUES ("81fbcc64-3ac2-492d-9928-1d97c04b9acb",
	1,
	"a7c471a2-2e30-4ea2-9c7a-b063e0f5cd45",
	"00000000-0000-0000-0000-000000000000",
	3);
INSERT INTO S_DT
	VALUES ("81fbcc64-3ac2-492d-9928-1d97c04b9acb",
	"00000000-0000-0000-0000-000000000000",
	'duration',
	'',
	'');
INSERT INTO S_UDT
	VALUES ("81fbcc64-3ac2-492d-9928-1d97c04b9acb",
	"ba5eda7a-def5-0000-0000-000000000002",
	0,
	'');
INSERT INTO PE_PE
	VALUES ("22e21124-0301-4193-90a6-86f49083b337",
	1,
	"a7c471a2-2e30-4ea2-9c7a-b063e0f5cd45",
	"00000000-0000-0000-0000-000000000000",
	3);
INSERT INTO S_DT
	VALUES ("22e21124-0301-4193-90a6-86f49083b337",
	"00000000-0000-0000-0000-000000000000",
	'date',
	'',
	'');
INSERT INTO S_UDT
	VALUES ("22e21124-0301-4193-90a6-86f49083b337",
	"ba5eda7a-def5-0000-0000-00000000000e",
	0,
	'');
INSERT INTO PE_PE
	VALUES ("87cd4835-98c5-4db8-93ec-bef27b5dea59",
	1,
	"a7c471a2-2e30-4ea2-9c7a-b063e0f5cd45",
	"00000000-0000-0000-0000-000000000000",
	3);
INSERT INTO S_DT
	VALUES ("87cd4835-98c5-4db8-93ec-bef27b5dea59",
	"00000000-0000-0000-0000-000000000000",
	'wstring',
	'',
	'');
INSERT INTO S_UDT
	VALUES ("87cd4835-98c5-4db8-93ec-bef27b5dea59",
	"ba5eda7a-def5-0000-0000-000000000004",
	0,
	'');
INSERT INTO PE_PE
	VALUES ("8bf86884-0ab3-4c11-a113-218312b4aeae",
	1,
	"a7c471a2-2e30-4ea2-9c7a-b063e0f5cd45",
	"00000000-0000-0000-0000-000000000000",
	3);
INSERT INTO S_DT
	VALUES ("8bf86884-0ab3-4c11-a113-218312b4aeae",
	"00000000-0000-0000-0000-000000000000",
	'string',
	'',
	'');
INSERT INTO S_UDT
	VALUES ("8bf86884-0ab3-4c11-a113-218312b4aeae",
	"ba5eda7a-def5-0000-0000-000000000004",
	0,
	'');
INSERT INTO PE_PE
	VALUES ("38329d03-8090-4984-acdc-236b11be7a46",
	1,
	"a7c471a2-2e30-4ea2-9c7a-b063e0f5cd45",
	"00000000-0000-0000-0000-000000000000",
	3);
INSERT INTO S_DT
	VALUES ("38329d03-8090-4984-acdc-236b11be7a46",
	"00000000-0000-0000-0000-000000000000",
	'real',
	'',
	'');
INSERT INTO S_UDT
	VALUES ("38329d03-8090-4984-acdc-236b11be7a46",
	"ba5eda7a-def5-0000-0000-000000000003",
	0,
	'');
INSERT INTO PE_PE
	VALUES ("be2bc3dd-5f08-4d2c-a2df-a4f9eead1e9e",
	1,
	"a7c471a2-2e30-4ea2-9c7a-b063e0f5cd45",
	"00000000-0000-0000-0000-000000000000",
	3);
INSERT INTO S_DT
	VALUES ("be2bc3dd-5f08-4d2c-a2df-a4f9eead1e9e",
	"00000000-0000-0000-0000-000000000000",
	'long_integer',
	'',
	'');
INSERT INTO S_UDT
	VALUES ("be2bc3dd-5f08-4d2c-a2df-a4f9eead1e9e",
	"ba5eda7a-def5-0000-0000-000000000002",
	0,
	'');
INSERT INTO PE_PE
	VALUES ("a426acbc-d528-4bd0-af20-9344b0dd9a4e",
	1,
	"a7c471a2-2e30-4ea2-9c7a-b063e0f5cd45",
	"00000000-0000-0000-0000-000000000000",
	3);
INSERT INTO S_DT
	VALUES ("a426acbc-d528-4bd0-af20-9344b0dd9a4e",
	"00000000-0000-0000-0000-000000000000",
	'byte',
	'',
	'');
INSERT INTO S_UDT
	VALUES ("a426acbc-d528-4bd0-af20-9344b0dd9a4e",
	"ba5eda7a-def5-0000-0000-000000000002",
	0,
	'');
INSERT INTO PE_PE
	VALUES ("36b3b952-3ed4-4313-b979-4b1c7c855292",
	1,
	"a7c471a2-2e30-4ea2-9c7a-b063e0f5cd45",
	"00000000-0000-0000-0000-000000000000",
	3);
INSERT INTO S_DT
	VALUES ("36b3b952-3ed4-4313-b979-4b1c7c855292",
	"00000000-0000-0000-0000-000000000000",
	'wcharacter',
	'',
	'');
INSERT INTO S_UDT
	VALUES ("36b3b952-3ed4-4313-b979-4b1c7c855292",
	"ba5eda7a-def5-0000-0000-000000000002",
	0,
	'');
INSERT INTO PE_PE
	VALUES ("522e9748-1179-4144-8690-f8e168087d1a",
	1,
	"a7c471a2-2e30-4ea2-9c7a-b063e0f5cd45",
	"00000000-0000-0000-0000-000000000000",
	3);
INSERT INTO S_DT
	VALUES ("522e9748-1179-4144-8690-f8e168087d1a",
	"00000000-0000-0000-0000-000000000000",
	'character',
	'',
	'');
INSERT INTO S_UDT
	VALUES ("522e9748-1179-4144-8690-f8e168087d1a",
	"ba5eda7a-def5-0000-0000-000000000002",
	0,
	'');
INSERT INTO PE_PE
	VALUES ("6ae33386-41bb-4685-ad4e-4cbde47a37ce",
	1,
	"a7c471a2-2e30-4ea2-9c7a-b063e0f5cd45",
	"00000000-0000-0000-0000-000000000000",
	3);
INSERT INTO S_DT
	VALUES ("6ae33386-41bb-4685-ad4e-4cbde47a37ce",
	"00000000-0000-0000-0000-000000000000",
	'integer',
	'',
	'');
INSERT INTO S_UDT
	VALUES ("6ae33386-41bb-4685-ad4e-4cbde47a37ce",
	"ba5eda7a-def5-0000-0000-000000000002",
	0,
	'');
INSERT INTO PE_PE
	VALUES ("f8d2bf75-a86e-44e0-beb5-3ab7e715689f",
	1,
	"a7c471a2-2e30-4ea2-9c7a-b063e0f5cd45",
	"00000000-0000-0000-0000-000000000000",
	3);
INSERT INTO S_DT
	VALUES ("f8d2bf75-a86e-44e0-beb5-3ab7e715689f",
	"00000000-0000-0000-0000-000000000000",
	'boolean',
	'',
	'');
INSERT INTO S_UDT
	VALUES ("f8d2bf75-a86e-44e0-beb5-3ab7e715689f",
	"ba5eda7a-def5-0000-0000-000000000001",
	0,
	'');
INSERT INTO PE_PE
	VALUES ("80d88408-21ae-4588-b36f-119a99eb4a88",
	1,
	"a7c471a2-2e30-4ea2-9c7a-b063e0f5cd45",
	"00000000-0000-0000-0000-000000000000",
	3);
INSERT INTO S_DT
	VALUES ("80d88408-21ae-4588-b36f-119a99eb4a88",
	"00000000-0000-0000-0000-000000000000",
	'void',
	'',
	'');
INSERT INTO S_UDT
	VALUES ("80d88408-21ae-4588-b36f-119a99eb4a88",
	"ba5eda7a-def5-0000-0000-000000000000",
	0,
	'');
INSERT INTO EP_PKG
	VALUES ("760678ed-52e3-4bbb-8a87-b9bffb70f8ee",
	"3e47de70-c044-49ac-aa51-609f9a9423e1",
	"3e47de70-c044-49ac-aa51-609f9a9423e1",
	'Game',
	'masl_domain',
	0);
INSERT INTO PE_PE
	VALUES ("3695b73f-386b-46cf-8350-2d1e248946b4",
	1,
	"760678ed-52e3-4bbb-8a87-b9bffb70f8ee",
	"00000000-0000-0000-0000-000000000000",
	2);
INSERT INTO C_C
	VALUES ("3695b73f-386b-46cf-8350-2d1e248946b4",
	"00000000-0000-0000-0000-000000000000",
	"00000000-0000-0000-0000-000000000000",
	'Game',
	'',
	0,
	"00000000-0000-0000-0000-000000000000",
	0,
	'');
INSERT INTO C_PO
	VALUES ("8a2d98f7-780f-4284-b96b-2fb309fbc721",
	"3695b73f-386b-46cf-8350-2d1e248946b4",
	'Game',
	0,
	0);
INSERT INTO C_IR
	VALUES ("083b2b3c-4330-4c71-8853-6c00eef1d5c7",
	"219c31c4-4ae8-4c20-837d-9794bc4960d1",
	"00000000-0000-0000-0000-000000000000",
	"8a2d98f7-780f-4284-b96b-2fb309fbc721");
INSERT INTO C_P
	VALUES ("083b2b3c-4330-4c71-8853-6c00eef1d5c7",
	'Game',
	'Unnamed_Interface',
	'',
	'Game::Game::Game');
INSERT INTO SPR_PEP
	VALUES ("a14d0d90-8e52-4657-b4b3-c4a0500282e5",
	"e799384d-a103-48bf-ab01-7d093568b1b4",
	"083b2b3c-4330-4c71-8853-6c00eef1d5c7");
INSERT INTO SPR_PO
	VALUES ("a14d0d90-8e52-4657-b4b3-c4a0500282e5",
	'play',
	'',
	'',
	3,
	0);
INSERT INTO C_PO
	VALUES ("9f576b11-bf7d-4363-8b70-b260af09b19b",
	"3695b73f-386b-46cf-8350-2d1e248946b4",
	'PlayerLogic',
	0,
	0);
INSERT INTO C_IR
	VALUES ("f21b53f0-015c-4ee0-ac51-4e69088f589a",
	"eac8bb4a-3d45-4c2c-93d4-af2986870523",
	"00000000-0000-0000-0000-000000000000",
	"9f576b11-bf7d-4363-8b70-b260af09b19b");
INSERT INTO C_R
	VALUES ("f21b53f0-015c-4ee0-ac51-4e69088f589a",
	'GamePlayerLogic',
	'',
	'Unnamed_Interface',
	'Game::PlayerLogic::GamePlayerLogic');
INSERT INTO SPR_REP
	VALUES ("2f261c86-b935-4050-9a98-b0b13ebaacda",
	"4ed6b056-4ce8-45c5-b937-a37f1cca42e9",
	"f21b53f0-015c-4ee0-ac51-4e69088f589a");
INSERT INTO SPR_RO
	VALUES ("2f261c86-b935-4050-9a98-b0b13ebaacda",
	'nextPeggingPlay',
	'',
	'begin
  null;
end',
	3,
	1);
INSERT INTO SPR_REP
	VALUES ("2025e848-ac1e-4abc-9769-0054e0b46bb8",
	"723d6a8d-8261-40b7-a48f-3aa0071e2658",
	"f21b53f0-015c-4ee0-ac51-4e69088f589a");
INSERT INTO SPR_RO
	VALUES ("2025e848-ac1e-4abc-9769-0054e0b46bb8",
	'nextDiscard',
	'',
	'begin
  null;
end',
	3,
	1);
INSERT INTO PE_PE
	VALUES ("2e5272a8-d08d-4d31-9c31-e769bee957e6",
	1,
	"00000000-0000-0000-0000-000000000000",
	"3695b73f-386b-46cf-8350-2d1e248946b4",
	7);
INSERT INTO EP_PKG
	VALUES ("2e5272a8-d08d-4d31-9c31-e769bee957e6",
	"00000000-0000-0000-0000-000000000000",
	"3e47de70-c044-49ac-aa51-609f9a9423e1",
	'Game',
	'',
	0);
INSERT INTO PE_PE
	VALUES ("56e99542-222c-4328-bf84-766813710c27",
	1,
	"2e5272a8-d08d-4d31-9c31-e769bee957e6",
	"00000000-0000-0000-0000-000000000000",
	4);
INSERT INTO O_OBJ
	VALUES ("56e99542-222c-4328-bf84-766813710c27",
	'Board',
	1,
	'Board',
	'',
	"00000000-0000-0000-0000-000000000000");
INSERT INTO O_NBATTR
	VALUES ("1cdc4432-31f9-4f65-b288-8ba566f60819",
	"56e99542-222c-4328-bf84-766813710c27");
INSERT INTO O_BATTR
	VALUES ("1cdc4432-31f9-4f65-b288-8ba566f60819",
	"56e99542-222c-4328-bf84-766813710c27");
INSERT INTO O_ATTR
	VALUES ("1cdc4432-31f9-4f65-b288-8ba566f60819",
	"56e99542-222c-4328-bf84-766813710c27",
	"00000000-0000-0000-0000-000000000000",
	'board_id',
	'',
	'',
	'board_id',
	0,
	"5fb79df4-fa29-492c-a632-ff670eb8f714",
	'',
	'');
INSERT INTO O_REF
	VALUES ("56e99542-222c-4328-bf84-766813710c27",
	"a432acd5-c989-4c4f-8071-0b88be80aca6",
	0,
	"38602585-e65a-45a2-b36c-7437a1d7ab0e",
	"1875fcc0-d24a-4710-a91f-a2e466f6543c",
	"2131366e-a417-4cf0-8088-9d08438991eb",
	"9d3df273-8741-46c9-b66e-66b66f8df47d",
	"6ff4eab4-1070-4185-9c12-86247cde8149",
	"caee0f51-b84d-43b6-a183-d22085964568",
	"00000000-0000-0000-0000-000000000000",
	0,
	'',
	'Game',
	'game_number',
	'R1.''keeps_score_for''');
INSERT INTO O_RATTR
	VALUES ("6ff4eab4-1070-4185-9c12-86247cde8149",
	"56e99542-222c-4328-bf84-766813710c27",
	"38602585-e65a-45a2-b36c-7437a1d7ab0e",
	"a432acd5-c989-4c4f-8071-0b88be80aca6",
	0,
	'game_number');
INSERT INTO O_ATTR
	VALUES ("6ff4eab4-1070-4185-9c12-86247cde8149",
	"56e99542-222c-4328-bf84-766813710c27",
	"1cdc4432-31f9-4f65-b288-8ba566f60819",
	'game_number',
	'',
	'',
	'game_number',
	0,
	"ba5eda7a-def5-0000-0000-000000000007",
	'',
	'');
INSERT INTO O_ID
	VALUES (0,
	"56e99542-222c-4328-bf84-766813710c27");
INSERT INTO O_OIDA
	VALUES ("1cdc4432-31f9-4f65-b288-8ba566f60819",
	"56e99542-222c-4328-bf84-766813710c27",
	0,
	'board_id');
INSERT INTO O_ID
	VALUES (1,
	"56e99542-222c-4328-bf84-766813710c27");
INSERT INTO O_ID
	VALUES (2,
	"56e99542-222c-4328-bf84-766813710c27");
INSERT INTO PE_PE
	VALUES ("9c7d0fab-c0b1-46b0-b6e6-98be693ac979",
	1,
	"2e5272a8-d08d-4d31-9c31-e769bee957e6",
	"00000000-0000-0000-0000-000000000000",
	3);
INSERT INTO S_DT
	VALUES ("9c7d0fab-c0b1-46b0-b6e6-98be693ac979",
	"00000000-0000-0000-0000-000000000000",
	'inst_ref<Board>',
	'',
	'');
INSERT INTO S_IRDT
	VALUES ("9c7d0fab-c0b1-46b0-b6e6-98be693ac979",
	0,
	"56e99542-222c-4328-bf84-766813710c27");
INSERT INTO PE_PE
	VALUES ("63a06052-e70c-4f7f-ab28-9f9d136618e4",
	1,
	"2e5272a8-d08d-4d31-9c31-e769bee957e6",
	"00000000-0000-0000-0000-000000000000",
	3);
INSERT INTO S_DT
	VALUES ("63a06052-e70c-4f7f-ab28-9f9d136618e4",
	"00000000-0000-0000-0000-000000000000",
	'inst_ref_set<Board>',
	'',
	'');
INSERT INTO S_IRDT
	VALUES ("63a06052-e70c-4f7f-ab28-9f9d136618e4",
	1,
	"56e99542-222c-4328-bf84-766813710c27");
INSERT INTO PE_PE
	VALUES ("9c7320d0-0463-495f-b0ff-82713356c2d6",
	1,
	"2e5272a8-d08d-4d31-9c31-e769bee957e6",
	"00000000-0000-0000-0000-000000000000",
	4);
INSERT INTO O_OBJ
	VALUES ("9c7320d0-0463-495f-b0ff-82713356c2d6",
	'Card',
	2,
	'Card',
	'',
	"00000000-0000-0000-0000-000000000000");
INSERT INTO O_NBATTR
	VALUES ("66625a09-367a-41ad-b883-b4708395d459",
	"9c7320d0-0463-495f-b0ff-82713356c2d6");
INSERT INTO O_BATTR
	VALUES ("66625a09-367a-41ad-b883-b4708395d459",
	"9c7320d0-0463-495f-b0ff-82713356c2d6");
INSERT INTO O_ATTR
	VALUES ("66625a09-367a-41ad-b883-b4708395d459",
	"9c7320d0-0463-495f-b0ff-82713356c2d6",
	"00000000-0000-0000-0000-000000000000",
	'value',
	'',
	'',
	'value',
	0,
	"6ae33386-41bb-4685-ad4e-4cbde47a37ce",
	'',
	'');
INSERT INTO O_NBATTR
	VALUES ("fb8b17a4-11ed-4dfa-8570-873895b4957a",
	"9c7320d0-0463-495f-b0ff-82713356c2d6");
INSERT INTO O_BATTR
	VALUES ("fb8b17a4-11ed-4dfa-8570-873895b4957a",
	"9c7320d0-0463-495f-b0ff-82713356c2d6");
INSERT INTO O_ATTR
	VALUES ("fb8b17a4-11ed-4dfa-8570-873895b4957a",
	"9c7320d0-0463-495f-b0ff-82713356c2d6",
	"66625a09-367a-41ad-b883-b4708395d459",
	'suit',
	'',
	'',
	'suit',
	0,
	"914c0ffc-e377-4cf0-b9ea-f64aba64d095",
	'',
	'');
INSERT INTO O_REF
	VALUES ("9c7320d0-0463-495f-b0ff-82713356c2d6",
	"7c8227df-316e-425f-b365-2c556d051d06",
	0,
	"3f8a8b45-9a6b-4fa9-aca6-8088df1817f4",
	"90df6f39-c067-4385-bb0e-6ed72d90963b",
	"27062e47-314f-49a1-8595-ae9fb7a03bbb",
	"ec92a803-6ecc-4b18-8070-b783f8a268e9",
	"b2a95a9d-0d73-44cb-8b6b-0ef8ca9dcd2f",
	"86bbc123-26cf-4535-aecc-854b878af9d5",
	"00000000-0000-0000-0000-000000000000",
	0,
	'',
	'Hand',
	'hand_id',
	'R9.''located_in''');
INSERT INTO O_RATTR
	VALUES ("b2a95a9d-0d73-44cb-8b6b-0ef8ca9dcd2f",
	"9c7320d0-0463-495f-b0ff-82713356c2d6",
	"3f8a8b45-9a6b-4fa9-aca6-8088df1817f4",
	"7c8227df-316e-425f-b365-2c556d051d06",
	0,
	'hand_id');
INSERT INTO O_ATTR
	VALUES ("b2a95a9d-0d73-44cb-8b6b-0ef8ca9dcd2f",
	"9c7320d0-0463-495f-b0ff-82713356c2d6",
	"fb8b17a4-11ed-4dfa-8570-873895b4957a",
	'hand_id',
	'',
	'',
	'hand_id',
	0,
	"ba5eda7a-def5-0000-0000-000000000007",
	'',
	'');
INSERT INTO O_REF
	VALUES ("9c7320d0-0463-495f-b0ff-82713356c2d6",
	"24372e08-7943-4059-9c72-90db5de4cee2",
	0,
	"6cddc50e-1d35-4450-8c92-a5d245a37834",
	"d52118fb-bb06-4c84-96f8-51e9b75dfc3a",
	"5b02b33b-5afc-4f56-b1d7-aae456c752b6",
	"3bee0de0-6e2b-49bb-9592-4e8071866a49",
	"eb4cee9a-e6d2-44de-ad5f-0b26c59446b8",
	"d43e5e28-8578-4628-b2dd-36765b53f7da",
	"00000000-0000-0000-0000-000000000000",
	0,
	'',
	'Pile',
	'pile_id',
	'R8.''located_in''');
INSERT INTO O_RATTR
	VALUES ("eb4cee9a-e6d2-44de-ad5f-0b26c59446b8",
	"9c7320d0-0463-495f-b0ff-82713356c2d6",
	"6cddc50e-1d35-4450-8c92-a5d245a37834",
	"24372e08-7943-4059-9c72-90db5de4cee2",
	0,
	'pile_id');
INSERT INTO O_ATTR
	VALUES ("eb4cee9a-e6d2-44de-ad5f-0b26c59446b8",
	"9c7320d0-0463-495f-b0ff-82713356c2d6",
	"b2a95a9d-0d73-44cb-8b6b-0ef8ca9dcd2f",
	'pile_id',
	'',
	'',
	'pile_id',
	0,
	"ba5eda7a-def5-0000-0000-000000000007",
	'',
	'');
INSERT INTO O_REF
	VALUES ("9c7320d0-0463-495f-b0ff-82713356c2d6",
	"629012b4-4a72-4953-9ef3-c65f3b4f64bd",
	0,
	"744da407-3460-4ad1-9186-ce475e3a09b5",
	"070770e9-bb48-4762-a854-3f2640912f83",
	"560f3eda-0b59-4ea8-958d-a1c35c6a2810",
	"8e4256e2-0235-41b3-acfd-9886bb402d05",
	"a89417f4-b059-43d1-99ba-55d88d4685c7",
	"9ca5ca0b-23de-4fe6-8715-20832a1330a8",
	"00000000-0000-0000-0000-000000000000",
	0,
	'',
	'Deck',
	'deck_id',
	'R7.''located_in''');
INSERT INTO O_RATTR
	VALUES ("a89417f4-b059-43d1-99ba-55d88d4685c7",
	"9c7320d0-0463-495f-b0ff-82713356c2d6",
	"744da407-3460-4ad1-9186-ce475e3a09b5",
	"629012b4-4a72-4953-9ef3-c65f3b4f64bd",
	0,
	'deck_id');
INSERT INTO O_ATTR
	VALUES ("a89417f4-b059-43d1-99ba-55d88d4685c7",
	"9c7320d0-0463-495f-b0ff-82713356c2d6",
	"eb4cee9a-e6d2-44de-ad5f-0b26c59446b8",
	'deck_id',
	'',
	'',
	'deck_id',
	0,
	"ba5eda7a-def5-0000-0000-000000000007",
	'',
	'');
INSERT INTO O_ID
	VALUES (0,
	"9c7320d0-0463-495f-b0ff-82713356c2d6");
INSERT INTO O_OIDA
	VALUES ("66625a09-367a-41ad-b883-b4708395d459",
	"9c7320d0-0463-495f-b0ff-82713356c2d6",
	0,
	'value');
INSERT INTO O_OIDA
	VALUES ("fb8b17a4-11ed-4dfa-8570-873895b4957a",
	"9c7320d0-0463-495f-b0ff-82713356c2d6",
	0,
	'suit');
INSERT INTO O_ID
	VALUES (1,
	"9c7320d0-0463-495f-b0ff-82713356c2d6");
INSERT INTO O_ID
	VALUES (2,
	"9c7320d0-0463-495f-b0ff-82713356c2d6");
INSERT INTO PE_PE
	VALUES ("c292dc87-dea3-438b-810d-387c929c5b94",
	1,
	"2e5272a8-d08d-4d31-9c31-e769bee957e6",
	"00000000-0000-0000-0000-000000000000",
	3);
INSERT INTO S_DT
	VALUES ("c292dc87-dea3-438b-810d-387c929c5b94",
	"00000000-0000-0000-0000-000000000000",
	'inst_ref<Card>',
	'',
	'');
INSERT INTO S_IRDT
	VALUES ("c292dc87-dea3-438b-810d-387c929c5b94",
	0,
	"9c7320d0-0463-495f-b0ff-82713356c2d6");
INSERT INTO PE_PE
	VALUES ("9789541f-617f-4af6-9c19-178c526298d2",
	1,
	"2e5272a8-d08d-4d31-9c31-e769bee957e6",
	"00000000-0000-0000-0000-000000000000",
	3);
INSERT INTO S_DT
	VALUES ("9789541f-617f-4af6-9c19-178c526298d2",
	"00000000-0000-0000-0000-000000000000",
	'inst_ref_set<Card>',
	'',
	'');
INSERT INTO S_IRDT
	VALUES ("9789541f-617f-4af6-9c19-178c526298d2",
	1,
	"9c7320d0-0463-495f-b0ff-82713356c2d6");
INSERT INTO PE_PE
	VALUES ("39b15838-024a-48e4-9d94-0f8677074cf4",
	1,
	"2e5272a8-d08d-4d31-9c31-e769bee957e6",
	"00000000-0000-0000-0000-000000000000",
	4);
INSERT INTO O_OBJ
	VALUES ("39b15838-024a-48e4-9d94-0f8677074cf4",
	'CardInPlay',
	3,
	'CardInPlay',
	'',
	"00000000-0000-0000-0000-000000000000");
INSERT INTO O_REF
	VALUES ("39b15838-024a-48e4-9d94-0f8677074cf4",
	"39d9fbc4-4bcc-4a58-a9a7-0e36c7930bef",
	0,
	"040ce387-f0f2-4c90-a3da-71a4bd87a3ea",
	"8db548c4-ef3d-455e-a139-b3dd368278fe",
	"4cbd3105-ac0c-4475-883c-96a6477bb4b5",
	"a2926850-72f9-40f9-b797-e7706dee30eb",
	"b68d1f04-72b5-4757-ba28-bd52aa1f2dc8",
	"8eaa55cc-6bca-4411-a3b8-cab8c2a6d57a",
	"00000000-0000-0000-0000-000000000000",
	0,
	'',
	'Play',
	'play_id',
	'R10.''makes''');
INSERT INTO O_RATTR
	VALUES ("b68d1f04-72b5-4757-ba28-bd52aa1f2dc8",
	"39b15838-024a-48e4-9d94-0f8677074cf4",
	"040ce387-f0f2-4c90-a3da-71a4bd87a3ea",
	"39d9fbc4-4bcc-4a58-a9a7-0e36c7930bef",
	0,
	'play_id');
INSERT INTO O_ATTR
	VALUES ("b68d1f04-72b5-4757-ba28-bd52aa1f2dc8",
	"39b15838-024a-48e4-9d94-0f8677074cf4",
	"00000000-0000-0000-0000-000000000000",
	'play_id',
	'',
	'',
	'play_id',
	0,
	"ba5eda7a-def5-0000-0000-000000000007",
	'',
	'');
INSERT INTO O_REF
	VALUES ("39b15838-024a-48e4-9d94-0f8677074cf4",
	"04fb0288-d0dc-4e13-810b-cbcd8303ccb2",
	0,
	"dd7be9cb-ed25-49d0-9629-87e3222f25dd",
	"8db548c4-ef3d-455e-a139-b3dd368278fe",
	"4cbd3105-ac0c-4475-883c-96a6477bb4b5",
	"a6d9e08c-dd46-477d-8c16-43b506f81762",
	"9c567736-3edc-4a0f-b8d2-622ee91c9a87",
	"6457c4c0-8d6f-4c6d-8003-4bfb655642b0",
	"00000000-0000-0000-0000-000000000000",
	0,
	'',
	'Player',
	'player_number',
	'R10.''made_by''');
INSERT INTO O_RATTR
	VALUES ("9c567736-3edc-4a0f-b8d2-622ee91c9a87",
	"39b15838-024a-48e4-9d94-0f8677074cf4",
	"dd7be9cb-ed25-49d0-9629-87e3222f25dd",
	"04fb0288-d0dc-4e13-810b-cbcd8303ccb2",
	0,
	'player_number');
INSERT INTO O_ATTR
	VALUES ("9c567736-3edc-4a0f-b8d2-622ee91c9a87",
	"39b15838-024a-48e4-9d94-0f8677074cf4",
	"b68d1f04-72b5-4757-ba28-bd52aa1f2dc8",
	'player_number',
	'',
	'',
	'player_number',
	0,
	"ba5eda7a-def5-0000-0000-000000000007",
	'',
	'');
INSERT INTO O_REF
	VALUES ("39b15838-024a-48e4-9d94-0f8677074cf4",
	"9c7320d0-0463-495f-b0ff-82713356c2d6",
	0,
	"66625a09-367a-41ad-b883-b4708395d459",
	"b8dc9205-90bd-438c-9428-9a6008f11c1a",
	"ceb48c7d-14fe-4ff9-b555-232ba3e79088",
	"1a241650-14e3-49ea-8e48-2e2d564baa08",
	"54b7e962-89de-4f64-a928-0ca1a0c0b283",
	"795bf14e-4d8a-4101-9988-cf8d31402dfc",
	"00000000-0000-0000-0000-000000000000",
	0,
	'',
	'Card',
	'value',
	'R11.''represents''');
INSERT INTO O_RATTR
	VALUES ("54b7e962-89de-4f64-a928-0ca1a0c0b283",
	"39b15838-024a-48e4-9d94-0f8677074cf4",
	"66625a09-367a-41ad-b883-b4708395d459",
	"9c7320d0-0463-495f-b0ff-82713356c2d6",
	0,
	'value');
INSERT INTO O_ATTR
	VALUES ("54b7e962-89de-4f64-a928-0ca1a0c0b283",
	"39b15838-024a-48e4-9d94-0f8677074cf4",
	"9c567736-3edc-4a0f-b8d2-622ee91c9a87",
	'value',
	'',
	'',
	'value',
	0,
	"ba5eda7a-def5-0000-0000-000000000007",
	'',
	'');
INSERT INTO O_REF
	VALUES ("39b15838-024a-48e4-9d94-0f8677074cf4",
	"9c7320d0-0463-495f-b0ff-82713356c2d6",
	0,
	"fb8b17a4-11ed-4dfa-8570-873895b4957a",
	"b8dc9205-90bd-438c-9428-9a6008f11c1a",
	"ceb48c7d-14fe-4ff9-b555-232ba3e79088",
	"1a241650-14e3-49ea-8e48-2e2d564baa08",
	"7780ec30-a425-463a-adb0-3230b5d65f00",
	"feae5f19-13cd-49cf-8a13-77b71a38c2c7",
	"00000000-0000-0000-0000-000000000000",
	0,
	'',
	'Card',
	'suit',
	'R11.''represents''');
INSERT INTO O_RATTR
	VALUES ("7780ec30-a425-463a-adb0-3230b5d65f00",
	"39b15838-024a-48e4-9d94-0f8677074cf4",
	"fb8b17a4-11ed-4dfa-8570-873895b4957a",
	"9c7320d0-0463-495f-b0ff-82713356c2d6",
	0,
	'suit');
INSERT INTO O_ATTR
	VALUES ("7780ec30-a425-463a-adb0-3230b5d65f00",
	"39b15838-024a-48e4-9d94-0f8677074cf4",
	"54b7e962-89de-4f64-a928-0ca1a0c0b283",
	'suit',
	'',
	'',
	'suit',
	0,
	"ba5eda7a-def5-0000-0000-000000000007",
	'',
	'');
INSERT INTO O_ID
	VALUES (0,
	"39b15838-024a-48e4-9d94-0f8677074cf4");
INSERT INTO O_OIDA
	VALUES ("b68d1f04-72b5-4757-ba28-bd52aa1f2dc8",
	"39b15838-024a-48e4-9d94-0f8677074cf4",
	0,
	'play_id');
INSERT INTO O_OIDA
	VALUES ("9c567736-3edc-4a0f-b8d2-622ee91c9a87",
	"39b15838-024a-48e4-9d94-0f8677074cf4",
	0,
	'player_number');
INSERT INTO O_ID
	VALUES (1,
	"39b15838-024a-48e4-9d94-0f8677074cf4");
INSERT INTO O_ID
	VALUES (2,
	"39b15838-024a-48e4-9d94-0f8677074cf4");
INSERT INTO PE_PE
	VALUES ("ef556e76-9f19-45c5-ae14-de2d09cf925e",
	1,
	"2e5272a8-d08d-4d31-9c31-e769bee957e6",
	"00000000-0000-0000-0000-000000000000",
	3);
INSERT INTO S_DT
	VALUES ("ef556e76-9f19-45c5-ae14-de2d09cf925e",
	"00000000-0000-0000-0000-000000000000",
	'inst_ref<CardInPlay>',
	'',
	'');
INSERT INTO S_IRDT
	VALUES ("ef556e76-9f19-45c5-ae14-de2d09cf925e",
	0,
	"39b15838-024a-48e4-9d94-0f8677074cf4");
INSERT INTO PE_PE
	VALUES ("76289a17-5dd2-4b47-8a46-f5c2c04a9d8d",
	1,
	"2e5272a8-d08d-4d31-9c31-e769bee957e6",
	"00000000-0000-0000-0000-000000000000",
	3);
INSERT INTO S_DT
	VALUES ("76289a17-5dd2-4b47-8a46-f5c2c04a9d8d",
	"00000000-0000-0000-0000-000000000000",
	'inst_ref_set<CardInPlay>',
	'',
	'');
INSERT INTO S_IRDT
	VALUES ("76289a17-5dd2-4b47-8a46-f5c2c04a9d8d",
	1,
	"39b15838-024a-48e4-9d94-0f8677074cf4");
INSERT INTO PE_PE
	VALUES ("629012b4-4a72-4953-9ef3-c65f3b4f64bd",
	1,
	"2e5272a8-d08d-4d31-9c31-e769bee957e6",
	"00000000-0000-0000-0000-000000000000",
	4);
INSERT INTO O_OBJ
	VALUES ("629012b4-4a72-4953-9ef3-c65f3b4f64bd",
	'Deck',
	4,
	'Deck',
	'',
	"00000000-0000-0000-0000-000000000000");
INSERT INTO O_NBATTR
	VALUES ("744da407-3460-4ad1-9186-ce475e3a09b5",
	"629012b4-4a72-4953-9ef3-c65f3b4f64bd");
INSERT INTO O_BATTR
	VALUES ("744da407-3460-4ad1-9186-ce475e3a09b5",
	"629012b4-4a72-4953-9ef3-c65f3b4f64bd");
INSERT INTO O_ATTR
	VALUES ("744da407-3460-4ad1-9186-ce475e3a09b5",
	"629012b4-4a72-4953-9ef3-c65f3b4f64bd",
	"00000000-0000-0000-0000-000000000000",
	'deck_id',
	'',
	'',
	'deck_id',
	0,
	"5fb79df4-fa29-492c-a632-ff670eb8f714",
	'',
	'');
INSERT INTO O_REF
	VALUES ("629012b4-4a72-4953-9ef3-c65f3b4f64bd",
	"a432acd5-c989-4c4f-8071-0b88be80aca6",
	0,
	"38602585-e65a-45a2-b36c-7437a1d7ab0e",
	"38812fd0-72e9-4a54-ad8b-08e1a1bf6eb8",
	"9e7c5769-5d71-4c5e-a485-9aeaae07dc09",
	"984cdcd2-177e-493f-af68-799e4de0a097",
	"b0756168-e9a9-474c-9d5e-500134bf5685",
	"0fdc9401-9da8-4554-a1c2-5fd1c1aa6856",
	"00000000-0000-0000-0000-000000000000",
	0,
	'',
	'Game',
	'game_number',
	'R2.''contains_cards_for''');
INSERT INTO O_RATTR
	VALUES ("b0756168-e9a9-474c-9d5e-500134bf5685",
	"629012b4-4a72-4953-9ef3-c65f3b4f64bd",
	"38602585-e65a-45a2-b36c-7437a1d7ab0e",
	"a432acd5-c989-4c4f-8071-0b88be80aca6",
	0,
	'game_number');
INSERT INTO O_ATTR
	VALUES ("b0756168-e9a9-474c-9d5e-500134bf5685",
	"629012b4-4a72-4953-9ef3-c65f3b4f64bd",
	"744da407-3460-4ad1-9186-ce475e3a09b5",
	'game_number',
	'',
	'',
	'game_number',
	0,
	"ba5eda7a-def5-0000-0000-000000000007",
	'',
	'');
INSERT INTO O_ID
	VALUES (0,
	"629012b4-4a72-4953-9ef3-c65f3b4f64bd");
INSERT INTO O_OIDA
	VALUES ("744da407-3460-4ad1-9186-ce475e3a09b5",
	"629012b4-4a72-4953-9ef3-c65f3b4f64bd",
	0,
	'deck_id');
INSERT INTO O_ID
	VALUES (1,
	"629012b4-4a72-4953-9ef3-c65f3b4f64bd");
INSERT INTO O_ID
	VALUES (2,
	"629012b4-4a72-4953-9ef3-c65f3b4f64bd");
INSERT INTO PE_PE
	VALUES ("240f28ba-556d-4b2d-b53a-1013489a24ad",
	1,
	"2e5272a8-d08d-4d31-9c31-e769bee957e6",
	"00000000-0000-0000-0000-000000000000",
	3);
INSERT INTO S_DT
	VALUES ("240f28ba-556d-4b2d-b53a-1013489a24ad",
	"00000000-0000-0000-0000-000000000000",
	'inst_ref<Deck>',
	'',
	'');
INSERT INTO S_IRDT
	VALUES ("240f28ba-556d-4b2d-b53a-1013489a24ad",
	0,
	"629012b4-4a72-4953-9ef3-c65f3b4f64bd");
INSERT INTO PE_PE
	VALUES ("30703115-af2d-4cff-b8ba-42a9c423c050",
	1,
	"2e5272a8-d08d-4d31-9c31-e769bee957e6",
	"00000000-0000-0000-0000-000000000000",
	3);
INSERT INTO S_DT
	VALUES ("30703115-af2d-4cff-b8ba-42a9c423c050",
	"00000000-0000-0000-0000-000000000000",
	'inst_ref_set<Deck>',
	'',
	'');
INSERT INTO S_IRDT
	VALUES ("30703115-af2d-4cff-b8ba-42a9c423c050",
	1,
	"629012b4-4a72-4953-9ef3-c65f3b4f64bd");
INSERT INTO PE_PE
	VALUES ("a432acd5-c989-4c4f-8071-0b88be80aca6",
	1,
	"2e5272a8-d08d-4d31-9c31-e769bee957e6",
	"00000000-0000-0000-0000-000000000000",
	4);
INSERT INTO O_OBJ
	VALUES ("a432acd5-c989-4c4f-8071-0b88be80aca6",
	'Game',
	5,
	'Game',
	'',
	"00000000-0000-0000-0000-000000000000");
INSERT INTO O_NBATTR
	VALUES ("38602585-e65a-45a2-b36c-7437a1d7ab0e",
	"a432acd5-c989-4c4f-8071-0b88be80aca6");
INSERT INTO O_BATTR
	VALUES ("38602585-e65a-45a2-b36c-7437a1d7ab0e",
	"a432acd5-c989-4c4f-8071-0b88be80aca6");
INSERT INTO O_ATTR
	VALUES ("38602585-e65a-45a2-b36c-7437a1d7ab0e",
	"a432acd5-c989-4c4f-8071-0b88be80aca6",
	"00000000-0000-0000-0000-000000000000",
	'game_number',
	'',
	'',
	'game_number',
	0,
	"5fb79df4-fa29-492c-a632-ff670eb8f714",
	'',
	'');
INSERT INTO O_NBATTR
	VALUES ("0736bdd1-6fb3-4cf2-8fde-2ed61b5d4d1c",
	"a432acd5-c989-4c4f-8071-0b88be80aca6");
INSERT INTO O_BATTR
	VALUES ("0736bdd1-6fb3-4cf2-8fde-2ed61b5d4d1c",
	"a432acd5-c989-4c4f-8071-0b88be80aca6");
INSERT INTO O_ATTR
	VALUES ("0736bdd1-6fb3-4cf2-8fde-2ed61b5d4d1c",
	"a432acd5-c989-4c4f-8071-0b88be80aca6",
	"38602585-e65a-45a2-b36c-7437a1d7ab0e",
	'current_state',
	'',
	'',
	'current_state',
	0,
	"ba5eda7a-def5-0000-0000-000000000006",
	'',
	'');
INSERT INTO O_ID
	VALUES (0,
	"a432acd5-c989-4c4f-8071-0b88be80aca6");
INSERT INTO O_OIDA
	VALUES ("38602585-e65a-45a2-b36c-7437a1d7ab0e",
	"a432acd5-c989-4c4f-8071-0b88be80aca6",
	0,
	'game_number');
INSERT INTO O_ID
	VALUES (1,
	"a432acd5-c989-4c4f-8071-0b88be80aca6");
INSERT INTO O_ID
	VALUES (2,
	"a432acd5-c989-4c4f-8071-0b88be80aca6");
INSERT INTO SM_ISM
	VALUES ("dcab244f-b6d6-4714-9309-e1da8987dd01",
	"a432acd5-c989-4c4f-8071-0b88be80aca6");
INSERT INTO SM_SM
	VALUES ("dcab244f-b6d6-4714-9309-e1da8987dd01",
	'',
	0);
INSERT INTO SM_MOORE
	VALUES ("dcab244f-b6d6-4714-9309-e1da8987dd01");
INSERT INTO SM_LEVT
	VALUES ("ebcf5a9a-edc9-4132-adab-6869356d37ba",
	"dcab244f-b6d6-4714-9309-e1da8987dd01",
	"00000000-0000-0000-0000-000000000000");
INSERT INTO SM_SEVT
	VALUES ("ebcf5a9a-edc9-4132-adab-6869356d37ba",
	"dcab244f-b6d6-4714-9309-e1da8987dd01",
	"00000000-0000-0000-0000-000000000000");
INSERT INTO SM_EVT
	VALUES ("ebcf5a9a-edc9-4132-adab-6869356d37ba",
	"dcab244f-b6d6-4714-9309-e1da8987dd01",
	"00000000-0000-0000-0000-000000000000",
	1,
	'FirstCribPicked',
	0,
	'',
	'Game1',
	'');
INSERT INTO SM_LEVT
	VALUES ("6100ffea-4c50-40d9-8ccf-096e19eadcb6",
	"dcab244f-b6d6-4714-9309-e1da8987dd01",
	"00000000-0000-0000-0000-000000000000");
INSERT INTO SM_SEVT
	VALUES ("6100ffea-4c50-40d9-8ccf-096e19eadcb6",
	"dcab244f-b6d6-4714-9309-e1da8987dd01",
	"00000000-0000-0000-0000-000000000000");
INSERT INTO SM_EVT
	VALUES ("6100ffea-4c50-40d9-8ccf-096e19eadcb6",
	"dcab244f-b6d6-4714-9309-e1da8987dd01",
	"00000000-0000-0000-0000-000000000000",
	2,
	'CardsDealt',
	0,
	'',
	'Game2',
	'');
INSERT INTO SM_LEVT
	VALUES ("20138408-c023-43b0-af83-87bd0ea1f6b0",
	"dcab244f-b6d6-4714-9309-e1da8987dd01",
	"00000000-0000-0000-0000-000000000000");
INSERT INTO SM_SEVT
	VALUES ("20138408-c023-43b0-af83-87bd0ea1f6b0",
	"dcab244f-b6d6-4714-9309-e1da8987dd01",
	"00000000-0000-0000-0000-000000000000");
INSERT INTO SM_EVT
	VALUES ("20138408-c023-43b0-af83-87bd0ea1f6b0",
	"dcab244f-b6d6-4714-9309-e1da8987dd01",
	"00000000-0000-0000-0000-000000000000",
	3,
	'CribCardsDiscarded',
	0,
	'',
	'Game3',
	'');
INSERT INTO SM_LEVT
	VALUES ("097d3ae3-3753-44c4-9a30-7e6f1570f563",
	"dcab244f-b6d6-4714-9309-e1da8987dd01",
	"00000000-0000-0000-0000-000000000000");
INSERT INTO SM_SEVT
	VALUES ("097d3ae3-3753-44c4-9a30-7e6f1570f563",
	"dcab244f-b6d6-4714-9309-e1da8987dd01",
	"00000000-0000-0000-0000-000000000000");
INSERT INTO SM_EVT
	VALUES ("097d3ae3-3753-44c4-9a30-7e6f1570f563",
	"dcab244f-b6d6-4714-9309-e1da8987dd01",
	"00000000-0000-0000-0000-000000000000",
	4,
	'AllCardsDiscarded',
	0,
	'',
	'Game4',
	'');
INSERT INTO SM_LEVT
	VALUES ("246c1e2a-7f53-4588-bbea-ed3182065474",
	"dcab244f-b6d6-4714-9309-e1da8987dd01",
	"00000000-0000-0000-0000-000000000000");
INSERT INTO SM_SEVT
	VALUES ("246c1e2a-7f53-4588-bbea-ed3182065474",
	"dcab244f-b6d6-4714-9309-e1da8987dd01",
	"00000000-0000-0000-0000-000000000000");
INSERT INTO SM_EVT
	VALUES ("246c1e2a-7f53-4588-bbea-ed3182065474",
	"dcab244f-b6d6-4714-9309-e1da8987dd01",
	"00000000-0000-0000-0000-000000000000",
	5,
	'ScoringComplete',
	0,
	'',
	'Game5',
	'');
INSERT INTO SM_LEVT
	VALUES ("ec02c039-d283-4ee1-a933-6c9d2901d226",
	"dcab244f-b6d6-4714-9309-e1da8987dd01",
	"00000000-0000-0000-0000-000000000000");
INSERT INTO SM_SEVT
	VALUES ("ec02c039-d283-4ee1-a933-6c9d2901d226",
	"dcab244f-b6d6-4714-9309-e1da8987dd01",
	"00000000-0000-0000-0000-000000000000");
INSERT INTO SM_EVT
	VALUES ("ec02c039-d283-4ee1-a933-6c9d2901d226",
	"dcab244f-b6d6-4714-9309-e1da8987dd01",
	"00000000-0000-0000-0000-000000000000",
	6,
	'ScoringPlayMade',
	0,
	'',
	'Game6',
	'');
INSERT INTO SM_LEVT
	VALUES ("b81f2423-f37a-456f-9a1d-ca0f8636f8ba",
	"dcab244f-b6d6-4714-9309-e1da8987dd01",
	"00000000-0000-0000-0000-000000000000");
INSERT INTO SM_SEVT
	VALUES ("b81f2423-f37a-456f-9a1d-ca0f8636f8ba",
	"dcab244f-b6d6-4714-9309-e1da8987dd01",
	"00000000-0000-0000-0000-000000000000");
INSERT INTO SM_EVT
	VALUES ("b81f2423-f37a-456f-9a1d-ca0f8636f8ba",
	"dcab244f-b6d6-4714-9309-e1da8987dd01",
	"00000000-0000-0000-0000-000000000000",
	7,
	'MaxScoreReached',
	0,
	'',
	'Game7',
	'');
INSERT INTO SM_LEVT
	VALUES ("a2d448d3-cd99-4c5e-8495-75dfc36561ce",
	"dcab244f-b6d6-4714-9309-e1da8987dd01",
	"00000000-0000-0000-0000-000000000000");
INSERT INTO SM_SEVT
	VALUES ("a2d448d3-cd99-4c5e-8495-75dfc36561ce",
	"dcab244f-b6d6-4714-9309-e1da8987dd01",
	"00000000-0000-0000-0000-000000000000");
INSERT INTO SM_EVT
	VALUES ("a2d448d3-cd99-4c5e-8495-75dfc36561ce",
	"dcab244f-b6d6-4714-9309-e1da8987dd01",
	"00000000-0000-0000-0000-000000000000",
	8,
	'ContinueScoring',
	0,
	'',
	'Game8',
	'');
INSERT INTO SM_LEVT
	VALUES ("c6663330-eb0b-4184-b493-270c3ae54ae1",
	"dcab244f-b6d6-4714-9309-e1da8987dd01",
	"00000000-0000-0000-0000-000000000000");
INSERT INTO SM_SEVT
	VALUES ("c6663330-eb0b-4184-b493-270c3ae54ae1",
	"dcab244f-b6d6-4714-9309-e1da8987dd01",
	"00000000-0000-0000-0000-000000000000");
INSERT INTO SM_EVT
	VALUES ("c6663330-eb0b-4184-b493-270c3ae54ae1",
	"dcab244f-b6d6-4714-9309-e1da8987dd01",
	"00000000-0000-0000-0000-000000000000",
	9,
	'ContinueDiscarding',
	0,
	'',
	'Game9',
	'');
INSERT INTO SM_STATE
	VALUES ("3d1041a6-cdbb-45a5-947b-91a9da35086c",
	"dcab244f-b6d6-4714-9309-e1da8987dd01",
	"00000000-0000-0000-0000-000000000000",
	'PickingFirstCrib',
	1,
	0);
INSERT INTO SM_SEME
	VALUES ("3d1041a6-cdbb-45a5-947b-91a9da35086c",
	"ebcf5a9a-edc9-4132-adab-6869356d37ba",
	"dcab244f-b6d6-4714-9309-e1da8987dd01",
	"00000000-0000-0000-0000-000000000000");
INSERT INTO SM_CH
	VALUES ("3d1041a6-cdbb-45a5-947b-91a9da35086c",
	"6100ffea-4c50-40d9-8ccf-096e19eadcb6",
	"dcab244f-b6d6-4714-9309-e1da8987dd01",
	"00000000-0000-0000-0000-000000000000",
	'');
INSERT INTO SM_SEME
	VALUES ("3d1041a6-cdbb-45a5-947b-91a9da35086c",
	"6100ffea-4c50-40d9-8ccf-096e19eadcb6",
	"dcab244f-b6d6-4714-9309-e1da8987dd01",
	"00000000-0000-0000-0000-000000000000");
INSERT INTO SM_CH
	VALUES ("3d1041a6-cdbb-45a5-947b-91a9da35086c",
	"20138408-c023-43b0-af83-87bd0ea1f6b0",
	"dcab244f-b6d6-4714-9309-e1da8987dd01",
	"00000000-0000-0000-0000-000000000000",
	'');
INSERT INTO SM_SEME
	VALUES ("3d1041a6-cdbb-45a5-947b-91a9da35086c",
	"20138408-c023-43b0-af83-87bd0ea1f6b0",
	"dcab244f-b6d6-4714-9309-e1da8987dd01",
	"00000000-0000-0000-0000-000000000000");
INSERT INTO SM_CH
	VALUES ("3d1041a6-cdbb-45a5-947b-91a9da35086c",
	"097d3ae3-3753-44c4-9a30-7e6f1570f563",
	"dcab244f-b6d6-4714-9309-e1da8987dd01",
	"00000000-0000-0000-0000-000000000000",
	'');
INSERT INTO SM_SEME
	VALUES ("3d1041a6-cdbb-45a5-947b-91a9da35086c",
	"097d3ae3-3753-44c4-9a30-7e6f1570f563",
	"dcab244f-b6d6-4714-9309-e1da8987dd01",
	"00000000-0000-0000-0000-000000000000");
INSERT INTO SM_CH
	VALUES ("3d1041a6-cdbb-45a5-947b-91a9da35086c",
	"246c1e2a-7f53-4588-bbea-ed3182065474",
	"dcab244f-b6d6-4714-9309-e1da8987dd01",
	"00000000-0000-0000-0000-000000000000",
	'');
INSERT INTO SM_SEME
	VALUES ("3d1041a6-cdbb-45a5-947b-91a9da35086c",
	"246c1e2a-7f53-4588-bbea-ed3182065474",
	"dcab244f-b6d6-4714-9309-e1da8987dd01",
	"00000000-0000-0000-0000-000000000000");
INSERT INTO SM_CH
	VALUES ("3d1041a6-cdbb-45a5-947b-91a9da35086c",
	"ec02c039-d283-4ee1-a933-6c9d2901d226",
	"dcab244f-b6d6-4714-9309-e1da8987dd01",
	"00000000-0000-0000-0000-000000000000",
	'');
INSERT INTO SM_SEME
	VALUES ("3d1041a6-cdbb-45a5-947b-91a9da35086c",
	"ec02c039-d283-4ee1-a933-6c9d2901d226",
	"dcab244f-b6d6-4714-9309-e1da8987dd01",
	"00000000-0000-0000-0000-000000000000");
INSERT INTO SM_CH
	VALUES ("3d1041a6-cdbb-45a5-947b-91a9da35086c",
	"b81f2423-f37a-456f-9a1d-ca0f8636f8ba",
	"dcab244f-b6d6-4714-9309-e1da8987dd01",
	"00000000-0000-0000-0000-000000000000",
	'');
INSERT INTO SM_SEME
	VALUES ("3d1041a6-cdbb-45a5-947b-91a9da35086c",
	"b81f2423-f37a-456f-9a1d-ca0f8636f8ba",
	"dcab244f-b6d6-4714-9309-e1da8987dd01",
	"00000000-0000-0000-0000-000000000000");
INSERT INTO SM_CH
	VALUES ("3d1041a6-cdbb-45a5-947b-91a9da35086c",
	"a2d448d3-cd99-4c5e-8495-75dfc36561ce",
	"dcab244f-b6d6-4714-9309-e1da8987dd01",
	"00000000-0000-0000-0000-000000000000",
	'');
INSERT INTO SM_SEME
	VALUES ("3d1041a6-cdbb-45a5-947b-91a9da35086c",
	"a2d448d3-cd99-4c5e-8495-75dfc36561ce",
	"dcab244f-b6d6-4714-9309-e1da8987dd01",
	"00000000-0000-0000-0000-000000000000");
INSERT INTO SM_CH
	VALUES ("3d1041a6-cdbb-45a5-947b-91a9da35086c",
	"c6663330-eb0b-4184-b493-270c3ae54ae1",
	"dcab244f-b6d6-4714-9309-e1da8987dd01",
	"00000000-0000-0000-0000-000000000000",
	'');
INSERT INTO SM_SEME
	VALUES ("3d1041a6-cdbb-45a5-947b-91a9da35086c",
	"c6663330-eb0b-4184-b493-270c3ae54ae1",
	"dcab244f-b6d6-4714-9309-e1da8987dd01",
	"00000000-0000-0000-0000-000000000000");
INSERT INTO SM_MOAH
	VALUES ("75a98d1b-12d6-416f-824d-0ed8b827c680",
	"dcab244f-b6d6-4714-9309-e1da8987dd01",
	"3d1041a6-cdbb-45a5-947b-91a9da35086c");
INSERT INTO SM_AH
	VALUES ("75a98d1b-12d6-416f-824d-0ed8b827c680",
	"dcab244f-b6d6-4714-9309-e1da8987dd01");
INSERT INTO SM_ACT
	VALUES ("75a98d1b-12d6-416f-824d-0ed8b827c680",
	"dcab244f-b6d6-4714-9309-e1da8987dd01",
	3,
	'begin
  null;
end',
	'',
	1);
INSERT INTO SM_STATE
	VALUES ("06a4b9f2-b2a4-46f8-99e9-9c6f9b325858",
	"dcab244f-b6d6-4714-9309-e1da8987dd01",
	"00000000-0000-0000-0000-000000000000",
	'Dealing',
	2,
	0);
INSERT INTO SM_CH
	VALUES ("06a4b9f2-b2a4-46f8-99e9-9c6f9b325858",
	"ebcf5a9a-edc9-4132-adab-6869356d37ba",
	"dcab244f-b6d6-4714-9309-e1da8987dd01",
	"00000000-0000-0000-0000-000000000000",
	'');
INSERT INTO SM_SEME
	VALUES ("06a4b9f2-b2a4-46f8-99e9-9c6f9b325858",
	"ebcf5a9a-edc9-4132-adab-6869356d37ba",
	"dcab244f-b6d6-4714-9309-e1da8987dd01",
	"00000000-0000-0000-0000-000000000000");
INSERT INTO SM_SEME
	VALUES ("06a4b9f2-b2a4-46f8-99e9-9c6f9b325858",
	"6100ffea-4c50-40d9-8ccf-096e19eadcb6",
	"dcab244f-b6d6-4714-9309-e1da8987dd01",
	"00000000-0000-0000-0000-000000000000");
INSERT INTO SM_CH
	VALUES ("06a4b9f2-b2a4-46f8-99e9-9c6f9b325858",
	"20138408-c023-43b0-af83-87bd0ea1f6b0",
	"dcab244f-b6d6-4714-9309-e1da8987dd01",
	"00000000-0000-0000-0000-000000000000",
	'');
INSERT INTO SM_SEME
	VALUES ("06a4b9f2-b2a4-46f8-99e9-9c6f9b325858",
	"20138408-c023-43b0-af83-87bd0ea1f6b0",
	"dcab244f-b6d6-4714-9309-e1da8987dd01",
	"00000000-0000-0000-0000-000000000000");
INSERT INTO SM_CH
	VALUES ("06a4b9f2-b2a4-46f8-99e9-9c6f9b325858",
	"097d3ae3-3753-44c4-9a30-7e6f1570f563",
	"dcab244f-b6d6-4714-9309-e1da8987dd01",
	"00000000-0000-0000-0000-000000000000",
	'');
INSERT INTO SM_SEME
	VALUES ("06a4b9f2-b2a4-46f8-99e9-9c6f9b325858",
	"097d3ae3-3753-44c4-9a30-7e6f1570f563",
	"dcab244f-b6d6-4714-9309-e1da8987dd01",
	"00000000-0000-0000-0000-000000000000");
INSERT INTO SM_CH
	VALUES ("06a4b9f2-b2a4-46f8-99e9-9c6f9b325858",
	"246c1e2a-7f53-4588-bbea-ed3182065474",
	"dcab244f-b6d6-4714-9309-e1da8987dd01",
	"00000000-0000-0000-0000-000000000000",
	'');
INSERT INTO SM_SEME
	VALUES ("06a4b9f2-b2a4-46f8-99e9-9c6f9b325858",
	"246c1e2a-7f53-4588-bbea-ed3182065474",
	"dcab244f-b6d6-4714-9309-e1da8987dd01",
	"00000000-0000-0000-0000-000000000000");
INSERT INTO SM_CH
	VALUES ("06a4b9f2-b2a4-46f8-99e9-9c6f9b325858",
	"ec02c039-d283-4ee1-a933-6c9d2901d226",
	"dcab244f-b6d6-4714-9309-e1da8987dd01",
	"00000000-0000-0000-0000-000000000000",
	'');
INSERT INTO SM_SEME
	VALUES ("06a4b9f2-b2a4-46f8-99e9-9c6f9b325858",
	"ec02c039-d283-4ee1-a933-6c9d2901d226",
	"dcab244f-b6d6-4714-9309-e1da8987dd01",
	"00000000-0000-0000-0000-000000000000");
INSERT INTO SM_CH
	VALUES ("06a4b9f2-b2a4-46f8-99e9-9c6f9b325858",
	"b81f2423-f37a-456f-9a1d-ca0f8636f8ba",
	"dcab244f-b6d6-4714-9309-e1da8987dd01",
	"00000000-0000-0000-0000-000000000000",
	'');
INSERT INTO SM_SEME
	VALUES ("06a4b9f2-b2a4-46f8-99e9-9c6f9b325858",
	"b81f2423-f37a-456f-9a1d-ca0f8636f8ba",
	"dcab244f-b6d6-4714-9309-e1da8987dd01",
	"00000000-0000-0000-0000-000000000000");
INSERT INTO SM_CH
	VALUES ("06a4b9f2-b2a4-46f8-99e9-9c6f9b325858",
	"a2d448d3-cd99-4c5e-8495-75dfc36561ce",
	"dcab244f-b6d6-4714-9309-e1da8987dd01",
	"00000000-0000-0000-0000-000000000000",
	'');
INSERT INTO SM_SEME
	VALUES ("06a4b9f2-b2a4-46f8-99e9-9c6f9b325858",
	"a2d448d3-cd99-4c5e-8495-75dfc36561ce",
	"dcab244f-b6d6-4714-9309-e1da8987dd01",
	"00000000-0000-0000-0000-000000000000");
INSERT INTO SM_CH
	VALUES ("06a4b9f2-b2a4-46f8-99e9-9c6f9b325858",
	"c6663330-eb0b-4184-b493-270c3ae54ae1",
	"dcab244f-b6d6-4714-9309-e1da8987dd01",
	"00000000-0000-0000-0000-000000000000",
	'');
INSERT INTO SM_SEME
	VALUES ("06a4b9f2-b2a4-46f8-99e9-9c6f9b325858",
	"c6663330-eb0b-4184-b493-270c3ae54ae1",
	"dcab244f-b6d6-4714-9309-e1da8987dd01",
	"00000000-0000-0000-0000-000000000000");
INSERT INTO SM_MOAH
	VALUES ("411081f4-88a3-4884-be53-70480f8fb48e",
	"dcab244f-b6d6-4714-9309-e1da8987dd01",
	"06a4b9f2-b2a4-46f8-99e9-9c6f9b325858");
INSERT INTO SM_AH
	VALUES ("411081f4-88a3-4884-be53-70480f8fb48e",
	"dcab244f-b6d6-4714-9309-e1da8987dd01");
INSERT INTO SM_ACT
	VALUES ("411081f4-88a3-4884-be53-70480f8fb48e",
	"dcab244f-b6d6-4714-9309-e1da8987dd01",
	3,
	'begin
  null;
end',
	'',
	1);
INSERT INTO SM_STATE
	VALUES ("4c92e969-706a-41f7-bcd3-a462f05782ba",
	"dcab244f-b6d6-4714-9309-e1da8987dd01",
	"00000000-0000-0000-0000-000000000000",
	'DiscardingToCrib',
	3,
	0);
INSERT INTO SM_CH
	VALUES ("4c92e969-706a-41f7-bcd3-a462f05782ba",
	"ebcf5a9a-edc9-4132-adab-6869356d37ba",
	"dcab244f-b6d6-4714-9309-e1da8987dd01",
	"00000000-0000-0000-0000-000000000000",
	'');
INSERT INTO SM_SEME
	VALUES ("4c92e969-706a-41f7-bcd3-a462f05782ba",
	"ebcf5a9a-edc9-4132-adab-6869356d37ba",
	"dcab244f-b6d6-4714-9309-e1da8987dd01",
	"00000000-0000-0000-0000-000000000000");
INSERT INTO SM_CH
	VALUES ("4c92e969-706a-41f7-bcd3-a462f05782ba",
	"6100ffea-4c50-40d9-8ccf-096e19eadcb6",
	"dcab244f-b6d6-4714-9309-e1da8987dd01",
	"00000000-0000-0000-0000-000000000000",
	'');
INSERT INTO SM_SEME
	VALUES ("4c92e969-706a-41f7-bcd3-a462f05782ba",
	"6100ffea-4c50-40d9-8ccf-096e19eadcb6",
	"dcab244f-b6d6-4714-9309-e1da8987dd01",
	"00000000-0000-0000-0000-000000000000");
INSERT INTO SM_SEME
	VALUES ("4c92e969-706a-41f7-bcd3-a462f05782ba",
	"20138408-c023-43b0-af83-87bd0ea1f6b0",
	"dcab244f-b6d6-4714-9309-e1da8987dd01",
	"00000000-0000-0000-0000-000000000000");
INSERT INTO SM_CH
	VALUES ("4c92e969-706a-41f7-bcd3-a462f05782ba",
	"097d3ae3-3753-44c4-9a30-7e6f1570f563",
	"dcab244f-b6d6-4714-9309-e1da8987dd01",
	"00000000-0000-0000-0000-000000000000",
	'');
INSERT INTO SM_SEME
	VALUES ("4c92e969-706a-41f7-bcd3-a462f05782ba",
	"097d3ae3-3753-44c4-9a30-7e6f1570f563",
	"dcab244f-b6d6-4714-9309-e1da8987dd01",
	"00000000-0000-0000-0000-000000000000");
INSERT INTO SM_CH
	VALUES ("4c92e969-706a-41f7-bcd3-a462f05782ba",
	"246c1e2a-7f53-4588-bbea-ed3182065474",
	"dcab244f-b6d6-4714-9309-e1da8987dd01",
	"00000000-0000-0000-0000-000000000000",
	'');
INSERT INTO SM_SEME
	VALUES ("4c92e969-706a-41f7-bcd3-a462f05782ba",
	"246c1e2a-7f53-4588-bbea-ed3182065474",
	"dcab244f-b6d6-4714-9309-e1da8987dd01",
	"00000000-0000-0000-0000-000000000000");
INSERT INTO SM_CH
	VALUES ("4c92e969-706a-41f7-bcd3-a462f05782ba",
	"ec02c039-d283-4ee1-a933-6c9d2901d226",
	"dcab244f-b6d6-4714-9309-e1da8987dd01",
	"00000000-0000-0000-0000-000000000000",
	'');
INSERT INTO SM_SEME
	VALUES ("4c92e969-706a-41f7-bcd3-a462f05782ba",
	"ec02c039-d283-4ee1-a933-6c9d2901d226",
	"dcab244f-b6d6-4714-9309-e1da8987dd01",
	"00000000-0000-0000-0000-000000000000");
INSERT INTO SM_CH
	VALUES ("4c92e969-706a-41f7-bcd3-a462f05782ba",
	"b81f2423-f37a-456f-9a1d-ca0f8636f8ba",
	"dcab244f-b6d6-4714-9309-e1da8987dd01",
	"00000000-0000-0000-0000-000000000000",
	'');
INSERT INTO SM_SEME
	VALUES ("4c92e969-706a-41f7-bcd3-a462f05782ba",
	"b81f2423-f37a-456f-9a1d-ca0f8636f8ba",
	"dcab244f-b6d6-4714-9309-e1da8987dd01",
	"00000000-0000-0000-0000-000000000000");
INSERT INTO SM_CH
	VALUES ("4c92e969-706a-41f7-bcd3-a462f05782ba",
	"a2d448d3-cd99-4c5e-8495-75dfc36561ce",
	"dcab244f-b6d6-4714-9309-e1da8987dd01",
	"00000000-0000-0000-0000-000000000000",
	'');
INSERT INTO SM_SEME
	VALUES ("4c92e969-706a-41f7-bcd3-a462f05782ba",
	"a2d448d3-cd99-4c5e-8495-75dfc36561ce",
	"dcab244f-b6d6-4714-9309-e1da8987dd01",
	"00000000-0000-0000-0000-000000000000");
INSERT INTO SM_CH
	VALUES ("4c92e969-706a-41f7-bcd3-a462f05782ba",
	"c6663330-eb0b-4184-b493-270c3ae54ae1",
	"dcab244f-b6d6-4714-9309-e1da8987dd01",
	"00000000-0000-0000-0000-000000000000",
	'');
INSERT INTO SM_SEME
	VALUES ("4c92e969-706a-41f7-bcd3-a462f05782ba",
	"c6663330-eb0b-4184-b493-270c3ae54ae1",
	"dcab244f-b6d6-4714-9309-e1da8987dd01",
	"00000000-0000-0000-0000-000000000000");
INSERT INTO SM_MOAH
	VALUES ("2f13b0bb-f141-4a75-9ed7-c3645718f27f",
	"dcab244f-b6d6-4714-9309-e1da8987dd01",
	"4c92e969-706a-41f7-bcd3-a462f05782ba");
INSERT INTO SM_AH
	VALUES ("2f13b0bb-f141-4a75-9ed7-c3645718f27f",
	"dcab244f-b6d6-4714-9309-e1da8987dd01");
INSERT INTO SM_ACT
	VALUES ("2f13b0bb-f141-4a75-9ed7-c3645718f27f",
	"dcab244f-b6d6-4714-9309-e1da8987dd01",
	3,
	'begin
  null;
end',
	'',
	1);
INSERT INTO SM_STATE
	VALUES ("977dd1ec-997d-48f9-b5fa-f2fb3e666819",
	"dcab244f-b6d6-4714-9309-e1da8987dd01",
	"00000000-0000-0000-0000-000000000000",
	'DiscardingToPile',
	4,
	0);
INSERT INTO SM_CH
	VALUES ("977dd1ec-997d-48f9-b5fa-f2fb3e666819",
	"ebcf5a9a-edc9-4132-adab-6869356d37ba",
	"dcab244f-b6d6-4714-9309-e1da8987dd01",
	"00000000-0000-0000-0000-000000000000",
	'');
INSERT INTO SM_SEME
	VALUES ("977dd1ec-997d-48f9-b5fa-f2fb3e666819",
	"ebcf5a9a-edc9-4132-adab-6869356d37ba",
	"dcab244f-b6d6-4714-9309-e1da8987dd01",
	"00000000-0000-0000-0000-000000000000");
INSERT INTO SM_CH
	VALUES ("977dd1ec-997d-48f9-b5fa-f2fb3e666819",
	"6100ffea-4c50-40d9-8ccf-096e19eadcb6",
	"dcab244f-b6d6-4714-9309-e1da8987dd01",
	"00000000-0000-0000-0000-000000000000",
	'');
INSERT INTO SM_SEME
	VALUES ("977dd1ec-997d-48f9-b5fa-f2fb3e666819",
	"6100ffea-4c50-40d9-8ccf-096e19eadcb6",
	"dcab244f-b6d6-4714-9309-e1da8987dd01",
	"00000000-0000-0000-0000-000000000000");
INSERT INTO SM_CH
	VALUES ("977dd1ec-997d-48f9-b5fa-f2fb3e666819",
	"20138408-c023-43b0-af83-87bd0ea1f6b0",
	"dcab244f-b6d6-4714-9309-e1da8987dd01",
	"00000000-0000-0000-0000-000000000000",
	'');
INSERT INTO SM_SEME
	VALUES ("977dd1ec-997d-48f9-b5fa-f2fb3e666819",
	"20138408-c023-43b0-af83-87bd0ea1f6b0",
	"dcab244f-b6d6-4714-9309-e1da8987dd01",
	"00000000-0000-0000-0000-000000000000");
INSERT INTO SM_SEME
	VALUES ("977dd1ec-997d-48f9-b5fa-f2fb3e666819",
	"097d3ae3-3753-44c4-9a30-7e6f1570f563",
	"dcab244f-b6d6-4714-9309-e1da8987dd01",
	"00000000-0000-0000-0000-000000000000");
INSERT INTO SM_CH
	VALUES ("977dd1ec-997d-48f9-b5fa-f2fb3e666819",
	"246c1e2a-7f53-4588-bbea-ed3182065474",
	"dcab244f-b6d6-4714-9309-e1da8987dd01",
	"00000000-0000-0000-0000-000000000000",
	'');
INSERT INTO SM_SEME
	VALUES ("977dd1ec-997d-48f9-b5fa-f2fb3e666819",
	"246c1e2a-7f53-4588-bbea-ed3182065474",
	"dcab244f-b6d6-4714-9309-e1da8987dd01",
	"00000000-0000-0000-0000-000000000000");
INSERT INTO SM_SEME
	VALUES ("977dd1ec-997d-48f9-b5fa-f2fb3e666819",
	"ec02c039-d283-4ee1-a933-6c9d2901d226",
	"dcab244f-b6d6-4714-9309-e1da8987dd01",
	"00000000-0000-0000-0000-000000000000");
INSERT INTO SM_CH
	VALUES ("977dd1ec-997d-48f9-b5fa-f2fb3e666819",
	"b81f2423-f37a-456f-9a1d-ca0f8636f8ba",
	"dcab244f-b6d6-4714-9309-e1da8987dd01",
	"00000000-0000-0000-0000-000000000000",
	'');
INSERT INTO SM_SEME
	VALUES ("977dd1ec-997d-48f9-b5fa-f2fb3e666819",
	"b81f2423-f37a-456f-9a1d-ca0f8636f8ba",
	"dcab244f-b6d6-4714-9309-e1da8987dd01",
	"00000000-0000-0000-0000-000000000000");
INSERT INTO SM_CH
	VALUES ("977dd1ec-997d-48f9-b5fa-f2fb3e666819",
	"a2d448d3-cd99-4c5e-8495-75dfc36561ce",
	"dcab244f-b6d6-4714-9309-e1da8987dd01",
	"00000000-0000-0000-0000-000000000000",
	'');
INSERT INTO SM_SEME
	VALUES ("977dd1ec-997d-48f9-b5fa-f2fb3e666819",
	"a2d448d3-cd99-4c5e-8495-75dfc36561ce",
	"dcab244f-b6d6-4714-9309-e1da8987dd01",
	"00000000-0000-0000-0000-000000000000");
INSERT INTO SM_CH
	VALUES ("977dd1ec-997d-48f9-b5fa-f2fb3e666819",
	"c6663330-eb0b-4184-b493-270c3ae54ae1",
	"dcab244f-b6d6-4714-9309-e1da8987dd01",
	"00000000-0000-0000-0000-000000000000",
	'');
INSERT INTO SM_SEME
	VALUES ("977dd1ec-997d-48f9-b5fa-f2fb3e666819",
	"c6663330-eb0b-4184-b493-270c3ae54ae1",
	"dcab244f-b6d6-4714-9309-e1da8987dd01",
	"00000000-0000-0000-0000-000000000000");
INSERT INTO SM_MOAH
	VALUES ("30f0a5f0-4f2c-4355-9f05-0c31937f1c48",
	"dcab244f-b6d6-4714-9309-e1da8987dd01",
	"977dd1ec-997d-48f9-b5fa-f2fb3e666819");
INSERT INTO SM_AH
	VALUES ("30f0a5f0-4f2c-4355-9f05-0c31937f1c48",
	"dcab244f-b6d6-4714-9309-e1da8987dd01");
INSERT INTO SM_ACT
	VALUES ("30f0a5f0-4f2c-4355-9f05-0c31937f1c48",
	"dcab244f-b6d6-4714-9309-e1da8987dd01",
	3,
	'begin
  null;
end',
	'',
	1);
INSERT INTO SM_STATE
	VALUES ("3409f54c-907d-465b-9cbd-112331090b6f",
	"dcab244f-b6d6-4714-9309-e1da8987dd01",
	"00000000-0000-0000-0000-000000000000",
	'Scoring',
	5,
	0);
INSERT INTO SM_CH
	VALUES ("3409f54c-907d-465b-9cbd-112331090b6f",
	"ebcf5a9a-edc9-4132-adab-6869356d37ba",
	"dcab244f-b6d6-4714-9309-e1da8987dd01",
	"00000000-0000-0000-0000-000000000000",
	'');
INSERT INTO SM_SEME
	VALUES ("3409f54c-907d-465b-9cbd-112331090b6f",
	"ebcf5a9a-edc9-4132-adab-6869356d37ba",
	"dcab244f-b6d6-4714-9309-e1da8987dd01",
	"00000000-0000-0000-0000-000000000000");
INSERT INTO SM_CH
	VALUES ("3409f54c-907d-465b-9cbd-112331090b6f",
	"6100ffea-4c50-40d9-8ccf-096e19eadcb6",
	"dcab244f-b6d6-4714-9309-e1da8987dd01",
	"00000000-0000-0000-0000-000000000000",
	'');
INSERT INTO SM_SEME
	VALUES ("3409f54c-907d-465b-9cbd-112331090b6f",
	"6100ffea-4c50-40d9-8ccf-096e19eadcb6",
	"dcab244f-b6d6-4714-9309-e1da8987dd01",
	"00000000-0000-0000-0000-000000000000");
INSERT INTO SM_CH
	VALUES ("3409f54c-907d-465b-9cbd-112331090b6f",
	"20138408-c023-43b0-af83-87bd0ea1f6b0",
	"dcab244f-b6d6-4714-9309-e1da8987dd01",
	"00000000-0000-0000-0000-000000000000",
	'');
INSERT INTO SM_SEME
	VALUES ("3409f54c-907d-465b-9cbd-112331090b6f",
	"20138408-c023-43b0-af83-87bd0ea1f6b0",
	"dcab244f-b6d6-4714-9309-e1da8987dd01",
	"00000000-0000-0000-0000-000000000000");
INSERT INTO SM_CH
	VALUES ("3409f54c-907d-465b-9cbd-112331090b6f",
	"097d3ae3-3753-44c4-9a30-7e6f1570f563",
	"dcab244f-b6d6-4714-9309-e1da8987dd01",
	"00000000-0000-0000-0000-000000000000",
	'');
INSERT INTO SM_SEME
	VALUES ("3409f54c-907d-465b-9cbd-112331090b6f",
	"097d3ae3-3753-44c4-9a30-7e6f1570f563",
	"dcab244f-b6d6-4714-9309-e1da8987dd01",
	"00000000-0000-0000-0000-000000000000");
INSERT INTO SM_SEME
	VALUES ("3409f54c-907d-465b-9cbd-112331090b6f",
	"246c1e2a-7f53-4588-bbea-ed3182065474",
	"dcab244f-b6d6-4714-9309-e1da8987dd01",
	"00000000-0000-0000-0000-000000000000");
INSERT INTO SM_SEME
	VALUES ("3409f54c-907d-465b-9cbd-112331090b6f",
	"ec02c039-d283-4ee1-a933-6c9d2901d226",
	"dcab244f-b6d6-4714-9309-e1da8987dd01",
	"00000000-0000-0000-0000-000000000000");
INSERT INTO SM_CH
	VALUES ("3409f54c-907d-465b-9cbd-112331090b6f",
	"b81f2423-f37a-456f-9a1d-ca0f8636f8ba",
	"dcab244f-b6d6-4714-9309-e1da8987dd01",
	"00000000-0000-0000-0000-000000000000",
	'');
INSERT INTO SM_SEME
	VALUES ("3409f54c-907d-465b-9cbd-112331090b6f",
	"b81f2423-f37a-456f-9a1d-ca0f8636f8ba",
	"dcab244f-b6d6-4714-9309-e1da8987dd01",
	"00000000-0000-0000-0000-000000000000");
INSERT INTO SM_CH
	VALUES ("3409f54c-907d-465b-9cbd-112331090b6f",
	"a2d448d3-cd99-4c5e-8495-75dfc36561ce",
	"dcab244f-b6d6-4714-9309-e1da8987dd01",
	"00000000-0000-0000-0000-000000000000",
	'');
INSERT INTO SM_SEME
	VALUES ("3409f54c-907d-465b-9cbd-112331090b6f",
	"a2d448d3-cd99-4c5e-8495-75dfc36561ce",
	"dcab244f-b6d6-4714-9309-e1da8987dd01",
	"00000000-0000-0000-0000-000000000000");
INSERT INTO SM_CH
	VALUES ("3409f54c-907d-465b-9cbd-112331090b6f",
	"c6663330-eb0b-4184-b493-270c3ae54ae1",
	"dcab244f-b6d6-4714-9309-e1da8987dd01",
	"00000000-0000-0000-0000-000000000000",
	'');
INSERT INTO SM_SEME
	VALUES ("3409f54c-907d-465b-9cbd-112331090b6f",
	"c6663330-eb0b-4184-b493-270c3ae54ae1",
	"dcab244f-b6d6-4714-9309-e1da8987dd01",
	"00000000-0000-0000-0000-000000000000");
INSERT INTO SM_MOAH
	VALUES ("888e8432-a7af-40d3-9029-1f272b548f34",
	"dcab244f-b6d6-4714-9309-e1da8987dd01",
	"3409f54c-907d-465b-9cbd-112331090b6f");
INSERT INTO SM_AH
	VALUES ("888e8432-a7af-40d3-9029-1f272b548f34",
	"dcab244f-b6d6-4714-9309-e1da8987dd01");
INSERT INTO SM_ACT
	VALUES ("888e8432-a7af-40d3-9029-1f272b548f34",
	"dcab244f-b6d6-4714-9309-e1da8987dd01",
	3,
	'begin
  null;
end',
	'',
	1);
INSERT INTO SM_STATE
	VALUES ("0e68d588-26ad-4ba0-a526-80db954d90bd",
	"dcab244f-b6d6-4714-9309-e1da8987dd01",
	"00000000-0000-0000-0000-000000000000",
	'Pegging',
	6,
	0);
INSERT INTO SM_CH
	VALUES ("0e68d588-26ad-4ba0-a526-80db954d90bd",
	"ebcf5a9a-edc9-4132-adab-6869356d37ba",
	"dcab244f-b6d6-4714-9309-e1da8987dd01",
	"00000000-0000-0000-0000-000000000000",
	'');
INSERT INTO SM_SEME
	VALUES ("0e68d588-26ad-4ba0-a526-80db954d90bd",
	"ebcf5a9a-edc9-4132-adab-6869356d37ba",
	"dcab244f-b6d6-4714-9309-e1da8987dd01",
	"00000000-0000-0000-0000-000000000000");
INSERT INTO SM_CH
	VALUES ("0e68d588-26ad-4ba0-a526-80db954d90bd",
	"6100ffea-4c50-40d9-8ccf-096e19eadcb6",
	"dcab244f-b6d6-4714-9309-e1da8987dd01",
	"00000000-0000-0000-0000-000000000000",
	'');
INSERT INTO SM_SEME
	VALUES ("0e68d588-26ad-4ba0-a526-80db954d90bd",
	"6100ffea-4c50-40d9-8ccf-096e19eadcb6",
	"dcab244f-b6d6-4714-9309-e1da8987dd01",
	"00000000-0000-0000-0000-000000000000");
INSERT INTO SM_CH
	VALUES ("0e68d588-26ad-4ba0-a526-80db954d90bd",
	"20138408-c023-43b0-af83-87bd0ea1f6b0",
	"dcab244f-b6d6-4714-9309-e1da8987dd01",
	"00000000-0000-0000-0000-000000000000",
	'');
INSERT INTO SM_SEME
	VALUES ("0e68d588-26ad-4ba0-a526-80db954d90bd",
	"20138408-c023-43b0-af83-87bd0ea1f6b0",
	"dcab244f-b6d6-4714-9309-e1da8987dd01",
	"00000000-0000-0000-0000-000000000000");
INSERT INTO SM_CH
	VALUES ("0e68d588-26ad-4ba0-a526-80db954d90bd",
	"097d3ae3-3753-44c4-9a30-7e6f1570f563",
	"dcab244f-b6d6-4714-9309-e1da8987dd01",
	"00000000-0000-0000-0000-000000000000",
	'');
INSERT INTO SM_SEME
	VALUES ("0e68d588-26ad-4ba0-a526-80db954d90bd",
	"097d3ae3-3753-44c4-9a30-7e6f1570f563",
	"dcab244f-b6d6-4714-9309-e1da8987dd01",
	"00000000-0000-0000-0000-000000000000");
INSERT INTO SM_CH
	VALUES ("0e68d588-26ad-4ba0-a526-80db954d90bd",
	"246c1e2a-7f53-4588-bbea-ed3182065474",
	"dcab244f-b6d6-4714-9309-e1da8987dd01",
	"00000000-0000-0000-0000-000000000000",
	'');
INSERT INTO SM_SEME
	VALUES ("0e68d588-26ad-4ba0-a526-80db954d90bd",
	"246c1e2a-7f53-4588-bbea-ed3182065474",
	"dcab244f-b6d6-4714-9309-e1da8987dd01",
	"00000000-0000-0000-0000-000000000000");
INSERT INTO SM_CH
	VALUES ("0e68d588-26ad-4ba0-a526-80db954d90bd",
	"ec02c039-d283-4ee1-a933-6c9d2901d226",
	"dcab244f-b6d6-4714-9309-e1da8987dd01",
	"00000000-0000-0000-0000-000000000000",
	'');
INSERT INTO SM_SEME
	VALUES ("0e68d588-26ad-4ba0-a526-80db954d90bd",
	"ec02c039-d283-4ee1-a933-6c9d2901d226",
	"dcab244f-b6d6-4714-9309-e1da8987dd01",
	"00000000-0000-0000-0000-000000000000");
INSERT INTO SM_SEME
	VALUES ("0e68d588-26ad-4ba0-a526-80db954d90bd",
	"b81f2423-f37a-456f-9a1d-ca0f8636f8ba",
	"dcab244f-b6d6-4714-9309-e1da8987dd01",
	"00000000-0000-0000-0000-000000000000");
INSERT INTO SM_SEME
	VALUES ("0e68d588-26ad-4ba0-a526-80db954d90bd",
	"a2d448d3-cd99-4c5e-8495-75dfc36561ce",
	"dcab244f-b6d6-4714-9309-e1da8987dd01",
	"00000000-0000-0000-0000-000000000000");
INSERT INTO SM_SEME
	VALUES ("0e68d588-26ad-4ba0-a526-80db954d90bd",
	"c6663330-eb0b-4184-b493-270c3ae54ae1",
	"dcab244f-b6d6-4714-9309-e1da8987dd01",
	"00000000-0000-0000-0000-000000000000");
INSERT INTO SM_MOAH
	VALUES ("3626b3e4-e38b-4a42-9aac-c9cdf9d445d9",
	"dcab244f-b6d6-4714-9309-e1da8987dd01",
	"0e68d588-26ad-4ba0-a526-80db954d90bd");
INSERT INTO SM_AH
	VALUES ("3626b3e4-e38b-4a42-9aac-c9cdf9d445d9",
	"dcab244f-b6d6-4714-9309-e1da8987dd01");
INSERT INTO SM_ACT
	VALUES ("3626b3e4-e38b-4a42-9aac-c9cdf9d445d9",
	"dcab244f-b6d6-4714-9309-e1da8987dd01",
	3,
	'begin
  null;
end',
	'',
	1);
INSERT INTO SM_STATE
	VALUES ("0db86bce-777e-4b26-bb8f-61540fee556c",
	"dcab244f-b6d6-4714-9309-e1da8987dd01",
	"00000000-0000-0000-0000-000000000000",
	'EndOfGame',
	7,
	0);
INSERT INTO SM_CH
	VALUES ("0db86bce-777e-4b26-bb8f-61540fee556c",
	"ebcf5a9a-edc9-4132-adab-6869356d37ba",
	"dcab244f-b6d6-4714-9309-e1da8987dd01",
	"00000000-0000-0000-0000-000000000000",
	'');
INSERT INTO SM_SEME
	VALUES ("0db86bce-777e-4b26-bb8f-61540fee556c",
	"ebcf5a9a-edc9-4132-adab-6869356d37ba",
	"dcab244f-b6d6-4714-9309-e1da8987dd01",
	"00000000-0000-0000-0000-000000000000");
INSERT INTO SM_CH
	VALUES ("0db86bce-777e-4b26-bb8f-61540fee556c",
	"6100ffea-4c50-40d9-8ccf-096e19eadcb6",
	"dcab244f-b6d6-4714-9309-e1da8987dd01",
	"00000000-0000-0000-0000-000000000000",
	'');
INSERT INTO SM_SEME
	VALUES ("0db86bce-777e-4b26-bb8f-61540fee556c",
	"6100ffea-4c50-40d9-8ccf-096e19eadcb6",
	"dcab244f-b6d6-4714-9309-e1da8987dd01",
	"00000000-0000-0000-0000-000000000000");
INSERT INTO SM_CH
	VALUES ("0db86bce-777e-4b26-bb8f-61540fee556c",
	"20138408-c023-43b0-af83-87bd0ea1f6b0",
	"dcab244f-b6d6-4714-9309-e1da8987dd01",
	"00000000-0000-0000-0000-000000000000",
	'');
INSERT INTO SM_SEME
	VALUES ("0db86bce-777e-4b26-bb8f-61540fee556c",
	"20138408-c023-43b0-af83-87bd0ea1f6b0",
	"dcab244f-b6d6-4714-9309-e1da8987dd01",
	"00000000-0000-0000-0000-000000000000");
INSERT INTO SM_CH
	VALUES ("0db86bce-777e-4b26-bb8f-61540fee556c",
	"097d3ae3-3753-44c4-9a30-7e6f1570f563",
	"dcab244f-b6d6-4714-9309-e1da8987dd01",
	"00000000-0000-0000-0000-000000000000",
	'');
INSERT INTO SM_SEME
	VALUES ("0db86bce-777e-4b26-bb8f-61540fee556c",
	"097d3ae3-3753-44c4-9a30-7e6f1570f563",
	"dcab244f-b6d6-4714-9309-e1da8987dd01",
	"00000000-0000-0000-0000-000000000000");
INSERT INTO SM_CH
	VALUES ("0db86bce-777e-4b26-bb8f-61540fee556c",
	"246c1e2a-7f53-4588-bbea-ed3182065474",
	"dcab244f-b6d6-4714-9309-e1da8987dd01",
	"00000000-0000-0000-0000-000000000000",
	'');
INSERT INTO SM_SEME
	VALUES ("0db86bce-777e-4b26-bb8f-61540fee556c",
	"246c1e2a-7f53-4588-bbea-ed3182065474",
	"dcab244f-b6d6-4714-9309-e1da8987dd01",
	"00000000-0000-0000-0000-000000000000");
INSERT INTO SM_CH
	VALUES ("0db86bce-777e-4b26-bb8f-61540fee556c",
	"ec02c039-d283-4ee1-a933-6c9d2901d226",
	"dcab244f-b6d6-4714-9309-e1da8987dd01",
	"00000000-0000-0000-0000-000000000000",
	'');
INSERT INTO SM_SEME
	VALUES ("0db86bce-777e-4b26-bb8f-61540fee556c",
	"ec02c039-d283-4ee1-a933-6c9d2901d226",
	"dcab244f-b6d6-4714-9309-e1da8987dd01",
	"00000000-0000-0000-0000-000000000000");
INSERT INTO SM_CH
	VALUES ("0db86bce-777e-4b26-bb8f-61540fee556c",
	"b81f2423-f37a-456f-9a1d-ca0f8636f8ba",
	"dcab244f-b6d6-4714-9309-e1da8987dd01",
	"00000000-0000-0000-0000-000000000000",
	'');
INSERT INTO SM_SEME
	VALUES ("0db86bce-777e-4b26-bb8f-61540fee556c",
	"b81f2423-f37a-456f-9a1d-ca0f8636f8ba",
	"dcab244f-b6d6-4714-9309-e1da8987dd01",
	"00000000-0000-0000-0000-000000000000");
INSERT INTO SM_CH
	VALUES ("0db86bce-777e-4b26-bb8f-61540fee556c",
	"a2d448d3-cd99-4c5e-8495-75dfc36561ce",
	"dcab244f-b6d6-4714-9309-e1da8987dd01",
	"00000000-0000-0000-0000-000000000000",
	'');
INSERT INTO SM_SEME
	VALUES ("0db86bce-777e-4b26-bb8f-61540fee556c",
	"a2d448d3-cd99-4c5e-8495-75dfc36561ce",
	"dcab244f-b6d6-4714-9309-e1da8987dd01",
	"00000000-0000-0000-0000-000000000000");
INSERT INTO SM_CH
	VALUES ("0db86bce-777e-4b26-bb8f-61540fee556c",
	"c6663330-eb0b-4184-b493-270c3ae54ae1",
	"dcab244f-b6d6-4714-9309-e1da8987dd01",
	"00000000-0000-0000-0000-000000000000",
	'');
INSERT INTO SM_SEME
	VALUES ("0db86bce-777e-4b26-bb8f-61540fee556c",
	"c6663330-eb0b-4184-b493-270c3ae54ae1",
	"dcab244f-b6d6-4714-9309-e1da8987dd01",
	"00000000-0000-0000-0000-000000000000");
INSERT INTO SM_MOAH
	VALUES ("e7e265d0-741a-4390-b08e-5392764169bd",
	"dcab244f-b6d6-4714-9309-e1da8987dd01",
	"0db86bce-777e-4b26-bb8f-61540fee556c");
INSERT INTO SM_AH
	VALUES ("e7e265d0-741a-4390-b08e-5392764169bd",
	"dcab244f-b6d6-4714-9309-e1da8987dd01");
INSERT INTO SM_ACT
	VALUES ("e7e265d0-741a-4390-b08e-5392764169bd",
	"dcab244f-b6d6-4714-9309-e1da8987dd01",
	3,
	'begin
  null;
end',
	'',
	1);
INSERT INTO SM_NSTXN
	VALUES ("c9c915ac-3193-4abe-b0f8-2eeb88801c8a",
	"dcab244f-b6d6-4714-9309-e1da8987dd01",
	"3d1041a6-cdbb-45a5-947b-91a9da35086c",
	"ebcf5a9a-edc9-4132-adab-6869356d37ba",
	"00000000-0000-0000-0000-000000000000");
INSERT INTO SM_TAH
	VALUES ("00000000-0000-0000-0000-000000000000",
	"dcab244f-b6d6-4714-9309-e1da8987dd01",
	"c9c915ac-3193-4abe-b0f8-2eeb88801c8a");
INSERT INTO SM_TXN
	VALUES ("c9c915ac-3193-4abe-b0f8-2eeb88801c8a",
	"dcab244f-b6d6-4714-9309-e1da8987dd01",
	"06a4b9f2-b2a4-46f8-99e9-9c6f9b325858",
	"00000000-0000-0000-0000-000000000000");
INSERT INTO SM_NSTXN
	VALUES ("3ce44054-760c-4af4-901a-f7e9e2b60f26",
	"dcab244f-b6d6-4714-9309-e1da8987dd01",
	"06a4b9f2-b2a4-46f8-99e9-9c6f9b325858",
	"6100ffea-4c50-40d9-8ccf-096e19eadcb6",
	"00000000-0000-0000-0000-000000000000");
INSERT INTO SM_TAH
	VALUES ("00000000-0000-0000-0000-000000000000",
	"dcab244f-b6d6-4714-9309-e1da8987dd01",
	"3ce44054-760c-4af4-901a-f7e9e2b60f26");
INSERT INTO SM_TXN
	VALUES ("3ce44054-760c-4af4-901a-f7e9e2b60f26",
	"dcab244f-b6d6-4714-9309-e1da8987dd01",
	"4c92e969-706a-41f7-bcd3-a462f05782ba",
	"00000000-0000-0000-0000-000000000000");
INSERT INTO SM_NSTXN
	VALUES ("0c25ef37-b85c-43f8-99da-b4db6c4ea2e6",
	"dcab244f-b6d6-4714-9309-e1da8987dd01",
	"4c92e969-706a-41f7-bcd3-a462f05782ba",
	"20138408-c023-43b0-af83-87bd0ea1f6b0",
	"00000000-0000-0000-0000-000000000000");
INSERT INTO SM_TAH
	VALUES ("00000000-0000-0000-0000-000000000000",
	"dcab244f-b6d6-4714-9309-e1da8987dd01",
	"0c25ef37-b85c-43f8-99da-b4db6c4ea2e6");
INSERT INTO SM_TXN
	VALUES ("0c25ef37-b85c-43f8-99da-b4db6c4ea2e6",
	"dcab244f-b6d6-4714-9309-e1da8987dd01",
	"977dd1ec-997d-48f9-b5fa-f2fb3e666819",
	"00000000-0000-0000-0000-000000000000");
INSERT INTO SM_NSTXN
	VALUES ("fb7afe69-d6de-423e-8f34-cb92599ea88d",
	"dcab244f-b6d6-4714-9309-e1da8987dd01",
	"977dd1ec-997d-48f9-b5fa-f2fb3e666819",
	"097d3ae3-3753-44c4-9a30-7e6f1570f563",
	"00000000-0000-0000-0000-000000000000");
INSERT INTO SM_TAH
	VALUES ("00000000-0000-0000-0000-000000000000",
	"dcab244f-b6d6-4714-9309-e1da8987dd01",
	"fb7afe69-d6de-423e-8f34-cb92599ea88d");
INSERT INTO SM_TXN
	VALUES ("fb7afe69-d6de-423e-8f34-cb92599ea88d",
	"dcab244f-b6d6-4714-9309-e1da8987dd01",
	"3409f54c-907d-465b-9cbd-112331090b6f",
	"00000000-0000-0000-0000-000000000000");
INSERT INTO SM_NSTXN
	VALUES ("2afa642a-73e2-4445-a431-ccc2d0cdc327",
	"dcab244f-b6d6-4714-9309-e1da8987dd01",
	"977dd1ec-997d-48f9-b5fa-f2fb3e666819",
	"ec02c039-d283-4ee1-a933-6c9d2901d226",
	"00000000-0000-0000-0000-000000000000");
INSERT INTO SM_TAH
	VALUES ("00000000-0000-0000-0000-000000000000",
	"dcab244f-b6d6-4714-9309-e1da8987dd01",
	"2afa642a-73e2-4445-a431-ccc2d0cdc327");
INSERT INTO SM_TXN
	VALUES ("2afa642a-73e2-4445-a431-ccc2d0cdc327",
	"dcab244f-b6d6-4714-9309-e1da8987dd01",
	"0e68d588-26ad-4ba0-a526-80db954d90bd",
	"00000000-0000-0000-0000-000000000000");
INSERT INTO SM_NSTXN
	VALUES ("de685f1b-aa78-4db0-a4d9-6a0f16af78a7",
	"dcab244f-b6d6-4714-9309-e1da8987dd01",
	"3409f54c-907d-465b-9cbd-112331090b6f",
	"246c1e2a-7f53-4588-bbea-ed3182065474",
	"00000000-0000-0000-0000-000000000000");
INSERT INTO SM_TAH
	VALUES ("00000000-0000-0000-0000-000000000000",
	"dcab244f-b6d6-4714-9309-e1da8987dd01",
	"de685f1b-aa78-4db0-a4d9-6a0f16af78a7");
INSERT INTO SM_TXN
	VALUES ("de685f1b-aa78-4db0-a4d9-6a0f16af78a7",
	"dcab244f-b6d6-4714-9309-e1da8987dd01",
	"06a4b9f2-b2a4-46f8-99e9-9c6f9b325858",
	"00000000-0000-0000-0000-000000000000");
INSERT INTO SM_NSTXN
	VALUES ("7e6c79ae-594c-4df0-bf01-98406c9cd2b5",
	"dcab244f-b6d6-4714-9309-e1da8987dd01",
	"3409f54c-907d-465b-9cbd-112331090b6f",
	"ec02c039-d283-4ee1-a933-6c9d2901d226",
	"00000000-0000-0000-0000-000000000000");
INSERT INTO SM_TAH
	VALUES ("00000000-0000-0000-0000-000000000000",
	"dcab244f-b6d6-4714-9309-e1da8987dd01",
	"7e6c79ae-594c-4df0-bf01-98406c9cd2b5");
INSERT INTO SM_TXN
	VALUES ("7e6c79ae-594c-4df0-bf01-98406c9cd2b5",
	"dcab244f-b6d6-4714-9309-e1da8987dd01",
	"0e68d588-26ad-4ba0-a526-80db954d90bd",
	"00000000-0000-0000-0000-000000000000");
INSERT INTO SM_NSTXN
	VALUES ("5e53e21c-da63-45c0-bac4-7e2912622f61",
	"dcab244f-b6d6-4714-9309-e1da8987dd01",
	"0e68d588-26ad-4ba0-a526-80db954d90bd",
	"b81f2423-f37a-456f-9a1d-ca0f8636f8ba",
	"00000000-0000-0000-0000-000000000000");
INSERT INTO SM_TAH
	VALUES ("00000000-0000-0000-0000-000000000000",
	"dcab244f-b6d6-4714-9309-e1da8987dd01",
	"5e53e21c-da63-45c0-bac4-7e2912622f61");
INSERT INTO SM_TXN
	VALUES ("5e53e21c-da63-45c0-bac4-7e2912622f61",
	"dcab244f-b6d6-4714-9309-e1da8987dd01",
	"0db86bce-777e-4b26-bb8f-61540fee556c",
	"00000000-0000-0000-0000-000000000000");
INSERT INTO SM_NSTXN
	VALUES ("134c85be-928c-48b2-b024-4e89658c95c7",
	"dcab244f-b6d6-4714-9309-e1da8987dd01",
	"0e68d588-26ad-4ba0-a526-80db954d90bd",
	"a2d448d3-cd99-4c5e-8495-75dfc36561ce",
	"00000000-0000-0000-0000-000000000000");
INSERT INTO SM_TAH
	VALUES ("00000000-0000-0000-0000-000000000000",
	"dcab244f-b6d6-4714-9309-e1da8987dd01",
	"134c85be-928c-48b2-b024-4e89658c95c7");
INSERT INTO SM_TXN
	VALUES ("134c85be-928c-48b2-b024-4e89658c95c7",
	"dcab244f-b6d6-4714-9309-e1da8987dd01",
	"3409f54c-907d-465b-9cbd-112331090b6f",
	"00000000-0000-0000-0000-000000000000");
INSERT INTO SM_NSTXN
	VALUES ("cae45474-f8e8-4cea-aafc-5ccc0b36fb55",
	"dcab244f-b6d6-4714-9309-e1da8987dd01",
	"0e68d588-26ad-4ba0-a526-80db954d90bd",
	"c6663330-eb0b-4184-b493-270c3ae54ae1",
	"00000000-0000-0000-0000-000000000000");
INSERT INTO SM_TAH
	VALUES ("00000000-0000-0000-0000-000000000000",
	"dcab244f-b6d6-4714-9309-e1da8987dd01",
	"cae45474-f8e8-4cea-aafc-5ccc0b36fb55");
INSERT INTO SM_TXN
	VALUES ("cae45474-f8e8-4cea-aafc-5ccc0b36fb55",
	"dcab244f-b6d6-4714-9309-e1da8987dd01",
	"977dd1ec-997d-48f9-b5fa-f2fb3e666819",
	"00000000-0000-0000-0000-000000000000");
INSERT INTO PE_PE
	VALUES ("df0a0901-aa7c-4488-8afc-153bdc06ae38",
	1,
	"2e5272a8-d08d-4d31-9c31-e769bee957e6",
	"00000000-0000-0000-0000-000000000000",
	3);
INSERT INTO S_DT
	VALUES ("df0a0901-aa7c-4488-8afc-153bdc06ae38",
	"00000000-0000-0000-0000-000000000000",
	'inst_ref<Game>',
	'',
	'');
INSERT INTO S_IRDT
	VALUES ("df0a0901-aa7c-4488-8afc-153bdc06ae38",
	0,
	"a432acd5-c989-4c4f-8071-0b88be80aca6");
INSERT INTO PE_PE
	VALUES ("de93c845-74aa-42cd-8b3e-4538c84328b9",
	1,
	"2e5272a8-d08d-4d31-9c31-e769bee957e6",
	"00000000-0000-0000-0000-000000000000",
	3);
INSERT INTO S_DT
	VALUES ("de93c845-74aa-42cd-8b3e-4538c84328b9",
	"00000000-0000-0000-0000-000000000000",
	'inst_ref_set<Game>',
	'',
	'');
INSERT INTO S_IRDT
	VALUES ("de93c845-74aa-42cd-8b3e-4538c84328b9",
	1,
	"a432acd5-c989-4c4f-8071-0b88be80aca6");
INSERT INTO PE_PE
	VALUES ("7c8227df-316e-425f-b365-2c556d051d06",
	1,
	"2e5272a8-d08d-4d31-9c31-e769bee957e6",
	"00000000-0000-0000-0000-000000000000",
	4);
INSERT INTO O_OBJ
	VALUES ("7c8227df-316e-425f-b365-2c556d051d06",
	'Hand',
	6,
	'Hand',
	'',
	"00000000-0000-0000-0000-000000000000");
INSERT INTO O_NBATTR
	VALUES ("3f8a8b45-9a6b-4fa9-aca6-8088df1817f4",
	"7c8227df-316e-425f-b365-2c556d051d06");
INSERT INTO O_BATTR
	VALUES ("3f8a8b45-9a6b-4fa9-aca6-8088df1817f4",
	"7c8227df-316e-425f-b365-2c556d051d06");
INSERT INTO O_ATTR
	VALUES ("3f8a8b45-9a6b-4fa9-aca6-8088df1817f4",
	"7c8227df-316e-425f-b365-2c556d051d06",
	"00000000-0000-0000-0000-000000000000",
	'hand_id',
	'',
	'',
	'hand_id',
	0,
	"5fb79df4-fa29-492c-a632-ff670eb8f714",
	'',
	'');
INSERT INTO O_ID
	VALUES (0,
	"7c8227df-316e-425f-b365-2c556d051d06");
INSERT INTO O_OIDA
	VALUES ("3f8a8b45-9a6b-4fa9-aca6-8088df1817f4",
	"7c8227df-316e-425f-b365-2c556d051d06",
	0,
	'hand_id');
INSERT INTO O_ID
	VALUES (1,
	"7c8227df-316e-425f-b365-2c556d051d06");
INSERT INTO O_ID
	VALUES (2,
	"7c8227df-316e-425f-b365-2c556d051d06");
INSERT INTO PE_PE
	VALUES ("e2f1306b-bbb6-4bc1-8271-421798efcc0f",
	1,
	"2e5272a8-d08d-4d31-9c31-e769bee957e6",
	"00000000-0000-0000-0000-000000000000",
	3);
INSERT INTO S_DT
	VALUES ("e2f1306b-bbb6-4bc1-8271-421798efcc0f",
	"00000000-0000-0000-0000-000000000000",
	'inst_ref<Hand>',
	'',
	'');
INSERT INTO S_IRDT
	VALUES ("e2f1306b-bbb6-4bc1-8271-421798efcc0f",
	0,
	"7c8227df-316e-425f-b365-2c556d051d06");
INSERT INTO PE_PE
	VALUES ("7efc5ea6-c5ff-4a66-bcc5-ecc919468267",
	1,
	"2e5272a8-d08d-4d31-9c31-e769bee957e6",
	"00000000-0000-0000-0000-000000000000",
	3);
INSERT INTO S_DT
	VALUES ("7efc5ea6-c5ff-4a66-bcc5-ecc919468267",
	"00000000-0000-0000-0000-000000000000",
	'inst_ref_set<Hand>',
	'',
	'');
INSERT INTO S_IRDT
	VALUES ("7efc5ea6-c5ff-4a66-bcc5-ecc919468267",
	1,
	"7c8227df-316e-425f-b365-2c556d051d06");
INSERT INTO PE_PE
	VALUES ("053cfb36-a3f2-4128-a67f-6b87aaae86eb",
	1,
	"2e5272a8-d08d-4d31-9c31-e769bee957e6",
	"00000000-0000-0000-0000-000000000000",
	4);
INSERT INTO O_OBJ
	VALUES ("053cfb36-a3f2-4128-a67f-6b87aaae86eb",
	'NormalPlay',
	7,
	'NormalPlay',
	'',
	"00000000-0000-0000-0000-000000000000");
INSERT INTO O_REF
	VALUES ("053cfb36-a3f2-4128-a67f-6b87aaae86eb",
	"39d9fbc4-4bcc-4a58-a9a7-0e36c7930bef",
	0,
	"040ce387-f0f2-4c90-a3da-71a4bd87a3ea",
	"b5d55626-1614-4f48-aa55-f16ba1708601",
	"87f639c4-c8a9-4343-ae9c-a54cb7dc4402",
	"ada79914-51fe-4f36-989b-b0e535dfeceb",
	"ceb0d6e6-a74e-49b6-8d78-638a9ab5e411",
	"5f5bbf32-1a52-4f84-b645-a4ee6f4cbfd1",
	"00000000-0000-0000-0000-000000000000",
	0,
	'',
	'Play',
	'play_id',
	'R12');
INSERT INTO O_RATTR
	VALUES ("ceb0d6e6-a74e-49b6-8d78-638a9ab5e411",
	"053cfb36-a3f2-4128-a67f-6b87aaae86eb",
	"040ce387-f0f2-4c90-a3da-71a4bd87a3ea",
	"39d9fbc4-4bcc-4a58-a9a7-0e36c7930bef",
	0,
	'play_id');
INSERT INTO O_ATTR
	VALUES ("ceb0d6e6-a74e-49b6-8d78-638a9ab5e411",
	"053cfb36-a3f2-4128-a67f-6b87aaae86eb",
	"00000000-0000-0000-0000-000000000000",
	'play_id',
	'',
	'',
	'play_id',
	0,
	"ba5eda7a-def5-0000-0000-000000000007",
	'',
	'');
INSERT INTO O_ID
	VALUES (0,
	"053cfb36-a3f2-4128-a67f-6b87aaae86eb");
INSERT INTO O_OIDA
	VALUES ("ceb0d6e6-a74e-49b6-8d78-638a9ab5e411",
	"053cfb36-a3f2-4128-a67f-6b87aaae86eb",
	0,
	'play_id');
INSERT INTO O_ID
	VALUES (1,
	"053cfb36-a3f2-4128-a67f-6b87aaae86eb");
INSERT INTO O_ID
	VALUES (2,
	"053cfb36-a3f2-4128-a67f-6b87aaae86eb");
INSERT INTO PE_PE
	VALUES ("a4f8c66c-06f3-421c-ba2a-405c7378566f",
	1,
	"2e5272a8-d08d-4d31-9c31-e769bee957e6",
	"00000000-0000-0000-0000-000000000000",
	3);
INSERT INTO S_DT
	VALUES ("a4f8c66c-06f3-421c-ba2a-405c7378566f",
	"00000000-0000-0000-0000-000000000000",
	'inst_ref<NormalPlay>',
	'',
	'');
INSERT INTO S_IRDT
	VALUES ("a4f8c66c-06f3-421c-ba2a-405c7378566f",
	0,
	"053cfb36-a3f2-4128-a67f-6b87aaae86eb");
INSERT INTO PE_PE
	VALUES ("d586eadb-5c5d-46e5-ade6-1e740669926e",
	1,
	"2e5272a8-d08d-4d31-9c31-e769bee957e6",
	"00000000-0000-0000-0000-000000000000",
	3);
INSERT INTO S_DT
	VALUES ("d586eadb-5c5d-46e5-ade6-1e740669926e",
	"00000000-0000-0000-0000-000000000000",
	'inst_ref_set<NormalPlay>',
	'',
	'');
INSERT INTO S_IRDT
	VALUES ("d586eadb-5c5d-46e5-ade6-1e740669926e",
	1,
	"053cfb36-a3f2-4128-a67f-6b87aaae86eb");
INSERT INTO PE_PE
	VALUES ("7badb553-3fa9-4709-b3a9-7f02c8a959c1",
	1,
	"2e5272a8-d08d-4d31-9c31-e769bee957e6",
	"00000000-0000-0000-0000-000000000000",
	4);
INSERT INTO O_OBJ
	VALUES ("7badb553-3fa9-4709-b3a9-7f02c8a959c1",
	'Peg',
	8,
	'Peg',
	'',
	"00000000-0000-0000-0000-000000000000");
INSERT INTO O_NBATTR
	VALUES ("2d058561-2658-4825-9b3b-276430821575",
	"7badb553-3fa9-4709-b3a9-7f02c8a959c1");
INSERT INTO O_BATTR
	VALUES ("2d058561-2658-4825-9b3b-276430821575",
	"7badb553-3fa9-4709-b3a9-7f02c8a959c1");
INSERT INTO O_ATTR
	VALUES ("2d058561-2658-4825-9b3b-276430821575",
	"7badb553-3fa9-4709-b3a9-7f02c8a959c1",
	"00000000-0000-0000-0000-000000000000",
	'peg_id',
	'',
	'',
	'peg_id',
	0,
	"5fb79df4-fa29-492c-a632-ff670eb8f714",
	'',
	'');
INSERT INTO O_REF
	VALUES ("7badb553-3fa9-4709-b3a9-7f02c8a959c1",
	"56e99542-222c-4328-bf84-766813710c27",
	0,
	"1cdc4432-31f9-4f65-b288-8ba566f60819",
	"34448c08-0a16-4373-9010-501541561964",
	"5882fb4e-f66c-4b86-81b7-bdd191d1dacf",
	"10827c70-9493-4182-afbd-975e5c1fb81e",
	"04388b27-f777-4c51-8851-debf72396a31",
	"b7a18d2b-8c1e-40cb-9523-e01a0e206817",
	"00000000-0000-0000-0000-000000000000",
	0,
	'',
	'Board',
	'board_id',
	'R5.''moves_on''');
INSERT INTO O_RATTR
	VALUES ("04388b27-f777-4c51-8851-debf72396a31",
	"7badb553-3fa9-4709-b3a9-7f02c8a959c1",
	"1cdc4432-31f9-4f65-b288-8ba566f60819",
	"56e99542-222c-4328-bf84-766813710c27",
	0,
	'board_id');
INSERT INTO O_ATTR
	VALUES ("04388b27-f777-4c51-8851-debf72396a31",
	"7badb553-3fa9-4709-b3a9-7f02c8a959c1",
	"2d058561-2658-4825-9b3b-276430821575",
	'board_id',
	'',
	'',
	'board_id',
	0,
	"ba5eda7a-def5-0000-0000-000000000007",
	'',
	'');
INSERT INTO O_ID
	VALUES (0,
	"7badb553-3fa9-4709-b3a9-7f02c8a959c1");
INSERT INTO O_OIDA
	VALUES ("2d058561-2658-4825-9b3b-276430821575",
	"7badb553-3fa9-4709-b3a9-7f02c8a959c1",
	0,
	'peg_id');
INSERT INTO O_ID
	VALUES (1,
	"7badb553-3fa9-4709-b3a9-7f02c8a959c1");
INSERT INTO O_ID
	VALUES (2,
	"7badb553-3fa9-4709-b3a9-7f02c8a959c1");
INSERT INTO PE_PE
	VALUES ("c6a625aa-7b3d-490d-b77f-cb0ddcf2e6c5",
	1,
	"2e5272a8-d08d-4d31-9c31-e769bee957e6",
	"00000000-0000-0000-0000-000000000000",
	3);
INSERT INTO S_DT
	VALUES ("c6a625aa-7b3d-490d-b77f-cb0ddcf2e6c5",
	"00000000-0000-0000-0000-000000000000",
	'inst_ref<Peg>',
	'',
	'');
INSERT INTO S_IRDT
	VALUES ("c6a625aa-7b3d-490d-b77f-cb0ddcf2e6c5",
	0,
	"7badb553-3fa9-4709-b3a9-7f02c8a959c1");
INSERT INTO PE_PE
	VALUES ("822fe5bf-1ac6-464f-994c-19df3b24eb56",
	1,
	"2e5272a8-d08d-4d31-9c31-e769bee957e6",
	"00000000-0000-0000-0000-000000000000",
	3);
INSERT INTO S_DT
	VALUES ("822fe5bf-1ac6-464f-994c-19df3b24eb56",
	"00000000-0000-0000-0000-000000000000",
	'inst_ref_set<Peg>',
	'',
	'');
INSERT INTO S_IRDT
	VALUES ("822fe5bf-1ac6-464f-994c-19df3b24eb56",
	1,
	"7badb553-3fa9-4709-b3a9-7f02c8a959c1");
INSERT INTO PE_PE
	VALUES ("24372e08-7943-4059-9c72-90db5de4cee2",
	1,
	"2e5272a8-d08d-4d31-9c31-e769bee957e6",
	"00000000-0000-0000-0000-000000000000",
	4);
INSERT INTO O_OBJ
	VALUES ("24372e08-7943-4059-9c72-90db5de4cee2",
	'Pile',
	9,
	'Pile',
	'',
	"00000000-0000-0000-0000-000000000000");
INSERT INTO O_NBATTR
	VALUES ("6cddc50e-1d35-4450-8c92-a5d245a37834",
	"24372e08-7943-4059-9c72-90db5de4cee2");
INSERT INTO O_BATTR
	VALUES ("6cddc50e-1d35-4450-8c92-a5d245a37834",
	"24372e08-7943-4059-9c72-90db5de4cee2");
INSERT INTO O_ATTR
	VALUES ("6cddc50e-1d35-4450-8c92-a5d245a37834",
	"24372e08-7943-4059-9c72-90db5de4cee2",
	"00000000-0000-0000-0000-000000000000",
	'pile_id',
	'',
	'',
	'pile_id',
	0,
	"5fb79df4-fa29-492c-a632-ff670eb8f714",
	'',
	'');
INSERT INTO O_REF
	VALUES ("24372e08-7943-4059-9c72-90db5de4cee2",
	"a432acd5-c989-4c4f-8071-0b88be80aca6",
	0,
	"38602585-e65a-45a2-b36c-7437a1d7ab0e",
	"60827be1-6307-4366-947d-3482c172049e",
	"ad077b90-9a31-4af7-b092-9db51561c41b",
	"b744cae9-8fda-4630-8067-bba34acef54e",
	"5ef06f88-a8c5-4d29-9070-89be7153b4d9",
	"16cb916c-11d1-4926-9568-c6c8da4a2cbb",
	"00000000-0000-0000-0000-000000000000",
	0,
	'',
	'Game',
	'game_number',
	'R4.''contains_cards_for''');
INSERT INTO O_RATTR
	VALUES ("5ef06f88-a8c5-4d29-9070-89be7153b4d9",
	"24372e08-7943-4059-9c72-90db5de4cee2",
	"38602585-e65a-45a2-b36c-7437a1d7ab0e",
	"a432acd5-c989-4c4f-8071-0b88be80aca6",
	0,
	'game_number');
INSERT INTO O_ATTR
	VALUES ("5ef06f88-a8c5-4d29-9070-89be7153b4d9",
	"24372e08-7943-4059-9c72-90db5de4cee2",
	"6cddc50e-1d35-4450-8c92-a5d245a37834",
	'game_number',
	'',
	'',
	'game_number',
	0,
	"ba5eda7a-def5-0000-0000-000000000007",
	'',
	'');
INSERT INTO O_ID
	VALUES (0,
	"24372e08-7943-4059-9c72-90db5de4cee2");
INSERT INTO O_OIDA
	VALUES ("6cddc50e-1d35-4450-8c92-a5d245a37834",
	"24372e08-7943-4059-9c72-90db5de4cee2",
	0,
	'pile_id');
INSERT INTO O_ID
	VALUES (1,
	"24372e08-7943-4059-9c72-90db5de4cee2");
INSERT INTO O_ID
	VALUES (2,
	"24372e08-7943-4059-9c72-90db5de4cee2");
INSERT INTO PE_PE
	VALUES ("896de86d-8983-44b8-b248-eca0730af96b",
	1,
	"2e5272a8-d08d-4d31-9c31-e769bee957e6",
	"00000000-0000-0000-0000-000000000000",
	3);
INSERT INTO S_DT
	VALUES ("896de86d-8983-44b8-b248-eca0730af96b",
	"00000000-0000-0000-0000-000000000000",
	'inst_ref<Pile>',
	'',
	'');
INSERT INTO S_IRDT
	VALUES ("896de86d-8983-44b8-b248-eca0730af96b",
	0,
	"24372e08-7943-4059-9c72-90db5de4cee2");
INSERT INTO PE_PE
	VALUES ("438631eb-ce21-4889-b59a-41aac5536161",
	1,
	"2e5272a8-d08d-4d31-9c31-e769bee957e6",
	"00000000-0000-0000-0000-000000000000",
	3);
INSERT INTO S_DT
	VALUES ("438631eb-ce21-4889-b59a-41aac5536161",
	"00000000-0000-0000-0000-000000000000",
	'inst_ref_set<Pile>',
	'',
	'');
INSERT INTO S_IRDT
	VALUES ("438631eb-ce21-4889-b59a-41aac5536161",
	1,
	"24372e08-7943-4059-9c72-90db5de4cee2");
INSERT INTO PE_PE
	VALUES ("39d9fbc4-4bcc-4a58-a9a7-0e36c7930bef",
	1,
	"2e5272a8-d08d-4d31-9c31-e769bee957e6",
	"00000000-0000-0000-0000-000000000000",
	4);
INSERT INTO O_OBJ
	VALUES ("39d9fbc4-4bcc-4a58-a9a7-0e36c7930bef",
	'Play',
	10,
	'Play',
	'',
	"00000000-0000-0000-0000-000000000000");
INSERT INTO O_NBATTR
	VALUES ("040ce387-f0f2-4c90-a3da-71a4bd87a3ea",
	"39d9fbc4-4bcc-4a58-a9a7-0e36c7930bef");
INSERT INTO O_BATTR
	VALUES ("040ce387-f0f2-4c90-a3da-71a4bd87a3ea",
	"39d9fbc4-4bcc-4a58-a9a7-0e36c7930bef");
INSERT INTO O_ATTR
	VALUES ("040ce387-f0f2-4c90-a3da-71a4bd87a3ea",
	"39d9fbc4-4bcc-4a58-a9a7-0e36c7930bef",
	"00000000-0000-0000-0000-000000000000",
	'play_id',
	'',
	'',
	'play_id',
	0,
	"5fb79df4-fa29-492c-a632-ff670eb8f714",
	'',
	'');
INSERT INTO O_ID
	VALUES (0,
	"39d9fbc4-4bcc-4a58-a9a7-0e36c7930bef");
INSERT INTO O_OIDA
	VALUES ("040ce387-f0f2-4c90-a3da-71a4bd87a3ea",
	"39d9fbc4-4bcc-4a58-a9a7-0e36c7930bef",
	0,
	'play_id');
INSERT INTO O_ID
	VALUES (1,
	"39d9fbc4-4bcc-4a58-a9a7-0e36c7930bef");
INSERT INTO O_ID
	VALUES (2,
	"39d9fbc4-4bcc-4a58-a9a7-0e36c7930bef");
INSERT INTO PE_PE
	VALUES ("6f0e8392-dba9-44b0-afbf-074953824cbf",
	1,
	"2e5272a8-d08d-4d31-9c31-e769bee957e6",
	"00000000-0000-0000-0000-000000000000",
	3);
INSERT INTO S_DT
	VALUES ("6f0e8392-dba9-44b0-afbf-074953824cbf",
	"00000000-0000-0000-0000-000000000000",
	'inst_ref<Play>',
	'',
	'');
INSERT INTO S_IRDT
	VALUES ("6f0e8392-dba9-44b0-afbf-074953824cbf",
	0,
	"39d9fbc4-4bcc-4a58-a9a7-0e36c7930bef");
INSERT INTO PE_PE
	VALUES ("bfa647c1-ca6f-4b18-87e7-ec9937de7d38",
	1,
	"2e5272a8-d08d-4d31-9c31-e769bee957e6",
	"00000000-0000-0000-0000-000000000000",
	3);
INSERT INTO S_DT
	VALUES ("bfa647c1-ca6f-4b18-87e7-ec9937de7d38",
	"00000000-0000-0000-0000-000000000000",
	'inst_ref_set<Play>',
	'',
	'');
INSERT INTO S_IRDT
	VALUES ("bfa647c1-ca6f-4b18-87e7-ec9937de7d38",
	1,
	"39d9fbc4-4bcc-4a58-a9a7-0e36c7930bef");
INSERT INTO PE_PE
	VALUES ("04fb0288-d0dc-4e13-810b-cbcd8303ccb2",
	1,
	"2e5272a8-d08d-4d31-9c31-e769bee957e6",
	"00000000-0000-0000-0000-000000000000",
	4);
INSERT INTO O_OBJ
	VALUES ("04fb0288-d0dc-4e13-810b-cbcd8303ccb2",
	'Player',
	11,
	'Player',
	'',
	"00000000-0000-0000-0000-000000000000");
INSERT INTO O_NBATTR
	VALUES ("dd7be9cb-ed25-49d0-9629-87e3222f25dd",
	"04fb0288-d0dc-4e13-810b-cbcd8303ccb2");
INSERT INTO O_BATTR
	VALUES ("dd7be9cb-ed25-49d0-9629-87e3222f25dd",
	"04fb0288-d0dc-4e13-810b-cbcd8303ccb2");
INSERT INTO O_ATTR
	VALUES ("dd7be9cb-ed25-49d0-9629-87e3222f25dd",
	"04fb0288-d0dc-4e13-810b-cbcd8303ccb2",
	"00000000-0000-0000-0000-000000000000",
	'player_number',
	'',
	'',
	'player_number',
	0,
	"5fb79df4-fa29-492c-a632-ff670eb8f714",
	'',
	'');
INSERT INTO O_NBATTR
	VALUES ("746baec6-5661-4c38-b779-18704a1363c3",
	"04fb0288-d0dc-4e13-810b-cbcd8303ccb2");
INSERT INTO O_BATTR
	VALUES ("746baec6-5661-4c38-b779-18704a1363c3",
	"04fb0288-d0dc-4e13-810b-cbcd8303ccb2");
INSERT INTO O_ATTR
	VALUES ("746baec6-5661-4c38-b779-18704a1363c3",
	"04fb0288-d0dc-4e13-810b-cbcd8303ccb2",
	"dd7be9cb-ed25-49d0-9629-87e3222f25dd",
	'name',
	'',
	'',
	'name',
	0,
	"8bf86884-0ab3-4c11-a113-218312b4aeae",
	'',
	'');
INSERT INTO O_REF
	VALUES ("04fb0288-d0dc-4e13-810b-cbcd8303ccb2",
	"a432acd5-c989-4c4f-8071-0b88be80aca6",
	0,
	"38602585-e65a-45a2-b36c-7437a1d7ab0e",
	"94bbf197-9cfc-4ccf-a147-268ab75c2c38",
	"094c3f8b-758b-4964-9a3a-7f6d287b82eb",
	"48270ded-f6f5-4538-84ca-fc755d758ee6",
	"f29585db-b156-4556-a622-dc3d7f14cd61",
	"5c310b14-08d2-48d7-9bfd-a0320a372bcf",
	"00000000-0000-0000-0000-000000000000",
	0,
	'',
	'Game',
	'game_number',
	'R3.''plays''');
INSERT INTO O_RATTR
	VALUES ("f29585db-b156-4556-a622-dc3d7f14cd61",
	"04fb0288-d0dc-4e13-810b-cbcd8303ccb2",
	"38602585-e65a-45a2-b36c-7437a1d7ab0e",
	"a432acd5-c989-4c4f-8071-0b88be80aca6",
	0,
	'game_number');
INSERT INTO O_ATTR
	VALUES ("f29585db-b156-4556-a622-dc3d7f14cd61",
	"04fb0288-d0dc-4e13-810b-cbcd8303ccb2",
	"746baec6-5661-4c38-b779-18704a1363c3",
	'game_number',
	'',
	'',
	'game_number',
	0,
	"ba5eda7a-def5-0000-0000-000000000007",
	'',
	'');
INSERT INTO O_ID
	VALUES (0,
	"04fb0288-d0dc-4e13-810b-cbcd8303ccb2");
INSERT INTO O_OIDA
	VALUES ("dd7be9cb-ed25-49d0-9629-87e3222f25dd",
	"04fb0288-d0dc-4e13-810b-cbcd8303ccb2",
	0,
	'player_number');
INSERT INTO O_ID
	VALUES (1,
	"04fb0288-d0dc-4e13-810b-cbcd8303ccb2");
INSERT INTO O_ID
	VALUES (2,
	"04fb0288-d0dc-4e13-810b-cbcd8303ccb2");
INSERT INTO PE_PE
	VALUES ("ec49fbdb-4e12-49f2-8b99-cf448fd81659",
	1,
	"2e5272a8-d08d-4d31-9c31-e769bee957e6",
	"00000000-0000-0000-0000-000000000000",
	3);
INSERT INTO S_DT
	VALUES ("ec49fbdb-4e12-49f2-8b99-cf448fd81659",
	"00000000-0000-0000-0000-000000000000",
	'inst_ref<Player>',
	'',
	'');
INSERT INTO S_IRDT
	VALUES ("ec49fbdb-4e12-49f2-8b99-cf448fd81659",
	0,
	"04fb0288-d0dc-4e13-810b-cbcd8303ccb2");
INSERT INTO PE_PE
	VALUES ("1f86d353-dedb-4482-9f0e-fd95e3d6ad58",
	1,
	"2e5272a8-d08d-4d31-9c31-e769bee957e6",
	"00000000-0000-0000-0000-000000000000",
	3);
INSERT INTO S_DT
	VALUES ("1f86d353-dedb-4482-9f0e-fd95e3d6ad58",
	"00000000-0000-0000-0000-000000000000",
	'inst_ref_set<Player>',
	'',
	'');
INSERT INTO S_IRDT
	VALUES ("1f86d353-dedb-4482-9f0e-fd95e3d6ad58",
	1,
	"04fb0288-d0dc-4e13-810b-cbcd8303ccb2");
INSERT INTO PE_PE
	VALUES ("0cb8fbe3-9ad2-4b07-a656-9ff818fc717e",
	1,
	"2e5272a8-d08d-4d31-9c31-e769bee957e6",
	"00000000-0000-0000-0000-000000000000",
	4);
INSERT INTO O_OBJ
	VALUES ("0cb8fbe3-9ad2-4b07-a656-9ff818fc717e",
	'Score',
	12,
	'Score',
	'',
	"00000000-0000-0000-0000-000000000000");
INSERT INTO O_REF
	VALUES ("0cb8fbe3-9ad2-4b07-a656-9ff818fc717e",
	"7badb553-3fa9-4709-b3a9-7f02c8a959c1",
	0,
	"2d058561-2658-4825-9b3b-276430821575",
	"07b9435a-5fb8-477c-b019-a9d779fe8edd",
	"9be7a3f7-aa4d-47c1-a2d7-e1378cbecaa6",
	"ba688f92-881c-4476-9d3f-55f8887c2e1c",
	"771b22d2-0b3e-40eb-8079-a164d6890dc0",
	"e5470a9f-ce36-4e6b-a8b6-40f20dd47c58",
	"00000000-0000-0000-0000-000000000000",
	0,
	'',
	'Peg',
	'peg_id',
	'R16.''moves''');
INSERT INTO O_RATTR
	VALUES ("771b22d2-0b3e-40eb-8079-a164d6890dc0",
	"0cb8fbe3-9ad2-4b07-a656-9ff818fc717e",
	"2d058561-2658-4825-9b3b-276430821575",
	"7badb553-3fa9-4709-b3a9-7f02c8a959c1",
	0,
	'peg_id');
INSERT INTO O_ATTR
	VALUES ("771b22d2-0b3e-40eb-8079-a164d6890dc0",
	"0cb8fbe3-9ad2-4b07-a656-9ff818fc717e",
	"00000000-0000-0000-0000-000000000000",
	'peg_id',
	'',
	'',
	'peg_id',
	0,
	"ba5eda7a-def5-0000-0000-000000000007",
	'',
	'');
INSERT INTO O_REF
	VALUES ("0cb8fbe3-9ad2-4b07-a656-9ff818fc717e",
	"04fb0288-d0dc-4e13-810b-cbcd8303ccb2",
	0,
	"dd7be9cb-ed25-49d0-9629-87e3222f25dd",
	"6bf26d05-793a-42be-a858-99399fe1d4d2",
	"389f5b0f-8ac0-46be-ace2-b9e2982ea628",
	"8db32181-53de-4ee7-8d96-841b8301d6a7",
	"d2ad1fa5-42a3-4a9a-83d7-2e58a30eeb8a",
	"c8613975-1274-4a32-b368-014be3686d75",
	"00000000-0000-0000-0000-000000000000",
	0,
	'',
	'Player',
	'player_number',
	'R6.''ranks''');
INSERT INTO O_RATTR
	VALUES ("d2ad1fa5-42a3-4a9a-83d7-2e58a30eeb8a",
	"0cb8fbe3-9ad2-4b07-a656-9ff818fc717e",
	"dd7be9cb-ed25-49d0-9629-87e3222f25dd",
	"04fb0288-d0dc-4e13-810b-cbcd8303ccb2",
	0,
	'player_number');
INSERT INTO O_ATTR
	VALUES ("d2ad1fa5-42a3-4a9a-83d7-2e58a30eeb8a",
	"0cb8fbe3-9ad2-4b07-a656-9ff818fc717e",
	"771b22d2-0b3e-40eb-8079-a164d6890dc0",
	'player_number',
	'',
	'',
	'player_number',
	0,
	"ba5eda7a-def5-0000-0000-000000000007",
	'',
	'');
INSERT INTO O_ID
	VALUES (0,
	"0cb8fbe3-9ad2-4b07-a656-9ff818fc717e");
INSERT INTO O_OIDA
	VALUES ("d2ad1fa5-42a3-4a9a-83d7-2e58a30eeb8a",
	"0cb8fbe3-9ad2-4b07-a656-9ff818fc717e",
	0,
	'player_number');
INSERT INTO O_ID
	VALUES (1,
	"0cb8fbe3-9ad2-4b07-a656-9ff818fc717e");
INSERT INTO O_ID
	VALUES (2,
	"0cb8fbe3-9ad2-4b07-a656-9ff818fc717e");
INSERT INTO PE_PE
	VALUES ("8ed84a41-4674-411a-b8c6-4f15c5ecbbdc",
	1,
	"2e5272a8-d08d-4d31-9c31-e769bee957e6",
	"00000000-0000-0000-0000-000000000000",
	3);
INSERT INTO S_DT
	VALUES ("8ed84a41-4674-411a-b8c6-4f15c5ecbbdc",
	"00000000-0000-0000-0000-000000000000",
	'inst_ref<Score>',
	'',
	'');
INSERT INTO S_IRDT
	VALUES ("8ed84a41-4674-411a-b8c6-4f15c5ecbbdc",
	0,
	"0cb8fbe3-9ad2-4b07-a656-9ff818fc717e");
INSERT INTO PE_PE
	VALUES ("d7f32f31-6c08-48e6-b573-aea07fc84d14",
	1,
	"2e5272a8-d08d-4d31-9c31-e769bee957e6",
	"00000000-0000-0000-0000-000000000000",
	3);
INSERT INTO S_DT
	VALUES ("d7f32f31-6c08-48e6-b573-aea07fc84d14",
	"00000000-0000-0000-0000-000000000000",
	'inst_ref_set<Score>',
	'',
	'');
INSERT INTO S_IRDT
	VALUES ("d7f32f31-6c08-48e6-b573-aea07fc84d14",
	1,
	"0cb8fbe3-9ad2-4b07-a656-9ff818fc717e");
INSERT INTO PE_PE
	VALUES ("f49b4588-2f3c-4702-b2d0-222111339caf",
	1,
	"2e5272a8-d08d-4d31-9c31-e769bee957e6",
	"00000000-0000-0000-0000-000000000000",
	4);
INSERT INTO O_OBJ
	VALUES ("f49b4588-2f3c-4702-b2d0-222111339caf",
	'ScoringPlay',
	13,
	'ScoringPlay',
	'',
	"00000000-0000-0000-0000-000000000000");
INSERT INTO O_REF
	VALUES ("f49b4588-2f3c-4702-b2d0-222111339caf",
	"24372e08-7943-4059-9c72-90db5de4cee2",
	0,
	"6cddc50e-1d35-4450-8c92-a5d245a37834",
	"b5b8f193-0512-4b4a-8638-b5be9f7fcda8",
	"fdb2df04-cb32-4601-8f11-9c0e94b7c56b",
	"a1242a3a-b0e6-46a3-a35e-45ee79bdb22b",
	"904c94fc-8313-4a41-b5ad-c33ffd94b794",
	"50b5e657-f6d9-4d02-8b44-ee65df9a8fd9",
	"00000000-0000-0000-0000-000000000000",
	0,
	'',
	'Pile',
	'pile_id',
	'R14.''occurs_in''');
INSERT INTO O_RATTR
	VALUES ("904c94fc-8313-4a41-b5ad-c33ffd94b794",
	"f49b4588-2f3c-4702-b2d0-222111339caf",
	"6cddc50e-1d35-4450-8c92-a5d245a37834",
	"24372e08-7943-4059-9c72-90db5de4cee2",
	0,
	'pile_id');
INSERT INTO O_ATTR
	VALUES ("904c94fc-8313-4a41-b5ad-c33ffd94b794",
	"f49b4588-2f3c-4702-b2d0-222111339caf",
	"00000000-0000-0000-0000-000000000000",
	'pile_id',
	'',
	'',
	'pile_id',
	0,
	"ba5eda7a-def5-0000-0000-000000000007",
	'',
	'');
INSERT INTO O_REF
	VALUES ("f49b4588-2f3c-4702-b2d0-222111339caf",
	"7c8227df-316e-425f-b365-2c556d051d06",
	0,
	"3f8a8b45-9a6b-4fa9-aca6-8088df1817f4",
	"24f0b174-73be-41f5-9df8-7fc31bf4c767",
	"9f4b7ea9-9fa1-4df6-8a10-7d5007a2018c",
	"ce92c648-5c4d-4a91-8071-eb794c8bca21",
	"3d6640e7-0115-479e-87fd-e45fef677c78",
	"c20a3115-560e-461b-808c-9582cf3335fb",
	"00000000-0000-0000-0000-000000000000",
	0,
	'',
	'Hand',
	'hand_id',
	'R13.''occurs_in''');
INSERT INTO O_RATTR
	VALUES ("3d6640e7-0115-479e-87fd-e45fef677c78",
	"f49b4588-2f3c-4702-b2d0-222111339caf",
	"3f8a8b45-9a6b-4fa9-aca6-8088df1817f4",
	"7c8227df-316e-425f-b365-2c556d051d06",
	0,
	'hand_id');
INSERT INTO O_ATTR
	VALUES ("3d6640e7-0115-479e-87fd-e45fef677c78",
	"f49b4588-2f3c-4702-b2d0-222111339caf",
	"904c94fc-8313-4a41-b5ad-c33ffd94b794",
	'hand_id',
	'',
	'',
	'hand_id',
	0,
	"ba5eda7a-def5-0000-0000-000000000007",
	'',
	'');
INSERT INTO O_REF
	VALUES ("f49b4588-2f3c-4702-b2d0-222111339caf",
	"39d9fbc4-4bcc-4a58-a9a7-0e36c7930bef",
	0,
	"040ce387-f0f2-4c90-a3da-71a4bd87a3ea",
	"b5d55626-1614-4f48-aa55-f16ba1708601",
	"d2ef5d11-8243-4a56-9401-5f15517fc67e",
	"ada79914-51fe-4f36-989b-b0e535dfeceb",
	"9ab8e403-463d-4ca9-837f-ae502e906c2a",
	"7df37cf2-597c-4ef5-8171-d4b8b84a1d19",
	"00000000-0000-0000-0000-000000000000",
	0,
	'',
	'Play',
	'play_id',
	'R12');
INSERT INTO O_RATTR
	VALUES ("9ab8e403-463d-4ca9-837f-ae502e906c2a",
	"f49b4588-2f3c-4702-b2d0-222111339caf",
	"040ce387-f0f2-4c90-a3da-71a4bd87a3ea",
	"39d9fbc4-4bcc-4a58-a9a7-0e36c7930bef",
	0,
	'play_id');
INSERT INTO O_ATTR
	VALUES ("9ab8e403-463d-4ca9-837f-ae502e906c2a",
	"f49b4588-2f3c-4702-b2d0-222111339caf",
	"3d6640e7-0115-479e-87fd-e45fef677c78",
	'play_id',
	'',
	'',
	'play_id',
	0,
	"ba5eda7a-def5-0000-0000-000000000007",
	'',
	'');
INSERT INTO O_REF
	VALUES ("f49b4588-2f3c-4702-b2d0-222111339caf",
	"0cb8fbe3-9ad2-4b07-a656-9ff818fc717e",
	0,
	"d2ad1fa5-42a3-4a9a-83d7-2e58a30eeb8a",
	"bbcb6bfe-95d9-4d8a-9f64-aba61c402954",
	"64540d72-6566-4a18-a55f-79c29db382b6",
	"209bf1dd-4e38-4df7-98fd-32635574869a",
	"555cc054-0cde-4fa2-a040-ec18fbcdafa9",
	"c21f8a78-2df8-48d5-84c3-c54e6351c9fe",
	"00000000-0000-0000-0000-000000000000",
	0,
	'',
	'Score',
	'player_number',
	'R15.''changes''');
INSERT INTO O_RATTR
	VALUES ("555cc054-0cde-4fa2-a040-ec18fbcdafa9",
	"f49b4588-2f3c-4702-b2d0-222111339caf",
	"dd7be9cb-ed25-49d0-9629-87e3222f25dd",
	"04fb0288-d0dc-4e13-810b-cbcd8303ccb2",
	0,
	'player_number');
INSERT INTO O_ATTR
	VALUES ("555cc054-0cde-4fa2-a040-ec18fbcdafa9",
	"f49b4588-2f3c-4702-b2d0-222111339caf",
	"9ab8e403-463d-4ca9-837f-ae502e906c2a",
	'player_number',
	'',
	'',
	'player_number',
	0,
	"ba5eda7a-def5-0000-0000-000000000007",
	'',
	'');
INSERT INTO O_ID
	VALUES (0,
	"f49b4588-2f3c-4702-b2d0-222111339caf");
INSERT INTO O_OIDA
	VALUES ("9ab8e403-463d-4ca9-837f-ae502e906c2a",
	"f49b4588-2f3c-4702-b2d0-222111339caf",
	0,
	'play_id');
INSERT INTO O_ID
	VALUES (1,
	"f49b4588-2f3c-4702-b2d0-222111339caf");
INSERT INTO O_ID
	VALUES (2,
	"f49b4588-2f3c-4702-b2d0-222111339caf");
INSERT INTO PE_PE
	VALUES ("eb36d575-ac92-4b0a-aa4d-983bd12708bf",
	1,
	"2e5272a8-d08d-4d31-9c31-e769bee957e6",
	"00000000-0000-0000-0000-000000000000",
	3);
INSERT INTO S_DT
	VALUES ("eb36d575-ac92-4b0a-aa4d-983bd12708bf",
	"00000000-0000-0000-0000-000000000000",
	'inst_ref<ScoringPlay>',
	'',
	'');
INSERT INTO S_IRDT
	VALUES ("eb36d575-ac92-4b0a-aa4d-983bd12708bf",
	0,
	"f49b4588-2f3c-4702-b2d0-222111339caf");
INSERT INTO PE_PE
	VALUES ("dd83d723-9d69-4b7e-8073-0104615f4c6a",
	1,
	"2e5272a8-d08d-4d31-9c31-e769bee957e6",
	"00000000-0000-0000-0000-000000000000",
	3);
INSERT INTO S_DT
	VALUES ("dd83d723-9d69-4b7e-8073-0104615f4c6a",
	"00000000-0000-0000-0000-000000000000",
	'inst_ref_set<ScoringPlay>',
	'',
	'');
INSERT INTO S_IRDT
	VALUES ("dd83d723-9d69-4b7e-8073-0104615f4c6a",
	1,
	"f49b4588-2f3c-4702-b2d0-222111339caf");
INSERT INTO PE_PE
	VALUES ("38812fd0-72e9-4a54-ad8b-08e1a1bf6eb8",
	1,
	"2e5272a8-d08d-4d31-9c31-e769bee957e6",
	"00000000-0000-0000-0000-000000000000",
	9);
INSERT INTO R_REL
	VALUES ("38812fd0-72e9-4a54-ad8b-08e1a1bf6eb8",
	2,
	'',
	"00000000-0000-0000-0000-000000000000");
INSERT INTO R_SIMP
	VALUES ("38812fd0-72e9-4a54-ad8b-08e1a1bf6eb8");
INSERT INTO R_PART
	VALUES ("a432acd5-c989-4c4f-8071-0b88be80aca6",
	"38812fd0-72e9-4a54-ad8b-08e1a1bf6eb8",
	"984cdcd2-177e-493f-af68-799e4de0a097",
	0,
	0,
	'contains_cards_for');
INSERT INTO O_RTIDA
	VALUES ("38602585-e65a-45a2-b36c-7437a1d7ab0e",
	"a432acd5-c989-4c4f-8071-0b88be80aca6",
	0,
	"38812fd0-72e9-4a54-ad8b-08e1a1bf6eb8",
	"984cdcd2-177e-493f-af68-799e4de0a097");
INSERT INTO R_RTO
	VALUES ("a432acd5-c989-4c4f-8071-0b88be80aca6",
	"38812fd0-72e9-4a54-ad8b-08e1a1bf6eb8",
	"984cdcd2-177e-493f-af68-799e4de0a097",
	0);
INSERT INTO R_OIR
	VALUES ("a432acd5-c989-4c4f-8071-0b88be80aca6",
	"38812fd0-72e9-4a54-ad8b-08e1a1bf6eb8",
	"984cdcd2-177e-493f-af68-799e4de0a097",
	"00000000-0000-0000-0000-000000000000");
INSERT INTO R_FORM
	VALUES ("629012b4-4a72-4953-9ef3-c65f3b4f64bd",
	"38812fd0-72e9-4a54-ad8b-08e1a1bf6eb8",
	"9e7c5769-5d71-4c5e-a485-9aeaae07dc09",
	0,
	0,
	'has');
INSERT INTO R_RGO
	VALUES ("629012b4-4a72-4953-9ef3-c65f3b4f64bd",
	"38812fd0-72e9-4a54-ad8b-08e1a1bf6eb8",
	"9e7c5769-5d71-4c5e-a485-9aeaae07dc09");
INSERT INTO R_OIR
	VALUES ("629012b4-4a72-4953-9ef3-c65f3b4f64bd",
	"38812fd0-72e9-4a54-ad8b-08e1a1bf6eb8",
	"9e7c5769-5d71-4c5e-a485-9aeaae07dc09",
	"00000000-0000-0000-0000-000000000000");
INSERT INTO PE_PE
	VALUES ("94bbf197-9cfc-4ccf-a147-268ab75c2c38",
	1,
	"2e5272a8-d08d-4d31-9c31-e769bee957e6",
	"00000000-0000-0000-0000-000000000000",
	9);
INSERT INTO R_REL
	VALUES ("94bbf197-9cfc-4ccf-a147-268ab75c2c38",
	3,
	'',
	"00000000-0000-0000-0000-000000000000");
INSERT INTO R_SIMP
	VALUES ("94bbf197-9cfc-4ccf-a147-268ab75c2c38");
INSERT INTO R_PART
	VALUES ("a432acd5-c989-4c4f-8071-0b88be80aca6",
	"94bbf197-9cfc-4ccf-a147-268ab75c2c38",
	"48270ded-f6f5-4538-84ca-fc755d758ee6",
	0,
	0,
	'plays');
INSERT INTO O_RTIDA
	VALUES ("38602585-e65a-45a2-b36c-7437a1d7ab0e",
	"a432acd5-c989-4c4f-8071-0b88be80aca6",
	0,
	"94bbf197-9cfc-4ccf-a147-268ab75c2c38",
	"48270ded-f6f5-4538-84ca-fc755d758ee6");
INSERT INTO R_RTO
	VALUES ("a432acd5-c989-4c4f-8071-0b88be80aca6",
	"94bbf197-9cfc-4ccf-a147-268ab75c2c38",
	"48270ded-f6f5-4538-84ca-fc755d758ee6",
	0);
INSERT INTO R_OIR
	VALUES ("a432acd5-c989-4c4f-8071-0b88be80aca6",
	"94bbf197-9cfc-4ccf-a147-268ab75c2c38",
	"48270ded-f6f5-4538-84ca-fc755d758ee6",
	"00000000-0000-0000-0000-000000000000");
INSERT INTO R_FORM
	VALUES ("04fb0288-d0dc-4e13-810b-cbcd8303ccb2",
	"94bbf197-9cfc-4ccf-a147-268ab75c2c38",
	"094c3f8b-758b-4964-9a3a-7f6d287b82eb",
	1,
	0,
	'has');
INSERT INTO R_RGO
	VALUES ("04fb0288-d0dc-4e13-810b-cbcd8303ccb2",
	"94bbf197-9cfc-4ccf-a147-268ab75c2c38",
	"094c3f8b-758b-4964-9a3a-7f6d287b82eb");
INSERT INTO R_OIR
	VALUES ("04fb0288-d0dc-4e13-810b-cbcd8303ccb2",
	"94bbf197-9cfc-4ccf-a147-268ab75c2c38",
	"094c3f8b-758b-4964-9a3a-7f6d287b82eb",
	"00000000-0000-0000-0000-000000000000");
INSERT INTO PE_PE
	VALUES ("60827be1-6307-4366-947d-3482c172049e",
	1,
	"2e5272a8-d08d-4d31-9c31-e769bee957e6",
	"00000000-0000-0000-0000-000000000000",
	9);
INSERT INTO R_REL
	VALUES ("60827be1-6307-4366-947d-3482c172049e",
	4,
	'',
	"00000000-0000-0000-0000-000000000000");
INSERT INTO R_SIMP
	VALUES ("60827be1-6307-4366-947d-3482c172049e");
INSERT INTO R_PART
	VALUES ("a432acd5-c989-4c4f-8071-0b88be80aca6",
	"60827be1-6307-4366-947d-3482c172049e",
	"b744cae9-8fda-4630-8067-bba34acef54e",
	0,
	0,
	'contains_cards_for');
INSERT INTO O_RTIDA
	VALUES ("38602585-e65a-45a2-b36c-7437a1d7ab0e",
	"a432acd5-c989-4c4f-8071-0b88be80aca6",
	0,
	"60827be1-6307-4366-947d-3482c172049e",
	"b744cae9-8fda-4630-8067-bba34acef54e");
INSERT INTO R_RTO
	VALUES ("a432acd5-c989-4c4f-8071-0b88be80aca6",
	"60827be1-6307-4366-947d-3482c172049e",
	"b744cae9-8fda-4630-8067-bba34acef54e",
	0);
INSERT INTO R_OIR
	VALUES ("a432acd5-c989-4c4f-8071-0b88be80aca6",
	"60827be1-6307-4366-947d-3482c172049e",
	"b744cae9-8fda-4630-8067-bba34acef54e",
	"00000000-0000-0000-0000-000000000000");
INSERT INTO R_FORM
	VALUES ("24372e08-7943-4059-9c72-90db5de4cee2",
	"60827be1-6307-4366-947d-3482c172049e",
	"ad077b90-9a31-4af7-b092-9db51561c41b",
	0,
	0,
	'has');
INSERT INTO R_RGO
	VALUES ("24372e08-7943-4059-9c72-90db5de4cee2",
	"60827be1-6307-4366-947d-3482c172049e",
	"ad077b90-9a31-4af7-b092-9db51561c41b");
INSERT INTO R_OIR
	VALUES ("24372e08-7943-4059-9c72-90db5de4cee2",
	"60827be1-6307-4366-947d-3482c172049e",
	"ad077b90-9a31-4af7-b092-9db51561c41b",
	"00000000-0000-0000-0000-000000000000");
INSERT INTO PE_PE
	VALUES ("34448c08-0a16-4373-9010-501541561964",
	1,
	"2e5272a8-d08d-4d31-9c31-e769bee957e6",
	"00000000-0000-0000-0000-000000000000",
	9);
INSERT INTO R_REL
	VALUES ("34448c08-0a16-4373-9010-501541561964",
	5,
	'',
	"00000000-0000-0000-0000-000000000000");
INSERT INTO R_SIMP
	VALUES ("34448c08-0a16-4373-9010-501541561964");
INSERT INTO R_PART
	VALUES ("56e99542-222c-4328-bf84-766813710c27",
	"34448c08-0a16-4373-9010-501541561964",
	"10827c70-9493-4182-afbd-975e5c1fb81e",
	0,
	0,
	'moves_on');
INSERT INTO O_RTIDA
	VALUES ("1cdc4432-31f9-4f65-b288-8ba566f60819",
	"56e99542-222c-4328-bf84-766813710c27",
	0,
	"34448c08-0a16-4373-9010-501541561964",
	"10827c70-9493-4182-afbd-975e5c1fb81e");
INSERT INTO R_RTO
	VALUES ("56e99542-222c-4328-bf84-766813710c27",
	"34448c08-0a16-4373-9010-501541561964",
	"10827c70-9493-4182-afbd-975e5c1fb81e",
	0);
INSERT INTO R_OIR
	VALUES ("56e99542-222c-4328-bf84-766813710c27",
	"34448c08-0a16-4373-9010-501541561964",
	"10827c70-9493-4182-afbd-975e5c1fb81e",
	"00000000-0000-0000-0000-000000000000");
INSERT INTO R_FORM
	VALUES ("7badb553-3fa9-4709-b3a9-7f02c8a959c1",
	"34448c08-0a16-4373-9010-501541561964",
	"5882fb4e-f66c-4b86-81b7-bdd191d1dacf",
	1,
	0,
	'holds');
INSERT INTO R_RGO
	VALUES ("7badb553-3fa9-4709-b3a9-7f02c8a959c1",
	"34448c08-0a16-4373-9010-501541561964",
	"5882fb4e-f66c-4b86-81b7-bdd191d1dacf");
INSERT INTO R_OIR
	VALUES ("7badb553-3fa9-4709-b3a9-7f02c8a959c1",
	"34448c08-0a16-4373-9010-501541561964",
	"5882fb4e-f66c-4b86-81b7-bdd191d1dacf",
	"00000000-0000-0000-0000-000000000000");
INSERT INTO PE_PE
	VALUES ("6bf26d05-793a-42be-a858-99399fe1d4d2",
	1,
	"2e5272a8-d08d-4d31-9c31-e769bee957e6",
	"00000000-0000-0000-0000-000000000000",
	9);
INSERT INTO R_REL
	VALUES ("6bf26d05-793a-42be-a858-99399fe1d4d2",
	6,
	'',
	"00000000-0000-0000-0000-000000000000");
INSERT INTO R_SIMP
	VALUES ("6bf26d05-793a-42be-a858-99399fe1d4d2");
INSERT INTO R_PART
	VALUES ("04fb0288-d0dc-4e13-810b-cbcd8303ccb2",
	"6bf26d05-793a-42be-a858-99399fe1d4d2",
	"8db32181-53de-4ee7-8d96-841b8301d6a7",
	0,
	0,
	'ranks');
INSERT INTO O_RTIDA
	VALUES ("dd7be9cb-ed25-49d0-9629-87e3222f25dd",
	"04fb0288-d0dc-4e13-810b-cbcd8303ccb2",
	0,
	"6bf26d05-793a-42be-a858-99399fe1d4d2",
	"8db32181-53de-4ee7-8d96-841b8301d6a7");
INSERT INTO R_RTO
	VALUES ("04fb0288-d0dc-4e13-810b-cbcd8303ccb2",
	"6bf26d05-793a-42be-a858-99399fe1d4d2",
	"8db32181-53de-4ee7-8d96-841b8301d6a7",
	0);
INSERT INTO R_OIR
	VALUES ("04fb0288-d0dc-4e13-810b-cbcd8303ccb2",
	"6bf26d05-793a-42be-a858-99399fe1d4d2",
	"8db32181-53de-4ee7-8d96-841b8301d6a7",
	"00000000-0000-0000-0000-000000000000");
INSERT INTO R_FORM
	VALUES ("0cb8fbe3-9ad2-4b07-a656-9ff818fc717e",
	"6bf26d05-793a-42be-a858-99399fe1d4d2",
	"389f5b0f-8ac0-46be-ace2-b9e2982ea628",
	0,
	0,
	'ranked_by');
INSERT INTO R_RGO
	VALUES ("0cb8fbe3-9ad2-4b07-a656-9ff818fc717e",
	"6bf26d05-793a-42be-a858-99399fe1d4d2",
	"389f5b0f-8ac0-46be-ace2-b9e2982ea628");
INSERT INTO R_OIR
	VALUES ("0cb8fbe3-9ad2-4b07-a656-9ff818fc717e",
	"6bf26d05-793a-42be-a858-99399fe1d4d2",
	"389f5b0f-8ac0-46be-ace2-b9e2982ea628",
	"00000000-0000-0000-0000-000000000000");
INSERT INTO PE_PE
	VALUES ("070770e9-bb48-4762-a854-3f2640912f83",
	1,
	"2e5272a8-d08d-4d31-9c31-e769bee957e6",
	"00000000-0000-0000-0000-000000000000",
	9);
INSERT INTO R_REL
	VALUES ("070770e9-bb48-4762-a854-3f2640912f83",
	7,
	'',
	"00000000-0000-0000-0000-000000000000");
INSERT INTO R_SIMP
	VALUES ("070770e9-bb48-4762-a854-3f2640912f83");
INSERT INTO R_PART
	VALUES ("629012b4-4a72-4953-9ef3-c65f3b4f64bd",
	"070770e9-bb48-4762-a854-3f2640912f83",
	"8e4256e2-0235-41b3-acfd-9886bb402d05",
	0,
	1,
	'located_in');
INSERT INTO O_RTIDA
	VALUES ("744da407-3460-4ad1-9186-ce475e3a09b5",
	"629012b4-4a72-4953-9ef3-c65f3b4f64bd",
	0,
	"070770e9-bb48-4762-a854-3f2640912f83",
	"8e4256e2-0235-41b3-acfd-9886bb402d05");
INSERT INTO R_RTO
	VALUES ("629012b4-4a72-4953-9ef3-c65f3b4f64bd",
	"070770e9-bb48-4762-a854-3f2640912f83",
	"8e4256e2-0235-41b3-acfd-9886bb402d05",
	0);
INSERT INTO R_OIR
	VALUES ("629012b4-4a72-4953-9ef3-c65f3b4f64bd",
	"070770e9-bb48-4762-a854-3f2640912f83",
	"8e4256e2-0235-41b3-acfd-9886bb402d05",
	"00000000-0000-0000-0000-000000000000");
INSERT INTO R_FORM
	VALUES ("9c7320d0-0463-495f-b0ff-82713356c2d6",
	"070770e9-bb48-4762-a854-3f2640912f83",
	"560f3eda-0b59-4ea8-958d-a1c35c6a2810",
	1,
	1,
	'contains');
INSERT INTO R_RGO
	VALUES ("9c7320d0-0463-495f-b0ff-82713356c2d6",
	"070770e9-bb48-4762-a854-3f2640912f83",
	"560f3eda-0b59-4ea8-958d-a1c35c6a2810");
INSERT INTO R_OIR
	VALUES ("9c7320d0-0463-495f-b0ff-82713356c2d6",
	"070770e9-bb48-4762-a854-3f2640912f83",
	"560f3eda-0b59-4ea8-958d-a1c35c6a2810",
	"00000000-0000-0000-0000-000000000000");
INSERT INTO PE_PE
	VALUES ("b8dc9205-90bd-438c-9428-9a6008f11c1a",
	1,
	"2e5272a8-d08d-4d31-9c31-e769bee957e6",
	"00000000-0000-0000-0000-000000000000",
	9);
INSERT INTO R_REL
	VALUES ("b8dc9205-90bd-438c-9428-9a6008f11c1a",
	11,
	'',
	"00000000-0000-0000-0000-000000000000");
INSERT INTO R_SIMP
	VALUES ("b8dc9205-90bd-438c-9428-9a6008f11c1a");
INSERT INTO R_PART
	VALUES ("9c7320d0-0463-495f-b0ff-82713356c2d6",
	"b8dc9205-90bd-438c-9428-9a6008f11c1a",
	"1a241650-14e3-49ea-8e48-2e2d564baa08",
	0,
	0,
	'represents');
INSERT INTO O_RTIDA
	VALUES ("66625a09-367a-41ad-b883-b4708395d459",
	"9c7320d0-0463-495f-b0ff-82713356c2d6",
	0,
	"b8dc9205-90bd-438c-9428-9a6008f11c1a",
	"1a241650-14e3-49ea-8e48-2e2d564baa08");
INSERT INTO O_RTIDA
	VALUES ("fb8b17a4-11ed-4dfa-8570-873895b4957a",
	"9c7320d0-0463-495f-b0ff-82713356c2d6",
	0,
	"b8dc9205-90bd-438c-9428-9a6008f11c1a",
	"1a241650-14e3-49ea-8e48-2e2d564baa08");
INSERT INTO R_RTO
	VALUES ("9c7320d0-0463-495f-b0ff-82713356c2d6",
	"b8dc9205-90bd-438c-9428-9a6008f11c1a",
	"1a241650-14e3-49ea-8e48-2e2d564baa08",
	0);
INSERT INTO R_OIR
	VALUES ("9c7320d0-0463-495f-b0ff-82713356c2d6",
	"b8dc9205-90bd-438c-9428-9a6008f11c1a",
	"1a241650-14e3-49ea-8e48-2e2d564baa08",
	"00000000-0000-0000-0000-000000000000");
INSERT INTO R_FORM
	VALUES ("39b15838-024a-48e4-9d94-0f8677074cf4",
	"b8dc9205-90bd-438c-9428-9a6008f11c1a",
	"ceb48c7d-14fe-4ff9-b555-232ba3e79088",
	0,
	1,
	'represented_by');
INSERT INTO R_RGO
	VALUES ("39b15838-024a-48e4-9d94-0f8677074cf4",
	"b8dc9205-90bd-438c-9428-9a6008f11c1a",
	"ceb48c7d-14fe-4ff9-b555-232ba3e79088");
INSERT INTO R_OIR
	VALUES ("39b15838-024a-48e4-9d94-0f8677074cf4",
	"b8dc9205-90bd-438c-9428-9a6008f11c1a",
	"ceb48c7d-14fe-4ff9-b555-232ba3e79088",
	"00000000-0000-0000-0000-000000000000");
INSERT INTO PE_PE
	VALUES ("24f0b174-73be-41f5-9df8-7fc31bf4c767",
	1,
	"2e5272a8-d08d-4d31-9c31-e769bee957e6",
	"00000000-0000-0000-0000-000000000000",
	9);
INSERT INTO R_REL
	VALUES ("24f0b174-73be-41f5-9df8-7fc31bf4c767",
	13,
	'',
	"00000000-0000-0000-0000-000000000000");
INSERT INTO R_SIMP
	VALUES ("24f0b174-73be-41f5-9df8-7fc31bf4c767");
INSERT INTO R_PART
	VALUES ("7c8227df-316e-425f-b365-2c556d051d06",
	"24f0b174-73be-41f5-9df8-7fc31bf4c767",
	"ce92c648-5c4d-4a91-8071-eb794c8bca21",
	0,
	1,
	'occurs_in');
INSERT INTO O_RTIDA
	VALUES ("3f8a8b45-9a6b-4fa9-aca6-8088df1817f4",
	"7c8227df-316e-425f-b365-2c556d051d06",
	0,
	"24f0b174-73be-41f5-9df8-7fc31bf4c767",
	"ce92c648-5c4d-4a91-8071-eb794c8bca21");
INSERT INTO R_RTO
	VALUES ("7c8227df-316e-425f-b365-2c556d051d06",
	"24f0b174-73be-41f5-9df8-7fc31bf4c767",
	"ce92c648-5c4d-4a91-8071-eb794c8bca21",
	0);
INSERT INTO R_OIR
	VALUES ("7c8227df-316e-425f-b365-2c556d051d06",
	"24f0b174-73be-41f5-9df8-7fc31bf4c767",
	"ce92c648-5c4d-4a91-8071-eb794c8bca21",
	"00000000-0000-0000-0000-000000000000");
INSERT INTO R_FORM
	VALUES ("f49b4588-2f3c-4702-b2d0-222111339caf",
	"24f0b174-73be-41f5-9df8-7fc31bf4c767",
	"9f4b7ea9-9fa1-4df6-8a10-7d5007a2018c",
	1,
	1,
	'includes');
INSERT INTO R_RGO
	VALUES ("f49b4588-2f3c-4702-b2d0-222111339caf",
	"24f0b174-73be-41f5-9df8-7fc31bf4c767",
	"9f4b7ea9-9fa1-4df6-8a10-7d5007a2018c");
INSERT INTO R_OIR
	VALUES ("f49b4588-2f3c-4702-b2d0-222111339caf",
	"24f0b174-73be-41f5-9df8-7fc31bf4c767",
	"9f4b7ea9-9fa1-4df6-8a10-7d5007a2018c",
	"00000000-0000-0000-0000-000000000000");
INSERT INTO PE_PE
	VALUES ("b5b8f193-0512-4b4a-8638-b5be9f7fcda8",
	1,
	"2e5272a8-d08d-4d31-9c31-e769bee957e6",
	"00000000-0000-0000-0000-000000000000",
	9);
INSERT INTO R_REL
	VALUES ("b5b8f193-0512-4b4a-8638-b5be9f7fcda8",
	14,
	'',
	"00000000-0000-0000-0000-000000000000");
INSERT INTO R_SIMP
	VALUES ("b5b8f193-0512-4b4a-8638-b5be9f7fcda8");
INSERT INTO R_PART
	VALUES ("24372e08-7943-4059-9c72-90db5de4cee2",
	"b5b8f193-0512-4b4a-8638-b5be9f7fcda8",
	"a1242a3a-b0e6-46a3-a35e-45ee79bdb22b",
	0,
	1,
	'occurs_in');
INSERT INTO O_RTIDA
	VALUES ("6cddc50e-1d35-4450-8c92-a5d245a37834",
	"24372e08-7943-4059-9c72-90db5de4cee2",
	0,
	"b5b8f193-0512-4b4a-8638-b5be9f7fcda8",
	"a1242a3a-b0e6-46a3-a35e-45ee79bdb22b");
INSERT INTO R_RTO
	VALUES ("24372e08-7943-4059-9c72-90db5de4cee2",
	"b5b8f193-0512-4b4a-8638-b5be9f7fcda8",
	"a1242a3a-b0e6-46a3-a35e-45ee79bdb22b",
	0);
INSERT INTO R_OIR
	VALUES ("24372e08-7943-4059-9c72-90db5de4cee2",
	"b5b8f193-0512-4b4a-8638-b5be9f7fcda8",
	"a1242a3a-b0e6-46a3-a35e-45ee79bdb22b",
	"00000000-0000-0000-0000-000000000000");
INSERT INTO R_FORM
	VALUES ("f49b4588-2f3c-4702-b2d0-222111339caf",
	"b5b8f193-0512-4b4a-8638-b5be9f7fcda8",
	"fdb2df04-cb32-4601-8f11-9c0e94b7c56b",
	1,
	1,
	'includes');
INSERT INTO R_RGO
	VALUES ("f49b4588-2f3c-4702-b2d0-222111339caf",
	"b5b8f193-0512-4b4a-8638-b5be9f7fcda8",
	"fdb2df04-cb32-4601-8f11-9c0e94b7c56b");
INSERT INTO R_OIR
	VALUES ("f49b4588-2f3c-4702-b2d0-222111339caf",
	"b5b8f193-0512-4b4a-8638-b5be9f7fcda8",
	"fdb2df04-cb32-4601-8f11-9c0e94b7c56b",
	"00000000-0000-0000-0000-000000000000");
INSERT INTO PE_PE
	VALUES ("07b9435a-5fb8-477c-b019-a9d779fe8edd",
	1,
	"2e5272a8-d08d-4d31-9c31-e769bee957e6",
	"00000000-0000-0000-0000-000000000000",
	9);
INSERT INTO R_REL
	VALUES ("07b9435a-5fb8-477c-b019-a9d779fe8edd",
	16,
	'',
	"00000000-0000-0000-0000-000000000000");
INSERT INTO R_SIMP
	VALUES ("07b9435a-5fb8-477c-b019-a9d779fe8edd");
INSERT INTO R_PART
	VALUES ("7badb553-3fa9-4709-b3a9-7f02c8a959c1",
	"07b9435a-5fb8-477c-b019-a9d779fe8edd",
	"ba688f92-881c-4476-9d3f-55f8887c2e1c",
	0,
	0,
	'moves');
INSERT INTO O_RTIDA
	VALUES ("2d058561-2658-4825-9b3b-276430821575",
	"7badb553-3fa9-4709-b3a9-7f02c8a959c1",
	0,
	"07b9435a-5fb8-477c-b019-a9d779fe8edd",
	"ba688f92-881c-4476-9d3f-55f8887c2e1c");
INSERT INTO R_RTO
	VALUES ("7badb553-3fa9-4709-b3a9-7f02c8a959c1",
	"07b9435a-5fb8-477c-b019-a9d779fe8edd",
	"ba688f92-881c-4476-9d3f-55f8887c2e1c",
	0);
INSERT INTO R_OIR
	VALUES ("7badb553-3fa9-4709-b3a9-7f02c8a959c1",
	"07b9435a-5fb8-477c-b019-a9d779fe8edd",
	"ba688f92-881c-4476-9d3f-55f8887c2e1c",
	"00000000-0000-0000-0000-000000000000");
INSERT INTO R_FORM
	VALUES ("0cb8fbe3-9ad2-4b07-a656-9ff818fc717e",
	"07b9435a-5fb8-477c-b019-a9d779fe8edd",
	"9be7a3f7-aa4d-47c1-a2d7-e1378cbecaa6",
	0,
	0,
	'moved_by');
INSERT INTO R_RGO
	VALUES ("0cb8fbe3-9ad2-4b07-a656-9ff818fc717e",
	"07b9435a-5fb8-477c-b019-a9d779fe8edd",
	"9be7a3f7-aa4d-47c1-a2d7-e1378cbecaa6");
INSERT INTO R_OIR
	VALUES ("0cb8fbe3-9ad2-4b07-a656-9ff818fc717e",
	"07b9435a-5fb8-477c-b019-a9d779fe8edd",
	"9be7a3f7-aa4d-47c1-a2d7-e1378cbecaa6",
	"00000000-0000-0000-0000-000000000000");
INSERT INTO PE_PE
	VALUES ("b5d55626-1614-4f48-aa55-f16ba1708601",
	1,
	"2e5272a8-d08d-4d31-9c31-e769bee957e6",
	"00000000-0000-0000-0000-000000000000",
	9);
INSERT INTO R_REL
	VALUES ("b5d55626-1614-4f48-aa55-f16ba1708601",
	12,
	'',
	"00000000-0000-0000-0000-000000000000");
INSERT INTO R_SUBSUP
	VALUES ("b5d55626-1614-4f48-aa55-f16ba1708601");
INSERT INTO R_SUPER
	VALUES ("39d9fbc4-4bcc-4a58-a9a7-0e36c7930bef",
	"b5d55626-1614-4f48-aa55-f16ba1708601",
	"ada79914-51fe-4f36-989b-b0e535dfeceb");
INSERT INTO O_RTIDA
	VALUES ("040ce387-f0f2-4c90-a3da-71a4bd87a3ea",
	"39d9fbc4-4bcc-4a58-a9a7-0e36c7930bef",
	0,
	"b5d55626-1614-4f48-aa55-f16ba1708601",
	"ada79914-51fe-4f36-989b-b0e535dfeceb");
INSERT INTO R_RTO
	VALUES ("39d9fbc4-4bcc-4a58-a9a7-0e36c7930bef",
	"b5d55626-1614-4f48-aa55-f16ba1708601",
	"ada79914-51fe-4f36-989b-b0e535dfeceb",
	0);
INSERT INTO R_OIR
	VALUES ("39d9fbc4-4bcc-4a58-a9a7-0e36c7930bef",
	"b5d55626-1614-4f48-aa55-f16ba1708601",
	"ada79914-51fe-4f36-989b-b0e535dfeceb",
	"00000000-0000-0000-0000-000000000000");
INSERT INTO R_SUB
	VALUES ("053cfb36-a3f2-4128-a67f-6b87aaae86eb",
	"b5d55626-1614-4f48-aa55-f16ba1708601",
	"87f639c4-c8a9-4343-ae9c-a54cb7dc4402");
INSERT INTO R_RGO
	VALUES ("053cfb36-a3f2-4128-a67f-6b87aaae86eb",
	"b5d55626-1614-4f48-aa55-f16ba1708601",
	"87f639c4-c8a9-4343-ae9c-a54cb7dc4402");
INSERT INTO R_OIR
	VALUES ("053cfb36-a3f2-4128-a67f-6b87aaae86eb",
	"b5d55626-1614-4f48-aa55-f16ba1708601",
	"87f639c4-c8a9-4343-ae9c-a54cb7dc4402",
	"00000000-0000-0000-0000-000000000000");
INSERT INTO R_SUB
	VALUES ("f49b4588-2f3c-4702-b2d0-222111339caf",
	"b5d55626-1614-4f48-aa55-f16ba1708601",
	"d2ef5d11-8243-4a56-9401-5f15517fc67e");
INSERT INTO R_RGO
	VALUES ("f49b4588-2f3c-4702-b2d0-222111339caf",
	"b5d55626-1614-4f48-aa55-f16ba1708601",
	"d2ef5d11-8243-4a56-9401-5f15517fc67e");
INSERT INTO R_OIR
	VALUES ("f49b4588-2f3c-4702-b2d0-222111339caf",
	"b5d55626-1614-4f48-aa55-f16ba1708601",
	"d2ef5d11-8243-4a56-9401-5f15517fc67e",
	"00000000-0000-0000-0000-000000000000");
INSERT INTO PE_PE
	VALUES ("1875fcc0-d24a-4710-a91f-a2e466f6543c",
	1,
	"2e5272a8-d08d-4d31-9c31-e769bee957e6",
	"00000000-0000-0000-0000-000000000000",
	9);
INSERT INTO R_REL
	VALUES ("1875fcc0-d24a-4710-a91f-a2e466f6543c",
	1,
	'',
	"00000000-0000-0000-0000-000000000000");
INSERT INTO R_SIMP
	VALUES ("1875fcc0-d24a-4710-a91f-a2e466f6543c");
INSERT INTO R_PART
	VALUES ("a432acd5-c989-4c4f-8071-0b88be80aca6",
	"1875fcc0-d24a-4710-a91f-a2e466f6543c",
	"9d3df273-8741-46c9-b66e-66b66f8df47d",
	0,
	0,
	'keeps_score_for');
INSERT INTO O_RTIDA
	VALUES ("38602585-e65a-45a2-b36c-7437a1d7ab0e",
	"a432acd5-c989-4c4f-8071-0b88be80aca6",
	0,
	"1875fcc0-d24a-4710-a91f-a2e466f6543c",
	"9d3df273-8741-46c9-b66e-66b66f8df47d");
INSERT INTO R_RTO
	VALUES ("a432acd5-c989-4c4f-8071-0b88be80aca6",
	"1875fcc0-d24a-4710-a91f-a2e466f6543c",
	"9d3df273-8741-46c9-b66e-66b66f8df47d",
	0);
INSERT INTO R_OIR
	VALUES ("a432acd5-c989-4c4f-8071-0b88be80aca6",
	"1875fcc0-d24a-4710-a91f-a2e466f6543c",
	"9d3df273-8741-46c9-b66e-66b66f8df47d",
	"00000000-0000-0000-0000-000000000000");
INSERT INTO R_FORM
	VALUES ("56e99542-222c-4328-bf84-766813710c27",
	"1875fcc0-d24a-4710-a91f-a2e466f6543c",
	"2131366e-a417-4cf0-8088-9d08438991eb",
	0,
	0,
	'has');
INSERT INTO R_RGO
	VALUES ("56e99542-222c-4328-bf84-766813710c27",
	"1875fcc0-d24a-4710-a91f-a2e466f6543c",
	"2131366e-a417-4cf0-8088-9d08438991eb");
INSERT INTO R_OIR
	VALUES ("56e99542-222c-4328-bf84-766813710c27",
	"1875fcc0-d24a-4710-a91f-a2e466f6543c",
	"2131366e-a417-4cf0-8088-9d08438991eb",
	"00000000-0000-0000-0000-000000000000");
INSERT INTO PE_PE
	VALUES ("90df6f39-c067-4385-bb0e-6ed72d90963b",
	1,
	"2e5272a8-d08d-4d31-9c31-e769bee957e6",
	"00000000-0000-0000-0000-000000000000",
	9);
INSERT INTO R_REL
	VALUES ("90df6f39-c067-4385-bb0e-6ed72d90963b",
	9,
	'',
	"00000000-0000-0000-0000-000000000000");
INSERT INTO R_SIMP
	VALUES ("90df6f39-c067-4385-bb0e-6ed72d90963b");
INSERT INTO R_PART
	VALUES ("7c8227df-316e-425f-b365-2c556d051d06",
	"90df6f39-c067-4385-bb0e-6ed72d90963b",
	"ec92a803-6ecc-4b18-8070-b783f8a268e9",
	0,
	1,
	'located_in');
INSERT INTO O_RTIDA
	VALUES ("3f8a8b45-9a6b-4fa9-aca6-8088df1817f4",
	"7c8227df-316e-425f-b365-2c556d051d06",
	0,
	"90df6f39-c067-4385-bb0e-6ed72d90963b",
	"ec92a803-6ecc-4b18-8070-b783f8a268e9");
INSERT INTO R_RTO
	VALUES ("7c8227df-316e-425f-b365-2c556d051d06",
	"90df6f39-c067-4385-bb0e-6ed72d90963b",
	"ec92a803-6ecc-4b18-8070-b783f8a268e9",
	0);
INSERT INTO R_OIR
	VALUES ("7c8227df-316e-425f-b365-2c556d051d06",
	"90df6f39-c067-4385-bb0e-6ed72d90963b",
	"ec92a803-6ecc-4b18-8070-b783f8a268e9",
	"00000000-0000-0000-0000-000000000000");
INSERT INTO R_FORM
	VALUES ("9c7320d0-0463-495f-b0ff-82713356c2d6",
	"90df6f39-c067-4385-bb0e-6ed72d90963b",
	"27062e47-314f-49a1-8595-ae9fb7a03bbb",
	1,
	1,
	'contains');
INSERT INTO R_RGO
	VALUES ("9c7320d0-0463-495f-b0ff-82713356c2d6",
	"90df6f39-c067-4385-bb0e-6ed72d90963b",
	"27062e47-314f-49a1-8595-ae9fb7a03bbb");
INSERT INTO R_OIR
	VALUES ("9c7320d0-0463-495f-b0ff-82713356c2d6",
	"90df6f39-c067-4385-bb0e-6ed72d90963b",
	"27062e47-314f-49a1-8595-ae9fb7a03bbb",
	"00000000-0000-0000-0000-000000000000");
INSERT INTO PE_PE
	VALUES ("d52118fb-bb06-4c84-96f8-51e9b75dfc3a",
	1,
	"2e5272a8-d08d-4d31-9c31-e769bee957e6",
	"00000000-0000-0000-0000-000000000000",
	9);
INSERT INTO R_REL
	VALUES ("d52118fb-bb06-4c84-96f8-51e9b75dfc3a",
	8,
	'',
	"00000000-0000-0000-0000-000000000000");
INSERT INTO R_SIMP
	VALUES ("d52118fb-bb06-4c84-96f8-51e9b75dfc3a");
INSERT INTO R_PART
	VALUES ("24372e08-7943-4059-9c72-90db5de4cee2",
	"d52118fb-bb06-4c84-96f8-51e9b75dfc3a",
	"3bee0de0-6e2b-49bb-9592-4e8071866a49",
	0,
	1,
	'located_in');
INSERT INTO O_RTIDA
	VALUES ("6cddc50e-1d35-4450-8c92-a5d245a37834",
	"24372e08-7943-4059-9c72-90db5de4cee2",
	0,
	"d52118fb-bb06-4c84-96f8-51e9b75dfc3a",
	"3bee0de0-6e2b-49bb-9592-4e8071866a49");
INSERT INTO R_RTO
	VALUES ("24372e08-7943-4059-9c72-90db5de4cee2",
	"d52118fb-bb06-4c84-96f8-51e9b75dfc3a",
	"3bee0de0-6e2b-49bb-9592-4e8071866a49",
	0);
INSERT INTO R_OIR
	VALUES ("24372e08-7943-4059-9c72-90db5de4cee2",
	"d52118fb-bb06-4c84-96f8-51e9b75dfc3a",
	"3bee0de0-6e2b-49bb-9592-4e8071866a49",
	"00000000-0000-0000-0000-000000000000");
INSERT INTO R_FORM
	VALUES ("9c7320d0-0463-495f-b0ff-82713356c2d6",
	"d52118fb-bb06-4c84-96f8-51e9b75dfc3a",
	"5b02b33b-5afc-4f56-b1d7-aae456c752b6",
	1,
	1,
	'contains');
INSERT INTO R_RGO
	VALUES ("9c7320d0-0463-495f-b0ff-82713356c2d6",
	"d52118fb-bb06-4c84-96f8-51e9b75dfc3a",
	"5b02b33b-5afc-4f56-b1d7-aae456c752b6");
INSERT INTO R_OIR
	VALUES ("9c7320d0-0463-495f-b0ff-82713356c2d6",
	"d52118fb-bb06-4c84-96f8-51e9b75dfc3a",
	"5b02b33b-5afc-4f56-b1d7-aae456c752b6",
	"00000000-0000-0000-0000-000000000000");
INSERT INTO PE_PE
	VALUES ("8db548c4-ef3d-455e-a139-b3dd368278fe",
	1,
	"2e5272a8-d08d-4d31-9c31-e769bee957e6",
	"00000000-0000-0000-0000-000000000000",
	9);
INSERT INTO R_REL
	VALUES ("8db548c4-ef3d-455e-a139-b3dd368278fe",
	10,
	'',
	"00000000-0000-0000-0000-000000000000");
INSERT INTO R_ASSOC
	VALUES ("8db548c4-ef3d-455e-a139-b3dd368278fe");
INSERT INTO R_AONE
	VALUES ("39d9fbc4-4bcc-4a58-a9a7-0e36c7930bef",
	"8db548c4-ef3d-455e-a139-b3dd368278fe",
	"a2926850-72f9-40f9-b797-e7706dee30eb",
	1,
	1,
	'makes');
INSERT INTO O_RTIDA
	VALUES ("040ce387-f0f2-4c90-a3da-71a4bd87a3ea",
	"39d9fbc4-4bcc-4a58-a9a7-0e36c7930bef",
	0,
	"8db548c4-ef3d-455e-a139-b3dd368278fe",
	"a2926850-72f9-40f9-b797-e7706dee30eb");
INSERT INTO R_RTO
	VALUES ("39d9fbc4-4bcc-4a58-a9a7-0e36c7930bef",
	"8db548c4-ef3d-455e-a139-b3dd368278fe",
	"a2926850-72f9-40f9-b797-e7706dee30eb",
	0);
INSERT INTO R_OIR
	VALUES ("39d9fbc4-4bcc-4a58-a9a7-0e36c7930bef",
	"8db548c4-ef3d-455e-a139-b3dd368278fe",
	"a2926850-72f9-40f9-b797-e7706dee30eb",
	"00000000-0000-0000-0000-000000000000");
INSERT INTO R_AOTH
	VALUES ("04fb0288-d0dc-4e13-810b-cbcd8303ccb2",
	"8db548c4-ef3d-455e-a139-b3dd368278fe",
	"a6d9e08c-dd46-477d-8c16-43b506f81762",
	0,
	0,
	'made_by');
INSERT INTO O_RTIDA
	VALUES ("dd7be9cb-ed25-49d0-9629-87e3222f25dd",
	"04fb0288-d0dc-4e13-810b-cbcd8303ccb2",
	0,
	"8db548c4-ef3d-455e-a139-b3dd368278fe",
	"a6d9e08c-dd46-477d-8c16-43b506f81762");
INSERT INTO R_RTO
	VALUES ("04fb0288-d0dc-4e13-810b-cbcd8303ccb2",
	"8db548c4-ef3d-455e-a139-b3dd368278fe",
	"a6d9e08c-dd46-477d-8c16-43b506f81762",
	0);
INSERT INTO R_OIR
	VALUES ("04fb0288-d0dc-4e13-810b-cbcd8303ccb2",
	"8db548c4-ef3d-455e-a139-b3dd368278fe",
	"a6d9e08c-dd46-477d-8c16-43b506f81762",
	"00000000-0000-0000-0000-000000000000");
INSERT INTO R_ASSR
	VALUES ("39b15838-024a-48e4-9d94-0f8677074cf4",
	"8db548c4-ef3d-455e-a139-b3dd368278fe",
	"4cbd3105-ac0c-4475-883c-96a6477bb4b5",
	0);
INSERT INTO R_RGO
	VALUES ("39b15838-024a-48e4-9d94-0f8677074cf4",
	"8db548c4-ef3d-455e-a139-b3dd368278fe",
	"4cbd3105-ac0c-4475-883c-96a6477bb4b5");
INSERT INTO R_OIR
	VALUES ("39b15838-024a-48e4-9d94-0f8677074cf4",
	"8db548c4-ef3d-455e-a139-b3dd368278fe",
	"4cbd3105-ac0c-4475-883c-96a6477bb4b5",
	"00000000-0000-0000-0000-000000000000");
INSERT INTO PE_PE
	VALUES ("bbcb6bfe-95d9-4d8a-9f64-aba61c402954",
	1,
	"2e5272a8-d08d-4d31-9c31-e769bee957e6",
	"00000000-0000-0000-0000-000000000000",
	9);
INSERT INTO R_REL
	VALUES ("bbcb6bfe-95d9-4d8a-9f64-aba61c402954",
	15,
	'',
	"00000000-0000-0000-0000-000000000000");
INSERT INTO R_SIMP
	VALUES ("bbcb6bfe-95d9-4d8a-9f64-aba61c402954");
INSERT INTO R_PART
	VALUES ("0cb8fbe3-9ad2-4b07-a656-9ff818fc717e",
	"bbcb6bfe-95d9-4d8a-9f64-aba61c402954",
	"209bf1dd-4e38-4df7-98fd-32635574869a",
	0,
	0,
	'changes');
INSERT INTO O_RTIDA
	VALUES ("d2ad1fa5-42a3-4a9a-83d7-2e58a30eeb8a",
	"0cb8fbe3-9ad2-4b07-a656-9ff818fc717e",
	0,
	"bbcb6bfe-95d9-4d8a-9f64-aba61c402954",
	"209bf1dd-4e38-4df7-98fd-32635574869a");
INSERT INTO R_RTO
	VALUES ("0cb8fbe3-9ad2-4b07-a656-9ff818fc717e",
	"bbcb6bfe-95d9-4d8a-9f64-aba61c402954",
	"209bf1dd-4e38-4df7-98fd-32635574869a",
	0);
INSERT INTO R_OIR
	VALUES ("0cb8fbe3-9ad2-4b07-a656-9ff818fc717e",
	"bbcb6bfe-95d9-4d8a-9f64-aba61c402954",
	"209bf1dd-4e38-4df7-98fd-32635574869a",
	"00000000-0000-0000-0000-000000000000");
INSERT INTO R_FORM
	VALUES ("f49b4588-2f3c-4702-b2d0-222111339caf",
	"bbcb6bfe-95d9-4d8a-9f64-aba61c402954",
	"64540d72-6566-4a18-a55f-79c29db382b6",
	1,
	1,
	'changed_by');
INSERT INTO R_RGO
	VALUES ("f49b4588-2f3c-4702-b2d0-222111339caf",
	"bbcb6bfe-95d9-4d8a-9f64-aba61c402954",
	"64540d72-6566-4a18-a55f-79c29db382b6");
INSERT INTO R_OIR
	VALUES ("f49b4588-2f3c-4702-b2d0-222111339caf",
	"bbcb6bfe-95d9-4d8a-9f64-aba61c402954",
	"64540d72-6566-4a18-a55f-79c29db382b6",
	"00000000-0000-0000-0000-000000000000");
INSERT INTO PE_PE
	VALUES ("a4b808b3-7014-4d16-893b-6494a964a141",
	1,
	"00000000-0000-0000-0000-000000000000",
	"3695b73f-386b-46cf-8350-2d1e248946b4",
	7);
INSERT INTO EP_PKG
	VALUES ("a4b808b3-7014-4d16-893b-6494a964a141",
	"00000000-0000-0000-0000-000000000000",
	"3e47de70-c044-49ac-aa51-609f9a9423e1",
	'functions',
	'',
	0);
INSERT INTO PE_PE
	VALUES ("662c2e2a-2e02-4e92-8e0d-49717e307b1d",
	1,
	"a4b808b3-7014-4d16-893b-6494a964a141",
	"00000000-0000-0000-0000-000000000000",
	1);
INSERT INTO S_SYNC
	VALUES ("662c2e2a-2e02-4e92-8e0d-49717e307b1d",
	"00000000-0000-0000-0000-000000000000",
	'play',
	'',
	'begin
  null;
end',
	"80d88408-21ae-4588-b36f-119a99eb4a88",
	3,
	'',
	1);
INSERT INTO S_SPARM
	VALUES ("ac5c984c-36f4-491d-8fea-58e521b68c10",
	"662c2e2a-2e02-4e92-8e0d-49717e307b1d",
	'card',
	"3dba6f2f-4b41-4076-a530-ede67aba03b2",
	0,
	'',
	"00000000-0000-0000-0000-000000000000",
	'');
INSERT INTO PE_PE
	VALUES ("8d0785fc-8bed-4f96-98dd-4bd984306080",
	1,
	"760678ed-52e3-4bbb-8a87-b9bffb70f8ee",
	"00000000-0000-0000-0000-000000000000",
	7);
INSERT INTO EP_PKG
	VALUES ("8d0785fc-8bed-4f96-98dd-4bd984306080",
	"00000000-0000-0000-0000-000000000000",
	"3e47de70-c044-49ac-aa51-609f9a9423e1",
	'Shared',
	'',
	0);
INSERT INTO PE_PE
	VALUES ("914c0ffc-e377-4cf0-b9ea-f64aba64d095",
	1,
	"8d0785fc-8bed-4f96-98dd-4bd984306080",
	"00000000-0000-0000-0000-000000000000",
	3);
INSERT INTO S_DT
	VALUES ("914c0ffc-e377-4cf0-b9ea-f64aba64d095",
	"00000000-0000-0000-0000-000000000000",
	'SuitType',
	'',
	'');
INSERT INTO S_UDT
	VALUES ("914c0ffc-e377-4cf0-b9ea-f64aba64d095",
	"dedb668f-e762-4b19-a662-d483f0349b0a",
	0,
	'enum ( CLUBS, HEARTS, SPADES, DIAMONDS )');
INSERT INTO PE_PE
	VALUES ("3dba6f2f-4b41-4076-a530-ede67aba03b2",
	1,
	"8d0785fc-8bed-4f96-98dd-4bd984306080",
	"00000000-0000-0000-0000-000000000000",
	3);
INSERT INTO S_DT
	VALUES ("3dba6f2f-4b41-4076-a530-ede67aba03b2",
	"00000000-0000-0000-0000-000000000000",
	'CardType',
	'',
	'');
INSERT INTO S_UDT
	VALUES ("3dba6f2f-4b41-4076-a530-ede67aba03b2",
	"dedb668f-e762-4b19-a662-d483f0349b0a",
	0,
	'structure
    value: integer;     
    suit: SuitType;     
  end structure');
INSERT INTO PE_PE
	VALUES ("219c31c4-4ae8-4c20-837d-9794bc4960d1",
	1,
	"8d0785fc-8bed-4f96-98dd-4bd984306080",
	"00000000-0000-0000-0000-000000000000",
	6);
INSERT INTO C_I
	VALUES ("219c31c4-4ae8-4c20-837d-9794bc4960d1",
	"00000000-0000-0000-0000-000000000000",
	'Game',
	'');
INSERT INTO C_EP
	VALUES ("e799384d-a103-48bf-ab01-7d093568b1b4",
	"219c31c4-4ae8-4c20-837d-9794bc4960d1",
	0,
	'play',
	'');
INSERT INTO C_IO
	VALUES ("e799384d-a103-48bf-ab01-7d093568b1b4",
	"80d88408-21ae-4588-b36f-119a99eb4a88",
	'play',
	'',
	0,
	'',
	"00000000-0000-0000-0000-000000000000");
INSERT INTO C_PP
	VALUES ("f8bae1dd-b570-4dcc-84d8-220c336387d9",
	"e799384d-a103-48bf-ab01-7d093568b1b4",
	"3dba6f2f-4b41-4076-a530-ede67aba03b2",
	'card',
	'',
	0,
	'',
	"00000000-0000-0000-0000-000000000000");
INSERT INTO PE_PE
	VALUES ("eac8bb4a-3d45-4c2c-93d4-af2986870523",
	1,
	"8d0785fc-8bed-4f96-98dd-4bd984306080",
	"00000000-0000-0000-0000-000000000000",
	6);
INSERT INTO C_I
	VALUES ("eac8bb4a-3d45-4c2c-93d4-af2986870523",
	"00000000-0000-0000-0000-000000000000",
	'GamePlayerLogic',
	'');
INSERT INTO C_EP
	VALUES ("4ed6b056-4ce8-45c5-b937-a37f1cca42e9",
	"eac8bb4a-3d45-4c2c-93d4-af2986870523",
	0,
	'nextPeggingPlay',
	'');
INSERT INTO C_IO
	VALUES ("4ed6b056-4ce8-45c5-b937-a37f1cca42e9",
	"80d88408-21ae-4588-b36f-119a99eb4a88",
	'nextPeggingPlay',
	'',
	0,
	'',
	"00000000-0000-0000-0000-000000000000");
INSERT INTO C_PP
	VALUES ("a0dc2166-2b66-40bc-9f91-9002176e49c9",
	"4ed6b056-4ce8-45c5-b937-a37f1cca42e9",
	"a3d326f1-e60f-428b-8c76-66f859fde1a4",
	'cards',
	'',
	0,
	'',
	"00000000-0000-0000-0000-000000000000");
INSERT INTO C_PP
	VALUES ("00347a11-297f-41ab-83ab-a614d4bf5f06",
	"4ed6b056-4ce8-45c5-b937-a37f1cca42e9",
	"a3d326f1-e60f-428b-8c76-66f859fde1a4",
	'pile_cards',
	'',
	0,
	'',
	"a0dc2166-2b66-40bc-9f91-9002176e49c9");
INSERT INTO C_EP
	VALUES ("723d6a8d-8261-40b7-a48f-3aa0071e2658",
	"eac8bb4a-3d45-4c2c-93d4-af2986870523",
	0,
	'nextDiscard',
	'');
INSERT INTO C_IO
	VALUES ("723d6a8d-8261-40b7-a48f-3aa0071e2658",
	"80d88408-21ae-4588-b36f-119a99eb4a88",
	'nextDiscard',
	'',
	0,
	'',
	"4ed6b056-4ce8-45c5-b937-a37f1cca42e9");
INSERT INTO C_PP
	VALUES ("bb72b131-f729-4e74-93b5-9bf91a7e27fc",
	"723d6a8d-8261-40b7-a48f-3aa0071e2658",
	"a3d326f1-e60f-428b-8c76-66f859fde1a4",
	'cards',
	'',
	0,
	'',
	"00000000-0000-0000-0000-000000000000");
INSERT INTO C_PP
	VALUES ("2bf2d488-d72c-4591-987e-5c6baeafa41b",
	"723d6a8d-8261-40b7-a48f-3aa0071e2658",
	"f8d2bf75-a86e-44e0-beb5-3ab7e715689f",
	'my_crib',
	'',
	0,
	'',
	"bb72b131-f729-4e74-93b5-9bf91a7e27fc");
INSERT INTO PE_PE
	VALUES ("a3d326f1-e60f-428b-8c76-66f859fde1a4",
	1,
	"8d0785fc-8bed-4f96-98dd-4bd984306080",
	"00000000-0000-0000-0000-000000000000",
	3);
INSERT INTO S_DT
	VALUES ("a3d326f1-e60f-428b-8c76-66f859fde1a4",
	"00000000-0000-0000-0000-000000000000",
	'sequence of CardType',
	'',
	'');
INSERT INTO S_UDT
	VALUES ("a3d326f1-e60f-428b-8c76-66f859fde1a4",
	"dedb668f-e762-4b19-a662-d483f0349b0a",
	0,
	'');
INSERT INTO PE_PE
	VALUES ("5fb79df4-fa29-492c-a632-ff670eb8f714",
	1,
	"8d0785fc-8bed-4f96-98dd-4bd984306080",
	"00000000-0000-0000-0000-000000000000",
	3);
INSERT INTO S_DT
	VALUES ("5fb79df4-fa29-492c-a632-ff670eb8f714",
	"00000000-0000-0000-0000-000000000000",
	'MASLunique',
	'',
	'');
INSERT INTO S_UDT
	VALUES ("5fb79df4-fa29-492c-a632-ff670eb8f714",
	"dedb668f-e762-4b19-a662-d483f0349b0a",
	0,
	'');
INSERT INTO PE_PE
	VALUES ("ba5eda7a-def5-0000-0000-000000000000",
	1,
	"00000000-0000-0000-0000-000000000000",
	"00000000-0000-0000-0000-000000000000",
	3);
INSERT INTO S_DT
	VALUES ("ba5eda7a-def5-0000-0000-000000000000",
	"00000000-0000-0000-0000-000000000000",
	'void',
	'',
	'');
INSERT INTO S_CDT
	VALUES ("ba5eda7a-def5-0000-0000-000000000000",
	0);
INSERT INTO PE_PE
	VALUES ("ba5eda7a-def5-0000-0000-000000000001",
	1,
	"00000000-0000-0000-0000-000000000000",
	"00000000-0000-0000-0000-000000000000",
	3);
INSERT INTO S_DT
	VALUES ("ba5eda7a-def5-0000-0000-000000000001",
	"00000000-0000-0000-0000-000000000000",
	'boolean',
	'',
	'');
INSERT INTO S_CDT
	VALUES ("ba5eda7a-def5-0000-0000-000000000001",
	1);
INSERT INTO PE_PE
	VALUES ("ba5eda7a-def5-0000-0000-000000000002",
	1,
	"00000000-0000-0000-0000-000000000000",
	"00000000-0000-0000-0000-000000000000",
	3);
INSERT INTO S_DT
	VALUES ("ba5eda7a-def5-0000-0000-000000000002",
	"00000000-0000-0000-0000-000000000000",
	'integer',
	'',
	'');
INSERT INTO S_CDT
	VALUES ("ba5eda7a-def5-0000-0000-000000000002",
	2);
INSERT INTO PE_PE
	VALUES ("ba5eda7a-def5-0000-0000-000000000003",
	1,
	"00000000-0000-0000-0000-000000000000",
	"00000000-0000-0000-0000-000000000000",
	3);
INSERT INTO S_DT
	VALUES ("ba5eda7a-def5-0000-0000-000000000003",
	"00000000-0000-0000-0000-000000000000",
	'real',
	'',
	'');
INSERT INTO S_CDT
	VALUES ("ba5eda7a-def5-0000-0000-000000000003",
	3);
INSERT INTO PE_PE
	VALUES ("ba5eda7a-def5-0000-0000-000000000004",
	1,
	"00000000-0000-0000-0000-000000000000",
	"00000000-0000-0000-0000-000000000000",
	3);
INSERT INTO S_DT
	VALUES ("ba5eda7a-def5-0000-0000-000000000004",
	"00000000-0000-0000-0000-000000000000",
	'string',
	'',
	'');
INSERT INTO S_CDT
	VALUES ("ba5eda7a-def5-0000-0000-000000000004",
	4);
INSERT INTO PE_PE
	VALUES ("ba5eda7a-def5-0000-0000-000000000005",
	1,
	"00000000-0000-0000-0000-000000000000",
	"00000000-0000-0000-0000-000000000000",
	3);
INSERT INTO S_DT
	VALUES ("ba5eda7a-def5-0000-0000-000000000005",
	"00000000-0000-0000-0000-000000000000",
	'unique_id',
	'',
	'');
INSERT INTO S_CDT
	VALUES ("ba5eda7a-def5-0000-0000-000000000005",
	5);
INSERT INTO PE_PE
	VALUES ("ba5eda7a-def5-0000-0000-000000000006",
	1,
	"00000000-0000-0000-0000-000000000000",
	"00000000-0000-0000-0000-000000000000",
	3);
INSERT INTO S_DT
	VALUES ("ba5eda7a-def5-0000-0000-000000000006",
	"00000000-0000-0000-0000-000000000000",
	'state<State_Model>',
	'',
	'');
INSERT INTO S_CDT
	VALUES ("ba5eda7a-def5-0000-0000-000000000006",
	6);
INSERT INTO PE_PE
	VALUES ("ba5eda7a-def5-0000-0000-000000000007",
	1,
	"00000000-0000-0000-0000-000000000000",
	"00000000-0000-0000-0000-000000000000",
	3);
INSERT INTO S_DT
	VALUES ("ba5eda7a-def5-0000-0000-000000000007",
	"00000000-0000-0000-0000-000000000000",
	'same_as<Base_Attribute>',
	'',
	'');
INSERT INTO S_CDT
	VALUES ("ba5eda7a-def5-0000-0000-000000000007",
	7);
INSERT INTO PE_PE
	VALUES ("ba5eda7a-def5-0000-0000-000000000008",
	1,
	"00000000-0000-0000-0000-000000000000",
	"00000000-0000-0000-0000-000000000000",
	3);
INSERT INTO S_DT
	VALUES ("ba5eda7a-def5-0000-0000-000000000008",
	"00000000-0000-0000-0000-000000000000",
	'inst_ref<Object>',
	'',
	'');
INSERT INTO S_CDT
	VALUES ("ba5eda7a-def5-0000-0000-000000000008",
	8);
INSERT INTO PE_PE
	VALUES ("ba5eda7a-def5-0000-0000-000000000009",
	1,
	"00000000-0000-0000-0000-000000000000",
	"00000000-0000-0000-0000-000000000000",
	3);
INSERT INTO S_DT
	VALUES ("ba5eda7a-def5-0000-0000-000000000009",
	"00000000-0000-0000-0000-000000000000",
	'inst_ref_set<Object>',
	'',
	'');
INSERT INTO S_CDT
	VALUES ("ba5eda7a-def5-0000-0000-000000000009",
	9);
INSERT INTO PE_PE
	VALUES ("ba5eda7a-def5-0000-0000-00000000000a",
	1,
	"00000000-0000-0000-0000-000000000000",
	"00000000-0000-0000-0000-000000000000",
	3);
INSERT INTO S_DT
	VALUES ("ba5eda7a-def5-0000-0000-00000000000a",
	"00000000-0000-0000-0000-000000000000",
	'inst<Event>',
	'',
	'');
INSERT INTO S_CDT
	VALUES ("ba5eda7a-def5-0000-0000-00000000000a",
	10);
INSERT INTO PE_PE
	VALUES ("ba5eda7a-def5-0000-0000-00000000000b",
	1,
	"00000000-0000-0000-0000-000000000000",
	"00000000-0000-0000-0000-000000000000",
	3);
INSERT INTO S_DT
	VALUES ("ba5eda7a-def5-0000-0000-00000000000b",
	"00000000-0000-0000-0000-000000000000",
	'inst<Mapping>',
	'',
	'');
INSERT INTO S_CDT
	VALUES ("ba5eda7a-def5-0000-0000-00000000000b",
	11);
INSERT INTO PE_PE
	VALUES ("ba5eda7a-def5-0000-0000-00000000000c",
	1,
	"00000000-0000-0000-0000-000000000000",
	"00000000-0000-0000-0000-000000000000",
	3);
INSERT INTO S_DT
	VALUES ("ba5eda7a-def5-0000-0000-00000000000c",
	"00000000-0000-0000-0000-000000000000",
	'inst_ref<Mapping>',
	'',
	'');
INSERT INTO S_CDT
	VALUES ("ba5eda7a-def5-0000-0000-00000000000c",
	12);
INSERT INTO PE_PE
	VALUES ("ba5eda7a-def5-0000-0000-00000000000d",
	1,
	"00000000-0000-0000-0000-000000000000",
	"00000000-0000-0000-0000-000000000000",
	3);
INSERT INTO S_DT
	VALUES ("ba5eda7a-def5-0000-0000-00000000000d",
	"00000000-0000-0000-0000-000000000000",
	'component_ref',
	'',
	'');
INSERT INTO S_CDT
	VALUES ("ba5eda7a-def5-0000-0000-00000000000d",
	13);
INSERT INTO PE_PE
	VALUES ("ba5eda7a-def5-0000-0000-00000000000e",
	1,
	"00000000-0000-0000-0000-000000000000",
	"00000000-0000-0000-0000-000000000000",
	3);
INSERT INTO S_DT
	VALUES ("ba5eda7a-def5-0000-0000-00000000000e",
	"00000000-0000-0000-0000-000000000000",
	'date',
	'',
	'');
INSERT INTO S_UDT
	VALUES ("ba5eda7a-def5-0000-0000-00000000000e",
	"ba5eda7a-def5-0000-0000-00000000000b",
	1,
	'');
INSERT INTO PE_PE
	VALUES ("ba5eda7a-def5-0000-0000-00000000000f",
	1,
	"00000000-0000-0000-0000-000000000000",
	"00000000-0000-0000-0000-000000000000",
	3);
INSERT INTO S_DT
	VALUES ("ba5eda7a-def5-0000-0000-00000000000f",
	"00000000-0000-0000-0000-000000000000",
	'inst_ref<Timer>',
	'',
	'');
INSERT INTO S_UDT
	VALUES ("ba5eda7a-def5-0000-0000-00000000000f",
	"ba5eda7a-def5-0000-0000-00000000000c",
	3,
	'');
INSERT INTO PE_PE
	VALUES ("ba5eda7a-def5-0000-0000-000000000010",
	1,
	"00000000-0000-0000-0000-000000000000",
	"00000000-0000-0000-0000-000000000000",
	3);
INSERT INTO S_DT
	VALUES ("ba5eda7a-def5-0000-0000-000000000010",
	"00000000-0000-0000-0000-000000000000",
	'timestamp',
	'',
	'');
INSERT INTO S_UDT
	VALUES ("ba5eda7a-def5-0000-0000-000000000010",
	"ba5eda7a-def5-0000-0000-00000000000b",
	2,
	'');
